id,unit_kW_m2,optical
1,0.565195755506,0.582683603663
2,0.608032082501,0.628043336061
3,0.606737787852,0.626667659608
4,0.603843119218,0.623525156686
5,0.570771548055,0.586967449647
6,0.591515767838,0.609220591028
7,0.588044684506,0.605274682401
8,0.562922009663,0.573756565995
9,0.55947951634,0.573691913685
10,0.561580083176,0.578004794098
11,0.571744825359,0.588999652937
12,0.566349170431,0.583285899548
13,0.559036278302,0.575479930853
14,0.552787958085,0.568878662612
15,0.546865863008,0.562536822625
16,0.539745818652,0.554851105242
17,0.531597382262,0.545765094707
18,0.523524291217,0.536878218263
19,0.51565656304,0.528018548834
20,0.508588345724,0.520278840505
21,0.502554224413,0.513710043373
22,0.498196135016,0.509128738286
23,0.494974917872,0.506105103529
24,0.492820914363,0.504273579949
25,0.490787313919,0.502453702301
26,0.487134449853,0.498424979307
27,0.483590893948,0.494366327751
28,0.481628794252,0.492180749256
29,0.48109326208,0.491774126563
30,0.482942654918,0.493910378123
31,0.481119658815,0.491798527039
32,0.481564182019,0.492127071506
33,0.483582664615,0.494355744546
34,0.487085670625,0.498382464394
35,0.490718280209,0.502390370033
36,0.492939981652,0.50439439092
37,0.494965104405,0.506090988949
38,0.498144690497,0.50908090959
39,0.50248988726,0.513632401535
40,0.50862881227,0.520308738561
41,0.516088318225,0.528460884894
42,0.523557864758,0.53689872975
43,0.531598233368,0.545771266502
44,0.539769578712,0.554888554
45,0.546853425662,0.562516657308
46,0.55269523741,0.568795876692
47,0.559138936176,0.575585105775
48,0.566341143974,0.583279063191
49,0.571757773676,0.58901074724
50,0.561627632532,0.578063660047
51,0.559388799689,0.573605391433
52,0.563045750298,0.573873695486
53,0.588025778217,0.605252818809
54,0.591373693628,0.609077412142
55,0.570859206893,0.587061589847
56,0.603774381187,0.623437275388
57,0.606773532417,0.626699661294
58,0.607997855126,0.628008285224
59,0.623315050543,0.641782121881
60,0.623594973781,0.641759032864
61,0.622655630309,0.640919036976
62,0.603847134549,0.620290420265
63,0.595617440131,0.612698740219
64,0.610948208992,0.628252093003
65,0.603653882796,0.619462065936
66,0.596696315898,0.612275552768
67,0.595220024968,0.611706897435
68,0.578970815208,0.594862723268
69,0.585226100629,0.601208589766
70,0.577967621324,0.59324594868
71,0.571026218389,0.586009480548
72,0.566521489652,0.581813119089
73,0.561711894542,0.576979298412
74,0.554355017893,0.569054292517
75,0.546628647004,0.560663022214
76,0.539520082948,0.553194419442
77,0.532351607972,0.545248020979
78,0.524205234401,0.536386410547
79,0.517473587281,0.528948426394
80,0.513199748797,0.524535271219
81,0.510653012581,0.522361819877
82,0.50897235181,0.521002131885
83,0.503787742597,0.51569422501
84,0.50000149773,0.511354518777
85,0.496253754448,0.507035015326
86,0.494995999944,0.505637328026
87,0.494388529588,0.505089753132
88,0.494355091083,0.505047298943
89,0.49509093581,0.505724384226
90,0.496320361721,0.507095741949
91,0.50004323485,0.511389396781
92,0.503743084599,0.515644359119
93,0.50897051016,0.520988551923
94,0.510619836202,0.522336736656
95,0.513166900827,0.524510375099
96,0.517343346525,0.528813686619
97,0.524301575915,0.536481124388
98,0.53243838064,0.545339375537
99,0.539352169846,0.553018483776
100,0.54646065163,0.560491157685
101,0.554362368738,0.56906505655
102,0.561725521192,0.577003378089
103,0.566510927331,0.581796281606
104,0.570904173253,0.585894030061
105,0.577821530253,0.593099960486
106,0.585310666073,0.601297628364
107,0.579023256357,0.594914770156
108,0.595310850442,0.611790640025
109,0.596620192998,0.612187963014
110,0.603653254081,0.619453459695
111,0.611040666636,0.628354690099
112,0.595713674744,0.612794189698
113,0.603951222932,0.620398005719
114,0.622529172563,0.640790995572
115,0.623500208639,0.641655016422
116,0.623246115612,0.641709614466
117,0.61113571191,0.627088914419
118,0.642249983951,0.660412834597
119,0.641387960455,0.659744794755
120,0.6424595378,0.661468366316
121,0.620799658453,0.638064002853
122,0.635012897215,0.653580940903
123,0.630756644861,0.649118486968
124,0.606459381236,0.618742060555
125,0.602316751468,0.617669356135
126,0.601953720584,0.618888930488
127,0.607150759297,0.624112344776
128,0.599463094949,0.61564102001
129,0.59094828567,0.606327326331
130,0.5830932791,0.598051227763
131,0.578408189035,0.593729593468
132,0.571897425649,0.586836641356
133,0.564344654596,0.578717081813
134,0.556922346781,0.570998093573
135,0.551529740152,0.565462740749
136,0.543147678789,0.556335033793
137,0.534324992305,0.546570434609
138,0.527625699053,0.539248395744
139,0.523603645107,0.535374445014
140,0.521419700515,0.533522423038
141,0.517306917535,0.529421992362
142,0.511924351945,0.523705466932
143,0.506749965157,0.517736727311
144,0.504749608898,0.515353199802
145,0.503340937431,0.513717188893
146,0.504325026392,0.514609782098
147,0.503339221926,0.51371640025
148,0.504799621366,0.515408518904
149,0.506979330896,0.517969518193
150,0.511909182445,0.523693909934
151,0.517359256593,0.529478454197
152,0.521293654272,0.533403040427
153,0.523613802572,0.535380307476
154,0.527545968283,0.539164991131
155,0.534169936244,0.546403361231
156,0.543048479456,0.556250525768
157,0.551507010906,0.56542734467
158,0.557187186602,0.571286002728
159,0.564273584857,0.578654928597
160,0.571879985753,0.586817828179
161,0.578473990423,0.593792738765
162,0.583121516601,0.598090335667
163,0.591040085019,0.606415462515
164,0.59942411733,0.615595728582
165,0.607044411107,0.623999295726
166,0.601835102795,0.618769181092
167,0.602197921047,0.61754337195
168,0.606308164492,0.618581829909
169,0.63086407104,0.649224680227
170,0.634950582741,0.653517857028
171,0.620832662053,0.638097912029
172,0.642481022581,0.661511140692
173,0.641388428656,0.659753969628
174,0.642270798077,0.660433277984
175,0.656517663188,0.674271947051
176,0.656795307058,0.675071692828
177,0.658132898734,0.677179314558
178,0.643702635672,0.661585302917
179,0.657455645738,0.677493624973
180,0.651436293156,0.670900981528
181,0.643189907581,0.661183832129
182,0.638784103223,0.657126186453
183,0.635704126262,0.654392356068
184,0.621277297009,0.639037621015
185,0.618156163103,0.635273645606
186,0.609169209225,0.625369318632
187,0.599603328626,0.614876757189
188,0.591293233585,0.606118188716
189,0.584398857874,0.599041765228
190,0.577629579167,0.591985303839
191,0.57085864519,0.585018185158
192,0.564714983943,0.578970429169
193,0.558271409273,0.57232914103
194,0.547837241762,0.560863845889
195,0.538971027046,0.550965449265
196,0.533191162368,0.544872501396
197,0.530354027325,0.542397732539
198,0.527009695701,0.53918212681
199,0.52151517495,0.533487139628
200,0.515301533229,0.526619357296
201,0.51127517924,0.521904121095
202,0.509119908925,0.519270639416
203,0.507469868737,0.517083419805
204,0.50749220405,0.517107440686
205,0.50907544218,0.519213072436
206,0.511250348269,0.521869749738
207,0.515360112344,0.526668230439
208,0.521371841035,0.533341167418
209,0.526981813692,0.539141368042
210,0.530456578985,0.542501407904
211,0.533260152018,0.544945200662
212,0.538991280764,0.550987404002
213,0.547830115547,0.560858738838
214,0.558091923384,0.572148664572
215,0.564815100875,0.579076179013
216,0.570948140285,0.58511157471
217,0.57758195269,0.59193167062
218,0.584325307552,0.598962093458
219,0.591297617672,0.60613705965
220,0.599378893624,0.614653365679
221,0.60922236217,0.62543056301
222,0.618231994825,0.635351681623
223,0.621195727659,0.638952500903
224,0.635379477776,0.654073565863
225,0.638864237879,0.657206860782
226,0.64326146582,0.661255049419
227,0.651438706814,0.6709139562
228,0.65727049117,0.677300238867
229,0.643794378132,0.661684402458
230,0.658224773878,0.677275258093
231,0.656794456012,0.675067359806
232,0.656440540116,0.674212171372
233,0.632547794018,0.64676836898
234,0.668396522277,0.686191909914
235,0.67110179533,0.690022267853
236,0.672372168414,0.692197724904
237,0.655846285437,0.67462912426
238,0.670363024127,0.691086174724
239,0.664658087325,0.684860101686
240,0.636874388352,0.650413232901
241,0.632291482416,0.649141353615
242,0.645778024234,0.66502275738
243,0.635932108208,0.65420301437
244,0.625273298215,0.642404331153
245,0.614952024711,0.631013049942
246,0.60469707976,0.619789700337
247,0.595804068684,0.610408881328
248,0.59025692143,0.605110477427
249,0.584462721692,0.599303925019
250,0.578339203388,0.593446623097
251,0.571356954229,0.586299364985
252,0.560357431528,0.574188109164
253,0.550146076066,0.562839479649
254,0.542256260684,0.554188204506
255,0.537489522696,0.54947817996
256,0.533584417334,0.545708927842
257,0.52836663194,0.54035708004
258,0.522569948196,0.534249907828
259,0.518344167742,0.529531307901
260,0.517225797461,0.528465368489
261,0.51616609198,0.527257282365
262,0.514787722692,0.525185286565
263,0.516133416928,0.527217055236
264,0.517186890029,0.528431923868
265,0.518381658318,0.529568287838
266,0.522539157204,0.534210006502
267,0.528423968769,0.540407594952
268,0.533510007865,0.545637038288
269,0.537501150339,0.549487467199
270,0.542245716119,0.554181304909
271,0.550100874639,0.562789466431
272,0.560380962765,0.574210626862
273,0.571434618243,0.586376713455
274,0.578394264447,0.593515275529
275,0.584229101466,0.599067629433
276,0.590279156843,0.605145694885
277,0.595877206673,0.610482972298
278,0.604734503984,0.619836917259
279,0.61496899252,0.631036055263
280,0.625255012566,0.642382992898
281,0.636052067914,0.654327734097
282,0.645858536901,0.665112247168
283,0.632134201483,0.648980581245
284,0.636890130816,0.650425309575
285,0.664620212954,0.684827502294
286,0.670280510246,0.691018209094
287,0.655525305943,0.674297974251
288,0.672583241929,0.692417490243
289,0.671202060905,0.690127967258
290,0.668347252784,0.686138038045
291,0.67871812018,0.699925715349
292,0.69891041558,0.720961174817
293,0.697996860338,0.719432627941
294,0.689225546628,0.711209247407
295,0.696738937345,0.719812289147
296,0.683010251457,0.703091201448
297,0.668593492059,0.686916283315
298,0.677726926906,0.69790078157
299,0.68080791836,0.701226302764
300,0.663783806246,0.681442781171
301,0.641114900737,0.653844152356
302,0.662171607801,0.680485717255
303,0.650818704406,0.668549116013
304,0.638662807206,0.6551536624
305,0.644504072092,0.661761163099
306,0.647575989849,0.666811378746
307,0.635199470683,0.653881883569
308,0.628435040698,0.645372047766
309,0.624454894393,0.641292420204
310,0.616520569396,0.633918539749
311,0.613625570854,0.631006755949
312,0.608409502884,0.625089165579
313,0.598121651034,0.61426901849
314,0.591474582743,0.607376736086
315,0.58807446311,0.603521998259
316,0.578421972787,0.593022720592
317,0.566032120203,0.5793116517
318,0.563086048414,0.575727801213
319,0.555510506757,0.567353677662
320,0.545680783868,0.556727574338
321,0.542508730482,0.553082019695
322,0.536388957627,0.546424699719
323,0.530366151885,0.540324472362
324,0.53034693047,0.540689137293
325,0.529205152093,0.540073470116
326,0.526807363428,0.537993182091
327,0.523331055718,0.534227475037
328,0.520931984542,0.531606084482
329,0.51904983665,0.5296389301
330,0.516824762652,0.527409710973
331,0.517878348812,0.528645706557
332,0.517900345173,0.528727586202
333,0.517887831711,0.528753670282
334,0.517970434443,0.528791829492
335,0.517962572623,0.528728858218
336,0.516830540563,0.527420703407
337,0.51912143921,0.529714021442
338,0.520945252532,0.531615238139
339,0.523376163364,0.534274383448
340,0.526887651483,0.538078386141
341,0.52913179356,0.539993115691
342,0.53015638633,0.540504566882
343,0.530426287767,0.54038893788
344,0.536482474609,0.546527087185
345,0.542557392474,0.553125229687
346,0.545598261491,0.556637796073
347,0.555494365121,0.567339193983
348,0.563145709079,0.575789439442
349,0.565966416463,0.57924424428
350,0.578466656143,0.593068448381
351,0.588052680466,0.603508365326
352,0.591317617055,0.607219373828
353,0.598229316724,0.614369061654
354,0.608403527967,0.6250705371
355,0.613712518792,0.631095031893
356,0.616518704453,0.633912872671
357,0.624559594623,0.64138705225
358,0.628304778326,0.645239097624
359,0.635159257685,0.653844400696
360,0.647544640206,0.666765055883
361,0.644494611712,0.66174909171
362,0.638624955478,0.655105272586
363,0.650733680748,0.668473587012
364,0.662083127522,0.680387209971
365,0.641143920055,0.653861314157
366,0.663688466694,0.681350561266
367,0.680782586355,0.701196170609
368,0.677503132233,0.697662484939
369,0.668591363862,0.686929769885
370,0.682905861833,0.702987246223
371,0.69673868624,0.719823360228
372,0.689147955801,0.711137257644
373,0.697938574454,0.719365895005
374,0.698961173019,0.721004690418
375,0.687502546715,0.70700529929
376,0.686513734088,0.705681584609
377,0.684697133663,0.703545661159
378,0.685622968896,0.705015134419
379,0.686874004595,0.706995865215
380,0.656406026104,0.673477686988
381,0.681160986136,0.701022196768
382,0.676783552616,0.696169084132
383,0.673394603214,0.692590702036
384,0.666280339847,0.683925930966
385,0.654091662201,0.669592179388
386,0.640373287069,0.655842328265
387,0.654524740147,0.672371063333
388,0.648949828786,0.666594707494
389,0.643175315884,0.660513417038
390,0.637214302763,0.654057913119
391,0.630330643916,0.646441005591
392,0.623034405609,0.638537357664
393,0.617695636669,0.633282181191
394,0.613227774391,0.629015187123
395,0.608735543398,0.624649885382
396,0.604066774956,0.619912982062
397,0.598597289993,0.61429680593
398,0.59178941522,0.607071028222
399,0.584473772821,0.599357561161
400,0.577430475996,0.591785026127
401,0.569524069513,0.58295455679
402,0.562007353557,0.574623043792
403,0.555182158647,0.567092796086
404,0.54785890784,0.559043355766
405,0.541166195902,0.551636316866
406,0.535826191228,0.545913822934
407,0.532627901809,0.542868763926
408,0.531360070075,0.542091783261
409,0.530035431977,0.541171172871
410,0.527553759742,0.538663168705
411,0.522873483877,0.533533240173
412,0.520321502929,0.530802257183
413,0.518388816307,0.528770100506
414,0.517333859241,0.527698871731
415,0.517304085242,0.527822026714
416,0.517633248586,0.528249491495
417,0.517627934746,0.528246388181
418,0.51733318728,0.527846871686
419,0.517332550964,0.527702110076
420,0.518311572615,0.528687850587
421,0.520248164813,0.530725401614
422,0.522893982722,0.533553690104
423,0.527445171756,0.538553058739
424,0.530033899469,0.541168845939
425,0.531326947868,0.542059599895
426,0.5326127332,0.542843135003
427,0.535895961341,0.545978773991
428,0.541159041406,0.551627103647
429,0.547782259187,0.558965279243
430,0.555231639617,0.567146283278
431,0.562008403689,0.574623027517
432,0.569589213027,0.583020021756
433,0.577373041982,0.591724726386
434,0.584714012886,0.599603575703
435,0.591730507481,0.607015774969
436,0.598596034518,0.614308693582
437,0.604274754082,0.620134623783
438,0.608841970308,0.624748652818
439,0.613114667432,0.628895788229
440,0.617749174789,0.633346237483
441,0.62303674958,0.638528591219
442,0.630373720997,0.64647401221
443,0.637179114766,0.654032071724
444,0.643234219947,0.660556136179
445,0.648821492548,0.666471544676
446,0.654582363185,0.672437276759
447,0.640392229528,0.655853541994
448,0.653976991465,0.669479595573
449,0.666398543273,0.684055855728
450,0.673437466371,0.692623045487
451,0.676715087169,0.696105765171
452,0.681107916586,0.700960555553
453,0.656291091123,0.673383743882
454,0.687001805698,0.707114066283
455,0.685643196928,0.705032357698
456,0.684606245299,0.703447228597
457,0.686520977717,0.705684724309
458,0.687534411101,0.707035517685
459,0.695991829073,0.715007928016
460,0.697530842951,0.71667215312
461,0.694617969152,0.713329998335
462,0.69502519813,0.714254388175
463,0.697289387071,0.717358163309
464,0.692235267806,0.712180070316
465,0.696331116595,0.717223509495
466,0.692312042058,0.712693508107
467,0.68774163919,0.707707895612
468,0.684001461494,0.703761364953
469,0.663607116139,0.678150216172
470,0.674819335109,0.69385459674
471,0.664968761831,0.682978977468
472,0.663595133708,0.681997818302
473,0.657044529548,0.675096155148
474,0.650367838945,0.667982361054
475,0.642891022778,0.659764470242
476,0.635311687975,0.651486996302
477,0.627144367486,0.642666384049
478,0.620956066848,0.636495993028
479,0.615673108415,0.631394506961
480,0.611234744883,0.627151353112
481,0.605669753786,0.621468036532
482,0.598284931327,0.613600935783
483,0.590829249109,0.605775973106
484,0.583859497115,0.598533332232
485,0.577008673828,0.591211429199
486,0.56878740246,0.582116436935
487,0.56122920254,0.573816866592
488,0.553622016119,0.565442517992
489,0.545561700661,0.556544407807
490,0.539104680258,0.549462969551
491,0.534783283149,0.545053548167
492,0.53245539393,0.543082143932
493,0.530921882766,0.54197973571
494,0.528666571164,0.539907034199
495,0.524217410052,0.53501559659
496,0.520182144189,0.530639952446
497,0.517683732654,0.527908430841
498,0.515862002557,0.525934913899
499,0.51532052408,0.525393003575
500,0.515668880761,0.525913324255
501,0.516694696167,0.527064845358
502,0.51568737867,0.525935448935
503,0.515209385147,0.525285374279
504,0.515878404798,0.525957332025
505,0.517632187374,0.527862180443
506,0.520183556444,0.530649498271
507,0.524104515754,0.534913079067
508,0.528614063694,0.539850321572
509,0.530874390519,0.541939809506
510,0.532393862878,0.543027606003
511,0.534771584155,0.545044897524
512,0.538985602064,0.549338997611
513,0.54554248569,0.556524682444
514,0.553652584575,0.565473713411
515,0.56122561984,0.573816754885
516,0.568738602002,0.582074393912
517,0.577050430543,0.591257964461
518,0.583946120746,0.598626543986
519,0.590886100475,0.605827911983
520,0.59823174309,0.613542343015
521,0.605686060122,0.621475234034
522,0.611224731636,0.627137755192
523,0.61574601663,0.631466681392
524,0.621062545902,0.636599368316
525,0.627181849452,0.642712504718
526,0.63548937186,0.65166613889
527,0.64297928811,0.659858035379
528,0.65047980829,0.668104236789
529,0.657169096394,0.675234807361
530,0.6637538373,0.682153808988
531,0.664904917837,0.68291586077
532,0.674865200728,0.693909682829
533,0.663640527554,0.678179067804
534,0.683848653319,0.703606093007
535,0.687561858328,0.707513244422
536,0.692203101039,0.71259562117
537,0.69639323645,0.717271912148
538,0.69239835955,0.712356283016
539,0.697303588106,0.71737312101
540,0.695070399984,0.71428555482
541,0.694683467283,0.713386250005
542,0.697594628267,0.716741535
543,0.706068532666,0.724915290185
544,0.704429957618,0.723068671353
545,0.704813073065,0.723921676756
546,0.70633850957,0.726216757564
547,0.709170021257,0.730002879744
548,0.703247842126,0.72380895569
549,0.707159593623,0.728563625422
550,0.701796974482,0.722662656838
551,0.697144153767,0.717667314083
552,0.689683545342,0.708785138729
553,0.676734122059,0.693549029183
554,0.663267372341,0.680152872366
555,0.676823773955,0.696052449794
556,0.669647660545,0.688512874453
557,0.662269306233,0.680673005712
558,0.654776533336,0.672469031727
559,0.646891290937,0.663831085777
560,0.6382793055,0.654439245619
561,0.62922735598,0.644637534885
562,0.622802822059,0.63823589086
563,0.617530580918,0.633180284337
564,0.612305193572,0.628036298496
565,0.60490353192,0.620169759033
566,0.597516586635,0.612425903893
567,0.590199965718,0.604878458655
568,0.583619541028,0.598170163191
569,0.576393364245,0.590480036688
570,0.567704204804,0.580944617863
571,0.559906704664,0.572396428171
572,0.550845249776,0.562414713552
573,0.542879364858,0.553637378309
574,0.537095847277,0.547454393797
575,0.533519122247,0.544055907366
576,0.531403735919,0.542380074573
577,0.529009011433,0.540232663526
578,0.525143202783,0.536143895205
579,0.520622639462,0.531234075865
580,0.516748376218,0.52695509473
581,0.514329017218,0.524243838311
582,0.51286170372,0.522624360789
583,0.512491915312,0.522285762615
584,0.512757058825,0.522616196585
585,0.512894687799,0.522747905725
586,0.512375466831,0.522168795472
587,0.512821816169,0.522592141476
588,0.514277415361,0.524190697231
589,0.516781063244,0.526983057885
590,0.520590718532,0.531203331886
591,0.525070773745,0.536063543739
592,0.528882387389,0.54010051163
593,0.531407022801,0.542378320533
594,0.53344032277,0.543977755673
595,0.537073262729,0.547430317888
596,0.542744326472,0.553502885776
597,0.550787005241,0.562356335766
598,0.560012630699,0.572511903386
599,0.567712646804,0.580945830255
600,0.576349393628,0.590431979737
601,0.583595784721,0.598136214462
602,0.590254375879,0.604943051533
603,0.597444842517,0.612345549532
604,0.605003869584,0.620272461673
605,0.612259022029,0.627997058528
606,0.617580772751,0.633229540964
607,0.622878640732,0.638316748279
608,0.629269201063,0.644679066694
609,0.63835992727,0.654526121583
610,0.646715409614,0.663660028207
611,0.654778158621,0.672463167638
612,0.662296786233,0.680688910561
613,0.669714461082,0.688581344591
614,0.67677841692,0.696009026682
615,0.663387415885,0.680267250619
616,0.676766908875,0.69358694544
617,0.689677238501,0.708788309688
618,0.697094701465,0.717610817045
619,0.701820507036,0.722680885442
620,0.70706645731,0.728468202381
621,0.703283295178,0.723871118885
622,0.708977401821,0.729805351755
623,0.706391529914,0.726266301674
624,0.704750578131,0.723868206529
625,0.704531443903,0.723177774999
626,0.706026248963,0.724858480291
627,0.710063153657,0.72817866348
628,0.709753087152,0.727865643458
629,0.710704201912,0.72956425639
630,0.712498328274,0.732174284541
631,0.714278136537,0.734832710149
632,0.710659604525,0.731370094181
633,0.716078724715,0.73814639586
634,0.712165485845,0.733945199071
635,0.706962748052,0.728262824099
636,0.702239398235,0.723181882069
637,0.681665943882,0.697483722031
638,0.692040198617,0.712225474307
639,0.68592792759,0.705721557201
640,0.680085444772,0.699743491232
641,0.672380053822,0.691560612547
642,0.664188641821,0.682732934019
643,0.655843545727,0.67357737657
644,0.646985601416,0.663862024727
645,0.637805076974,0.653779459452
646,0.628468639189,0.643650827888
647,0.621978735372,0.637150865628
648,0.615383675817,0.63046181538
649,0.610499621895,0.625872210662
650,0.604869544007,0.620396538841
651,0.59780646239,0.613233257822
652,0.590792448022,0.606007622985
653,0.583763242824,0.598705387574
654,0.575780894345,0.590147820632
655,0.565974514138,0.579219205497
656,0.556767772045,0.568966766977
657,0.547638113671,0.558894946183
658,0.54036487804,0.550968065517
659,0.535533622467,0.546050356044
660,0.532639699326,0.543514762713
661,0.529709106004,0.540873611129
662,0.526075990445,0.537244825941
663,0.521782619458,0.532682530797
664,0.518318552935,0.529099186189
665,0.51560400534,0.526221230485
666,0.513067351558,0.523372713838
667,0.510827842745,0.520719075596
668,0.511685647002,0.521972456987
669,0.512260169521,0.522615446154
670,0.511657015916,0.521938449399
671,0.510853037914,0.520743082373
672,0.513028643185,0.523334317919
673,0.515603665376,0.526214283536
674,0.518164832024,0.528950779509
675,0.521803324171,0.532703089862
676,0.526051472054,0.537220324294
677,0.529705092566,0.54086832815
678,0.532558047238,0.543432635349
679,0.535548449729,0.546068004292
680,0.540329637651,0.550931871222
681,0.547628728443,0.55888825123
682,0.55670651533,0.56891518256
683,0.565897263805,0.579139078435
684,0.575787236696,0.590152349524
685,0.583794171898,0.598740820918
686,0.590800235824,0.606007127473
687,0.597817719923,0.613232043093
688,0.60484794622,0.620375074677
689,0.610450343542,0.625816146931
690,0.615405513016,0.630494425134
691,0.62193220791,0.637097778049
692,0.628432012918,0.643607248458
693,0.637742796786,0.653723658435
694,0.646991612615,0.66386475511
695,0.655814884831,0.673553503356
696,0.664167229872,0.682705255873
697,0.672240971335,0.691423946294
698,0.680036302927,0.69968141482
699,0.685917631295,0.70571666406
700,0.692127200152,0.712316902233
701,0.681804801684,0.697608412181
702,0.702116567597,0.723053770105
703,0.707035848247,0.728339806897
704,0.712201488841,0.733994328873
705,0.715963742832,0.738024700193
706,0.710731177904,0.731431059886
707,0.714275408281,0.734821857602
708,0.712490614848,0.732158492655
709,0.710761615312,0.729617331037
710,0.709660249798,0.727760518151
711,0.590804876147,0.609806592157
712,0.67257201872,0.693740504139
713,0.731652857258,0.753792133132
714,0.683364295839,0.704332095212
715,0.592984090039,0.611981745309
716,0.65992472982,0.681591614984
717,0.729441438464,0.752635930312
718,0.684529826154,0.704555077479
719,0.589159206125,0.606242299762
720,0.636367445736,0.656237323308
721,0.713193845676,0.735234968806
722,0.684475910323,0.703996911792
723,0.587284489659,0.602170202596
724,0.600352096368,0.614732475272
725,0.6828831963,0.70077366571
726,0.678603490568,0.697663961268
727,0.593726238742,0.609736862606
728,0.579321742231,0.594026526431
729,0.660909172483,0.67881641225
730,0.671063876303,0.690859126547
731,0.600066476311,0.618213088037
732,0.56257226465,0.577987111845
733,0.633460078908,0.650101398425
734,0.648128178837,0.66568480291
735,0.591241447749,0.60793721962
736,0.544092915446,0.559303164219
737,0.612571945124,0.629689158067
738,0.626471347208,0.643395608208
739,0.582059317787,0.597875465337
740,0.527031373448,0.541140760433
741,0.587623162493,0.603909806628
742,0.604020709753,0.620353447217
743,0.570657101266,0.585745488847
744,0.513944262351,0.526592713189
745,0.555967584907,0.569416779734
746,0.572244944935,0.5854325614
747,0.551279099089,0.563441479498
748,0.50090217848,0.511018984207
749,0.527672046983,0.538445390584
750,0.545187868607,0.555600194779
751,0.534384159522,0.544371917594
752,0.490958990209,0.499847298376
753,0.504790954795,0.513616655531
754,0.524202220609,0.533282798367
755,0.521956482699,0.531456949909
756,0.490218529085,0.500061111384
757,0.494741448421,0.504150645009
758,0.517598878533,0.52779645926
759,0.515562310042,0.525706128452
760,0.488295006899,0.498222234759
761,0.485109396208,0.494134728819
762,0.509805113026,0.519785319142
763,0.509358927317,0.519506983579
764,0.487548165516,0.497685485006
765,0.484830061984,0.494415941445
766,0.508518396512,0.518704950139
767,0.508467973945,0.518661124224
768,0.484877450394,0.494464445162
769,0.487538494673,0.497683273208
770,0.50939397989,0.519542518668
771,0.509808683187,0.519794915059
772,0.485138396652,0.494165561442
773,0.488351737585,0.498277670268
774,0.515544404535,0.525682909264
775,0.517613423863,0.527807634577
776,0.494694251085,0.50409927136
777,0.490188948036,0.500029714817
778,0.52194909476,0.531454418665
779,0.524162596724,0.533244552834
780,0.504866396436,0.513701310029
781,0.490991304491,0.499881097792
782,0.534436997901,0.544429348344
783,0.545189135265,0.555593555012
784,0.527598753237,0.538374684238
785,0.500957681696,0.511070414466
786,0.551254381879,0.563423068057
787,0.572351492009,0.585546620948
788,0.555970382109,0.569417260687
789,0.514004794219,0.526652430257
790,0.570642916191,0.58572714069
791,0.603946597677,0.620286414005
792,0.587619198242,0.603910964314
793,0.52712852315,0.541231094184
794,0.582028678096,0.597842335678
795,0.626423331901,0.643345971923
796,0.612448542204,0.62955736677
797,0.544089002271,0.559299837195
798,0.591280427192,0.607968598033
799,0.648172903723,0.665732751815
800,0.633547133492,0.650187423074
801,0.562542100847,0.577959152114
802,0.600119002052,0.618263665501
803,0.67104125524,0.690841983238
804,0.660949883005,0.678854061774
805,0.579371304897,0.594075597686
806,0.593691852145,0.609703388175
807,0.67864126068,0.69770188111
808,0.682926208939,0.700821635208
809,0.600351283722,0.614736546211
810,0.587318567934,0.602192127559
811,0.684469699943,0.70399572649
812,0.713146789912,0.735193732179
813,0.636306318564,0.656165694176
814,0.58917335822,0.60624947246
815,0.684591488582,0.70462569779
816,0.729478722575,0.752670177777
817,0.659824073453,0.681492460575
818,0.593047775827,0.612042404462
819,0.683342823665,0.704320272866
820,0.731630862981,0.753774702133
821,0.67245951333,0.693624714393
822,0.696613722065,0.716394816754
823,0.695066741464,0.714544688452
824,0.692995383371,0.712075452034
825,0.691897513089,0.710903490391
826,0.693435916297,0.713009412289
827,0.695434174951,0.715764999397
828,0.696463045562,0.71732162751
829,0.695284344004,0.716291474352
830,0.691302939107,0.711944823312
831,0.687439434106,0.707707238285
832,0.684135238657,0.704209500393
833,0.681617066651,0.701690024978
834,0.677082546638,0.696528220576
835,0.655919318834,0.67036420579
836,0.670224826321,0.689226967806
837,0.664880354693,0.683258933065
838,0.660037130229,0.678259150778
839,0.655131478451,0.673166023918
840,0.650045950754,0.66783464696
841,0.644949426022,0.662405584873
842,0.639624212566,0.656772439308
843,0.633697925445,0.650288910933
844,0.627200252917,0.643131872595
845,0.621535258016,0.637113411828
846,0.617154842304,0.632868260714
847,0.61294169289,0.628885214317
848,0.608969815136,0.625046751759
849,0.604969267341,0.621115567303
850,0.600311077264,0.616330605218
851,0.595494236475,0.611370914413
852,0.590382744269,0.606137091034
853,0.58451787307,0.60003127737
854,0.578172673727,0.593335832725
855,0.571658156749,0.5863721968
856,0.564300933734,0.578293254184
857,0.556968251918,0.570150036896
858,0.550262142142,0.562712610114
859,0.544016503205,0.555794387165
860,0.53772184738,0.54885246107
861,0.531598498564,0.542135077318
862,0.525761555716,0.535685229866
863,0.52025817172,0.529657178707
864,0.516565789559,0.525903462828
865,0.514370279503,0.523993366977
866,0.512969786498,0.522968340306
867,0.511595207006,0.521871968075
868,0.509778174778,0.520147911107
869,0.507377062614,0.517670562533
870,0.504671967016,0.514759815242
871,0.502119095131,0.512017733354
872,0.500865787498,0.510806902724
873,0.49989110004,0.509908998884
874,0.499423272614,0.509518421679
875,0.499135545237,0.509296814113
876,0.499254735548,0.509497696695
877,0.499686159907,0.509948579508
878,0.499232284551,0.509476271357
879,0.499180116681,0.509340892584
880,0.499343368519,0.509450775262
881,0.499921979397,0.509939652171
882,0.50089001653,0.510834596212
883,0.502144704869,0.512047950249
884,0.504661102272,0.514751525587
885,0.507351972739,0.517640988816
886,0.509872020311,0.520241098648
887,0.511550232826,0.521825218636
888,0.512990224424,0.522988266255
889,0.514380236926,0.52400617952
890,0.516603412583,0.525944705894
891,0.520285636608,0.529687717949
892,0.525729163682,0.535650735638
893,0.531752874943,0.542283627048
894,0.537747045127,0.548875279471
895,0.544019317262,0.555797217338
896,0.550273576055,0.562712562882
897,0.556984434017,0.570174217913
898,0.564344341057,0.578339631682
899,0.571663267574,0.58638002102
900,0.578163930807,0.593342266348
901,0.584456357025,0.599957912404
902,0.590494175718,0.606242307674
903,0.595388626132,0.611260837444
904,0.60040586911,0.616420151675
905,0.604908978373,0.621050581597
906,0.608957643714,0.625040901069
907,0.612930101568,0.62886619585
908,0.61714295344,0.632858591261
909,0.621528002223,0.637103319693
910,0.627286331831,0.643211830427
911,0.633793941243,0.650389825673
912,0.639611535671,0.656767384741
913,0.644929859144,0.662396246759
914,0.650127315533,0.667931524149
915,0.655300716206,0.673335136721
916,0.659884886245,0.67810141001
917,0.664762984998,0.683136684912
918,0.670281454747,0.689297908037
919,0.655869790631,0.670303834163
920,0.677158639086,0.69660819299
921,0.681504690504,0.701585690214
922,0.684012295879,0.704086014705
923,0.687405209578,0.707675004437
924,0.691349691824,0.711980918224
925,0.695121405212,0.716131461641
926,0.696532405097,0.71738313037
927,0.695440244288,0.715767077282
928,0.693227455102,0.7127956929
929,0.69195370433,0.710958377652
930,0.692779638501,0.711852229681
931,0.695021782255,0.714504433053
932,0.696457265729,0.716235441784
933,0.708744304169,0.728440214805
934,0.70792682001,0.727530580472
935,0.705819381853,0.725084338866
936,0.703733900779,0.722776606942
937,0.704138156907,0.723688056292
938,0.706249768542,0.726592086842
939,0.708209285283,0.729359275495
940,0.708804274581,0.730488913139
941,0.705927480803,0.727450568295
942,0.701988876999,0.723105522607
943,0.698350683332,0.719103531496
944,0.694386380771,0.714839292674
945,0.691039284026,0.711278492123
946,0.678800260325,0.695718527165
947,0.679385593059,0.69791210102
948,0.679108005003,0.698309877403
949,0.67357953693,0.692372476604
950,0.668443850823,0.687108141606
951,0.662868721406,0.681323749241
952,0.657454078906,0.675667966185
953,0.651811310887,0.669646561487
954,0.645271181491,0.662518379671
955,0.638744573733,0.655360748063
956,0.632037222888,0.648026691075
957,0.625571956586,0.641245326895
958,0.620673713055,0.636521556815
959,0.615660019949,0.631624023144
960,0.611320003273,0.627450981387
961,0.606698605482,0.622873329937
962,0.601682918776,0.617749570931
963,0.596124052178,0.612035626426
964,0.589605491757,0.605159528836
965,0.583351092562,0.59861552559
966,0.57710560971,0.592115075379
967,0.570387512778,0.58491673417
968,0.563000881502,0.576791907958
969,0.555659548931,0.568678168171
970,0.549048232374,0.561388248813
971,0.542594256782,0.554271178664
972,0.535609541459,0.54661534956
973,0.529162796964,0.539532695136
974,0.522989499587,0.532764751653
975,0.518143130133,0.527617813929
976,0.514973382379,0.524567823901
977,0.513017369362,0.522993749689
978,0.511310516104,0.521601613199
979,0.509352315706,0.519800003609
980,0.506702750694,0.517069200913
981,0.503604414729,0.513728205042
982,0.500373003322,0.51025586979
983,0.498330148396,0.508152427893
984,0.49680018427,0.506577570936
985,0.495953029567,0.505726395236
986,0.495664725931,0.505539003026
987,0.495715001215,0.505697719759
988,0.496315737594,0.506404091432
989,0.49630838894,0.506396296788
990,0.495707481446,0.505688920638
991,0.495651682123,0.505523737437
992,0.495922285807,0.505700771815
993,0.496843840301,0.506626855145
994,0.498311743711,0.508126814861
995,0.500354920003,0.510239361965
996,0.503555088894,0.513684084567
997,0.506821281551,0.517191237441
998,0.509357565679,0.519797436991
999,0.511253855801,0.521548411413
1000,0.51300856965,0.522980975883
1001,0.514918711975,0.524514481436
1002,0.518159761982,0.527634511462
1003,0.522965843145,0.532747855998
1004,0.529230383048,0.539605234565
1005,0.535632983559,0.546633901704
1006,0.542536015681,0.55420898016
1007,0.549127576574,0.561469792044
1008,0.555803946226,0.568820906652
1009,0.562917204573,0.57670164979
1010,0.57035562776,0.584882637641
1011,0.577076008266,0.592088148383
1012,0.583271754528,0.598529663176
1013,0.589689433003,0.605246189477
1014,0.596123324498,0.612020225641
1015,0.601800082631,0.6178647004
1016,0.606788329712,0.622961558519
1017,0.611262154529,0.627388078718
1018,0.615714140563,0.631681171675
1019,0.620610526931,0.636445689875
1020,0.625541292101,0.641226294302
1021,0.631903487453,0.64789044626
1022,0.638715225293,0.655329267356
1023,0.645443077741,0.662704815811
1024,0.651735124857,0.669564612384
1025,0.657512512195,0.675725006242
1026,0.662823265842,0.681266571377
1027,0.66833329498,0.686993621854
1028,0.67351302403,0.692307595389
1029,0.679046810002,0.698250998686
1030,0.679467779965,0.697986777476
1031,0.678784289685,0.695706211994
1032,0.691140672822,0.71139936341
1033,0.694501670922,0.714962590933
1034,0.698076560398,0.718833972687
1035,0.702025226884,0.723137981663
1036,0.705989750792,0.727528029018
1037,0.708865639671,0.730528579344
1038,0.708283118106,0.72942565568
1039,0.706341979535,0.72668613152
1040,0.704166354259,0.723711960621
1041,0.703761521107,0.72279334611
1042,0.70574416895,0.725010127008
1043,0.707926538436,0.727529600857
1044,0.715505095672,0.73490981563
1045,0.71435097497,0.733613504273
1046,0.712555114251,0.731570095205
1047,0.712836722914,0.732275666873
1048,0.714250342089,0.734367994756
1049,0.716744163048,0.737697834717
1050,0.718525628364,0.740255774455
1051,0.718025692747,0.740126239178
1052,0.714372001754,0.736210946768
1053,0.710182055664,0.731603915248
1054,0.705913538127,0.726981788356
1055,0.701856035988,0.722648424479
1056,0.697589489288,0.717889068794
1057,0.675779145438,0.691020088135
1058,0.690260904085,0.710222437765
1059,0.684829732807,0.704239878886
1060,0.679313675342,0.698557820885
1061,0.673517643727,0.692553256479
1062,0.667598473633,0.686363295324
1063,0.661825750676,0.680262611409
1064,0.655297083226,0.673193523456
1065,0.648483555269,0.665727616005
1066,0.64164976153,0.658268921038
1067,0.634069109182,0.650060283988
1068,0.627191044871,0.642835157336
1069,0.621971268631,0.637734616348
1070,0.617097825362,0.632981804403
1071,0.612743081742,0.628822230838
1072,0.608079301901,0.624204323932
1073,0.602414542734,0.618347612096
1074,0.595316105961,0.610815200292
1075,0.588535982253,0.603708336493
1076,0.582282366273,0.59723461289
1077,0.576148012974,0.59088835938
1078,0.56946289797,0.5837423726
1079,0.562066048184,0.575630859255
1080,0.554873059128,0.567726756794
1081,0.548186976906,0.56038698469
1082,0.540748672049,0.552237463026
1083,0.53324818931,0.544034137678
1084,0.526782871969,0.536932119303
1085,0.520835354004,0.530448655263
1086,0.516649040296,0.526240385995
1087,0.514223248327,0.524128154682
1088,0.512194643686,0.522447806983
1089,0.50990240101,0.520383206172
1090,0.507082065491,0.517516070333
1091,0.503406902241,0.513560893458
1092,0.50010352416,0.510023227401
1093,0.497161026904,0.506881593705
1094,0.495063792413,0.504638597667
1095,0.493618572462,0.503124743154
1096,0.492782423097,0.502293511118
1097,0.492712956669,0.502330996576
1098,0.49314395799,0.502956914099
1099,0.493695927802,0.503586289555
1100,0.493162914609,0.502974701218
1101,0.49274065216,0.502363110088
1102,0.492891559381,0.502403325716
1103,0.493603286094,0.503104716848
1104,0.495061104696,0.504639384036
1105,0.497125252303,0.506844232802
1106,0.500178836251,0.51009959909
1107,0.503481602123,0.513631966944
1108,0.507097456705,0.517531893497
1109,0.509903164367,0.520381439941
1110,0.512175483641,0.522427305301
1111,0.514186743469,0.524092230112
1112,0.516681624599,0.526266998784
1113,0.520768312773,0.530390642449
1114,0.526798784794,0.536956704116
1115,0.533393752664,0.544182477472
1116,0.540765225179,0.552257806558
1117,0.548257915634,0.56046736276
1118,0.554934127918,0.567787604864
1119,0.562065360655,0.575641225426
1120,0.569508583338,0.583789317637
1121,0.576127356768,0.590865879477
1122,0.582313690206,0.59726587761
1123,0.588550766053,0.603716101873
1124,0.59530250222,0.610795166788
1125,0.602287302465,0.618215525928
1126,0.608140313104,0.624271135507
1127,0.612794775812,0.628879110791
1128,0.617064230638,0.632956855808
1129,0.621911526074,0.637678507585
1130,0.627326209523,0.642974220595
1131,0.633984933504,0.649967339383
1132,0.641677986829,0.658300093439
1133,0.648515938877,0.665762965077
1134,0.655322170378,0.673196488521
1135,0.661858139958,0.680298577253
1136,0.66750659477,0.686273121775
1137,0.673526638697,0.692555658053
1138,0.679340375949,0.698591998273
1139,0.684825900101,0.704239067848
1140,0.690304041649,0.710273039601
1141,0.675857462971,0.691100914777
1142,0.697397802065,0.717692824201
1143,0.701699196853,0.722477390702
1144,0.705820204157,0.726887232327
1145,0.710001633845,0.731414731355
1146,0.714328346116,0.736168655415
1147,0.718050827751,0.740163502767
1148,0.718414440352,0.740125662554
1149,0.71656524496,0.737509225736
1150,0.714243358582,0.734352819463
1151,0.712913446799,0.732350395311
1152,0.712550637793,0.731569422746
1153,0.714308642652,0.73356825064
1154,0.715552252169,0.734958820047
1155,0.716271771298,0.734984332586
1156,0.716300979442,0.73497252765
1157,0.714757221825,0.73335383698
1158,0.715140738887,0.734213654806
1159,0.716188518693,0.73589606625
1160,0.717832724688,0.738287759371
1161,0.720010360244,0.741294085729
1162,0.721019633371,0.743016891687
1163,0.719692596906,0.741910586952
1164,0.715639207785,0.737496416446
1165,0.711016276719,0.732417327997
1166,0.706717821572,0.727789541168
1167,0.703054023955,0.723902607647
1168,0.690538685362,0.708064235321
1169,0.69185628372,0.711245155158
1170,0.690270732382,0.710156269253
1171,0.684951243395,0.704526674634
1172,0.679291232359,0.69869878057
1173,0.673038046513,0.692171404101
1174,0.666826748638,0.685636221942
1175,0.660454777289,0.678781123308
1176,0.653944647993,0.671692638944
1177,0.646907955441,0.664002950615
1178,0.639419166416,0.655833786899
1179,0.631556195344,0.647241809788
1180,0.624120445811,0.639324385776
1181,0.618602912887,0.633761860139
1182,0.613278407318,0.628492829889
1183,0.609968734777,0.625670811902
1184,0.605109081248,0.620852522671
1185,0.599290456035,0.614903068988
1186,0.593076045867,0.608509373325
1187,0.585835314714,0.600800353908
1188,0.580741343546,0.595857209851
1189,0.575477861709,0.590560726308
1190,0.568571354619,0.583099351991
1191,0.56057918289,0.574235341461
1192,0.552505093858,0.565171808543
1193,0.545015914685,0.556948536699
1194,0.5369060467,0.547997723385
1195,0.529802954884,0.54020765768
1196,0.523468553093,0.53330187118
1197,0.518356676405,0.527915971372
1198,0.515196753524,0.524961192094
1199,0.513038170337,0.523169246451
1200,0.510707261275,0.521105567144
1201,0.50800102706,0.518515554493
1202,0.504986032274,0.515478859228
1203,0.501725347706,0.512084305406
1204,0.498559195848,0.508757145953
1205,0.495982161997,0.505964550053
1206,0.493587963288,0.503306251319
1207,0.493285431179,0.503279735228
1208,0.49234137316,0.50228101521
1209,0.491208301644,0.500923437863
1210,0.490101724917,0.4994005238
1211,0.490009963314,0.49930575827
1212,0.491182448657,0.500892020141
1213,0.492350125091,0.502293091773
1214,0.493293861296,0.503285369736
1215,0.493502055875,0.503219313245
1216,0.495991564482,0.505976946494
1217,0.498513437589,0.508707317226
1218,0.501697853826,0.512054346709
1219,0.505012618935,0.515505936956
1220,0.508130418205,0.518649420768
1221,0.510660570463,0.521056858749
1222,0.513050927395,0.523177835947
1223,0.515340633991,0.525099794763
1224,0.51839452091,0.527957723117
1225,0.523451859536,0.533287181016
1226,0.529782773189,0.540192645202
1227,0.536851311882,0.547947339526
1228,0.544921550237,0.556857901958
1229,0.55240714532,0.565071925328
1230,0.560624482117,0.574279116992
1231,0.568611937409,0.583136804781
1232,0.57547429306,0.590549504826
1233,0.580791225028,0.59590979887
1234,0.585938238367,0.600903004166
1235,0.593134838169,0.608564806181
1236,0.599420129934,0.615034721656
1237,0.605120984701,0.620866845879
1238,0.609999638469,0.625697063698
1239,0.613446784802,0.628656065312
1240,0.618523391413,0.633691733044
1241,0.624123924241,0.639333627889
1242,0.631577273187,0.647256298577
1243,0.63947180077,0.655875524232
1244,0.6469412397,0.664041765869
1245,0.653922280696,0.671667259816
1246,0.660493894679,0.678818205276
1247,0.666785593634,0.685594982844
1248,0.673125872661,0.69226947209
1249,0.679291262251,0.698693497896
1250,0.684926106662,0.70449799039
1251,0.690403934154,0.710295181767
1252,0.69179266955,0.711166911437
1253,0.690607966618,0.708130425505
1254,0.702923722353,0.723769717673
1255,0.706836879553,0.727920855758
1256,0.710944789139,0.732350145132
1257,0.715493356018,0.737337026262
1258,0.719541623324,0.741764595271
1259,0.72087467661,0.742857353952
1260,0.720003286261,0.741289342267
1261,0.717813419702,0.738254576196
1262,0.71618408057,0.735884520275
1263,0.715210338928,0.734279542645
1264,0.715038339616,0.733630879884
1265,0.715966090728,0.734627846333
1266,0.488317213152,0.503990162739
1267,0.594844042901,0.613892000608
1268,0.713507233535,0.735538758904
1269,0.712503789433,0.734563709457
1270,0.59189699009,0.610359054895
1271,0.488086998805,0.5038700169
1272,0.594474132007,0.613949209866
1273,0.714570765798,0.737816085879
1274,0.704827133154,0.726576750832
1275,0.584101542152,0.601569110144
1276,0.480030524584,0.494455684424
1277,0.589293408298,0.608623046999
1278,0.701977717467,0.724265763984
1279,0.690722484437,0.711142105113
1280,0.571876452242,0.587523568274
1281,0.473955671978,0.487452591912
1282,0.572098952603,0.588289513318
1283,0.664436272072,0.679262217503
1284,0.675669291396,0.69509158413
1285,0.565111975503,0.580812300937
1286,0.466026464757,0.479104501852
1287,0.559374926568,0.574726130992
1288,0.663268930393,0.681852306974
1289,0.659439717905,0.678992900898
1290,0.559413197542,0.576586285756
1291,0.460704996195,0.473921575662
1292,0.548418825954,0.563466421921
1293,0.641529935391,0.65881380722
1294,0.634989213331,0.652708987398
1295,0.542111532515,0.557939684919
1296,0.45173359678,0.464325391068
1297,0.538516713165,0.553549242571
1298,0.62167738418,0.63895865882
1299,0.611759862853,0.628354106622
1300,0.525196753654,0.540122599749
1301,0.445503640495,0.457603773848
1302,0.526766083874,0.541536251362
1303,0.600645214279,0.617678947065
1304,0.59039794866,0.606692026791
1305,0.510098601487,0.524256369202
1306,0.437654677547,0.449017014631
1307,0.509946659557,0.523148885919
1308,0.571029508438,0.585822894047
1309,0.561199505579,0.575094332931
1310,0.485961617905,0.497099593506
1311,0.424646080833,0.434194060732
1312,0.490714651759,0.501625999912
1313,0.53894583415,0.550025009629
1314,0.531613485522,0.542222604062
1315,0.466321114532,0.47521356353
1316,0.417856977631,0.426373412943
1317,0.475090900475,0.484095684423
1318,0.512983807099,0.521574986401
1319,0.506870305281,0.515409640118
1320,0.452785931853,0.461592624356
1321,0.415986555075,0.424426301455
1322,0.467090618268,0.475823631143
1323,0.501843223904,0.511198183431
1324,0.49579258986,0.505393762749
1325,0.446972949268,0.456964793528
1326,0.414877591805,0.42302475707
1327,0.467288662875,0.476424943418
1328,0.493998615161,0.503386784212
1329,0.482005468558,0.491151082953
1330,0.435874750694,0.445445649228
1331,0.420882400645,0.429513737467
1332,0.468007211729,0.477300988704
1333,0.490286250109,0.500032345325
1334,0.47460496511,0.484084928967
1335,0.429626306512,0.439069863946
1336,0.429634306834,0.439078174295
1337,0.474536832959,0.484018268872
1338,0.49033181214,0.500073697524
1339,0.467956926959,0.477251269383
1340,0.420810714117,0.429444457336
1341,0.435862905731,0.445435285915
1342,0.482014538465,0.491166817801
1343,0.493942762049,0.503330625686
1344,0.467276974795,0.476405955788
1345,0.414875933912,0.423022297219
1346,0.447000033061,0.456996605253
1347,0.495868978555,0.50546003147
1348,0.501846100609,0.511202254914
1349,0.467131126058,0.47585868328
1350,0.415988797394,0.424425473388
1351,0.452746614529,0.461552223206
1352,0.50686264253,0.515400796235
1353,0.51301390365,0.521607438327
1354,0.475097640492,0.484102428109
1355,0.417774011683,0.426287950877
1356,0.466251168295,0.475149137535
1357,0.531483324891,0.54208886623
1358,0.538972709068,0.550051635198
1359,0.490872839946,0.501785263915
1360,0.424625091502,0.434173540464
1361,0.485958669395,0.497101377289
1362,0.56108247726,0.574966902074
1363,0.571123153236,0.58591826304
1364,0.509973544349,0.523177069649
1365,0.437665157424,0.449026701609
1366,0.510066540101,0.524224503076
1367,0.590501268123,0.606795360092
1368,0.600687080164,0.617719945439
1369,0.526625729162,0.541396584394
1370,0.445562565795,0.457680903255
1371,0.52520490636,0.540137369533
1372,0.611562050211,0.628151740018
1373,0.621697630812,0.638985428196
1374,0.538610089773,0.553640581469
1375,0.451778292026,0.464362498568
1376,0.542215350654,0.558041013901
1377,0.634894129796,0.652609679696
1378,0.641548746265,0.658823235514
1379,0.548382840443,0.563429677191
1380,0.460643837369,0.473866182683
1381,0.559451018323,0.57660952705
1382,0.659465001671,0.679016237763
1383,0.663285628398,0.681867074611
1384,0.559352730105,0.57469513987
1385,0.466017687827,0.479101244921
1386,0.564959766875,0.580658859906
1387,0.675734921408,0.695157794946
1388,0.664373152593,0.679198040437
1389,0.572159229683,0.588340399158
1390,0.473848042255,0.487341061201
1391,0.571911438028,0.587554098397
1392,0.690685191332,0.711107537301
1393,0.701946353998,0.724237347996
1394,0.589153241345,0.608477501376
1395,0.480164124049,0.494599818164
1396,0.584342013041,0.601815523316
1397,0.704740706953,0.726490671092
1398,0.714609249031,0.73784164027
1399,0.594500116092,0.613972881226
1400,0.48804428826,0.503824582914
1401,0.591811378536,0.610275878842
1402,0.712511408051,0.734568084661
1403,0.713433427626,0.735469732678
1404,0.594953081424,0.614007903134
1405,0.68885410997,0.708680696422
1406,0.687550985292,0.707145635453
1407,0.685892316241,0.70516689599
1408,0.684205640729,0.703188740736
1409,0.683709460535,0.70274371794
1410,0.684641943405,0.704141271656
1411,0.686063716123,0.706145583817
1412,0.687439095825,0.708047273645
1413,0.687706744269,0.708743319662
1414,0.68610528928,0.707081085109
1415,0.682988436911,0.703661592926
1416,0.679452853059,0.699817655454
1417,0.677078415102,0.69737012309
1418,0.674486446919,0.694749094167
1419,0.672151842437,0.6923548361
1420,0.669547869879,0.689659254389
1421,0.657186281755,0.674174943485
1422,0.659254940438,0.677863155359
1423,0.657820811388,0.676666025643
1424,0.652947359517,0.671314197118
1425,0.64877737278,0.667040822151
1426,0.644293863303,0.662382124803
1427,0.640011935493,0.657922561378
1428,0.635588270213,0.653227258467
1429,0.631291737528,0.648731793354
1430,0.627024508199,0.64421289885
1431,0.622221778592,0.639085102355
1432,0.616865915615,0.633159919842
1433,0.6116297278,0.627392079233
1434,0.607206911268,0.622757894445
1435,0.603819824786,0.619505985635
1436,0.600314118833,0.616186161942
1437,0.597254741474,0.613326154765
1438,0.59399695105,0.610227933517
1439,0.590276734545,0.6064986895
1440,0.586025954531,0.602120481908
1441,0.581545530965,0.597480292068
1442,0.577433841628,0.593284204695
1443,0.572718876859,0.588458120161
1444,0.568044216543,0.583649666204
1445,0.562902933321,0.578263094377
1446,0.55693399744,0.571881950858
1447,0.551217576975,0.565667638224
1448,0.544826367883,0.55855819772
1449,0.538467905204,0.551493543498
1450,0.532769579417,0.545161585698
1451,0.527007585635,0.538711038988
1452,0.521999400919,0.533228200134
1453,0.516619517629,0.527327135392
1454,0.511211133611,0.52141068633
1455,0.5059158876,0.515643551313
1456,0.500413705748,0.509583521527
1457,0.49594349824,0.504839491441
1458,0.492433414954,0.501333732222
1459,0.490360095039,0.499541206627
1460,0.488500429091,0.49796508214
1461,0.486695046637,0.496378559658
1462,0.485470615202,0.495322873884
1463,0.484353728472,0.494338474448
1464,0.482524360138,0.492509617439
1465,0.480440220101,0.490304665596
1466,0.477611809067,0.487239308638
1467,0.475810550131,0.485334398226
1468,0.474843580086,0.484457343992
1469,0.474258790672,0.484013149156
1470,0.473850836012,0.483684592687
1471,0.473315780255,0.483179789109
1472,0.47311806176,0.483039864234
1473,0.473181970256,0.483117663206
1474,0.473438987773,0.483393879951
1475,0.473158816904,0.483091706049
1476,0.473179950341,0.483106866359
1477,0.47330819788,0.48317413205
1478,0.473766775047,0.483596965496
1479,0.474268417607,0.484023875827
1480,0.474697698746,0.484313723363
1481,0.47580207036,0.485329631011
1482,0.47767340294,0.487298758027
1483,0.480407204483,0.490275619248
1484,0.482550635639,0.492532071287
1485,0.48442260296,0.494407195495
1486,0.485371034345,0.495222869826
1487,0.486781337751,0.496465329282
1488,0.488493450168,0.497959130992
1489,0.490466312185,0.499653456329
1490,0.492495128023,0.501394253398
1491,0.49600641668,0.50490925372
1492,0.500356247613,0.50953378412
1493,0.505918613139,0.515650068805
1494,0.511119619424,0.521321375272
1495,0.516626412277,0.527346952473
1496,0.522038505294,0.533262510109
1497,0.526989544293,0.538698078586
1498,0.532872304898,0.545255582125
1499,0.538536956707,0.551564406576
1500,0.544836206312,0.558560387495
1501,0.551263460712,0.56571522991
1502,0.55693549546,0.571886252212
1503,0.562802673523,0.578151847118
1504,0.568065446131,0.58367287097
1505,0.572737499512,0.588475204792
1506,0.577335090229,0.593181966033
1507,0.581497175213,0.597434848394
1508,0.586095889227,0.60219476552
1509,0.590292377884,0.606514508778
1510,0.594099521928,0.610333891452
1511,0.597305471828,0.613384303379
1512,0.600293797183,0.616158912352
1513,0.603782130875,0.619445101496
1514,0.607209701128,0.622755196019
1515,0.611640156845,0.627401659351
1516,0.617011974134,0.633310002114
1517,0.622189517074,0.639057336944
1518,0.627072678437,0.644259581779
1519,0.631300288208,0.64874952622
1520,0.635600655192,0.653246330841
1521,0.64000159964,0.657899932222
1522,0.644203806984,0.662299428763
1523,0.648796459563,0.66707179786
1524,0.652868532016,0.6712374446
1525,0.657858361495,0.676710001846
1526,0.659195561677,0.677789259551
1527,0.657351165036,0.674357093173
1528,0.669479038843,0.689586101078
1529,0.672116713275,0.692324451785
1530,0.674581289768,0.694833897287
1531,0.67702464131,0.697309779138
1532,0.679556842502,0.699913052211
1533,0.683025452495,0.70369832668
1534,0.686026815956,0.70699797128
1535,0.687861671108,0.708892715157
1536,0.687455773614,0.708063834401
1537,0.68609143746,0.706167599042
1538,0.684793866802,0.704294249407
1539,0.683549728071,0.702587934307
1540,0.684146144582,0.70312435025
1541,0.685970002268,0.705241308713
1542,0.687364240401,0.706966492568
1543,0.688801320458,0.708629811217
1544,0.686356226874,0.705438680302
1545,0.685935680732,0.704980018172
1546,0.684806647785,0.703623594202
1547,0.683710380512,0.702304287167
1548,0.682846245773,0.701364491376
1549,0.683659488964,0.702581618558
1550,0.684655956792,0.704106282137
1551,0.685933391193,0.705954220822
1552,0.686035992099,0.706453907693
1553,0.685352988142,0.706034056193
1554,0.68264246636,0.703094287528
1555,0.679488359482,0.699595096403
1556,0.676374342685,0.696195325062
1557,0.673638593683,0.693248722797
1558,0.671034464551,0.690485465022
1559,0.668500437075,0.687858444759
1560,0.660587043325,0.677995712227
1561,0.647209958317,0.66205630232
1562,0.658939987413,0.677646509866
1563,0.654119584637,0.672334169552
1564,0.649496118177,0.667442302973
1565,0.645437190145,0.663309599471
1566,0.641165043634,0.658935503945
1567,0.637114446185,0.654777857042
1568,0.633140421939,0.650618250252
1569,0.628757386357,0.645931832878
1570,0.62409950997,0.640912182152
1571,0.618976665884,0.635249924513
1572,0.613435923417,0.629168611682
1573,0.607918826883,0.623227139665
1574,0.603394782132,0.618604145393
1575,0.5996547573,0.615043241085
1576,0.595781577023,0.611303836903
1577,0.592299086234,0.607946350618
1578,0.589026224041,0.604793709221
1579,0.585113066482,0.600845585322
1580,0.580945466175,0.596571314644
1581,0.576678441662,0.592220901942
1582,0.57175241256,0.587186843543
1583,0.566698205619,0.581946272548
1584,0.561315732155,0.576256206034
1585,0.555861459723,0.570495156324
1586,0.550087844821,0.564301129295
1587,0.54426717239,0.557895737013
1588,0.538041630145,0.550943248609
1589,0.53240132348,0.544657241067
1590,0.52711636209,0.538817297839
1591,0.521849349088,0.533012023879
1592,0.516518806845,0.527174404771
1593,0.511073124067,0.521229004607
1594,0.505829172445,0.515527167645
1595,0.500559973896,0.509810307575
1596,0.495653724821,0.504522422615
1597,0.492041119373,0.500827432497
1598,0.489652742525,0.498665771642
1599,0.487765989419,0.497095097547
1600,0.486320583049,0.495930188413
1601,0.484975998846,0.494759426162
1602,0.483356016816,0.493225983328
1603,0.481376157499,0.491162395268
1604,0.478818534183,0.488416670005
1605,0.476015800313,0.485343959228
1606,0.473740015507,0.482931822547
1607,0.472669465621,0.48192262645
1608,0.471868118034,0.481206761252
1609,0.47144646349,0.480870209394
1610,0.471362029818,0.48092436373
1611,0.47157092365,0.481249266304
1612,0.471878942589,0.481647422744
1613,0.472411422251,0.482220115436
1614,0.472415261968,0.482223646933
1615,0.471835982834,0.481603321442
1616,0.471482348141,0.481165093245
1617,0.471356638298,0.480923936446
1618,0.471371930879,0.480799148585
1619,0.471927146486,0.481264997471
1620,0.472657505129,0.481909306305
1621,0.473774348371,0.482965802535
1622,0.476054530839,0.485382681458
1623,0.478919027805,0.488508340753
1624,0.481305086287,0.491096120333
1625,0.483398368295,0.493270898281
1626,0.484940866108,0.494724451124
1627,0.486319693208,0.495930137035
1628,0.487753839521,0.497083940039
1629,0.489668396994,0.498679747195
1630,0.492059612058,0.500847682066
1631,0.495635273241,0.504507635943
1632,0.500546061858,0.509801375938
1633,0.505741775356,0.515439151184
1634,0.511099096215,0.52125740907
1635,0.516492578122,0.527156018292
1636,0.52185081567,0.533015677586
1637,0.527141168394,0.538840298328
1638,0.532444646068,0.544707407172
1639,0.538134125453,0.551038605824
1640,0.544191914672,0.557821927081
1641,0.550123506736,0.564335115944
1642,0.5558208278,0.570456030725
1643,0.561263772292,0.576197946191
1644,0.566745929424,0.581973677273
1645,0.571783372752,0.587216130556
1646,0.576582004093,0.592132887938
1647,0.580958425317,0.596586569512
1648,0.585111460739,0.600845326215
1649,0.588973669703,0.604741814283
1650,0.592158584156,0.607798537639
1651,0.595761625478,0.611277028536
1652,0.599624414837,0.615018250448
1653,0.603328896468,0.618534433419
1654,0.607942045799,0.623261323679
1655,0.613385411359,0.629126217615
1656,0.618843678911,0.63511045778
1657,0.624130181923,0.640940786345
1658,0.62878771062,0.645962630841
1659,0.633298948931,0.65077417682
1660,0.63719363696,0.654854593171
1661,0.641127203529,0.65888953376
1662,0.645299975928,0.66317388171
1663,0.649520054103,0.667459654409
1664,0.654180226489,0.672390895836
1665,0.658955959729,0.677663028774
1666,0.647252706501,0.662102455868
1667,0.660660567456,0.678070505967
1668,0.668500704277,0.687858950129
1669,0.671062117965,0.690528675288
1670,0.673592730652,0.693200675433
1671,0.676263364786,0.696075930485
1672,0.679365619309,0.699475009955
1673,0.682521442546,0.702952312591
1674,0.685428534999,0.706097973972
1675,0.686086060298,0.706510307539
1676,0.685860905202,0.705876688151
1677,0.684921439954,0.704384286813
1678,0.683625455261,0.702550483952
1679,0.682947055286,0.701467115318
1680,0.683750931578,0.70235167728
1681,0.684750308077,0.703566264365
1682,0.685872775008,0.704909709141
1683,0.678214035815,0.696774349344
1684,0.677731623161,0.696226895603
1685,0.676492731853,0.694786697442
1686,0.675642705208,0.693797435287
1687,0.675514102002,0.693939464326
1688,0.676468415082,0.69535088984
1689,0.677529482782,0.696954591079
1690,0.678424474876,0.698355178411
1691,0.67827065683,0.698528386672
1692,0.676705319983,0.697035162821
1693,0.673654120809,0.693643257073
1694,0.670390985795,0.690037611512
1695,0.667711137949,0.687121313644
1696,0.665054800633,0.684328677241
1697,0.662777810733,0.681958544401
1698,0.660457685456,0.679589925881
1699,0.651705399284,0.66862040505
1700,0.654509900486,0.673218265371
1701,0.650931191691,0.669305356747
1702,0.646102222474,0.664043059104
1703,0.642068253432,0.659930959657
1704,0.638069293024,0.655830375551
1705,0.634007665064,0.651636015732
1706,0.630220480182,0.647704602716
1707,0.625967523704,0.643179870109
1708,0.621498869844,0.638361707607
1709,0.616203261221,0.632524377563
1710,0.611085550132,0.626918469259
1711,0.605886651675,0.621284658702
1712,0.600339259174,0.615369436042
1713,0.595869583057,0.610868944761
1714,0.592199285399,0.60732645739
1715,0.588370921838,0.603562400371
1716,0.584994625967,0.600318801601
1717,0.581743754098,0.59717264289
1718,0.577897113906,0.593260415581
1719,0.573558136014,0.588797919748
1720,0.568981497517,0.584091429736
1721,0.563713107604,0.578526351146
1722,0.558410179226,0.572905544494
1723,0.553121014127,0.567362747559
1724,0.548020391887,0.561982684345
1725,0.542701636091,0.556221577922
1726,0.537232356428,0.550196583627
1727,0.531499843862,0.543797895983
1728,0.526004362018,0.537707566256
1729,0.520962587669,0.532157355434
1730,0.515797606462,0.526493019589
1731,0.51038744997,0.520586889478
1732,0.505306772673,0.515056607908
1733,0.500715252313,0.510054476601
1734,0.495775939231,0.504714226404
1735,0.49167493874,0.500401355076
1736,0.488822043468,0.497657906626
1737,0.487135442331,0.496309229942
1738,0.48561033261,0.495071449651
1739,0.484170225742,0.493814437486
1740,0.482202062612,0.491914359763
1741,0.480100012483,0.489736696792
1742,0.477651137372,0.487077111721
1743,0.474928608718,0.484080618096
1744,0.472609623022,0.481607035721
1745,0.470946588004,0.479934084105
1746,0.469809820869,0.478809452395
1747,0.469013427579,0.478046028347
1748,0.468716310023,0.477849069456
1749,0.468993622651,0.478303734813
1750,0.469490650171,0.478975332763
1751,0.470185194956,0.47978518996
1752,0.470651758093,0.480344410354
1753,0.470185775706,0.479786532305
1754,0.469505169111,0.478987532304
1755,0.468981756459,0.47829350092
1756,0.468749116324,0.477881718423
1757,0.46906364107,0.478090935262
1758,0.469850719523,0.478850779053
1759,0.471068663391,0.480050009099
1760,0.472636948091,0.481636957842
1761,0.475005435153,0.48415548295
1762,0.477659784412,0.487084704581
1763,0.480134976943,0.489777255256
1764,0.482313631467,0.492029825105
1765,0.484140354277,0.493792810114
1766,0.485644071584,0.495106235027
1767,0.487061360751,0.496234772537
1768,0.488906744543,0.497738709964
1769,0.491650358795,0.500377000075
1770,0.495839929639,0.504783014365
1771,0.500650974389,0.509996747654
1772,0.505406843291,0.515159707513
1773,0.510493964472,0.520696258207
1774,0.515833122222,0.526526295063
1775,0.520989911156,0.532187809364
1776,0.526024900827,0.537733298534
1777,0.53148585618,0.543784308526
1778,0.53720223173,0.550161865562
1779,0.542655000158,0.556176418375
1780,0.547988641646,0.561941148988
1781,0.553181419833,0.567421664833
1782,0.558322228915,0.572819131834
1783,0.563820332072,0.578636389925
1784,0.568940713069,0.58405054369
1785,0.573622575667,0.588856227403
1786,0.577895880043,0.593252285211
1787,0.581715988357,0.597143783728
1788,0.585021880195,0.600334951481
1789,0.58833544904,0.603530998166
1790,0.592105665549,0.607227414213
1791,0.595898442847,0.6108948819
1792,0.600333694211,0.615362233387
1793,0.605741068576,0.621144422484
1794,0.611100412402,0.626943776867
1795,0.616118824902,0.632429713397
1796,0.621519628766,0.638374836271
1797,0.626013070984,0.64322552472
1798,0.630210586925,0.647698926422
1799,0.634063123909,0.651696859398
1800,0.63802523156,0.655785525704
1801,0.64202056923,0.659884636436
1802,0.646047327584,0.663976473764
1803,0.650784935061,0.669151058919
1804,0.654471154052,0.673183865738
1805,0.651767499918,0.668701275146
1806,0.6604073499,0.67954307341
1807,0.662757847041,0.681929902073
1808,0.665097236644,0.684363842628
1809,0.667677974757,0.687085473338
1810,0.670329484415,0.689979979624
1811,0.673574891699,0.693554698177
1812,0.676674823525,0.697002994262
1813,0.678202122771,0.698445984529
1814,0.678468829761,0.698404866328
1815,0.677646446826,0.69707687093
1816,0.676462169039,0.695358722113
1817,0.675653412039,0.694089637345
1818,0.675551156526,0.693699578806
1819,0.676571737712,0.694864730019
1820,0.677714642093,0.696217117701
1821,0.678083215661,0.696644996247
1822,0.659725614161,0.6776540992
1823,0.659508502766,0.677413942747
1824,0.658934245862,0.676762352395
1825,0.657971707547,0.675632594289
1826,0.658082864012,0.675964210953
1827,0.658484391657,0.676719570238
1828,0.6596403853,0.678345745531
1829,0.660421669238,0.679577537936
1830,0.660810306178,0.680351272909
1831,0.660047760607,0.679770054759
1832,0.658363928227,0.678093041545
1833,0.655366251569,0.674755821949
1834,0.652464728695,0.671520634822
1835,0.65001517769,0.668896766197
1836,0.647728327504,0.666501595181
1837,0.645611141335,0.66434413461
1838,0.638606497217,0.655514400308
1839,0.639157845254,0.657199295001
1840,0.637713421688,0.655929838667
1841,0.633918037591,0.651767893261
1842,0.6302946452,0.647959803971
1843,0.626688913172,0.644296812371
1844,0.622929956756,0.640433907185
1845,0.619117781356,0.636427431097
1846,0.615216159617,0.632257178605
1847,0.610921287169,0.627614136146
1848,0.606502171774,0.62281012862
1849,0.601889138592,0.617779856037
1850,0.597261946487,0.612738701752
1851,0.592061194877,0.607076980183
1852,0.586997518557,0.601630630417
1853,0.582850581072,0.597390307582
1854,0.579330283363,0.593972780982
1855,0.57581648002,0.590466545494
1856,0.572592715504,0.58721245036
1857,0.568812234911,0.583292268268
1858,0.565089331899,0.57955024226
1859,0.562369330611,0.577072458831
1860,0.557910103762,0.572492717175
1861,0.553471346355,0.567902690721
1862,0.548874580765,0.563139559101
1863,0.544154330524,0.558185094227
1864,0.538727435599,0.552235692455
1865,0.534415824951,0.547677960689
1866,0.529543774153,0.542425201133
1867,0.523619018929,0.535782305626
1868,0.518198392648,0.529717357861
1869,0.512965298861,0.523914968731
1870,0.50738041119,0.517710747964
1871,0.502156218605,0.511971426069
1872,0.497548902802,0.506923437034
1873,0.493380147135,0.502382496471
1874,0.489488362344,0.498202681827
1875,0.486355756419,0.495081805454
1876,0.484602379458,0.493607582617
1877,0.483118816604,0.492404090951
1878,0.481770966047,0.491260257859
1879,0.480193187025,0.48981792774
1880,0.478394443705,0.488046659628
1881,0.476314752428,0.485923993129
1882,0.47416882204,0.483572736193
1883,0.472891381496,0.482379600998
1884,0.471090926278,0.480495779921
1885,0.469613037628,0.478905573436
1886,0.468069257257,0.477209896847
1887,0.467084975915,0.476123763077
1888,0.465738169854,0.474536083772
1889,0.465783800843,0.474729597403
1890,0.467416353285,0.476866792566
1891,0.4678433171,0.477387319739
1892,0.467868843521,0.477408667531
1893,0.4673449421,0.476788583789
1894,0.46581988966,0.474767250495
1895,0.46567259719,0.474472337425
1896,0.467023104997,0.476067540521
1897,0.468061091779,0.477200495763
1898,0.469566056342,0.478863120018
1899,0.471086059867,0.480489823894
1900,0.472890073111,0.482370535921
1901,0.474152740966,0.483558820403
1902,0.47643372525,0.486043027132
1903,0.478339530292,0.487988850705
1904,0.480180845907,0.489806428496
1905,0.481787425617,0.491279496747
1906,0.483160924975,0.492445701539
1907,0.484607257147,0.493608907839
1908,0.486384384494,0.495111835677
1909,0.489365639505,0.498078013136
1910,0.493438740086,0.502443438307
1911,0.497527133823,0.506898471714
1912,0.502094862103,0.511910150582
1913,0.507377204555,0.517710366936
1914,0.512962293997,0.523905178258
1915,0.518131870313,0.529656097438
1916,0.523597401929,0.535762064194
1917,0.529479575759,0.542365697233
1918,0.534343425051,0.547610168067
1919,0.538733271622,0.55224105325
1920,0.544127130937,0.558160534496
1921,0.548894188923,0.563156871988
1922,0.553321621518,0.567745749536
1923,0.557758553682,0.572338430913
1924,0.562279864854,0.576987179848
1925,0.565209125949,0.579671388102
1926,0.568780803635,0.583260750207
1927,0.572415074402,0.587035678817
1928,0.575852715722,0.5905052437
1929,0.579485678201,0.594122490617
1930,0.582852194095,0.597394519571
1931,0.586953343166,0.601581220122
1932,0.592129433836,0.607156365518
1933,0.59715391332,0.612622773926
1934,0.601805526043,0.617696417355
1935,0.606503978816,0.622810416243
1936,0.610991948189,0.627691474692
1937,0.615176259232,0.632216948534
1938,0.619033934251,0.636346380559
1939,0.622879901046,0.64038372156
1940,0.626661408295,0.644268418793
1941,0.63030576469,0.647982921224
1942,0.633866373598,0.651705465543
1943,0.637640541363,0.655861653813
1944,0.639059067557,0.657090588368
1945,0.638636634609,0.65553744076
1946,0.645629453322,0.664349647062
1947,0.64779097966,0.666570089591
1948,0.650028527623,0.668915537784
1949,0.652362636274,0.671411118692
1950,0.655336695235,0.674720732628
1951,0.658309259753,0.678044319465
1952,0.660042696144,0.679773066154
1953,0.660856207234,0.680403882309
1954,0.660359352054,0.679513503094
1955,0.659497917825,0.678189917487
1956,0.65851510791,0.676745202325
1957,0.658138578019,0.676016174514
1958,0.657932518251,0.675589573199
1959,0.65895085685,0.676776432658
1960,0.659538432024,0.67743989375
1961,0.41068104666,0.423819860219
1962,0.507214984405,0.523470628491
1963,0.619382658532,0.638404995463
1964,0.695338980642,0.716235279819
1965,0.641458476928,0.661195653101
1966,0.528106583081,0.54472647899
1967,0.417168722639,0.430604566758
1968,0.483716683223,0.499583759794
1969,0.596979322326,0.616038237361
1970,0.687667505694,0.709081922877
1971,0.653952334677,0.673764616401
1972,0.54286772023,0.559147486808
1973,0.426314308479,0.439053855233
1974,0.455321838766,0.470247294538
1975,0.570621888651,0.589320901604
1976,0.663532032531,0.683565836812
1977,0.655084059284,0.67398727864
1978,0.556174448106,0.571816667068
1979,0.44148728905,0.453723249372
1980,0.424858081253,0.437634718914
1981,0.536246607239,0.552670927348
1982,0.632861236877,0.651002192078
1983,0.651035118279,0.669326413827
1984,0.569410435715,0.58553185902
1985,0.457094173254,0.470236068558
1986,0.401973390633,0.413627530054
1987,0.500465826218,0.514477450663
1988,0.598139076841,0.614948527926
1989,0.638796770634,0.656767687381
1990,0.58064915739,0.598204810064
1991,0.473980855204,0.488718991287
1992,0.3887084104,0.399894062515
1993,0.470014378343,0.483426005771
1994,0.565254518704,0.581063450662
1995,0.614155219529,0.630018248612
1996,0.574906826171,0.590629927277
1997,0.481215354483,0.495303550117
1998,0.384751364076,0.395480598485
1999,0.442222714736,0.454854894514
2000,0.53776271746,0.553502954387
2001,0.593312823137,0.609561734739
2002,0.570409224609,0.58607534752
2003,0.486390139161,0.500644667019
2004,0.3926658784,0.403522109781
2005,0.41466294892,0.425592364835
2006,0.505956492293,0.52030710559
2007,0.566757751689,0.582278069771
2008,0.558857382772,0.57409701172
2009,0.486026456963,0.499624149485
2010,0.400144302969,0.410982186196
2011,0.391737445606,0.401550875617
2012,0.471905641393,0.483728626699
2013,0.529336725797,0.541841269429
2014,0.534182483897,0.546263304006
2015,0.475781511736,0.486647846595
2016,0.397209636727,0.405840776692
2017,0.372345274843,0.381060481265
2018,0.442545462724,0.4522754649
2019,0.49631738515,0.505890560001
2020,0.506674389505,0.515845158381
2021,0.465722092626,0.474781182306
2022,0.403816742776,0.413654454793
2023,0.42041662157,0.428431359996
2024,0.471262758029,0.479490652344
2025,0.484953018279,0.49314062668
2026,0.458476272796,0.467718982982
2027,0.399759925515,0.408845878779
2028,0.360847464437,0.368524446911
2029,0.406909731525,0.414829084923
2030,0.461211093415,0.47053131143
2031,0.477446468266,0.486532812263
2032,0.455776491341,0.465085787554
2033,0.400784601977,0.410496145631
2034,0.365104860509,0.373479166076
2035,0.398702713592,0.406922116207
2036,0.453770355412,0.463364070364
2037,0.470466714798,0.479729083453
2038,0.451944875441,0.461176032929
2039,0.39472425346,0.40376962504
2040,0.369039381173,0.3777435319
2041,0.39592062689,0.404219660831
2042,0.448385205974,0.457511671481
2043,0.469748531957,0.479163593481
2044,0.44836247248,0.457489771369
2045,0.395877281154,0.404175506163
2046,0.369097221822,0.377787751888
2047,0.394754228323,0.403803496982
2048,0.451934444949,0.461162464314
2049,0.470416776989,0.479678802662
2050,0.453753588475,0.463346479642
2051,0.398674184488,0.406896822127
2052,0.365033661285,0.373410568844
2053,0.400736539574,0.410446469223
2054,0.45579989343,0.465105763704
2055,0.477453617306,0.486535586409
2056,0.461246251267,0.470564950015
2057,0.40685256743,0.414768085484
2058,0.360826980814,0.368507812519
2059,0.39974373222,0.40882974562
2060,0.458401579513,0.467642149011
2061,0.48497393862,0.493158682604
2062,0.47127997474,0.479504821777
2063,0.420437443502,0.428451611033
2064,0.403777932391,0.413618220994
2065,0.46571439406,0.474785951944
2066,0.506698532552,0.515873013584
2067,0.49639478051,0.505977584927
2068,0.44263030369,0.452365622896
2069,0.372384576691,0.381103950435
2070,0.397258565922,0.405896780667
2071,0.47572804923,0.486591402408
2072,0.534137615278,0.546213306935
2073,0.529393146918,0.541892876551
2074,0.471823680123,0.483652589845
2075,0.391793913135,0.401610656234
2076,0.400131586745,0.410968603306
2077,0.486185083178,0.499780446222
2078,0.558738633576,0.573975616868
2079,0.56676655809,0.58228619484
2080,0.505999229129,0.520348537612
2081,0.414637362382,0.425572962314
2082,0.392769808799,0.403632382872
2083,0.486353783127,0.500603195936
2084,0.570533976932,0.586209185767
2085,0.593350072826,0.609604125174
2086,0.537723620187,0.553462662851
2087,0.442167454562,0.454796288452
2088,0.38475024652,0.395482250803
2089,0.48119391625,0.495288838065
2090,0.574948325822,0.590690147815
2091,0.61412380649,0.629981991511
2092,0.565263745905,0.58107549593
2093,0.470034127713,0.483442695301
2094,0.38875821201,0.399933057858
2095,0.473877626371,0.488610754496
2096,0.580657083256,0.598228034782
2097,0.63887821357,0.656855843346
2098,0.59826169304,0.615076746515
2099,0.500394942126,0.514413406489
2100,0.401993109779,0.413647603712
2101,0.457028096625,0.47016799214
2102,0.569382954541,0.585520218812
2103,0.651148110851,0.669447124359
2104,0.632870240519,0.651007406774
2105,0.536270660344,0.552693725897
2106,0.424867854401,0.437651807824
2107,0.441488109612,0.453713658428
2108,0.556304281296,0.571945869234
2109,0.655030510386,0.673936069396
2110,0.663484304876,0.683515033543
2111,0.570887899179,0.589601649528
2112,0.455173001856,0.470092580965
2113,0.426276195256,0.439023177662
2114,0.542624492189,0.558895172636
2115,0.653990845704,0.673807124346
2116,0.687801921278,0.709208073387
2117,0.596876469453,0.615934507983
2118,0.483728001975,0.499586919617
2119,0.41702117413,0.430469553818
2120,0.528225277638,0.544835766407
2121,0.6415950847,0.661333921539
2122,0.695465392492,0.716365015898
2123,0.619344398032,0.638360022846
2124,0.507157134435,0.523420261097
2125,0.679143262871,0.698874211438
2126,0.668840295463,0.688045036916
2127,0.654105319241,0.672495550727
2128,0.652426618596,0.670744470636
2129,0.663769272517,0.682323333605
2130,0.673404615333,0.692353238898
2131,0.675227047992,0.694627032236
2132,0.668408269155,0.687940720988
2133,0.65610697091,0.67560172726
2134,0.650822674271,0.670181140268
2135,0.66380727012,0.683926298265
2136,0.672874527757,0.693470676939
2137,0.673304266012,0.693907685764
2138,0.664555185817,0.684736229957
2139,0.647445293702,0.666446669493
2140,0.638225856826,0.656726952204
2141,0.649566578527,0.668782896709
2142,0.658445595081,0.678355349813
2143,0.660290158578,0.680451303737
2144,0.644466519052,0.66130912022
2145,0.635991264886,0.654454038797
2146,0.624315655826,0.642015308292
2147,0.63153978682,0.649353072181
2148,0.637430140832,0.655455495096
2149,0.637858075755,0.655994029224
2150,0.631125379981,0.648954368739
2151,0.616207915866,0.633315980802
2152,0.604919476006,0.62168983227
2153,0.609843508439,0.62674085896
2154,0.616098539649,0.633401333174
2155,0.615686625944,0.63281912151
2156,0.609702614152,0.626445917155
2157,0.596754485323,0.612870973892
2158,0.584018283563,0.59924551332
2159,0.584396430952,0.599361459236
2160,0.590619156398,0.60604775597
2161,0.591126681787,0.606794801374
2162,0.587826990825,0.603676131263
2163,0.57846830237,0.594418959932
2164,0.567355331306,0.583025440101
2165,0.565387959052,0.580693664873
2166,0.57281457786,0.588780539229
2167,0.572636334646,0.58873219383
2168,0.569296020427,0.585270338157
2169,0.560596766716,0.576385661541
2170,0.54886872946,0.564036806946
2171,0.544330345014,0.559266066904
2172,0.550479165455,0.565838897819
2173,0.548808197699,0.564136971441
2174,0.544043128849,0.55903457881
2175,0.535525621697,0.549930417859
2176,0.52196394308,0.53516720326
2177,0.515182570846,0.527575520307
2178,0.518931137526,0.531437047981
2179,0.516853524411,0.5290497579
2180,0.511848062727,0.523499231859
2181,0.505870775372,0.517031800527
2182,0.49430134838,0.50442984631
2183,0.487711290527,0.497323372968
2184,0.489849078129,0.499482106266
2185,0.48802547949,0.497366615501
2186,0.497309932521,0.505871030674
2187,0.482111115388,0.490628732828
2188,0.472269981428,0.480733606259
2189,0.467863179923,0.476409953112
2190,0.469321427329,0.478120595486
2191,0.469869374245,0.479046933995
2192,0.468386948246,0.477779234614
2193,0.467144645023,0.476747467524
2194,0.46469029199,0.474504973153
2195,0.461119463141,0.470876906407
2196,0.461463174565,0.471288961818
2197,0.461371411032,0.471191630401
2198,0.461052156471,0.47081023084
2199,0.464655632458,0.474462264547
2200,0.467147025,0.476741904957
2201,0.468354682629,0.477743692788
2202,0.469933133518,0.479104347857
2203,0.469340903463,0.478134985007
2204,0.467853055009,0.47640681247
2205,0.472232116647,0.480694663294
2206,0.482149474422,0.490672370934
2207,0.497267922363,0.505828726611
2208,0.487995759596,0.497339680118
2209,0.48993187072,0.499569440573
2210,0.487784546392,0.497400871002
2211,0.494307957241,0.504426674711
2212,0.505990381491,0.517138379675
2213,0.511774272947,0.523421311009
2214,0.516811851249,0.529007451137
2215,0.519018494609,0.531527326885
2216,0.515172172151,0.52756780758
2217,0.522057754898,0.535253670024
2218,0.535577905328,0.549990421564
2219,0.544060326411,0.559064472282
2220,0.548860492019,0.56418235141
2221,0.550647095594,0.566012886217
2222,0.544350218444,0.559287793027
2223,0.54878979261,0.563961668404
2224,0.56059026094,0.576377285082
2225,0.569205188084,0.585182363043
2226,0.572544946716,0.588636445827
2227,0.572787220002,0.588752032001
2228,0.565280436319,0.580584167612
2229,0.567298801318,0.582965127753
2230,0.578560333819,0.594504507418
2231,0.587946456574,0.603802276501
2232,0.591135754347,0.606796595078
2233,0.590571482484,0.605988328755
2234,0.584359577719,0.599323338407
2235,0.584021210622,0.599258406414
2236,0.596795594598,0.612915750159
2237,0.609662634878,0.626396949487
2238,0.615567518661,0.632698996868
2239,0.616089167206,0.6333975659
2240,0.609862345944,0.62677296146
2241,0.604825228141,0.621595019231
2242,0.616183765844,0.633294365054
2243,0.631154189813,0.649004606527
2244,0.637839956796,0.655972509132
2245,0.637405955866,0.655427850039
2246,0.631541700304,0.649371195304
2247,0.624275265865,0.641979928899
2248,0.63591448097,0.654365764629
2249,0.64451873081,0.661358435187
2250,0.660236792303,0.680393849091
2251,0.658538862553,0.678456121571
2252,0.649507748634,0.668724237087
2253,0.63822038659,0.656710967985
2254,0.647432916037,0.666444966294
2255,0.664515394449,0.684696921791
2256,0.673281184372,0.693888802421
2257,0.67276051166,0.693362811605
2258,0.663865446816,0.683982498614
2259,0.651062304112,0.670423440828
2260,0.656410531434,0.675924265385
2261,0.668402287667,0.68793880447
2262,0.675277425409,0.69468486237
2263,0.673405633447,0.692361007726
2264,0.663572920377,0.68211800508
2265,0.652427636637,0.670741430179
2266,0.654081383364,0.672476867853
2267,0.668879398005,0.688087152731
2268,0.679008877472,0.698727224564
2269,0.609363274487,0.627241631569
2270,0.609163161782,0.627015326809
2271,0.608549208155,0.626273701014
2272,0.608069219089,0.62569401113
2273,0.607530870652,0.625051124925
2274,0.607072328946,0.624568769225
2275,0.607542334432,0.6252883399
2276,0.607880335041,0.625866991347
2277,0.608077729436,0.626306389719
2278,0.607688016621,0.626083480538
2279,0.606647594515,0.625122154488
2280,0.604979232467,0.623368253027
2281,0.602592456863,0.620662838282
2282,0.6004270413,0.618196673835
2283,0.598553859174,0.616153253152
2284,0.597141869818,0.614628619319
2285,0.595754301066,0.613179822191
2286,0.594574035264,0.611961987812
2287,0.5932798974,0.610665775231
2288,0.58940661148,0.605894812407
2289,0.590438097562,0.607724670259
2290,0.588150483542,0.6051988173
2291,0.585257928765,0.601958309051
2292,0.582061932447,0.598413594507
2293,0.579768517107,0.596085373701
2294,0.577443449699,0.593771631722
2295,0.575368371979,0.591704222931
2296,0.573344185354,0.589656606232
2297,0.571134198417,0.587316623903
2298,0.568576946566,0.584568929535
2299,0.56572346817,0.581471484089
2300,0.562783346599,0.578265861158
2301,0.559249756447,0.574354138468
2302,0.555707865856,0.570404620141
2303,0.551944192306,0.566297638598
2304,0.548835724319,0.563067698847
2305,0.546427167141,0.560726967213
2306,0.544337636964,0.558781822644
2307,0.541974774327,0.556538996196
2308,0.540011905007,0.554672973609
2309,0.538034644443,0.552771601328
2310,0.535519251925,0.55022830977
2311,0.533049548782,0.547704529377
2312,0.530339963836,0.54493202213
2313,0.527088862221,0.541553723904
2314,0.523769956035,0.538072291492
2315,0.520429365435,0.534544630577
2316,0.516810053688,0.530666079247
2317,0.513090907033,0.52661760135
2318,0.509376642183,0.522606942599
2319,0.505578257402,0.518428586219
2320,0.501798093006,0.51420478129
2321,0.497600157072,0.509430562894
2322,0.493250979958,0.504545963685
2323,0.489089487303,0.499906065951
2324,0.485448692078,0.495853598426
2325,0.481671071861,0.491671903868
2326,0.478579017805,0.488400155528
2327,0.474706709646,0.484097359167
2328,0.471003256739,0.480021736482
2329,0.467857613806,0.476573816362
2330,0.464727155165,0.473162630151
2331,0.483275717878,0.492000379917
2332,0.467689051321,0.477819152479
2333,0.467705872473,0.477838688618
2334,0.483322325524,0.492042652784
2335,0.464709494235,0.473146874373
2336,0.467895545709,0.476610341942
2337,0.471012834326,0.480032061608
2338,0.474733951685,0.484124121798
2339,0.478523343392,0.48834984562
2340,0.481759947824,0.491765578208
2341,0.485497970758,0.495899352489
2342,0.489173526727,0.499984015561
2343,0.493172708331,0.504460463899
2344,0.497588555949,0.509424040442
2345,0.501851360642,0.5142648166
2346,0.505559410856,0.518411899415
2347,0.509479440005,0.52270685215
2348,0.513062775178,0.526584680129
2349,0.516987814115,0.5308500154
2350,0.52048970652,0.53461043459
2351,0.523769434978,0.538066332627
2352,0.527046201516,0.541520179477
2353,0.530230603741,0.544813090471
2354,0.533053588382,0.547709587549
2355,0.535695201488,0.550401238625
2356,0.538070984479,0.552807793345
2357,0.539992626255,0.554644946182
2358,0.542102654314,0.556665568982
2359,0.54419900315,0.558646799236
2360,0.546399222118,0.560698307836
2361,0.549009243405,0.563252956208
2362,0.552023762486,0.566381481098
2363,0.55558994312,0.570280328915
2364,0.55935041271,0.574447477651
2365,0.562796864849,0.578291478651
2366,0.565749810723,0.581498958981
2367,0.568665549004,0.584656985422
2368,0.57118480661,0.587368088226
2369,0.573475348897,0.589784220865
2370,0.575237084277,0.591568939317
2371,0.577494603663,0.593824924438
2372,0.579713377162,0.596034994546
2373,0.582001522818,0.598353372077
2374,0.585248009277,0.601944593482
2375,0.588162788185,0.605204331658
2376,0.590391721329,0.607667382026
2377,0.589480628379,0.605965935392
2378,0.593271028761,0.610647275072
2379,0.594611531957,0.612002842745
2380,0.595919528858,0.613350199784
2381,0.597113164031,0.614603108208
2382,0.598588402205,0.616179204166
2383,0.600284368504,0.618063993952
2384,0.602531437562,0.620614424521
2385,0.605050121296,0.623456403937
2386,0.606751883929,0.625219844505
2387,0.6076901878,0.626088810277
2388,0.607963644887,0.626191720265
2389,0.607950574897,0.625928490779
2390,0.607579661348,0.625327531849
2391,0.607063653301,0.624561190129
2392,0.607519194351,0.625036422143
2393,0.608078756251,0.625703293083
2394,0.608588027467,0.626316682991
2395,0.609147144162,0.627006425473
2396,0.596658997259,0.614066777855
2397,0.596521342905,0.613899753977
2398,0.595887304708,0.613150647974
2399,0.595260869366,0.612428025805
2400,0.594637822577,0.611732794214
2401,0.594792639904,0.61205883326
2402,0.595018250472,0.612508220573
2403,0.595229403633,0.612939665045
2404,0.595147377744,0.613059849275
2405,0.594624673263,0.612674074918
2406,0.593540166693,0.611643553105
2407,0.591925497573,0.609903459373
2408,0.589505339571,0.607160590578
2409,0.587641755718,0.605017248017
2410,0.586068033347,0.603310454822
2411,0.584845288385,0.602037778077
2412,0.583592481225,0.600721360637
2413,0.582394122888,0.59951461216
2414,0.581185942501,0.598302245141
2415,0.575183229575,0.590653620727
2416,0.577971466495,0.594926539117
2417,0.575675283257,0.592363467512
2418,0.573031150149,0.589423776967
2419,0.570491329851,0.586710501602
2420,0.568354554994,0.584605265532
2421,0.566221402233,0.582475756353
2422,0.564320490309,0.580540900795
2423,0.56210855861,0.578171364108
2424,0.559631283409,0.575482880387
2425,0.556930029747,0.572546858328
2426,0.554137434554,0.56949026004
2427,0.550819552939,0.565805011919
2428,0.547675631537,0.562291046644
2429,0.544581504638,0.558907075656
2430,0.541531169595,0.555650290135
2431,0.538643985599,0.552672289907
2432,0.536470137737,0.550578545537
2433,0.53437830422,0.548585010611
2434,0.532032501293,0.546273110247
2435,0.529934114392,0.544224242772
2436,0.527744274956,0.542091052501
2437,0.52538373908,0.539681323547
2438,0.522847370705,0.537079317167
2439,0.52027870987,0.534431733513
2440,0.517026570358,0.531019982426
2441,0.5136212116,0.527396356352
2442,0.509912687207,0.523355123402
2443,0.506209729633,0.519310589101
2444,0.502565655391,0.515353170258
2445,0.499294968941,0.511819848966
2446,0.495745717415,0.507937582297
2447,0.492392873727,0.504159656325
2448,0.490371322953,0.50217425281
2449,0.486186538537,0.497442844525
2450,0.482257737701,0.493019060277
2451,0.478654487903,0.488958584634
2452,0.480010773517,0.491266253934
2453,0.480056289122,0.491310575506
2454,0.47863920697,0.488946625862
2455,0.482280197229,0.493045437931
2456,0.486194247502,0.497453698013
2457,0.490251738593,0.502049927239
2458,0.492404518319,0.504178102603
2459,0.495821618456,0.5080094159
2460,0.499286222279,0.511811728073
2461,0.502571885186,0.515364288097
2462,0.506142650473,0.519233791138
2463,0.50992853614,0.523374226656
2464,0.513740978631,0.527522814612
2465,0.517028877571,0.531027523077
2466,0.520178856452,0.534327358165
2467,0.522880346285,0.537117105507
2468,0.525424086975,0.539716424498
2469,0.527832882842,0.542174816949
2470,0.530000412933,0.54430139448
2471,0.531946245891,0.546193049111
2472,0.534368458819,0.548573182521
2473,0.536532679841,0.5506464635
2474,0.538623494154,0.552653043397
2475,0.541500244623,0.555610753011
2476,0.544608674781,0.558938946592
2477,0.54767728798,0.562296656005
2478,0.550862812613,0.565855277768
2479,0.554048893034,0.5694019003
2480,0.557001504777,0.572617634977
2481,0.559645363301,0.57549134404
2482,0.562061396169,0.578120946439
2483,0.564382068671,0.580612048557
2484,0.566305065191,0.582550931663
2485,0.56845134953,0.584701354471
2486,0.57044737093,0.586668143515
2487,0.572981985383,0.589382417182
2488,0.575707612448,0.592394753617
2489,0.578100391048,0.595056356582
2490,0.575169783002,0.590640884706
2491,0.581125378318,0.598241947838
2492,0.582378384808,0.599507217086
2493,0.583591579575,0.600727090662
2494,0.584766101762,0.601946931866
2495,0.586081518811,0.603342103544
2496,0.58755405094,0.604933012488
2497,0.589624722185,0.607274891734
2498,0.592029799931,0.610006185741
2499,0.593530730682,0.611615407789
2500,0.594578052225,0.612630648618
2501,0.595084238603,0.612997649218
2502,0.595273269006,0.612996784602
2503,0.595009716158,0.61249649984
2504,0.594822953804,0.61209195661
2505,0.594604382417,0.611716219574
2506,0.595295966289,0.612455226463
2507,0.595798969439,0.613064458468
2508,0.596506773772,0.613890621526
2509,0.59665062839,0.61406603003
2510,0.578681968184,0.595482772593
2511,0.578649202275,0.595439608729
2512,0.578554982121,0.59529441508
2513,0.578134235094,0.594778445831
2514,0.577531649393,0.594034828071
2515,0.577600001766,0.594235633627
2516,0.577671772283,0.594473941693
2517,0.578188855543,0.595206804722
2518,0.578342035461,0.595537857696
2519,0.578217892054,0.595579667528
2520,0.577721151841,0.595185883717
2521,0.576755140334,0.594259014923
2522,0.574973692101,0.592314766912
2523,0.572796754814,0.589824013535
2524,0.571134943822,0.587931716169
2525,0.569823771825,0.586554423486
2526,0.568494693703,0.585158991728
2527,0.567195340063,0.583827422325
2528,0.566136656722,0.582776162021
2529,0.564597430913,0.581123400141
2530,0.563458113921,0.580034883442
2531,0.561619718552,0.578021664021
2532,0.559662921824,0.575869836262
2533,0.55723553617,0.573206657172
2534,0.555327579332,0.571308961869
2535,0.553282472076,0.569265561674
2536,0.551184064841,0.567131780234
2537,0.548902155448,0.564649704039
2538,0.546597674045,0.562139344925
2539,0.544296861205,0.559627237362
2540,0.541654535943,0.556738830917
2541,0.539056415903,0.553879603541
2542,0.536535786483,0.551114837754
2543,0.533898864301,0.548243808605
2544,0.531248795785,0.545328174855
2545,0.527971827501,0.541792017862
2546,0.525397252278,0.539092184515
2547,0.523039383133,0.536707069723
2548,0.520896237795,0.534508618472
2549,0.51824546536,0.531712450629
2550,0.51617032628,0.529578724763
2551,0.515588376975,0.529436315314
2552,0.51327730298,0.527074056682
2553,0.510824636855,0.52455426714
2554,0.50828535665,0.521911424743
2555,0.505343328216,0.518811708387
2556,0.502143770223,0.515407781142
2557,0.499228320616,0.512298012368
2558,0.496151888337,0.509039767881
2559,0.493259150906,0.505965524578
2560,0.49038464624,0.502890294981
2561,0.48739137306,0.499605054409
2562,0.485881081171,0.498039575315
2563,0.485932226169,0.498093545042
2564,0.487277043468,0.499487655199
2565,0.490338832961,0.502846036334
2566,0.49324122142,0.505948581664
2567,0.496175255047,0.509068712949
2568,0.499176045793,0.512237907736
2569,0.502171968856,0.515443517202
2570,0.505371135833,0.518841882839
2571,0.508296589905,0.521927573205
2572,0.510978166015,0.524712419599
2573,0.513294399722,0.527090413861
2574,0.515578771374,0.529428571173
2575,0.516244922943,0.529652673998
2576,0.518325226251,0.531788604364
2577,0.520892398471,0.534497174349
2578,0.52307744992,0.536748770345
2579,0.525357193503,0.5390511998
2580,0.528081002849,0.541896467324
2581,0.531258248722,0.545345043041
2582,0.533973847229,0.548310925157
2583,0.53661557916,0.551195701033
2584,0.539114492772,0.553952342399
2585,0.541764156316,0.556850628692
2586,0.544312487771,0.55964021464
2587,0.546622476758,0.562166531949
2588,0.54886469388,0.56460663401
2589,0.551272120923,0.567215213186
2590,0.553344097509,0.5693384666
2591,0.555352693899,0.57133714344
2592,0.557292151625,0.573271371502
2593,0.559621618389,0.575826062162
2594,0.561593166573,0.57799349888
2595,0.563582876296,0.580160041594
2596,0.564634843656,0.581166334699
2597,0.56618627149,0.582823270524
2598,0.567223837045,0.583862256172
2599,0.568499237891,0.585170677834
2600,0.569834883962,0.586557150272
2601,0.571133460286,0.587938519127
2602,0.572799588277,0.589826011188
2603,0.575034936307,0.592380903891
2604,0.576712843004,0.594219140104
2605,0.577701256558,0.595167264098
2606,0.578062080405,0.595409913417
2607,0.578317147161,0.595530235484
2608,0.578304321928,0.59531419982
2609,0.57765764803,0.594466003761
2610,0.577676048337,0.594315497792
2611,0.577472714718,0.593980180154
2612,0.578028602138,0.594664609126
2613,0.578468419201,0.595208764566
2614,0.578729399157,0.595518956706
2615,0.431029275052,0.445081899137
2616,0.520464373952,0.53700917237
2617,0.600166313702,0.618950109604
2618,0.597692683795,0.616428761097
2619,0.518034969257,0.534386528858
2620,0.427497621292,0.441155713766
2621,0.433081872528,0.44734314438
2622,0.522386044325,0.539239150305
2623,0.601182585014,0.620376896489
2624,0.589477389363,0.607451189709
2625,0.511851431051,0.527479726843
2626,0.422675970492,0.43595876886
2627,0.433765872759,0.448439934744
2628,0.522991494203,0.540300764295
2629,0.591199882773,0.608884037619
2630,0.578489195183,0.595348853166
2631,0.504036711113,0.518501213765
2632,0.416720485113,0.429756196831
2633,0.431284438955,0.445781438338
2634,0.513281864297,0.528764023539
2635,0.584069862235,0.600943270317
2636,0.568327137063,0.584507961943
2637,0.497253640556,0.511199258554
2638,0.410780232263,0.423898106618
2639,0.420192821438,0.432555489479
2640,0.506016679812,0.520606140587
2641,0.571292230906,0.587450367137
2642,0.556755913188,0.572487638698
2643,0.492429095257,0.507489729306
2644,0.402055878577,0.414713774139
2645,0.416333649972,0.428758796042
2646,0.499829704858,0.514795300706
2647,0.557816623944,0.573065206202
2648,0.541407817899,0.556141907892
2649,0.47905081295,0.493337594702
2650,0.390050861853,0.401477958536
2651,0.412113820399,0.424530823068
2652,0.49389152868,0.508915161939
2653,0.541885696603,0.556803268478
2654,0.525063603226,0.539133470249
2655,0.465336165017,0.479078838679
2656,0.381318060254,0.392633096985
2657,0.407290256304,0.418990906844
2658,0.484035960401,0.498491732351
2659,0.524296672916,0.53846734497
2660,0.508518485349,0.52208969444
2661,0.452073233279,0.465343025441
2662,0.452003704569,0.465275901356
2663,0.508515099075,0.522083124426
2664,0.524290497289,0.538465965583
2665,0.48401128091,0.498459151407
2666,0.407231294717,0.418930588573
2667,0.381271402197,0.392587983578
2668,0.465504261564,0.479243758629
2669,0.524999301293,0.539059971438
2670,0.542038258234,0.556966263985
2671,0.493920518566,0.508953240709
2672,0.412230072741,0.424640714011
2673,0.390009158213,0.401425552809
2674,0.47904737354,0.493327693046
2675,0.541458215573,0.556194710163
2676,0.557743831255,0.572993028216
2677,0.499733205083,0.514703744979
2678,0.416272341062,0.428695156705
2679,0.40200762772,0.414662309345
2680,0.492394377884,0.507463114189
2681,0.556783043091,0.57252588468
2682,0.571179047952,0.587333117709
2683,0.506073130094,0.52065417891
2684,0.420233019816,0.432596599286
2685,0.410938260411,0.424054631725
2686,0.497277881315,0.511231427999
2687,0.56820177949,0.584376949016
2688,0.584141695236,0.601013867558
2689,0.513233264919,0.528701865662
2690,0.431277760004,0.44578129593
2691,0.416662952833,0.429697960656
2692,0.504168427416,0.518633236625
2693,0.578552110251,0.595410732168
2694,0.59125143628,0.608935392023
2695,0.52283683198,0.540143104791
2696,0.43384033995,0.448502997978
2697,0.422684059075,0.435976475157
2698,0.511772397244,0.527402617488
2699,0.589471548391,0.607450175412
2700,0.601107887156,0.620298073865
2701,0.522396289358,0.53924812396
2702,0.432925069557,0.447188992756
2703,0.427526256021,0.441184103375
2704,0.518012306735,0.534343705963
2705,0.597559072129,0.616288862566
2706,0.600200051997,0.618992742511
2707,0.520500148593,0.537048484099
2708,0.431116773453,0.445181919723
2709,0.688255558616,0.710926980896
2710,0.634211643007,0.652836225917
2711,0.599272136086,0.61713705518
2712,0.574439033405,0.591493299304
2713,0.598021753935,0.615430494815
2714,0.633251763674,0.651602545629
2715,0.680066460399,0.700148085375
2716,0.686680000962,0.710386231195
2717,0.63165858547,0.650512682796
2718,0.597086787932,0.615416929612
2719,0.572870357826,0.59035048561
2720,0.599481062163,0.617759729949
2721,0.63344106031,0.652776662851
2722,0.679140293066,0.700132542694
2723,0.673449390234,0.696320209608
2724,0.625198527387,0.644542385017
2725,0.585417821885,0.602774469974
2726,0.56386241696,0.580391585861
2727,0.591904362383,0.60942357207
2728,0.626920660822,0.646001277512
2729,0.670038157579,0.690608806515
2730,0.652013629213,0.672504178806
2731,0.610862461841,0.62927976587
2732,0.575060046255,0.591804067699
2733,0.555826476117,0.571904726873
2734,0.584147950097,0.601181250534
2735,0.611707789688,0.629390393317
2736,0.655017332869,0.67471596442
2737,0.624287041963,0.642066434677
2738,0.589696366015,0.606243598138
2739,0.557923877802,0.573625373598
2740,0.543059015637,0.558412084913
2741,0.56982446716,0.586031358329
2742,0.594833319085,0.611844962351
2743,0.641483669989,0.662095358594
2744,0.600384355241,0.617096306039
2745,0.571193418102,0.587162515908
2746,0.543056882201,0.55823331078
2747,0.528144752937,0.542268361546
2748,0.551110539889,0.565737505632
2749,0.571670176762,0.586818583793
2750,0.618779710667,0.638419406164
2751,0.575356899852,0.590828253076
2752,0.551882563071,0.567351098916
2753,0.527247608523,0.542394815815
2754,0.514473544603,0.528412717093
2755,0.536092697866,0.550607617475
2756,0.556521538816,0.572282476358
2757,0.591960837842,0.60988615482
2758,0.55910084055,0.575293837898
2759,0.55899873074,0.575188746186
2760,0.591938065075,0.609852411977
2761,0.556348198667,0.57210882843
2762,0.535981191644,0.550493923787
2763,0.514446184725,0.528392248235
2764,0.527349111342,0.542500591463
2765,0.551967805628,0.567450025426
2766,0.575445573364,0.590914211274
2767,0.618797426584,0.638450051034
2768,0.571781475015,0.586942008317
2769,0.551105397637,0.56572743034
2770,0.528153202802,0.542286150943
2771,0.543060075791,0.558236720505
2772,0.571118347505,0.587081665851
2773,0.600336466542,0.617043395249
2774,0.641549921955,0.662156323033
2775,0.594820549475,0.611833368689
2776,0.569696925452,0.585888625949
2777,0.54312498069,0.558475392798
2778,0.557890624759,0.573592607856
2779,0.589807739014,0.606358464521
2780,0.624301472876,0.642097466888
2781,0.654978711831,0.674676717354
2782,0.611547985805,0.629230253045
2783,0.584114918433,0.601138299092
2784,0.555783207656,0.571866713685
2785,0.575075512116,0.591810629826
2786,0.610930887535,0.629345171571
2787,0.651913971186,0.672404490805
2788,0.669943628386,0.690515994683
2789,0.626900725867,0.64599023632
2790,0.591865801817,0.60937792792
2791,0.563872519985,0.580397402681
2792,0.585419454164,0.602786665004
2793,0.625074949782,0.644426606577
2794,0.673316793609,0.696185223713
2795,0.679349417827,0.700337716064
2796,0.633494335365,0.652828426328
2797,0.599523812617,0.617804522605
2798,0.572817634815,0.590280676758
2799,0.597138100305,0.615465335695
2800,0.631628329501,0.650473376312
2801,0.686672755661,0.71037057808
2802,0.68011466701,0.700204003116
2803,0.633276358486,0.651619916846
2804,0.598176366996,0.615590506601
2805,0.574351445831,0.591395891519
2806,0.599302136822,0.617158654933
2807,0.634214593644,0.652831243493
2808,0.688211204197,0.71087516443
2809,0.675497785028,0.69518108064
2810,0.531851096119,0.548256972965
2811,0.531554880065,0.547883740879
2812,0.531258708853,0.547505144743
2813,0.530881116789,0.547045382592
2814,0.530395072731,0.546479894806
2815,0.530118850671,0.546150299357
2816,0.671117537249,0.690275755527
2817,0.53007761374,0.546286836667
2818,0.529878657143,0.546191043576
2819,0.529541432468,0.545913829428
2820,0.52895537277,0.545348856809
2821,0.528129817327,0.544517118987
2822,0.526626330163,0.54281731683
2823,0.671310143436,0.692254629148
2824,0.52379564336,0.539505969272
2825,0.522830448812,0.538439541096
2826,0.522092697814,0.537622438568
2827,0.521272624085,0.53676121176
2828,0.520709201475,0.536163599573
2829,0.519808944681,0.53522964438
2830,0.657894524439,0.678254157192
2831,0.518211069734,0.533614243429
2832,0.517230213557,0.532598030918
2833,0.516066607636,0.53132817132
2834,0.514527196591,0.52959987507
2835,0.512469560929,0.527332024664
2836,0.510591608876,0.525274747317
2837,0.636276832523,0.654729533961
2838,0.50847606217,0.523325435691
2839,0.507613166862,0.522564882737
2840,0.506401493909,0.521312215505
2841,0.505036493128,0.519835565871
2842,0.503688737564,0.518368448464
2843,0.502282569852,0.516832645287
2844,0.613222460249,0.630635546581
2845,0.498814631779,0.513045272213
2846,0.497025904819,0.511075653681
2847,0.494685963389,0.508407067128
2848,0.492384868022,0.505832694408
2849,0.491032710281,0.50455732739
2850,0.48927534512,0.502730150578
2851,0.586617748096,0.602276135748
2852,0.486418027253,0.49993313213
2853,0.485113751155,0.498642638514
2854,0.485305633708,0.498977097054
2855,0.485340842088,0.499004465513
2856,0.485099040163,0.498630077784
2857,0.486452025202,0.49995463158
2858,0.586515201436,0.602176860739
2859,0.489213355863,0.502668327468
2860,0.491040873857,0.504562870903
2861,0.492469315298,0.505910341246
2862,0.494671685833,0.508397535022
2863,0.496995200797,0.511050446861
2864,0.498890369043,0.513131638771
2865,0.613040046073,0.630450637789
2866,0.502126320604,0.516677029198
2867,0.503655311459,0.518326693794
2868,0.50512328703,0.519915784861
2869,0.506510592593,0.521427548327
2870,0.507711776612,0.522667297682
2871,0.508374910129,0.523228745556
2872,0.636273238678,0.654718874997
2873,0.510496644376,0.52518662863
2874,0.512531876568,0.527384118803
2875,0.514528052307,0.529606404562
2876,0.516187525511,0.531457425494
2877,0.517357847078,0.532738363713
2878,0.518203460415,0.533609003732
2879,0.657817989022,0.678186131514
2880,0.519874767777,0.535289649406
2881,0.520658629814,0.536105530804
2882,0.521221994177,0.536707228858
2883,0.521964750451,0.537505150833
2884,0.522714691584,0.538317539359
2885,0.523629040906,0.53933556794
2886,0.671332149392,0.692286284644
2887,0.526527203423,0.542713603481
2888,0.528029443294,0.544399772053
2889,0.529055018873,0.545452261081
2890,0.529509411254,0.545878886729
2891,0.529776350746,0.54606749545
2892,0.530064366811,0.546271440122
2893,0.671127186911,0.690292643405
2894,0.529959955621,0.545994557374
2895,0.530487714106,0.546573654677
2896,0.530982773921,0.547148161057
2897,0.531242367053,0.54747928595
2898,0.531621692587,0.547942534717
2899,0.53189455373,0.548305123989
2900,0.522350159632,0.538383134798
2901,0.522258884551,0.538283130898
2902,0.521933482357,0.537883921144
2903,0.521422133089,0.537284279425
2904,0.520976755801,0.53678171697
2905,0.520583233565,0.536307759534
2906,0.520339011599,0.536095802155
2907,0.520408217762,0.536264788914
2908,0.519898884054,0.53579859842
2909,0.519886701789,0.535868315723
2910,0.519551035988,0.535583487005
2911,0.518784934213,0.53482259837
2912,0.517883051586,0.533901421967
2913,0.516415779809,0.532234575062
2914,0.514957198653,0.530513307649
2915,0.513911779767,0.529300289742
2916,0.513164253866,0.528479888691
2917,0.512464313787,0.527728056042
2918,0.51171740457,0.526930995533
2919,0.511015916554,0.526197027942
2920,0.510159178365,0.525319731183
2921,0.50927468734,0.524424472482
2922,0.508607779555,0.52376095496
2923,0.507590435467,0.522679566664
2924,0.506324464651,0.521283621591
2925,0.50505734924,0.519876906423
2926,0.503134782248,0.517774027754
2927,0.501746784408,0.516356290497
2928,0.500597746378,0.515295843947
2929,0.499719398913,0.514472243148
2930,0.498480663856,0.513203019364
2931,0.49719667555,0.511803708714
2932,0.495784605376,0.510272437647
2933,0.494302852158,0.508647105439
2934,0.492668739156,0.506855579289
2935,0.49075088331,0.5047777707
2936,0.489280890476,0.503137640737
2937,0.487467454073,0.501153987107
2938,0.485774021985,0.499295673238
2939,0.483709398965,0.497056886314
2940,0.483019472201,0.496350141481
2941,0.48291616399,0.49623907043
2942,0.48378626099,0.497141420856
2943,0.485750899644,0.499282917292
2944,0.487485498601,0.501169182398
2945,0.489125801952,0.502976843945
2946,0.490844653379,0.504875274536
2947,0.492694170647,0.506881646603
2948,0.494182440309,0.508533325941
2949,0.495747150075,0.510228757947
2950,0.49710412072,0.511718291864
2951,0.498478249372,0.513200914226
2952,0.49972796913,0.514491385352
2953,0.500699043524,0.515389890463
2954,0.501758930296,0.516377137622
2955,0.503144936525,0.51778502527
2956,0.505023186843,0.519843077217
2957,0.506329428855,0.521299795932
2958,0.507678346708,0.522779427507
2959,0.508600448334,0.52375499093
2960,0.509468235744,0.524625983484
2961,0.510191169372,0.525358765929
2962,0.510860212244,0.52604163591
2963,0.511672915309,0.526880360611
2964,0.512377705881,0.52763604901
2965,0.513216336707,0.528534343498
2966,0.5138904654,0.529282965108
2967,0.514949167689,0.530512562571
2968,0.516412890124,0.532216612758
2969,0.517937144213,0.533958204268
2970,0.51870613628,0.53474385774
2971,0.519424819209,0.535451806413
2972,0.51981724536,0.535784970279
2973,0.520004155041,0.535907319622
2974,0.520356575781,0.536207477495
2975,0.520321637225,0.536076142524
2976,0.52048377543,0.536203673924
2977,0.521080722221,0.536891122759
2978,0.521512854449,0.537385640713
2979,0.521944626136,0.537904541656
2980,0.522265319045,0.538297890774
2981,0.52242747973,0.538466815179
2982,0.509227163528,0.524793361793
2983,0.509108870042,0.524672354572
2984,0.509219140896,0.524748585891
2985,0.508899266838,0.52435474208
2986,0.50857097444,0.5239210076
2987,0.508165494618,0.523432634676
2988,0.508015632963,0.523284317918
2989,0.507973130177,0.523294553802
2990,0.508013237533,0.523402560002
2991,0.507983378291,0.523440723568
2992,0.50773597348,0.523231911086
2993,0.507292730345,0.52283404172
2994,0.506638077154,0.522164368604
2995,0.5057915191,0.521296145858
2996,0.504240981939,0.519526840809
2997,0.502800480302,0.517836846484
2998,0.501928570816,0.516834759589
2999,0.501181674338,0.516028822771
3000,0.50058259534,0.515384523742
3001,0.499658122583,0.514430663621
3002,0.499073398007,0.513818600182
3003,0.498309346531,0.513062199437
3004,0.497709612563,0.512465761885
3005,0.496729041891,0.51147405469
3006,0.495813956614,0.510509701231
3007,0.49470144014,0.509273421323
3008,0.493379495304,0.507835496967
3009,0.491713943804,0.506039664092
3010,0.490577394595,0.504938360226
3011,0.489231985583,0.50361913137
3012,0.488252846927,0.50263831288
3013,0.48685819298,0.501124367619
3014,0.485549872109,0.499688251175
3015,0.48427037488,0.498292753575
3016,0.482739151853,0.496596579926
3017,0.481092795373,0.494788433364
3018,0.480300525905,0.493951542302
3019,0.480552691493,0.494198293364
3020,0.48106957182,0.494759986306
3021,0.482654866286,0.496502104366
3022,0.484320877073,0.498330790983
3023,0.485667057948,0.499806246933
3024,0.486994420734,0.501261055713
3025,0.488240043016,0.502621875121
3026,0.489184617741,0.503572668106
3027,0.490516638961,0.504876738851
3028,0.491788397993,0.506127715741
3029,0.493283425313,0.507748053481
3030,0.494566454292,0.509143935651
3031,0.495793067383,0.510478173688
3032,0.4968138146,0.511571156919
3033,0.497505117427,0.512265766778
3034,0.498357708443,0.513116041622
3035,0.499126469004,0.513889197978
3036,0.499775518691,0.514550875033
3037,0.500471522484,0.515267466923
3038,0.501245054036,0.516094433568
3039,0.501897857758,0.516797621847
3040,0.502923270602,0.517955045037
3041,0.504228428472,0.519511268933
3042,0.505739270013,0.521226379698
3043,0.506624012242,0.52215690884
3044,0.50720770729,0.522749915616
3045,0.507686099314,0.523187874868
3046,0.50804050922,0.523486706381
3047,0.508177950987,0.523573558363
3048,0.508083166412,0.523422522272
3049,0.50801004528,0.523266698857
3050,0.507981722585,0.523234066098
3051,0.5085026516,0.523856502211
3052,0.508865670802,0.52431461771
3053,0.509172869807,0.524713768639
3054,0.509272797712,0.524835053893
3055,0.36330129038,0.375406257045
3056,0.431461793115,0.445635400139
3057,0.49678259833,0.512848630755
3058,0.53970279892,0.556808856577
3059,0.509419838163,0.525990688523
3060,0.445222440533,0.459626517715
3061,0.377768306988,0.389993377652
3062,0.417499432856,0.431329433358
3063,0.482066747618,0.497900213882
3064,0.532991090917,0.550114987592
3065,0.514859994163,0.53100126337
3066,0.457565468085,0.471932414649
3067,0.390689566788,0.403179557305
3068,0.401568684831,0.415292257486
3069,0.465509842551,0.48096412208
3070,0.516737802392,0.53227625602
3071,0.513753682118,0.528823367104
3072,0.468815314082,0.48311421851
3073,0.405031372584,0.418122420789
3074,0.381334475636,0.394235996247
3075,0.443505805087,0.456969135322
3076,0.500760489156,0.515455511751
3077,0.511408379557,0.526031046008
3078,0.475118054294,0.489132112865
3079,0.420581113618,0.434457153616
3080,0.420527945794,0.434390710229
3081,0.475077404744,0.489089956484
3082,0.51140092336,0.526018563954
3083,0.500759041945,0.515456356818
3084,0.443550927902,0.457021193701
3085,0.38144324131,0.394338132683
3086,0.405017244376,0.418103316382
3087,0.468695319892,0.482998587146
3088,0.513708406389,0.528780053215
3089,0.51659325357,0.532135568269
3090,0.465572539577,0.481032485453
3091,0.40153874011,0.415266370878
3092,0.390734410974,0.403216980842
3093,0.457619318379,0.471983841073
3094,0.514984055796,0.531121542854
3095,0.532994315508,0.550102637934
3096,0.481887914171,0.497723685175
3097,0.417442819194,0.431263107051
3098,0.377661265839,0.389886005387
3099,0.44516428795,0.459564469448
3100,0.509406408299,0.525976016761
3101,0.53970412279,0.556809448255
3102,0.496873955857,0.512957103122
3103,0.431522540983,0.445703630759
3104,0.363352569094,0.375453931277
3105,0.669601272997,0.691691918871
3106,0.610516621347,0.628530204601
3107,0.567068556263,0.584580864834
3108,0.520337382118,0.536369587697
3109,0.512303452632,0.528225646446
3110,0.551428192673,0.567753375751
3111,0.596865103245,0.614346152224
3112,0.654218364783,0.673962406025
3113,0.696256048075,0.720693678728
3114,0.641128340454,0.663345432423
3115,0.575717271008,0.593466048474
3116,0.530780829559,0.547627246029
3117,0.503734765119,0.519299979172
3118,0.539396125223,0.556056561792
3119,0.584118315296,0.60183853393
3120,0.642242934938,0.662097194551
3121,0.685856097686,0.70923607422
3122,0.638560001422,0.66003580057
3123,0.581635354456,0.599747935993
3124,0.530582913226,0.546336835835
3125,0.497296897381,0.512082853191
3126,0.521233593428,0.536829504784
3127,0.568415249245,0.586015321385
3128,0.622338383771,0.641332560645
3129,0.66635427287,0.687572529658
3130,0.627034512154,0.646587875518
3131,0.579827867876,0.597278960208
3132,0.542983629022,0.560932865089
3133,0.543068115363,0.561009954099
3134,0.579846215288,0.597312505981
3135,0.626955092869,0.646514679655
3136,0.66637033374,0.687579486337
3137,0.622523099867,0.641505546911
3138,0.568475488888,0.586060731927
3139,0.521188592297,0.536786287141
3140,0.497307955005,0.512090566036
3141,0.530621472653,0.546384955719
3142,0.581767789053,0.599875245502
3143,0.638444273013,0.659901526407
3144,0.685817207324,0.709216030376
3145,0.642290455139,0.662156646098
3146,0.584041146742,0.601768588111
3147,0.539460170326,0.556110112711
3148,0.503866991611,0.519421375171
3149,0.530854528274,0.54769063303
3150,0.575654334208,0.593392814684
3151,0.641207083316,0.663432961992
3152,0.696210496905,0.720653802016
3153,0.654277479553,0.674030737159
3154,0.596955354152,0.614446356808
3155,0.551431305595,0.567767062535
3156,0.512458266875,0.528387134839
3157,0.520208143052,0.536238618691
3158,0.567079005776,0.584593741341
3159,0.610586542589,0.628604957147
3160,0.669363614875,0.691441845623
3161,0.659845830576,0.679015992614
3162,0.468911118225,0.483965275305
3163,0.468641884656,0.483617178061
3164,0.468305959385,0.483204392087
3165,0.46806085385,0.482913189329
3166,0.467584034009,0.482360825624
3167,0.467371476677,0.482068203567
3168,0.466901635085,0.481538653677
3169,0.655421671009,0.674101671825
3170,0.656373394131,0.675456159948
3171,0.466335732548,0.481001742823
3172,0.466028591095,0.480707753664
3173,0.465510033879,0.480182233689
3174,0.465037110584,0.479704454417
3175,0.463964466189,0.478505846875
3176,0.462806864839,0.477142233757
3177,0.654854261694,0.675072838311
3178,0.653953005635,0.67417790494
3179,0.460616349106,0.474525656236
3180,0.459968452038,0.473822379918
3181,0.463486664525,0.478249083722
3182,0.463505759527,0.478263631858
3183,0.45998336882,0.473842905192
3184,0.460494495466,0.474407223365
3185,0.654011451055,0.674250323657
3186,0.654567160826,0.674767297046
3187,0.462750830092,0.47708299249
3188,0.464031429098,0.478585872603
3189,0.464977584728,0.479623812423
3190,0.465623727658,0.480287570079
3191,0.465997858699,0.480677549409
3192,0.466408324036,0.481085870575
3193,0.656397374463,0.675482816272
3194,0.655343787659,0.674029061605
3195,0.467104233004,0.481750504071
3196,0.46734885785,0.482050062549
3197,0.467666819798,0.482447962166
3198,0.468150431255,0.483001040061
3199,0.468407554925,0.483313844457
3200,0.468638043113,0.48362154822
3201,0.468944204414,0.483990399815
3202,0.460794211786,0.475500968513
3203,0.460745676244,0.475417318062
3204,0.460568593123,0.475193718108
3205,0.460216035258,0.474758539265
3206,0.460148703613,0.474663531167
3207,0.459812104625,0.474244147357
3208,0.459265191068,0.473629176677
3209,0.459043809432,0.473408714926
3210,0.459031185057,0.473412580864
3211,0.458815362621,0.473191739708
3212,0.458932387347,0.473287457371
3213,0.459180210589,0.473558594984
3214,0.459636505837,0.474081971621
3215,0.46007096024,0.474581499553
3216,0.460196983354,0.474748978696
3217,0.460589383095,0.475204746794
3218,0.460727185473,0.475394766873
3219,0.460894487348,0.475596568298
