id,unit_kW_m2,optical
1,0.565195755506,0.582683603663
2,0.608032082501,0.628043336061
3,0.606737787852,0.626667659608
4,0.603843119218,0.623525156686
5,0.570771548055,0.586967449647
6,0.591515767838,0.609220591028
7,0.588562822253,0.605911854094
8,0.570159699427,0.581083622366
9,0.55947951634,0.573691913685
10,0.561580083176,0.578004794098
11,0.571744825359,0.588999652937
12,0.566349170431,0.583285899548
13,0.559036278302,0.575479930853
14,0.552787958085,0.568878662612
15,0.546865863008,0.562536822625
16,0.539745818652,0.554851105242
17,0.531597382262,0.545765094707
18,0.523524291217,0.536878218263
19,0.516138732097,0.528564931591
20,0.513902000693,0.525641100064
21,0.502554224413,0.513710043373
22,0.498196135016,0.509128738286
23,0.494974917872,0.506105103529
24,0.492820914363,0.504273579949
25,0.490787313919,0.502453702301
26,0.487134449853,0.498424979307
27,0.483590893948,0.494366327751
28,0.481628794252,0.492180749256
29,0.48109326208,0.491774126563
30,0.482968630023,0.493940881319
31,0.481120988165,0.491800044489
32,0.481564182019,0.492127071506
33,0.483582664615,0.494355744546
34,0.487085670625,0.498382464394
35,0.490718280209,0.502390370033
36,0.492939981652,0.50439439092
37,0.494965104405,0.506090988949
38,0.498144690497,0.50908090959
39,0.502581117227,0.513755915342
40,0.50862881227,0.520308738561
41,0.516088318225,0.528460884894
42,0.523557864758,0.53689872975
43,0.531598233368,0.545771266502
44,0.539769578712,0.554888554
45,0.546853425662,0.562516657308
46,0.55269523741,0.568795876692
47,0.559191862696,0.575656761572
48,0.566341143974,0.583279063191
49,0.571757773676,0.58901074724
50,0.561627632532,0.578063660047
51,0.559388799689,0.573605391433
52,0.563045750298,0.573873695486
53,0.588025778217,0.605252818809
54,0.591373693628,0.609077412142
55,0.570859206893,0.587061589847
56,0.603774381187,0.623437275388
57,0.606773532417,0.626699661294
58,0.607997855126,0.628008285224
59,0.623315050543,0.641782121881
60,0.623594973781,0.641759032864
61,0.622655630309,0.640919036976
62,0.603847134549,0.620290420265
63,0.595617440131,0.612698740219
64,0.610948208992,0.628252093003
65,0.603912746683,0.619751075269
66,0.596798548338,0.612389331297
67,0.595220024968,0.611706897435
68,0.578970815208,0.594862723268
69,0.585226100629,0.601208589766
70,0.577967621324,0.59324594868
71,0.571026218389,0.586009480548
72,0.566521489652,0.581813119089
73,0.561711894542,0.576979298412
74,0.554355017893,0.569054292517
75,0.546628647004,0.560663022214
76,0.539520082948,0.553194419442
77,0.532351607972,0.545248020979
78,0.524205234401,0.536386410547
79,0.517473587281,0.528948426394
80,0.513199748797,0.524535271219
81,0.510653012581,0.522361819877
82,0.50897235181,0.521002131885
83,0.503787742597,0.51569422501
84,0.50000149773,0.511354518777
85,0.496253754448,0.507035015326
86,0.494995999944,0.505637328026
87,0.494388529588,0.505089753132
88,0.498796189605,0.509429920725
89,0.49509093581,0.505724384226
90,0.496320361721,0.507095741949
91,0.50004323485,0.511389396781
92,0.503819195111,0.515738146614
93,0.50897051016,0.520988551923
94,0.510619836202,0.522336736656
95,0.513166900827,0.524510375099
96,0.522828160464,0.534315514924
97,0.524654319261,0.536919348733
98,0.53243838064,0.545339375537
99,0.539352169846,0.553018483776
100,0.54646065163,0.560491157685
101,0.554362368738,0.56906505655
102,0.561725521192,0.577003378089
103,0.573442458618,0.588830464632
104,0.571083349215,0.586091231906
105,0.577821530253,0.593099960486
106,0.585310666073,0.601297628364
107,0.579023256357,0.594914770156
108,0.595310850442,0.611790640025
109,0.596620192998,0.612187963014
110,0.603653254081,0.619453459695
111,0.611040666636,0.628354690099
112,0.595713674744,0.612794189698
113,0.603951222932,0.620398005719
114,0.622529172563,0.640790995572
115,0.623500208639,0.641655016422
116,0.623246115612,0.641709614466
117,0.620037458756,0.636124966791
118,0.642249983951,0.660412834597
119,0.641387960455,0.659744794755
120,0.6424595378,0.661468366316
121,0.620799658453,0.638064002853
122,0.635012897215,0.653580940903
123,0.630756644861,0.649118486968
124,0.606493508687,0.618788078594
125,0.602316751468,0.617669356135
126,0.601953720584,0.618888930488
127,0.607150759297,0.624112344776
128,0.599463094949,0.61564102001
129,0.59094828567,0.606327326331
130,0.5830932791,0.598051227763
131,0.578475057424,0.593803045025
132,0.578982308587,0.594022278112
133,0.564344654596,0.578717081813
134,0.556922346781,0.570998093573
135,0.551529740152,0.565462740749
136,0.543147678789,0.556335033793
137,0.534324992305,0.546570434609
138,0.527625699053,0.539248395744
139,0.523603645107,0.535374445014
140,0.521419700515,0.533522423038
141,0.517335914167,0.529461250124
142,0.511924351945,0.523705466932
143,0.506987969158,0.518043048883
144,0.504749608898,0.515353199802
145,0.503340937431,0.513717188893
146,0.504325026392,0.514609782098
147,0.503339221926,0.51371640025
148,0.504799621366,0.515408518904
149,0.506979330896,0.517969518193
150,0.511909182445,0.523693909934
151,0.522448144624,0.534577931703
152,0.521596144747,0.533774050338
153,0.523613802572,0.535380307476
154,0.527545968283,0.539164991131
155,0.534169936244,0.546403361231
156,0.543048479456,0.556250525768
157,0.551507010906,0.56542734467
158,0.557187186602,0.571286002728
159,0.564273584857,0.578654928597
160,0.571879985753,0.586817828179
161,0.578473990423,0.593792738765
162,0.584128766536,0.599333379799
163,0.591040085019,0.606415462515
164,0.59942411733,0.615595728582
165,0.607044411107,0.623999295726
166,0.601835102795,0.618769181092
167,0.602197921047,0.61754337195
168,0.606308164492,0.618581829909
169,0.63086407104,0.649224680227
170,0.634950582741,0.653517857028
171,0.620832662053,0.638097912029
172,0.642481022581,0.661511140692
173,0.641388428656,0.659753969628
174,0.642270798077,0.660433277984
175,0.657686202013,0.675694357607
176,0.656795307058,0.675071692828
177,0.658132898734,0.677179314558
178,0.643702635672,0.661585302917
179,0.657455645738,0.677493624973
180,0.651436293156,0.670900981528
181,0.643189907581,0.661183832129
182,0.638784103223,0.657126186453
183,0.635704126262,0.654392356068
184,0.621277297009,0.639037621015
185,0.618156163103,0.635273645606
186,0.609169209225,0.625369318632
187,0.599603328626,0.614876757189
188,0.591293233585,0.606118188716
189,0.585275585698,0.600112199437
190,0.577629579167,0.591985303839
191,0.57085864519,0.585018185158
192,0.564714983943,0.578970429169
193,0.558271409273,0.57232914103
194,0.547837241762,0.560863845889
195,0.538971027046,0.550965449265
196,0.533191162368,0.544872501396
197,0.530354027325,0.542397732539
198,0.527009695701,0.53918212681
199,0.52151517495,0.533487139628
200,0.520613763096,0.531979460532
201,0.51127517924,0.521904121095
202,0.509119908925,0.519270639416
203,0.507469868737,0.517083419805
204,0.50749220405,0.517107440686
205,0.50907544218,0.519213072436
206,0.511250348269,0.521869749738
207,0.515360112344,0.526668230439
208,0.521371841035,0.533341167418
209,0.526981813692,0.539141368042
210,0.530456578985,0.542501407904
211,0.533260152018,0.544945200662
212,0.538991280764,0.550987404002
213,0.547830115547,0.560858738838
214,0.558091923384,0.572148664572
215,0.564815100875,0.579076179013
216,0.570948140285,0.58511157471
217,0.57758195269,0.59193167062
218,0.584325307552,0.598962093458
219,0.591297617672,0.60613705965
220,0.599378893624,0.614653365679
221,0.60922236217,0.62543056301
222,0.618231994825,0.635351681623
223,0.621195727659,0.638952500903
224,0.635379477776,0.654073565863
225,0.638864237879,0.657206860782
226,0.64326146582,0.661255049419
227,0.651438706814,0.6709139562
228,0.65727049117,0.677300238867
229,0.643794378132,0.661684402458
230,0.658224773878,0.677275258093
231,0.656794456012,0.675067359806
232,0.657604427351,0.67563008668
233,0.632547794018,0.64676836898
234,0.668396522277,0.686191909914
235,0.67110179533,0.690022267853
236,0.672372168414,0.692197724904
237,0.655846285437,0.67462912426
238,0.670363024127,0.691086174724
239,0.664658087325,0.684860101686
240,0.636874388352,0.650413232901
241,0.632291482416,0.649141353615
242,0.645778024234,0.66502275738
243,0.635932108208,0.65420301437
244,0.625273298215,0.642404331153
245,0.614952024711,0.631013049942
246,0.60469707976,0.619789700337
247,0.595804068684,0.610408881328
248,0.590256575111,0.605110008555
249,0.584460327823,0.599300808911
250,0.578339203388,0.593446623097
251,0.571356954229,0.586299364985
252,0.560356003075,0.574186221084
253,0.550146076066,0.562839479649
254,0.542256260684,0.554188204506
255,0.537489522696,0.54947817996
256,0.533584417334,0.545708927842
257,0.52836663194,0.54035708004
258,0.522569948196,0.534249907828
259,0.518342369842,0.529528946058
260,0.517225797461,0.528465368489
261,0.51616609198,0.527257282365
262,0.514784538722,0.525181096158
263,0.516132700837,0.52721608574
264,0.517186890029,0.528431923868
265,0.518380385003,0.529566666095
266,0.522539157204,0.534210006502
267,0.528423968769,0.540407594952
268,0.533510007865,0.545637038288
269,0.537501150339,0.549487467199
270,0.542245716119,0.554181304909
271,0.550100874639,0.562789466431
272,0.560379835353,0.574209123423
273,0.571434618243,0.586376713455
274,0.578394264447,0.593515275529
275,0.584225391563,0.599062746045
276,0.590348766863,0.605239938026
277,0.595877206673,0.610482972298
278,0.604734503984,0.619836917259
279,0.614968580142,0.631035496955
280,0.625254577778,0.64238240425
281,0.636052067914,0.654327734097
282,0.645858536901,0.665112247168
283,0.632134201483,0.648980581245
284,0.636890130816,0.650425309575
285,0.664620212954,0.684827502294
286,0.670280510246,0.691018209094
287,0.655525305943,0.674297974251
288,0.672583241929,0.692417490243
289,0.671202060905,0.690127967258
290,0.668347252784,0.686138038045
291,0.678763882534,0.699974913531
292,0.698933357966,0.720986016813
293,0.698010575144,0.719449297155
294,0.689269105766,0.711255393355
295,0.696757352163,0.719830753766
296,0.683021270859,0.703103925852
297,0.668638492849,0.68696355224
298,0.677756270597,0.697932546759
299,0.680813119378,0.701231970022
300,0.663812077352,0.681472889445
301,0.641152025915,0.653881854187
302,0.662178054505,0.68049282227
303,0.650828775014,0.668560144321
304,0.638713973309,0.655209707949
305,0.644521367658,0.661780821636
306,0.647580753723,0.666816819478
307,0.63522721181,0.653911362093
308,0.628458629919,0.645398297745
309,0.624461223416,0.641299802074
310,0.616545865074,0.633944595482
311,0.613644476313,0.631027407356
312,0.608415649448,0.625096387072
313,0.598137236828,0.614285991733
314,0.591504604927,0.607407297339
315,0.588076379491,0.603523793261
316,0.578428163749,0.59302914365
317,0.566053119085,0.579333452259
318,0.56308766797,0.575729490257
319,0.555513056994,0.567356077944
320,0.545689241313,0.556736914107
321,0.542511624121,0.55308498877
322,0.536388897923,0.546424569459
323,0.530375353674,0.540333442594
324,0.530348479378,0.540690581917
325,0.529203806288,0.540072018626
326,0.526808849082,0.537994631795
327,0.523338371156,0.534234806702
328,0.520934960722,0.53160886498
329,0.519048814837,0.529637813957
330,0.516827277987,0.527412623339
331,0.517876934775,0.528644191083
332,0.517900399612,0.528727566723
333,0.517891961262,0.528757669588
334,0.517970210646,0.528791451582
335,0.517962723212,0.528728924801
336,0.516835050696,0.527425430573
337,0.519122380264,0.529714982067
338,0.520946097225,0.531615934763
339,0.523389016364,0.534287696258
340,0.526891726558,0.538082285183
341,0.529131848466,0.539993141709
342,0.530157065737,0.540505186039
343,0.530435370341,0.540398015751
344,0.536482139748,0.546526884942
345,0.542559059421,0.553126789142
346,0.545609402563,0.556648858405
347,0.555497396772,0.567342362796
348,0.563147672223,0.575791367131
349,0.565992558277,0.579271191417
350,0.578476252148,0.593078065539
351,0.588056110016,0.603511710186
352,0.599921689355,0.616031608844
353,0.598613760448,0.614787151377
354,0.608407236157,0.625074696817
355,0.613731463687,0.631115499231
356,0.616532279188,0.633926969468
357,0.62456900362,0.641398563283
358,0.628326516501,0.645262865513
359,0.635195939952,0.653882731884
360,0.647546923093,0.666767648491
361,0.644505700121,0.661761360784
362,0.638678718352,0.655162019914
363,0.650743675786,0.668484174478
364,0.662090229118,0.680395594936
365,0.651790637587,0.664671726833
366,0.664328588846,0.682125808223
367,0.680785129386,0.70119919748
368,0.677527891076,0.697689004931
369,0.668635962592,0.686978289735
370,0.682912087005,0.702994547582
371,0.696755950038,0.719841054065
372,0.689195771275,0.711189432342
373,0.697954366596,0.719384432197
374,0.698980184712,0.72102622441
375,0.687506508573,0.707009380944
376,0.686515902759,0.705683923505
377,0.684697918979,0.703546890492
378,0.685622527278,0.705014615481
379,0.686877676792,0.706999390778
380,0.656410258755,0.673482260301
381,0.681162973168,0.701024414148
382,0.676785237121,0.69617092497
383,0.673398875417,0.692595227464
384,0.666283689467,0.683929547091
385,0.654094345975,0.669595037087
386,0.64037988213,0.655849213555
387,0.654526660563,0.67237308455
388,0.648953970293,0.666598871241
389,0.643177154695,0.660515428857
390,0.637213553768,0.654057062215
391,0.630331329671,0.6464418105
392,0.623035682251,0.638538538583
393,0.617697491815,0.633284026924
394,0.61323053109,0.62901795355
395,0.608737865474,0.624652227383
396,0.604069008079,0.619915085698
397,0.598596946605,0.614296539004
398,0.59179103035,0.607072680851
399,0.584478522417,0.599362451399
400,0.577433222765,0.591787654757
401,0.569525877319,0.582956371435
402,0.562006364575,0.574621944728
403,0.555182017198,0.567092609855
404,0.547858280595,0.55904264366
405,0.541166981078,0.55163704564
406,0.535827908994,0.545915542198
407,0.53262922989,0.542870013102
408,0.531359848241,0.542091457352
409,0.530036506835,0.541172186034
410,0.527554989017,0.538664479109
411,0.522874077004,0.533533664859
412,0.52032210428,0.530802801311
413,0.518389351411,0.52877067598
414,0.517333833924,0.527698838795
415,0.51730207319,0.527820064069
416,0.517631988224,0.52824823156
417,0.517628148977,0.528246703855
418,0.517333916703,0.52784759796
419,0.517332044166,0.527701548735
420,0.518312254731,0.528688481911
421,0.520248426714,0.530725560702
422,0.522891560111,0.533551034921
423,0.527446139436,0.538553970036
424,0.530032952553,0.541167874986
425,0.531327995245,0.542060660655
426,0.532611673904,0.542842095714
427,0.535895058924,0.545977845194
428,0.541158364411,0.551626380061
429,0.547783370681,0.558966311337
430,0.555232821471,0.567147338763
431,0.562008378652,0.57462319948
432,0.569588765778,0.583019544943
433,0.577373256321,0.591724956414
434,0.584712952706,0.599602350901
435,0.591733263228,0.607018616243
436,0.600014296548,0.615816926619
437,0.604402987832,0.620302659099
438,0.608839256602,0.624745987289
439,0.613116091406,0.628897361252
440,0.617751031702,0.633348143736
441,0.623038440883,0.638530084757
442,0.630373768861,0.646474111687
443,0.63718269908,0.654035779287
444,0.643236319292,0.66055827237
445,0.648824779627,0.666474854056
446,0.65458445299,0.672439797699
447,0.640395924907,0.655857600921
448,0.654526053372,0.670043602701
449,0.668133251219,0.685863565698
450,0.673439949477,0.69262581372
451,0.6767173036,0.696108667225
452,0.681109845358,0.700962470752
453,0.656295402766,0.673388320107
454,0.687003890711,0.70711623248
455,0.68564312384,0.705031987173
456,0.68460926404,0.703450239161
457,0.686525529543,0.705689356204
458,0.687537196136,0.707038359113
459,0.695997134699,0.715013564286
460,0.69753372925,0.716675058535
461,0.694621814433,0.713333709132
462,0.69502480577,0.714253962278
463,0.697289963231,0.717358683595
464,0.692236288321,0.712181145545
465,0.696331581823,0.717223820251
466,0.69231147547,0.712692884535
467,0.687743591009,0.707709903348
468,0.684001855445,0.703761840225
469,0.663609717414,0.678152940938
470,0.674820052344,0.693855275126
471,0.664972231748,0.68298270265
472,0.663599885114,0.682002606891
473,0.657045599765,0.675097206365
474,0.650367591568,0.667982127567
475,0.642891459017,0.659764842094
476,0.63531617086,0.651491644762
477,0.627146062548,0.642668261618
478,0.62096185397,0.636501704727
479,0.615674561197,0.631395987949
480,0.611236205924,0.62715293462
481,0.605670378016,0.621468586968
482,0.598284999637,0.613600993088
483,0.590829489675,0.605776180085
484,0.583862594031,0.598536433335
485,0.577010833712,0.591213653977
486,0.568789490229,0.58211860847
487,0.56122929111,0.573816927409
488,0.553624898638,0.565445326497
489,0.545561143008,0.556543840655
490,0.539105548088,0.5494636342
491,0.534782286073,0.545052501995
492,0.532456388429,0.543083036028
493,0.530921593025,0.541979343488
494,0.528666921117,0.539907352118
495,0.52421716798,0.535015351846
496,0.520184706439,0.530642349152
497,0.517683200878,0.527907766322
498,0.515861655756,0.525934499735
499,0.515320273436,0.525392841976
500,0.515667507418,0.525912004636
501,0.516697725918,0.527067665686
502,0.515686734988,0.525934822717
503,0.515208422002,0.525284319561
504,0.515876687601,0.5259555475
505,0.517632177743,0.527862244269
506,0.520181922115,0.530647811173
507,0.524105317154,0.534913827461
508,0.528614476279,0.53985063304
509,0.530874434565,0.541939853432
510,0.532390334649,0.54302420317
511,0.534770808481,0.545044024945
512,0.53898494065,0.549338364368
513,0.545543418366,0.556525604372
514,0.553653106096,0.565474098931
515,0.561225795559,0.573816685411
516,0.568738774033,0.582074667306
517,0.577050824318,0.59125826587
518,0.583946299911,0.598626871829
519,0.590886928585,0.605828721626
520,0.598232152139,0.613542790267
521,0.605687433584,0.621476581296
522,0.611224748291,0.627138157883
523,0.615748729837,0.631469437015
524,0.621063831858,0.636600960659
525,0.62718096723,0.642711625487
526,0.635489551961,0.651666544466
527,0.642979404178,0.659858098601
528,0.650479057996,0.668103487815
529,0.657170082575,0.67523572825
530,0.663755226996,0.682155319474
531,0.664909609224,0.682920655418
532,0.674864428806,0.69390898295
533,0.663765494232,0.678341155041
534,0.683851411612,0.703608843612
535,0.687564643249,0.707516140855
536,0.692204273635,0.712596710149
537,0.696400180395,0.717278796138
538,0.692398632747,0.712356688871
539,0.697308078098,0.717377560997
540,0.695071504571,0.714286817798
541,0.694683164103,0.713385977114
542,0.697596742293,0.716743723866
543,0.706068834829,0.724915716483
544,0.704431146138,0.723070001891
545,0.704814264383,0.723922912461
546,0.706338068896,0.72621633802
547,0.70916783961,0.730000767377
548,0.703250701999,0.723811929948
549,0.707164130233,0.728568213407
550,0.701803034492,0.722668749021
551,0.697144301355,0.717667573067
552,0.689684857833,0.708786192971
553,0.676737004262,0.693551828562
554,0.663271512643,0.680157419502
555,0.676823961785,0.696052619732
556,0.669648426857,0.688513658983
557,0.66227434424,0.680677998725
558,0.65477855104,0.67247098988
559,0.646892935471,0.66383273349
560,0.638281485745,0.654441573748
561,0.629230192319,0.644640490047
562,0.62280111101,0.63823419239
563,0.617533626973,0.633183179338
564,0.612304750342,0.628035858053
565,0.604903342526,0.620169502608
566,0.597517811147,0.612427076597
567,0.590203218932,0.604881764785
568,0.583619128026,0.59816976557
569,0.576392926942,0.590479535567
570,0.567704518255,0.580944702562
571,0.559906014168,0.572395792219
572,0.55084486676,0.562414463025
573,0.542878470988,0.553636590969
574,0.537095131812,0.547453581431
575,0.533519549591,0.544056155575
576,0.53140301762,0.542379255889
577,0.529008105791,0.540231711446
578,0.525144451483,0.536145134845
579,0.520623470556,0.531234852619
580,0.516748825148,0.526955664015
581,0.51432961335,0.52424431625
582,0.512861322653,0.522623899548
583,0.512491027871,0.522284805483
584,0.512756602509,0.522615935938
585,0.512894160465,0.522747362231
586,0.512376677634,0.522169959679
587,0.512820675733,0.522590954713
588,0.514277007069,0.524190086254
589,0.516779462777,0.526981405895
590,0.520589122913,0.531201684651
591,0.52506918719,0.536061904163
592,0.528880748619,0.540098833857
593,0.53140614885,0.54237735944
594,0.533441795866,0.543979264146
595,0.537072316753,0.547429318592
596,0.542744740896,0.553503269036
597,0.550788622913,0.562357920233
598,0.560012285072,0.572511721383
599,0.567712558058,0.580945836251
600,0.576354312249,0.590437118717
601,0.583595852007,0.598136339159
602,0.590254679039,0.604943377927
603,0.597444321077,0.612345219506
604,0.605006186976,0.620274639123
605,0.612259244871,0.627997246314
606,0.617580386388,0.633229164512
607,0.622881541045,0.63831969447
608,0.629268239117,0.644678154673
609,0.638361911778,0.654528232489
610,0.646715014824,0.663659777724
611,0.654778749924,0.672463867777
612,0.662298611545,0.680690766343
613,0.669716000356,0.688582855664
614,0.676782123535,0.696013077257
615,0.663388393842,0.680268440882
616,0.676769431215,0.693589764447
617,0.689681305988,0.70879245033
618,0.69709647613,0.717612666315
619,0.701821417293,0.722681990164
620,0.707067344073,0.728469267662
621,0.70328683778,0.72387489248
622,0.708981535514,0.729809919704
623,0.706393628047,0.726268421279
624,0.704755157362,0.723872613324
625,0.70453245386,0.723179073161
626,0.706032512396,0.72486482891
627,0.710068604,0.728184014405
628,0.709753502638,0.7278660241
629,0.710704475613,0.729564544514
630,0.712500386504,0.732176288174
631,0.714282811988,0.734837870054
632,0.710661500484,0.731372073593
633,0.716078202536,0.73814588723
634,0.712165813768,0.733945570086
635,0.706963897585,0.728264047735
636,0.702241160248,0.723183754764
637,0.681666831008,0.697484650487
638,0.692043015919,0.712228388646
639,0.685930500249,0.705724361539
640,0.680090739894,0.699748805999
641,0.672380185944,0.69156069381
642,0.664192891237,0.682737081068
643,0.655842442658,0.673576665781
644,0.646984778561,0.663861198529
645,0.637807048611,0.653781432696
646,0.628468472623,0.643650663527
647,0.621979114445,0.637151262457
648,0.615553835989,0.630682200082
649,0.610501503728,0.625874000524
650,0.604869810216,0.620396855429
651,0.597808144094,0.613235161526
652,0.590793889917,0.606008963429
653,0.5837634507,0.598705482071
654,0.575782473668,0.590149564772
655,0.565974346136,0.579218871529
656,0.556768426032,0.568967381234
657,0.547638080725,0.558894823603
658,0.540364339836,0.550967408259
659,0.535534444849,0.546051051076
660,0.532638730141,0.543513796806
661,0.529708752546,0.54087330363
662,0.526076322281,0.537245137468
663,0.521781060911,0.532680920741
664,0.5183169802,0.529097561249
665,0.515602796717,0.526220022217
666,0.513066801202,0.52337215307
667,0.51082655913,0.520717697371
668,0.51168675529,0.52197341632
669,0.512260680457,0.52261601815
670,0.511736580825,0.522045683953
671,0.510872971614,0.520770584519
672,0.513111892827,0.523443934519
673,0.515603143381,0.526213733568
674,0.518164764031,0.528950595593
675,0.521803951563,0.532703612444
676,0.526050721971,0.537219507167
677,0.52970741345,0.540870465764
678,0.53255750397,0.543432103685
679,0.535546988652,0.54606649689
680,0.540331600176,0.550933710168
681,0.547629035016,0.558888499128
682,0.5567069635,0.568915604941
683,0.56589942891,0.579141117096
684,0.575787596984,0.590152649521
685,0.58379391533,0.598740653779
686,0.590880623268,0.606115161915
687,0.597818645179,0.613232858074
688,0.604846780487,0.620374066355
689,0.610450963019,0.625816665147
690,0.615406109553,0.630495044732
691,0.621932858912,0.637098363757
692,0.628431723518,0.643606973906
693,0.637743018338,0.653723972962
694,0.646992176946,0.663865359542
695,0.655817282594,0.673555990221
696,0.664168895135,0.682706782258
697,0.672244598881,0.691427439444
698,0.680038509911,0.699683897223
699,0.685922675985,0.705722248978
700,0.692128285653,0.712318032583
701,0.681805873189,0.697609568791
702,0.702120708144,0.723058011499
703,0.707036693645,0.728340774764
704,0.712201821928,0.733994617009
705,0.715967281692,0.738028253381
706,0.710735613206,0.731435840469
707,0.714279276127,0.734825817177
708,0.712490116837,0.732158007127
709,0.710764546308,0.7296202476
710,0.709662300871,0.727762505895
711,0.590794976248,0.609796008474
712,0.672571880883,0.693740189167
713,0.731654092307,0.753793346406
714,0.683363628414,0.70433163998
715,0.592977922965,0.611975355481
716,0.659921994167,0.681588810285
717,0.729442637682,0.752637076715
718,0.684532579986,0.70455799183
719,0.58914829163,0.606231130408
720,0.636362805068,0.656232693751
721,0.713194972147,0.735236171122
722,0.684476982987,0.703997986267
723,0.587282367306,0.602168045619
724,0.600348368887,0.614728763431
725,0.682881926605,0.700772360006
726,0.678604526188,0.697665111387
727,0.593723855387,0.609734194488
728,0.579316004385,0.594020771481
729,0.660910306664,0.67881754084
730,0.671063893918,0.690859219499
731,0.600063397259,0.618209814766
732,0.562568655487,0.577983520626
733,0.633459704228,0.650101165379
734,0.648128112023,0.665684813047
735,0.591805568555,0.608560473536
736,0.551543112626,0.566905253104
737,0.612571406507,0.629688481546
738,0.626472387849,0.643396681557
739,0.582441434241,0.598288211127
740,0.533544640425,0.547746357748
741,0.587619252077,0.603906108191
742,0.604022223631,0.620354842797
743,0.570654485863,0.585742838948
744,0.513935342172,0.526583483908
745,0.555965429248,0.569414420752
746,0.572244339006,0.585432094038
747,0.551276255767,0.563438633965
748,0.501520837707,0.511740006314
749,0.534964921378,0.545854136552
750,0.545188246537,0.555600496452
751,0.534384470118,0.544372355781
752,0.491649764844,0.500702583978
753,0.511206143128,0.520074080588
754,0.524201284239,0.533281887489
755,0.521955033166,0.531455454553
756,0.490743572629,0.500657918269
757,0.500679618657,0.510180315177
758,0.51759780293,0.527795331761
759,0.515561245102,0.525705139374
760,0.488358820972,0.498295322729
761,0.490358387426,0.499440622002
762,0.509805534284,0.519785632718
763,0.509357383267,0.51950539079
764,0.487541869135,0.497679348903
765,0.484825358236,0.494411229486
766,0.508517878836,0.518704466829
767,0.508467127791,0.518660210853
768,0.489581532505,0.49916903101
769,0.491973167007,0.50210179573
770,0.509393500776,0.519541994944
771,0.509807631241,0.519793839642
772,0.490409222164,0.499491613698
773,0.488418358534,0.498353473985
774,0.51554534886,0.525683795242
775,0.517611925803,0.527806089219
776,0.512110185572,0.521864321367
777,0.491747659822,0.501801676734
778,0.521948741671,0.531454008929
779,0.524162733241,0.53324459776
780,0.511239625358,0.520110589472
781,0.491675801793,0.50072727558
782,0.53443490789,0.5444272646
783,0.545189680324,0.555594083494
784,0.534866044592,0.545753700554
785,0.501592027153,0.511810054039
786,0.551253160011,0.563421816052
787,0.572351856148,0.585546861771
788,0.563707833616,0.577379696862
789,0.514286450173,0.52696491255
790,0.570640122269,0.585724347193
791,0.603945519197,0.620285315765
792,0.58761687605,0.603908782888
793,0.527120969152,0.541223542585
794,0.58202553854,0.597839135077
795,0.626425764192,0.643348398784
796,0.612448202083,0.629557145328
797,0.544077005567,0.559287637304
798,0.591278834392,0.607966899954
799,0.648175233824,0.665735230196
800,0.633545387915,0.65018552516
801,0.562537716636,0.577954697854
802,0.600115583066,0.618259641808
803,0.671042020339,0.690842741783
804,0.660948338113,0.67885248
805,0.579364268405,0.59406881243
806,0.593688064143,0.609699485396
807,0.678642300471,0.697703065965
808,0.682926413759,0.700821942692
809,0.600346242209,0.614731171794
810,0.587312550324,0.602185938998
811,0.684471282405,0.703997322621
812,0.713147076218,0.73519405558
813,0.636302520738,0.656161820158
814,0.589167985031,0.606244115357
815,0.684592410259,0.704627103187
816,0.72948067703,0.752672167085
817,0.659821838406,0.681490104115
818,0.59303999563,0.612034318961
819,0.683340689539,0.704318124221
820,0.731631889737,0.753775870331
821,0.67245715179,0.693622576134
822,0.696616300129,0.716397664321
823,0.695068772602,0.714546710367
824,0.692995651917,0.712075900907
825,0.691897900364,0.710903841007
826,0.693437055478,0.713010525287
827,0.695435037342,0.715766037585
828,0.696464112037,0.717322772457
829,0.695285294048,0.71629259871
830,0.691304131741,0.711946058474
831,0.687442154947,0.707710141781
832,0.684135334333,0.704209684952
833,0.681616670473,0.701689707182
834,0.677078974588,0.696524677735
835,0.655921660669,0.670366745583
836,0.670223497842,0.68922561474
837,0.664882976772,0.683261586619
838,0.66003773617,0.678259897179
839,0.655130583754,0.673165061677
840,0.650047613187,0.667836343528
841,0.644948040688,0.662404291994
842,0.639621568263,0.656769785745
843,0.633695333497,0.650286339612
844,0.627201956187,0.643133559485
845,0.621536598481,0.637114840615
846,0.62034884712,0.636315610093
847,0.612978985434,0.628921892593
848,0.608966684965,0.625043532608
849,0.604988765427,0.621142926087
850,0.603090408176,0.619243711181
851,0.595498754644,0.611375174284
852,0.590382372905,0.606136793526
853,0.584518775601,0.600032202353
854,0.578172485398,0.593335791539
855,0.571659654587,0.586373736568
856,0.564300230899,0.578292569493
857,0.556967537178,0.570149329805
858,0.55026215072,0.562712745167
859,0.545752816962,0.557512111086
860,0.537733324298,0.5488632413
861,0.531596330277,0.542132947103
862,0.525761828117,0.535685420794
863,0.5215631911,0.53093829354
864,0.516672041709,0.526003754334
865,0.514370030432,0.523993093707
866,0.512967805943,0.522966293126
867,0.51292222382,0.523178797769
868,0.5100628391,0.520422353786
869,0.50737503107,0.517668506983
870,0.50466889561,0.514756810766
871,0.503306518759,0.513181955427
872,0.501381090216,0.511305564918
873,0.499892091499,0.509909981696
874,0.49942146932,0.509516635061
875,0.499132246373,0.509293459016
876,0.499255174568,0.509498241467
877,0.499684462242,0.509946917042
878,0.499894113694,0.510124003965
879,0.500714965733,0.510837622227
880,0.500365509973,0.510454262223
881,0.499920497406,0.509938124059
882,0.501415040637,0.511342934981
883,0.503323701068,0.513202541598
884,0.504659035958,0.514749421689
885,0.50735029877,0.517639364452
886,0.510322167921,0.52067623154
887,0.515005718723,0.52521518676
888,0.512990460549,0.522988431875
889,0.51437780444,0.524003748938
890,0.516709371862,0.526044990599
891,0.521589000253,0.530966453374
892,0.525728635939,0.535650169679
893,0.531751451353,0.542282261431
894,0.537756161792,0.548883808939
895,0.545744219054,0.557504185811
896,0.550275078859,0.562714284329
897,0.556984440624,0.570174197049
898,0.564346799954,0.578342178954
899,0.573396073008,0.588105284681
900,0.578392107852,0.593643651905
901,0.584455178899,0.599956727392
902,0.590495631452,0.6062438268
903,0.595386804891,0.611259371455
904,0.600405486278,0.616419693304
905,0.60490783497,0.621049497644
906,0.60895723621,0.625040577217
907,0.612929164237,0.628865281135
908,0.617142922456,0.632858476901
909,0.621527674196,0.637103033468
910,0.627284219606,0.643209720431
911,0.633795004665,0.650391096684
912,0.639613337534,0.656769163023
913,0.644930050794,0.662396391021
914,0.65012544968,0.667929545286
915,0.655298237202,0.673332753756
916,0.659886601863,0.678103215432
917,0.664762876322,0.6831368442
918,0.67028279586,0.689299312097
919,0.655866730527,0.670300903258
920,0.677160711326,0.696610199573
921,0.681505130793,0.701585977935
922,0.68401418466,0.704087802373
923,0.687407628758,0.707677652061
924,0.69135147513,0.711982951594
925,0.695120766755,0.716130809048
926,0.69653323949,0.717384137797
927,0.695440599747,0.715767339395
928,0.693229523931,0.712797618586
929,0.691955662844,0.710960267671
930,0.692780011267,0.711852552998
931,0.695022937816,0.714505543354
932,0.696457004523,0.716235034425
933,0.708744693758,0.728440603724
934,0.707926456696,0.727530200013
935,0.705820496084,0.725085526838
936,0.703736149913,0.722778854879
937,0.704139264638,0.72368929612
938,0.706250753582,0.726593222588
939,0.708209671004,0.729359701916
940,0.708803965982,0.730488617991
941,0.705930885189,0.727454204494
942,0.701990844897,0.723107520453
943,0.69835227737,0.719105472294
944,0.694386689502,0.714839587808
945,0.691039506865,0.711278712715
946,0.678802738235,0.69572108663
947,0.679384944804,0.697911569319
948,0.679107256611,0.698309166853
949,0.673580796608,0.692373751907
950,0.668443225421,0.687107554559
951,0.662868925452,0.68132429131
952,0.657456047971,0.675669934517
953,0.651813701043,0.669648920772
954,0.645272977263,0.662520206615
955,0.638745011471,0.655361301671
956,0.632038007434,0.648027391896
957,0.625570493071,0.641243867185
958,0.620673536879,0.636521438967
959,0.615660909386,0.63162491741
960,0.611320743934,0.627451704709
961,0.606699664139,0.622874361462
962,0.601683969189,0.617750837172
963,0.596123171562,0.612034736189
964,0.589605907946,0.605159994856
965,0.583351479872,0.598615910828
966,0.57710623119,0.592115753218
967,0.570386351294,0.584915578644
968,0.563001802854,0.576792681658
969,0.555659793699,0.568678274174
970,0.549047685558,0.561387653015
971,0.542595192515,0.554272204907
972,0.535610106332,0.54661586569
973,0.529164260371,0.539534081244
974,0.522988360663,0.532763712457
975,0.518143553786,0.527618307029
976,0.514972038759,0.524566438401
977,0.513015233761,0.522991612435
978,0.511310370757,0.521601499923
979,0.50935357015,0.519801253484
980,0.506701554632,0.5170679458
981,0.503600550739,0.513724233582
982,0.500371988929,0.510254869445
983,0.498336815163,0.508160697461
984,0.49680001951,0.506577307471
985,0.495950192825,0.505723565047
986,0.495663277512,0.505537510012
987,0.49571407829,0.505696743935
988,0.496315539973,0.506403913104
989,0.496305892805,0.506393675382
990,0.49570682123,0.505688184796
991,0.495650166609,0.505522206181
992,0.495920844509,0.50569928662
993,0.496840358782,0.506623432395
994,0.49831931513,0.508136282613
995,0.50035453064,0.510238960824
996,0.50355162777,0.513680591968
997,0.506819644351,0.517189587488
998,0.509357538264,0.519797366897
999,0.511251831123,0.521546350325
1000,0.51300720597,0.522979568775
1001,0.514919721516,0.524515344964
1002,0.518161777468,0.527636716116
1003,0.522966273719,0.53274845798
1004,0.529230403762,0.539605175221
1005,0.535632541536,0.546633423065
1006,0.542533231201,0.55420622106
1007,0.549126190398,0.5614683722
1008,0.555803759102,0.568820701611
1009,0.562916125731,0.576700522065
1010,0.570355311887,0.58488233855
1011,0.577078223255,0.592090399009
1012,0.583273364293,0.598531312648
1013,0.589689212054,0.605245977163
1014,0.596122365733,0.612019298277
1015,0.601799213988,0.617863819347
1016,0.606789404407,0.622962629027
1017,0.611261260915,0.627387174423
1018,0.61571658306,0.631683560294
1019,0.62060885019,0.636444009243
1020,0.625542898353,0.641228091571
1021,0.631905067945,0.647891920179
1022,0.638716014762,0.6553299422
1023,0.645443231147,0.662704931352
1024,0.651734706739,0.669564124842
1025,0.657512548418,0.675725004929
1026,0.662823492997,0.68126675444
1027,0.668334460058,0.68699467085
1028,0.673513149443,0.692307695231
1029,0.679045746678,0.698249867669
1030,0.679466666798,0.697985497093
1031,0.678784548521,0.695706555005
1032,0.691145171514,0.711403840224
1033,0.694501124201,0.7149620522
1034,0.698081761433,0.718839135354
1035,0.702025471382,0.723138373512
1036,0.705990958465,0.727529256467
1037,0.708865071606,0.730528108058
1038,0.708284257373,0.72942681264
1039,0.706342993139,0.726687331962
1040,0.70416511521,0.723710774686
1041,0.703766712927,0.722798576205
1042,0.70574369099,0.725009682821
1043,0.70792605672,0.727529129492
1044,0.715507096821,0.734911944154
1045,0.714352108786,0.733614675312
1046,0.712554626335,0.73156961698
1047,0.712839398624,0.732278347013
1048,0.714252407738,0.734369961675
1049,0.716744422247,0.737698062653
1050,0.718526747835,0.740256838309
1051,0.718027395853,0.740127953803
1052,0.714374095873,0.736212899903
1053,0.710181522827,0.73160339033
1054,0.705915210797,0.726983514186
1055,0.701857077146,0.722649518844
1056,0.697589785938,0.71788932698
1057,0.67577984938,0.691020946667
1058,0.690261883527,0.710223396716
1059,0.684829685714,0.704239908626
1060,0.679315539796,0.698559934084
1061,0.67351831818,0.692554016405
1062,0.667600983989,0.686365893461
1063,0.661826057613,0.68026293737
1064,0.655295021156,0.673191613762
1065,0.648483980548,0.665728083117
1066,0.641649582174,0.658268867431
1067,0.634068322504,0.650059492462
1068,0.627189463287,0.642833591196
1069,0.621973230698,0.637736659121
1070,0.617099704367,0.632983603883
1071,0.6127441337,0.628823372886
1072,0.608077743401,0.624202779147
1073,0.602415024092,0.618348122727
1074,0.595316172998,0.610815364285
1075,0.588533543756,0.603705927127
1076,0.582282860553,0.597235138433
1077,0.576148424147,0.590888723503
1078,0.569462995682,0.583742452608
1079,0.562065816145,0.575630665353
1080,0.554872227213,0.567726017844
1081,0.548187022673,0.560387086375
1082,0.54074746032,0.552236217293
1083,0.533248832343,0.544034766542
1084,0.526781954243,0.536931166688
1085,0.520834092646,0.53044733767
1086,0.516646162282,0.526237593217
1087,0.51422226059,0.524127049031
1088,0.512192464053,0.522445623093
1089,0.509901046774,0.520381808428
1090,0.507079404452,0.517513390273
1091,0.503404397012,0.513558377549
1092,0.500100474965,0.510019969028
1093,0.497159644369,0.506880170106
1094,0.495063041971,0.504637762338
1095,0.493618357226,0.503124560763
1096,0.49278132317,0.502292448871
1097,0.492712926953,0.502330840992
1098,0.493143226114,0.502956285872
1099,0.493694507939,0.503584826039
1100,0.493160196706,0.502972170877
1101,0.492738547107,0.502361002477
1102,0.492890727961,0.502402479629
1103,0.493604217109,0.503105636112
1104,0.495060799758,0.50463886908
1105,0.497124462034,0.506843376483
1106,0.50017888499,0.510099649565
1107,0.503480827962,0.513631138841
1108,0.507095291936,0.517529766122
1109,0.509901145858,0.520379346494
1110,0.51217704703,0.522428764821
1111,0.514186864617,0.524092211766
1112,0.516683902091,0.52626921341
1113,0.520767715895,0.530389997107
1114,0.526796790652,0.53695472095
1115,0.533392023929,0.544180680678
1116,0.540765448864,0.552257994584
1117,0.548257911408,0.560467321599
1118,0.554932975856,0.56778642465
1119,0.562063953763,0.575639882431
1120,0.56950892086,0.583789871977
1121,0.57612780668,0.590866452107
1122,0.58231265642,0.597264825142
1123,0.58855058632,0.603715996206
1124,0.595302533034,0.610795211192
1125,0.602287303444,0.61821552877
1126,0.608141744845,0.624272749501
1127,0.612793314901,0.628877617594
1128,0.617063236844,0.632955864736
1129,0.621911526684,0.637678542719
1130,0.62732541174,0.642973394867
1131,0.63398507673,0.649967383371
1132,0.64167976925,0.658301773142
1133,0.648517141318,0.665764452322
1134,0.655324188726,0.673198436917
1135,0.661857448455,0.680297886344
1136,0.667506875126,0.686273406591
1137,0.673527399173,0.692556398147
1138,0.679342724827,0.698594410936
1139,0.684825546089,0.704238644641
1140,0.690303446734,0.710272450695
1141,0.675856881219,0.691100339083
1142,0.697399717201,0.717694678161
1143,0.701701231815,0.722479394887
1144,0.705819661499,0.726886697338
1145,0.710003550572,0.731416745404
1146,0.714329554885,0.73616976832
1147,0.718052002624,0.740164702671
1148,0.718417156867,0.740128657596
1149,0.716565337345,0.73750933376
1150,0.714246139019,0.734355742014
1151,0.712917076456,0.732354044498
1152,0.712551028228,0.73156983498
1153,0.714311440095,0.733570947818
1154,0.71555345908,0.734960014295
1155,0.716271461968,0.73498377942
1156,0.716298951181,0.734970220823
1157,0.714755946019,0.73335253318
1158,0.715138738258,0.734211346198
1159,0.716186510655,0.735893949422
1160,0.717832634547,0.738287197896
1161,0.720009268194,0.741292730647
1162,0.721018164889,0.743015282977
1163,0.719692119127,0.74191001315
1164,0.715639332889,0.737496487746
1165,0.711017556547,0.732418484372
1166,0.70671648065,0.72778810659
1167,0.703052685113,0.723901140883
1168,0.690539866007,0.708065357172
1169,0.691855175782,0.711243879723
1170,0.69027215186,0.710157920852
1171,0.684953234839,0.704528614004
1172,0.679290031886,0.698697554879
1173,0.67303775804,0.692171029231
1174,0.666825515518,0.685634735521
1175,0.660456428935,0.678782590987
1176,0.653943802166,0.671691664563
1177,0.646908777657,0.664003752241
1178,0.639419552449,0.655833972533
1179,0.631559005245,0.64724441305
1180,0.624120880451,0.639324913101
1181,0.618601732275,0.633760630022
1182,0.613851356655,0.629238795635
1183,0.609967281043,0.625669228596
1184,0.605108161908,0.620851589896
1185,0.599289507935,0.614902105521
1186,0.593245924273,0.608738565652
1187,0.586307323296,0.601415608392
1188,0.580739406223,0.595855056258
1189,0.575478031786,0.59056082921
1190,0.568572156086,0.58310017496
1191,0.560577723348,0.574233683005
1192,0.55250535865,0.565172058466
1193,0.545016666188,0.55694928886
1194,0.536904279172,0.54799586526
1195,0.529801345121,0.540206025432
1196,0.523467849762,0.533301201035
1197,0.518355555139,0.527914859882
1198,0.515194157982,0.524958605527
1199,0.513037169881,0.523168246868
1200,0.510708489329,0.521106668452
1201,0.507999916726,0.518514392798
1202,0.504991103895,0.515486376523
1203,0.501723346293,0.512082198842
1204,0.498557912063,0.508755526304
1205,0.495981948188,0.505964364908
1206,0.493587097117,0.503305406923
1207,0.493284525035,0.50327880388
1208,0.49233934928,0.502278947503
1209,0.491808154475,0.501717085365
1210,0.490725890873,0.500221335787
1211,0.490620949109,0.500108079657
1212,0.491774397342,0.501675429248
1213,0.492352047589,0.502294956041
1214,0.49329263659,0.503284084179
1215,0.49350069345,0.503217909711
1216,0.495990769144,0.505976088298
1217,0.498512494239,0.508706379523
1218,0.501696972019,0.512053495183
1219,0.505015933665,0.515510682063
1220,0.508128465582,0.518647433615
1221,0.510660659606,0.52105683063
1222,0.513049752237,0.523176592751
1223,0.515341130137,0.525100370661
1224,0.518393261384,0.527956425738
1225,0.523450619641,0.533285904265
1226,0.529781553778,0.540191390052
1227,0.53685011544,0.54794610889
1228,0.544921148329,0.556857435573
1229,0.552406159406,0.565070886224
1230,0.560622974987,0.574277451641
1231,0.568611620793,0.583136498534
1232,0.575473223112,0.590548413917
1233,0.580792199941,0.595910700288
1234,0.586095723431,0.601108775824
1235,0.593298363946,0.608786527771
1236,0.599419181574,0.615033757932
1237,0.605120342019,0.62086620032
1238,0.60999938251,0.625696769394
1239,0.614015074636,0.629396361384
1240,0.618521965726,0.633690194095
1241,0.624122459225,0.639332191314
1242,0.631578055656,0.64725707348
1243,0.639472825619,0.65587640289
1244,0.646938211116,0.664038709677
1245,0.653922653206,0.67166750552
1246,0.660492853793,0.678817176446
1247,0.666787062496,0.685596414163
1248,0.673125958525,0.692269533597
1249,0.679290481436,0.69869257046
1250,0.684926227441,0.704498075974
1251,0.690403689785,0.710294780397
1252,0.691793140845,0.711167396016
1253,0.690609512775,0.708131800876
1254,0.702922486584,0.723768350977
1255,0.706838016022,0.727922012084
1256,0.710949360049,0.732354833002
1257,0.715493626186,0.737337225458
1258,0.719541105511,0.741764085313
1259,0.720873562924,0.742856080861
1260,0.72000272647,0.741288829186
1261,0.71781596641,0.738257259339
1262,0.716183588174,0.735884036942
1263,0.715210489429,0.734279879895
1264,0.715037912603,0.733630321252
1265,0.715963257165,0.734624786101
1266,0.488311087218,0.503984156233
1267,0.594842132984,0.613889938432
1268,0.713506739008,0.735538352187
1269,0.71250246828,0.734562442517
1270,0.591893986621,0.610355994979
1271,0.488078227445,0.50386036287
1272,0.594470180268,0.613944561477
1273,0.71456933065,0.737814759358
1274,0.704828167305,0.72657781195
1275,0.584094486312,0.601562173807
1276,0.480023374657,0.494448116551
1277,0.589289916939,0.608619327735
1278,0.701978853058,0.724266997109
1279,0.690721115991,0.711140760002
1280,0.571873150711,0.587519944674
1281,0.473948584894,0.487445293489
1282,0.572093696475,0.588284335361
1283,0.664437248774,0.679263357693
1284,0.675669992586,0.695092503221
1285,0.565109979585,0.580810240055
1286,0.466020419804,0.479098568807
1287,0.559373432368,0.574724704093
1288,0.663267557355,0.68185088343
1289,0.659439082104,0.678992267345
1290,0.56145641382,0.578921706526
1291,0.47277190933,0.4861067265
1292,0.548413124972,0.563460597203
1293,0.641529648142,0.658813431068
1294,0.634989298155,0.65270903451
1295,0.545080935804,0.56123530462
1296,0.486789901736,0.499808983203
1297,0.538515448816,0.553548075059
1298,0.621675996365,0.638957246152
1299,0.611758966588,0.628353202395
1300,0.527707934431,0.542824284599
1301,0.479169152444,0.491443237532
1302,0.526764199724,0.541534454609
1303,0.600645171769,0.617678892584
1304,0.59039759748,0.60669173913
1305,0.51190706202,0.526264861847
1306,0.471252284166,0.482662647505
1307,0.529558211727,0.543394805052
1308,0.571027861262,0.585821158458
1309,0.561199310083,0.575094116046
1310,0.491765438793,0.503756468954
1311,0.485562095387,0.495142470957
1312,0.508201089114,0.519490074126
1313,0.538945434296,0.550024572192
1314,0.531614039654,0.542223090019
1315,0.472195278795,0.482446441112
1316,0.476990168546,0.485560900169
1317,0.490635779927,0.49986011892
1318,0.512983078111,0.521574391773
1319,0.5077263566,0.516452299482
1320,0.463234905698,0.473373837362
1321,0.471151124071,0.479565900562
1322,0.482967189226,0.492002482303
1323,0.501841948494,0.511196868975
1324,0.498034493834,0.507966513111
1325,0.458236971549,0.468353576421
1326,0.446326002522,0.45416473008
1327,0.480857752684,0.490306199348
1328,0.493998320707,0.503386638711
1329,0.482005450059,0.491150960373
1330,0.447296167575,0.456904480497
1331,0.448203689478,0.456547209736
1332,0.481444303268,0.491035035662
1333,0.490284914655,0.500030969623
1334,0.478651597899,0.488228242229
1335,0.447124482713,0.456367234256
1336,0.447160239709,0.456397626805
1337,0.474532432994,0.484013977919
1338,0.490331195137,0.500073022156
1339,0.472419707185,0.481813111405
1340,0.44811018882,0.456453171975
1341,0.447315195105,0.456931009863
1342,0.48201557646,0.491167902402
1343,0.494053128581,0.503475898757
1344,0.471822726902,0.48106325303
1345,0.446296710903,0.454136219554
1346,0.448533108753,0.458721062367
1347,0.49586725494,0.505458258911
1348,0.501845417639,0.511201517962
1349,0.482981030372,0.492016405687
1350,0.471159013828,0.479566111933
1351,0.4632193554,0.473356972902
1352,0.507712804506,0.516436364413
1353,0.513013879644,0.521607503946
1354,0.490691319089,0.499913645919
1355,0.476978122179,0.48554997959
1356,0.472107708578,0.482362512861
1357,0.531483435909,0.542088909495
1358,0.538972588983,0.550051304218
1359,0.508303653429,0.519594672893
1360,0.485612232512,0.495187406603
1361,0.491770540038,0.503765695755
1362,0.561082612,0.574967371725
1363,0.571122755754,0.585917853152
1364,0.516254603603,0.529662312446
1365,0.471069836107,0.482464350683
1366,0.511877740991,0.526235122692
1367,0.590502254255,0.606796471023
1368,0.600685404952,0.617718307338
1369,0.52662203906,0.54139298756
1370,0.479134681112,0.491412800744
1371,0.527713973078,0.542837028784
1372,0.611559808613,0.628149478606
1373,0.621696705182,0.638984601408
1374,0.545362682361,0.560606756629
1375,0.486909737772,0.499944318146
1376,0.545174286345,0.561325393527
1377,0.634891713808,0.65260717817
1378,0.641547404485,0.658821868028
1379,0.548380720509,0.563427309098
1380,0.464396275347,0.477654391258
1381,0.560167693603,0.57742656602
1382,0.659464292162,0.679015519425
1383,0.663285523272,0.681866942621
1384,0.559351370419,0.574693759554
1385,0.469708943325,0.482822348634
1386,0.565803457567,0.581675885452
1387,0.675735255754,0.695158155937
1388,0.664374745138,0.679199941082
1389,0.572155070287,0.588336269014
1390,0.473841957804,0.487335078916
1391,0.571908587893,0.587551361457
1392,0.690683826167,0.711106163901
1393,0.701946554209,0.724237806746
1394,0.589153631346,0.608477872575
1395,0.480158435793,0.494593903625
1396,0.584339209628,0.601812579113
1397,0.70473933274,0.726489315463
1398,0.714611492211,0.737843938197
1399,0.594498065353,0.613970791072
1400,0.488038461431,0.50381834706
1401,0.591808628784,0.610272803131
1402,0.7125084288,0.734565102683
1403,0.713432986236,0.735469269291
1404,0.594952552541,0.61400759856
1405,0.688853505696,0.708680218601
1406,0.687553127236,0.707147758542
1407,0.685897278951,0.70517197423
1408,0.684205183148,0.703188324164
1409,0.683710667908,0.702744914882
1410,0.684641482996,0.704140818575
1411,0.68606470305,0.706146660602
1412,0.687437935296,0.708045927952
1413,0.687709163577,0.70874622857
1414,0.68610481066,0.707080613035
1415,0.682989750581,0.703662694669
1416,0.679450701729,0.699815637644
1417,0.677080379504,0.697372087496
1418,0.674486672501,0.694749397743
1419,0.672151331558,0.692354331047
1420,0.669549534602,0.689661130779
1421,0.657187788247,0.674176516669
1422,0.659256794994,0.677865050114
1423,0.65782040633,0.67666555739
1424,0.652947650614,0.67131453551
1425,0.64877981292,0.667043112817
1426,0.644293799005,0.662382012452
1427,0.640010732646,0.657921436345
1428,0.635591590899,0.653230474886
1429,0.640251129366,0.65834376257
1430,0.627573961073,0.644771133843
1431,0.622219749575,0.639083076178
1432,0.616840934105,0.633127940905
1433,0.611601224742,0.627355684909
1434,0.626812904568,0.644174379425
1435,0.604344562778,0.620019492427
1436,0.600301362688,0.616168886358
1437,0.597253343187,0.613324108154
1438,0.593997212886,0.610228216358
1439,0.606547474021,0.62379398046
1440,0.586190173529,0.602281254273
1441,0.581544219282,0.59747884381
1442,0.57743647047,0.59328676677
1443,0.57427754403,0.59051659139
1444,0.58118775035,0.59718457759
1445,0.568458602691,0.583800605706
1446,0.556977407958,0.571908322613
1447,0.551169314554,0.565604902122
1448,0.544946448614,0.558723323759
1449,0.552707684605,0.565519478373
1450,0.537822497813,0.550167520766
1451,0.527037126136,0.538727938483
1452,0.521967898685,0.533187349756
1453,0.516604504761,0.527307424109
1454,0.523491613482,0.533447057508
1455,0.511024192882,0.520646020833
1456,0.501193148314,0.510339065666
1457,0.495941775886,0.504837761605
1458,0.493877347528,0.502764156251
1459,0.501975514139,0.510917991635
1460,0.49547376319,0.504806706581
1461,0.488289621529,0.497927509432
1462,0.485446560941,0.495292175942
1463,0.487941663888,0.497855390899
1464,0.491746501225,0.501542199968
1465,0.487656410122,0.497361023153
1466,0.479717957385,0.489287746958
1467,0.475734513713,0.485235694232
1468,0.478205949271,0.487767215196
1469,0.483201526777,0.492799891371
1470,0.481697501359,0.491419439065
1471,0.475605236903,0.485445954461
1472,0.474222384044,0.484126210694
1473,0.478478432197,0.488319743944
1474,0.481573788341,0.491386373761
1475,0.477559931433,0.487410249876
1476,0.473169067636,0.483092641241
1477,0.474135024079,0.483993160654
1478,0.479490750765,0.489238944431
1479,0.48320459456,0.492807076728
1480,0.481770260832,0.49143275211
1481,0.475723945126,0.485228307775
1482,0.478360870242,0.487955926994
1483,0.485380746353,0.495120664302
1484,0.489829657284,0.499663240074
1485,0.484454591428,0.494450129614
1486,0.485346010871,0.495190380718
1487,0.488374144663,0.498012241882
1488,0.495477987866,0.504809789575
1489,0.502039113725,0.510988704762
1490,0.493911648938,0.502797564131
1491,0.496005252279,0.504908055829
1492,0.501128205443,0.510281986186
1493,0.511037409067,0.520661164263
1494,0.523449568308,0.53340539481
1495,0.51661044425,0.527325685505
1496,0.522009776897,0.533225269093
1497,0.52701798643,0.538714629714
1498,0.537920380386,0.550257349622
1499,0.552805028916,0.565618883406
1500,0.544956640655,0.55872656248
1501,0.551216646082,0.565654608966
1502,0.556966781257,0.571901226449
1503,0.56477215547,0.580107527093
1504,0.580602283696,0.596409049653
1505,0.574295699564,0.590532183412
1506,0.577333868508,0.593180516422
1507,0.581498580926,0.597436306632
1508,0.586269247033,0.602364479022
1509,0.60662236708,0.623868194872
1510,0.59409918862,0.61033396681
1511,0.59729996116,0.613377550745
1512,0.600348217347,0.616208336068
1513,0.607648507598,0.623568377659
1514,0.626846657365,0.644207697605
1515,0.611621263678,0.627376972248
1516,0.616994044851,0.633285835684
1517,0.622192052226,0.639059829972
1518,0.627249562871,0.644438794957
1519,0.634348017832,0.65202047139
1520,0.635600978325,0.653246409993
1521,0.639999515617,0.657897937025
1522,0.644203965397,0.662299547227
1523,0.649139150442,0.66742468982
1524,0.655253698371,0.673745910209
1525,0.657860332516,0.676712008139
1526,0.659195005133,0.677788693293
1527,0.657348400424,0.67435433094
1528,0.669478374489,0.689585363667
1529,0.672116514844,0.692324360083
1530,0.674584006829,0.694836618654
1531,0.677025000995,0.697310066097
1532,0.67955553809,0.699911708681
1533,0.683025829636,0.703698660813
1534,0.686027828835,0.706998989252
1535,0.68786206219,0.708893066101
1536,0.687457624334,0.708065735652
1537,0.686091697478,0.70616791199
1538,0.684795081022,0.704295388118
1539,0.683549173013,0.702587451761
1540,0.684146445057,0.703124883115
1541,0.685970047993,0.705241502726
1542,0.68736378903,0.706966048987
1543,0.688802264231,0.708631001033
1544,0.687639930741,0.706813406373
1545,0.687246502144,0.706382967245
1546,0.686115805744,0.705023540256
1547,0.685023150226,0.703710309709
1548,0.68412747727,0.70274034719
1549,0.684942310431,0.703958354978
1550,0.685959126926,0.705503976464
1551,0.68718503934,0.707297466116
1552,0.687297188596,0.707800265501
1553,0.686622859885,0.707388534126
1554,0.683794879952,0.70432455827
1555,0.680682926622,0.700870685713
1556,0.67754818312,0.697447741908
1557,0.674781470924,0.69446932959
1558,0.672113850062,0.691637489139
1559,0.66958141477,0.68900982787
1560,0.661630883132,0.679094553387
1561,0.648214179537,0.663117961395
1562,0.659972598963,0.678741336565
1563,0.655143126405,0.673421214797
1564,0.650503881337,0.668505929452
1565,0.646444657001,0.664376645781
1566,0.642154899088,0.659983709614
1567,0.638085920982,0.655808072004
1568,0.634112686819,0.651648394395
1569,0.639204385204,0.65696521749
1570,0.625031290779,0.641899967268
1571,0.619906185391,0.636234004747
1572,0.614348839571,0.630140596804
1573,0.608804918853,0.62417096734
1574,0.613050274387,0.628769035919
1575,0.60052498362,0.615964675663
1576,0.596618822904,0.612194113558
1577,0.593077654371,0.608769538597
1578,0.589730408537,0.605535494483
1579,0.594123433705,0.610430968781
1580,0.581672356362,0.597339058552
1581,0.577356666642,0.592938478968
1582,0.572378062238,0.587851722654
1583,0.567301957974,0.582583418427
1584,0.569113742161,0.584579486349
1585,0.562759950728,0.577855024584
1586,0.550595489814,0.56483000636
1587,0.544814962817,0.558461883498
1588,0.538526279793,0.551448424187
1589,0.539120643773,0.551979991816
1590,0.532685976081,0.544820973594
1591,0.52229207558,0.533469466399
1592,0.516970702503,0.527639845359
1593,0.511474490783,0.521642912881
1594,0.510801995612,0.52085381442
1595,0.504449468459,0.51390690747
1596,0.495967932815,0.504841060138
1597,0.492344769319,0.501132859115
1598,0.491177816371,0.500216404489
1599,0.490712047058,0.500141321696
1600,0.488624814532,0.498286929559
1601,0.485233335006,0.49501574034
1602,0.483700822646,0.493574263066
1603,0.483623266518,0.493533353364
1604,0.481507960481,0.491378538478
1605,0.478036127014,0.487508424378
1606,0.473976427839,0.483174316187
1607,0.472930158028,0.48218656684
1608,0.473398450927,0.482824990914
1609,0.47317987264,0.482724716101
1610,0.472603238301,0.482205288144
1611,0.471817214703,0.481493959458
1612,0.472582031383,0.482345272195
1613,0.473455440566,0.483267297893
1614,0.473457457867,0.483268104332
1615,0.472063953793,0.481826951036
1616,0.471724565856,0.481405214146
1617,0.472145388077,0.481722637945
1618,0.473098343089,0.482645076923
1619,0.474093960463,0.483517213474
1620,0.473837668353,0.483078844534
1621,0.474005717058,0.483201306678
1622,0.477120279921,0.486500696222
1623,0.48157831858,0.491414458029
1624,0.481591617121,0.49138605575
1625,0.487881096281,0.49787117148
1626,0.485889499838,0.49578504895
1627,0.488672161604,0.498333613179
1628,0.490698559244,0.500128313296
1629,0.491194068759,0.500232140919
1630,0.492348144305,0.501137919807
1631,0.495939421376,0.504815019268
1632,0.504428977852,0.51389004085
1633,0.510745285039,0.520797790664
1634,0.511489686201,0.521660102283
1635,0.516940339615,0.527621999422
1636,0.522310317633,0.533491821832
1637,0.532712419177,0.544844827817
1638,0.539144029715,0.552010108475
1639,0.538602290408,0.551529218412
1640,0.544715065504,0.558367741993
1641,0.550629541441,0.564865154452
1642,0.559104367477,0.573918578178
1643,0.569034930204,0.584496552807
1644,0.567376580559,0.582640290247
1645,0.572444915158,0.587914975653
1646,0.57727010844,0.592862127941
1647,0.581672073532,0.597340053838
1648,0.594117897282,0.610424992777
1649,0.589733971334,0.605541782266
1650,0.592992622581,0.608679871709
1651,0.596613243756,0.612175555364
1652,0.604286331391,0.619858267975
1653,0.612958367251,0.628673445095
1654,0.608859890615,0.624234297989
1655,0.614308031663,0.630111082715
1656,0.619768663838,0.636097595675
1657,0.625042595121,0.641911957366
1658,0.634114180516,0.651521412238
1659,0.634195664686,0.651728301058
1660,0.638163253414,0.655882464107
1661,0.642147804126,0.659969776461
1662,0.646306245538,0.664240682463
1663,0.655871436382,0.674155335395
1664,0.655189831359,0.673464698509
1665,0.659943125108,0.678706877158
1666,0.648261550008,0.66316831551
1667,0.661662671989,0.679133200188
1668,0.669584897254,0.689012807362
1669,0.672146463997,0.691680151545
1670,0.674700984573,0.694384172475
1671,0.677447975529,0.697337452858
1672,0.680575176936,0.700768684777
1673,0.683738118804,0.704254802706
1674,0.686676994,0.70743262569
1675,0.687321746743,0.707832591736
1676,0.687156111956,0.707264364361
1677,0.686173845163,0.7057315045
1678,0.684933689346,0.703960224541
1679,0.684259975352,0.702874294181
1680,0.685122893043,0.703824929318
1681,0.68611963336,0.705032032869
1682,0.687169899763,0.706300631551
1683,0.679629133617,0.698206409463
1684,0.679106432509,0.697618330406
1685,0.67789244125,0.69619812874
1686,0.676996832145,0.695163428466
1687,0.67683707285,0.695279101675
1688,0.677828234027,0.696732317278
1689,0.678967809672,0.698420738717
1690,0.679838005666,0.699807539839
1691,0.679770842926,0.70006965501
1692,0.678180446992,0.69856128875
1693,0.675069819665,0.695110798612
1694,0.67180698429,0.691508337125
1695,0.669170863346,0.688636706269
1696,0.666439512023,0.685766776503
1697,0.664168559973,0.683397563039
1698,0.661809362808,0.680994176504
1699,0.653007064302,0.669971564034
1700,0.65584384397,0.674604491237
1701,0.652156458517,0.67057574881
1702,0.64733206126,0.66531670093
1703,0.643254994743,0.66115543298
1704,0.639220076248,0.657013526126
1705,0.635142440316,0.652801824146
1706,0.63126360443,0.64877408275
1707,0.627010400286,0.64424918118
1708,0.622523513549,0.639415999855
1709,0.61722565886,0.633575025359
1710,0.612045605995,0.627903767444
1711,0.606908584396,0.622331036573
1712,0.601289527472,0.616339678797
1713,0.596741419739,0.611758074824
1714,0.59306113193,0.608205176199
1715,0.589189938947,0.604399845676
1716,0.585780884193,0.601122508502
1717,0.582520739755,0.597970210188
1718,0.578631709254,0.594015512901
1719,0.574332914739,0.589593879067
1720,0.56973124697,0.584861674799
1721,0.564407643453,0.579241597928
1722,0.559086153484,0.573601321103
1723,0.553797723312,0.568061764908
1724,0.548710340376,0.562698632718
1725,0.543323064085,0.556868703639
1726,0.537824791611,0.550812187324
1727,0.532091888283,0.544413261571
1728,0.526692428577,0.538448153319
1729,0.521531122424,0.532749350206
1730,0.516311575556,0.527026390725
1731,0.510865001936,0.521081590276
1732,0.505736068327,0.515498873496
1733,0.501108728574,0.510459213129
1734,0.496109281965,0.505056012701
1735,0.49200472913,0.500737607483
1736,0.489103114669,0.497943683849
1737,0.487386963819,0.49656399112
1738,0.485867752316,0.495333699298
1739,0.484441100961,0.494102009604
1740,0.482438348601,0.492159953486
1741,0.48052412999,0.490219583879
1742,0.481461945716,0.490998300227
1743,0.475222773397,0.48441719562
1744,0.472804596247,0.481810285719
1745,0.471125071661,0.480119904104
1746,0.469980465568,0.478986055339
1747,0.469186761283,0.478225567928
1748,0.468875734458,0.478013909814
1749,0.469153994257,0.478468756793
1750,0.46963927674,0.479126907518
1751,0.47032829911,0.479928254918
1752,0.470798403599,0.480490548225
1753,0.470334240363,0.479935175656
1754,0.469650678497,0.479136632218
1755,0.469135098378,0.478451071971
1756,0.4689004642,0.478038281231
1757,0.469237360189,0.478271102393
1758,0.471074446106,0.480119020801
1759,0.471241480035,0.480232373048
1760,0.47280952815,0.481817571271
1761,0.475198000173,0.484360753844
1762,0.477855375657,0.487290330904
1763,0.480858597677,0.49050425463
1764,0.483351141115,0.493088896971
1765,0.484360680121,0.494019116327
1766,0.48588694042,0.495354075648
1767,0.491557271315,0.500846332719
1768,0.489985859044,0.499002369535
1769,0.491949499624,0.500682314694
1770,0.496187953455,0.505138902327
1771,0.501042507573,0.510397158366
1772,0.505848453219,0.51561446468
1773,0.510950444987,0.521169153326
1774,0.516369964922,0.527081677561
1775,0.521518670431,0.53273826692
1776,0.526629238489,0.538364239207
1777,0.532057284409,0.544378189055
1778,0.537815663937,0.550800358923
1779,0.543277848362,0.556827158816
1780,0.548644343899,0.562624255358
1781,0.553842640041,0.568107077605
1782,0.559027250207,0.57354563794
1783,0.564547634171,0.579387904093
1784,0.569703253878,0.584832486727
1785,0.574377829261,0.589632915466
1786,0.578675452279,0.594053259552
1787,0.582519761202,0.597967612513
1788,0.585860316688,0.601193181792
1789,0.589150888931,0.604362209893
1790,0.592941359412,0.608079621317
1791,0.596802511099,0.611817666513
1792,0.601269909896,0.616316525837
1793,0.606668144312,0.622092807389
1794,0.612095401243,0.627962871014
1795,0.617185583827,0.633527786016
1796,0.622527042454,0.639409919944
1797,0.627083233448,0.644320841104
1798,0.631304841385,0.648818660766
1799,0.635161774707,0.652824877846
1800,0.639153818088,0.656945938855
1801,0.643225305254,0.661126799044
1802,0.647276221812,0.665250227602
1803,0.652066587393,0.670481393269
1804,0.655764220821,0.67452613523
1805,0.653062681564,0.670043533666
1806,0.661716800557,0.680903634423
1807,0.664187807328,0.683418074743
1808,0.666442914514,0.685763287983
1809,0.669096645644,0.688559042988
1810,0.671755174161,0.691453602804
1811,0.675038018503,0.695070505387
1812,0.67814542776,0.6985216736
1813,0.679687067848,0.69997465783
1814,0.679826108385,0.69979315873
1815,0.679035614602,0.698493041958
1816,0.677859711241,0.696779203393
1817,0.677008235948,0.6954601733
1818,0.676959863539,0.695126116865
1819,0.677974438511,0.696281974945
1820,0.679138982042,0.697659978446
1821,0.679498761844,0.698077191134
1822,0.659595006071,0.677523262142
1823,0.659408466135,0.677311670403
1824,0.658836777038,0.676664786965
1825,0.657862522053,0.675523032959
1826,0.65797012796,0.675850516463
1827,0.658374539079,0.676608021657
1828,0.659525763624,0.678229301146
1829,0.660310449524,0.67946232306
1830,0.660684103312,0.680222089351
1831,0.659931277803,0.679649544821
1832,0.658257569931,0.677983735654
1833,0.655246700869,0.674631869247
1834,0.652345205199,0.671399273524
1835,0.649876888892,0.668755733382
1836,0.647625315524,0.666395114125
1837,0.645484824032,0.664214228051
1838,0.638510814626,0.655414939438
1839,0.639086873045,0.657132974228
1840,0.637602830586,0.655817971999
1841,0.633829108261,0.651676647662
1842,0.630188519256,0.647851441064
1843,0.626587192581,0.644191157469
1844,0.622835138409,0.640336734643
1845,0.619017264303,0.636324854843
1846,0.61511371422,0.63215218758
1847,0.610823475825,0.627514670262
1848,0.606431347984,0.62273637033
1849,0.601805891036,0.617693429894
1850,0.597168787722,0.612643638887
1851,0.591989952998,0.607004742855
1852,0.586908386975,0.601540378806
1853,0.582760754005,0.597299350476
1854,0.579255131132,0.593896046356
1855,0.575731116981,0.590379646366
1856,0.572518428212,0.587136265981
1857,0.569816724139,0.58461867296
1858,0.565895061415,0.580614244057
1859,0.562307637223,0.577009287576
1860,0.557818662278,0.572398849521
1861,0.553404358571,0.567833782496
1862,0.548805617679,0.563068152947
1863,0.544265412104,0.558357241876
1864,0.539102829613,0.552744345275
1865,0.534357195905,0.54761700331
1866,0.529501039577,0.542380927989
1867,0.523887606521,0.53610379644
1868,0.523550668071,0.535214198352
1869,0.512908016157,0.523856084951
1870,0.507322319814,0.517650306054
1871,0.502102392861,0.511915735146
1872,0.497509763746,0.506882427387
1873,0.49392060997,0.503069220483
1874,0.493911539774,0.502711086171
1875,0.486307037285,0.495032305859
1876,0.484559051798,0.493563515132
1877,0.483690051887,0.493106989394
1878,0.485925966349,0.495511925226
1879,0.480152379681,0.489776009651
1880,0.478349648515,0.487999457573
1881,0.476721452402,0.486323604298
1882,0.478133634532,0.487605597542
1883,0.472855732034,0.482343095503
1884,0.47105205395,0.480455507375
1885,0.469579515147,0.478871005728
1886,0.468155897198,0.477328670488
1887,0.467764065016,0.477035196958
1888,0.466180309738,0.475140326981
1889,0.467240615623,0.476645305368
1890,0.467504667225,0.476994905834
1891,0.467824587212,0.477367986006
1892,0.467840422992,0.477379525165
1893,0.467439739047,0.476923933889
1894,0.467273503692,0.476678645832
1895,0.466034041656,0.474971718199
1896,0.467704551522,0.476980741027
1897,0.468032913796,0.477170718465
1898,0.469533732384,0.478828961771
1899,0.47105138466,0.48045417381
1900,0.472858500292,0.482338192542
1901,0.474115331363,0.483519836284
1902,0.476397561103,0.486005264572
1903,0.480479856587,0.49018607829
1904,0.484268252,0.493988746524
1905,0.482201557498,0.491797793915
1906,0.487727484491,0.497107604632
1907,0.48562097432,0.494765561078
1908,0.486345054499,0.495071846483
1909,0.489315945295,0.498027257705
1910,0.493389134297,0.502392541514
1911,0.497481590865,0.506851317178
1912,0.50204505871,0.511858972737
1913,0.507322130716,0.517653452335
1914,0.51290716844,0.523848457035
1915,0.518080166643,0.529602027058
1916,0.523549154454,0.535711461404
1917,0.529425967535,0.542310696257
1918,0.534289852054,0.547554985203
1919,0.539109381812,0.552750929796
1920,0.544251874216,0.558345940254
1921,0.548826712112,0.563086485788
1922,0.553255584374,0.567677823402
1923,0.557686635234,0.572264616312
1924,0.562218490976,0.576924731267
1925,0.56599330887,0.580710932267
1926,0.569787362296,0.584589757663
1927,0.572339106003,0.586958433761
1928,0.575780101319,0.590431895266
1929,0.579399661528,0.594035443035
1930,0.582770131242,0.597311835516
1931,0.586878531141,0.601504693208
1932,0.592039733648,0.607065608281
1933,0.597066474083,0.612533354826
1934,0.601718146163,0.617606532956
1935,0.606404453717,0.622708003504
1936,0.610918722786,0.627616059056
1937,0.615086772512,0.632125889991
1938,0.618950283157,0.63626026911
1939,0.632402965399,0.650128062857
1940,0.627158706378,0.644900402592
1941,0.630191453342,0.647867363854
1942,0.633753087213,0.651590043769
1943,0.63751830973,0.655736104233
1944,0.638985769479,0.657024979638
1945,0.638530874021,0.655427775908
1946,0.645518868,0.664235107808
1947,0.647679951176,0.666455414198
1948,0.64991055863,0.668794646435
1949,0.65224357399,0.671289233952
1950,0.655229951855,0.674612551233
1951,0.658189880295,0.677921020354
1952,0.659923969738,0.679651404887
1953,0.660728821243,0.680274114368
1954,0.660253162338,0.679403053507
1955,0.659378868677,0.678068610437
1956,0.658407504805,0.676636512829
1957,0.658027256791,0.675902934193
1958,0.65783395885,0.675489793375
1959,0.658834069007,0.676657868706
1960,0.659411324293,0.677312040788
1961,0.410588311607,0.423725201946
1962,0.507131580939,0.523383847201
1963,0.619289248543,0.638308214535
1964,0.695248478808,0.716140467209
1965,0.641375232277,0.66110850012
1966,0.527999686747,0.544616201384
1967,0.417076332052,0.4305095933
1968,0.483638464156,0.499501556657
1969,0.596887330254,0.615944238378
1970,0.687573929113,0.70898360433
1971,0.653858029323,0.673668086983
1972,0.542773358246,0.559049319875
1973,0.426207010762,0.43894283708
1974,0.455246464625,0.470169622354
1975,0.570539579171,0.589236530816
1976,0.66342664558,0.683455517815
1977,0.654993474895,0.673893138273
1978,0.556083930274,0.57172408066
1979,0.441895189296,0.454227923206
1980,0.426879093091,0.439683771544
1981,0.536173919268,0.552597240129
1982,0.632777332297,0.650915083264
1983,0.650970695943,0.669259069303
1984,0.569340467408,0.585459399359
1985,0.462395241499,0.476541325862
1986,0.424145861096,0.435378676718
1987,0.500389131832,0.514400227385
1988,0.598064367468,0.614871686161
1989,0.638713436618,0.656680148108
1990,0.58057787568,0.59813095905
1991,0.477935315321,0.493134613794
1992,0.426347638726,0.436005175126
1993,0.484318594599,0.497994530774
1994,0.564751645406,0.580422318103
1995,0.613353726552,0.628994395332
1996,0.573982132303,0.589441992228
1997,0.4836959058,0.497814365394
1998,0.41860524858,0.427478276223
1999,0.474968803944,0.488315123144
2000,0.537477197842,0.55313278885
2001,0.593136165754,0.609343344859
2002,0.570350846828,0.586014700726
2003,0.48865860392,0.503102414017
2004,0.405176771659,0.415734133481
2005,0.464630115982,0.476364832504
2006,0.52407747433,0.539083532097
2007,0.566695277449,0.582212752462
2008,0.558360196916,0.573452731852
2009,0.486417922371,0.499839092592
2010,0.409671247574,0.420087957504
2011,0.462958101329,0.472153926112
2012,0.485981243633,0.497898012509
2013,0.527808178714,0.539867037112
2014,0.532704489182,0.54435592999
2015,0.479164966521,0.49035726188
2016,0.424130784451,0.433325041284
2017,0.441861041082,0.450178344061
2018,0.466074799091,0.476005872594
2019,0.495573433545,0.504928059674
2020,0.506230686891,0.515271241681
2021,0.469888200304,0.479923922508
2022,0.418365173429,0.427699914386
2023,0.443512095237,0.451063404757
2024,0.449660568061,0.45805196557
2025,0.471211020365,0.479432077883
2026,0.485760095275,0.494113678759
2027,0.467627375187,0.478064925939
2028,0.426375918561,0.435679117098
2029,0.415646837379,0.421799597755
2030,0.456735317104,0.465561053716
2031,0.464028679383,0.473130936454
2032,0.477506884085,0.486298328319
2033,0.458010692583,0.467213009008
2034,0.41832261686,0.427707626203
2035,0.415904805337,0.422310723066
2036,0.443140051788,0.451807836939
2037,0.453787291245,0.463381563884
2038,0.470447545235,0.479711148865
2039,0.455424748368,0.464810015278
2040,0.432607423881,0.441445247339
2041,0.413796173792,0.420144229902
2042,0.435076038404,0.443539891031
2043,0.451751673117,0.460995653818
2044,0.469624246632,0.479036104018
2045,0.451766685974,0.46100714964
2046,0.435125666982,0.443586691537
2047,0.413807875778,0.420156302091
2048,0.432608155179,0.441446934833
2049,0.45187848553,0.461107768887
2050,0.4704342114,0.479699198445
2051,0.457041253808,0.466696892542
2052,0.443099539707,0.45176728818
2053,0.415989134586,0.422396287029
2054,0.418324042938,0.427705508647
2055,0.455719111918,0.464902606121
2056,0.47623096818,0.484949870893
2057,0.471721497998,0.481047065572
2058,0.457451647385,0.466470259259
2059,0.430878768806,0.437558859471
2060,0.419514480155,0.428833074995
2061,0.466540873585,0.476781256603
2062,0.486554279685,0.494777563243
2063,0.475020759912,0.483318735338
2064,0.450396805075,0.459005150958
2065,0.424515212904,0.431416389387
2066,0.418328955018,0.427661147935
2067,0.469850549577,0.479893432493
2068,0.506341156651,0.515387307177
2069,0.495711243883,0.505074700713
2070,0.466088097728,0.476014445287
2071,0.441860359152,0.45018508104
2072,0.413984267428,0.423033595489
2073,0.479164944811,0.490345939413
2074,0.53262929418,0.54427814323
2075,0.527895185179,0.539951219718
2076,0.48609173142,0.498007679169
2077,0.462896106943,0.472090879591
2078,0.409575492167,0.419989842347
2079,0.48651368858,0.499925424586
2080,0.558238283144,0.573334432818
2081,0.566637870865,0.582158902972
2082,0.511980388751,0.526541746211
2083,0.46458716623,0.476326658217
2084,0.405168521697,0.415734141904
2085,0.488740996174,0.503183736718
2086,0.570472972467,0.586144428248
2087,0.593138291029,0.609343725922
2088,0.537397443519,0.553055099347
2089,0.46510105833,0.47817816243
2090,0.418596928504,0.427460395582
2091,0.483749552251,0.497862271714
2092,0.573922536438,0.589377553527
2093,0.61333324925,0.628968036701
2094,0.564768634769,0.580434514879
2095,0.484334185774,0.498017222351
2096,0.426341626533,0.435994745305
2097,0.47792237871,0.493114699503
2098,0.580477918724,0.598050541495
2099,0.638763345268,0.656737884881
2100,0.598255723807,0.61506781473
2101,0.509788581511,0.524169478074
2102,0.414174944033,0.425646166531
2103,0.460856930301,0.474686845337
2104,0.569412600463,0.585537751937
2105,0.65116201939,0.669459368878
2106,0.632710546717,0.650847482369
2107,0.536053700894,0.552472072159
2108,0.426913366064,0.439729369736
2109,0.441961306068,0.454286915748
2110,0.556109103526,0.571740565928
2111,0.654970043021,0.673860947806
2112,0.663301468532,0.683333569055
2113,0.570755167418,0.589474407779
2114,0.455169105055,0.470105672245
2115,0.426252029961,0.439000008633
2116,0.542758961459,0.559029442488
2117,0.653819424491,0.673634976873
2118,0.687715463324,0.709107425913
2119,0.596801604564,0.615857612074
2120,0.483672027917,0.499538637553
2121,0.417004347776,0.430441618164
2122,0.528040537978,0.544655658613
2123,0.641350563645,0.66108558039
2124,0.695248852301,0.716133173353
2125,0.619294882851,0.638311921379
2126,0.507111060094,0.523354372506
2127,0.691580504524,0.712984596198
2128,0.689745230085,0.711000268154
2129,0.687841584475,0.708776068639
2130,0.687608707288,0.708484438637
2131,0.686866009313,0.707690122072
2132,0.687927394893,0.708929915479
2133,0.688694439554,0.710036145084
2134,0.687724065424,0.709280898021
2135,0.686678890325,0.708379805815
2136,0.687078106035,0.709004069522
2137,0.686738689842,0.708873812164
2138,0.685624798833,0.707620468132
2139,0.683091520318,0.704870422369
2140,0.678901743786,0.700308598849
2141,0.673413957544,0.694173618404
2142,0.671575204257,0.692208636442
2143,0.670548382774,0.69125647731
2144,0.668925727225,0.689611192231
2145,0.668758996075,0.689471325638
2146,0.655373896689,0.672818766647
2147,0.657538442998,0.677303851523
2148,0.654437376765,0.673804688517
2149,0.652037660245,0.67113857248
2150,0.648566302711,0.667410195048
2151,0.66438916975,0.684272694345
2152,0.644494334942,0.663296724479
2153,0.636055334159,0.654505475741
2154,0.632656209996,0.651011504657
2155,0.631515028017,0.64996729019
2156,0.628113519935,0.646440363298
2157,0.651816335852,0.672397161126
2158,0.630027733913,0.648506182621
2159,0.614282377065,0.631625868923
2160,0.608660119063,0.625413660001
2161,0.606495818072,0.623082303936
2162,0.602932550917,0.619434951927
2163,0.627556689134,0.64694053618
2164,0.61350631823,0.631588845994
2165,0.592276477277,0.608974931519
2166,0.58746531535,0.604092387271
2167,0.585961537499,0.60267377443
2168,0.583015835924,0.599826890693
2169,0.592595354597,0.610062779929
2170,0.592375595475,0.609707656238
2171,0.57556447629,0.592057048879
2172,0.564382868679,0.580356444933
2173,0.561803201372,0.577769510327
2174,0.558528516806,0.574569379996
2175,0.560901035526,0.576495763964
2176,0.562467984769,0.577412363144
2177,0.545677496295,0.560066391472
2178,0.533387130484,0.546902038278
2179,0.529373172464,0.542391588311
2180,0.525026948117,0.537615828898
2181,0.528658639603,0.540557462747
2182,0.528357892289,0.539589583882
2183,0.516482642158,0.527391837769
2184,0.50400306286,0.514274769741
2185,0.500303948122,0.51027740947
2186,0.49651239706,0.506180079947
2187,0.499482001701,0.50855619307
2188,0.499353323021,0.507840506292
2189,0.491609343698,0.499895725737
2190,0.479911225912,0.488217083091
2191,0.476688222623,0.485220686414
2192,0.476769896457,0.485572540772
2193,0.481491508943,0.490388150602
2194,0.48527830712,0.494230420987
2195,0.483387844237,0.492575051499
2196,0.47492873428,0.484523601356
2197,0.470407365659,0.480204037192
2198,0.469759982386,0.479918059757
2199,0.469757659474,0.479911022225
2200,0.471470494681,0.481243550842
2201,0.476767364466,0.486320253144
2202,0.483468329728,0.492652241304
2203,0.485202257698,0.494146723474
2204,0.481080633181,0.489990253344
2205,0.475561512245,0.484377462245
2206,0.476995866556,0.485519444133
2207,0.481185388518,0.489469923292
2208,0.491603299975,0.499889079269
2209,0.499296176343,0.507776589589
2210,0.499481886423,0.508554991344
2211,0.49655651568,0.506228571994
2212,0.500218733169,0.510176985002
2213,0.503945398839,0.514231771692
2214,0.516392532776,0.527294831889
2215,0.52847131177,0.539694615478
2216,0.52870093262,0.540593530321
2217,0.525017808566,0.537602894661
2218,0.529404227082,0.54242156953
2219,0.53330831949,0.546819919054
2220,0.545663818876,0.560051393055
2221,0.56261097961,0.57755872412
2222,0.560899991618,0.576500371902
2223,0.558603776877,0.574655744435
2224,0.561837847738,0.577802261095
2225,0.564360862964,0.580337228705
2226,0.572053038348,0.588428652729
2227,0.592109281282,0.609362008103
2228,0.592690788615,0.610153857239
2229,0.583049981368,0.59986855866
2230,0.58593320463,0.602640991603
2231,0.587466860234,0.604086919891
2232,0.592140197253,0.608825461714
2233,0.609420215758,0.627130123597
2234,0.627730485775,0.64712777553
2235,0.603027073668,0.619540306297
2236,0.606584345034,0.623172660245
2237,0.608687695236,0.625438452709
2238,0.614283937131,0.631628974288
2239,0.629996897596,0.648489049149
2240,0.651827562436,0.672398217529
2241,0.62803679888,0.646361594771
2242,0.631425400272,0.649870187692
2243,0.632582457449,0.650928630806
2244,0.637338085228,0.655915501631
2245,0.643500480014,0.662277726493
2246,0.659275880535,0.678887416559
2247,0.648561745556,0.66742128969
2248,0.652146788965,0.671249859444
2249,0.654344619537,0.673715134144
2250,0.657592696784,0.67737074189
2251,0.655388240221,0.67282958475
2252,0.668649952417,0.689359400399
2253,0.669037510506,0.689735920467
2254,0.670497117052,0.691206676178
2255,0.671685766036,0.692323433722
2256,0.673368866305,0.694131325998
2257,0.678929315851,0.700336928281
2258,0.683147617264,0.7049186962
2259,0.685680202401,0.707673852851
2260,0.686738659344,0.708869183105
2261,0.687131139695,0.709068189962
2262,0.68657863888,0.708288751387
2263,0.687891673263,0.709446171156
2264,0.688679693965,0.710019490784
2265,0.687976886773,0.708974464593
2266,0.686816199554,0.707639021488
2267,0.687468101747,0.708317241963
2268,0.687716704459,0.708642725471
2269,0.689766394539,0.711029880543
2270,0.691634318224,0.713042524878
2271,0.658367555139,0.676940060739
2272,0.658261530062,0.676807316332
2273,0.657568244702,0.675957849127
2274,0.656903997958,0.675136103945
2275,0.656093583219,0.674185735723
2276,0.65561061801,0.673678421821
2277,0.656343364254,0.67472698935
2278,0.657064983761,0.675801635842
2279,0.657774809575,0.67691991278
2280,0.657883935693,0.677347601596
2281,0.657373507382,0.677038464136
2282,0.656075391911,0.675796654496
2283,0.653393471422,0.672853283695
2284,0.650772278197,0.669962662735
2285,0.648432421748,0.667425780045
2286,0.646576579193,0.665458555904
2287,0.644725823764,0.663533883431
2288,0.642748049004,0.661493949509
2289,0.641077206482,0.659816155249
2290,0.645217862638,0.663327205958
2291,0.63694939053,0.65553690853
2292,0.633969779371,0.652270834615
2293,0.630321888039,0.648201364243
2294,0.626072720036,0.643510015385
2295,0.622712555929,0.64003754652
2296,0.647423608608,0.666120560852
2297,0.616292797954,0.633480564441
2298,0.613301770812,0.630416935594
2299,0.610302337045,0.627297976277
2300,0.607076205459,0.62387512935
2301,0.603485768263,0.620044577343
2302,0.623312777774,0.64071950645
2303,0.611880158384,0.62828183936
2304,0.590721036799,0.606113548668
2305,0.58608120587,0.601063870094
2306,0.58227384214,0.597106944411
2307,0.578789313263,0.59364458541
2308,0.596500064143,0.612353780946
2309,0.593033639578,0.609000072599
2310,0.569801504629,0.585022379406
2311,0.567261330235,0.582585930511
2312,0.564547666768,0.579911783158
2313,0.561415617002,0.576725011112
2314,0.576349165819,0.59245657291
2315,0.5722010814,0.58816591403
2316,0.562824048998,0.578275321829
2317,0.546764679259,0.56162471997
2318,0.542622837344,0.55729509073
2319,0.538237724469,0.552634061454
2320,0.548885214269,0.563841628934
2321,0.54461076018,0.559366851375
2322,0.534497833246,0.548312958251
2323,0.519167400166,0.531867616686
2324,0.51419097769,0.526307906233
2325,0.50959894226,0.521207020703
2326,0.517865390745,0.529935711838
2327,0.512431594214,0.523913181153
2328,0.507396812911,0.518456759265
2329,0.492191710665,0.502179725094
2330,0.491849109309,0.501402551217
2331,0.483063316705,0.492099566216
2332,0.487616646603,0.496739607828
2333,0.483037951994,0.491750110461
2334,0.491363266265,0.5029035185
2335,0.491402693712,0.50295738016
2336,0.483024342199,0.49172930262
2337,0.487689304925,0.496818583628
2338,0.487503009393,0.496654788035
2339,0.487636346759,0.497186138617
2340,0.496559128662,0.506577474151
2341,0.508088283023,0.519270910695
2342,0.512598455749,0.524125457271
2343,0.517781508299,0.529840873783
2344,0.509634756369,0.521245737586
2345,0.514033538443,0.526105223846
2346,0.519015898057,0.531660143283
2347,0.534568742084,0.548380917769
2348,0.54444176854,0.559163452405
2349,0.549025735362,0.564004896617
2350,0.538146604946,0.552530804296
2351,0.542564998238,0.55722404073
2352,0.546641516581,0.561509405866
2353,0.555458751392,0.570603377612
2354,0.572271029813,0.588236758366
2355,0.576414033406,0.592518153066
2356,0.561365073196,0.5766869897
2357,0.564463206173,0.579822678462
2358,0.567334480156,0.582657777227
2359,0.569728130054,0.584947494583
2360,0.592188559572,0.608038951442
2361,0.596520367654,0.612336082523
2362,0.578775650897,0.593605599707
2363,0.582137131609,0.596970580974
2364,0.586340908088,0.601370330836
2365,0.590806906791,0.606235638151
2366,0.611936552434,0.628358892931
2367,0.623276362405,0.640682642413
2368,0.603434643157,0.619997422254
2369,0.607088263073,0.623889600221
2370,0.610371073208,0.627364352851
2371,0.613391080911,0.630514177599
2372,0.616306822691,0.633490311951
2373,0.647540972721,0.666234841787
2374,0.622839426697,0.640157100321
2375,0.626025175842,0.643465010298
2376,0.630201747225,0.648076961102
2377,0.633890645416,0.652187373609
2378,0.636790703864,0.655380805639
2379,0.645246905512,0.663358419863
2380,0.641145695866,0.659876422434
2381,0.642883037973,0.661632053896
2382,0.644791501403,0.663595246936
2383,0.646588293921,0.665478921143
2384,0.64845380037,0.667454535765
2385,0.65078761234,0.669980049233
2386,0.653395561698,0.672846071843
2387,0.655950332808,0.675664924832
2388,0.657230166017,0.676911565348
2389,0.657893175479,0.677364084339
2390,0.657747709645,0.676898365475
2391,0.656949263482,0.675691343282
2392,0.656210895355,0.674587536138
2393,0.655567015663,0.673635602849
2394,0.656175374187,0.674272352344
2395,0.656823526903,0.675058793887
2396,0.657493935327,0.675889818401
2397,0.658262935127,0.67679905843
2398,0.593284889948,0.610625618718
2399,0.59300096578,0.610332160494
2400,0.592487333334,0.609698404923
2401,0.591986351181,0.609092635023
2402,0.600174499981,0.617372884127
2403,0.600345711582,0.617710417341
2404,0.5917861748,0.609212930352
2405,0.591786916066,0.609432228555
2406,0.591506759394,0.609330358605
2407,0.591228395232,0.609188350379
2408,0.590231893378,0.608239093155
2409,0.588572467884,0.60645228855
2410,0.586119820837,0.603664140226
2411,0.584507242454,0.601855701026
2412,0.592098218742,0.609525704633
2413,0.590285519044,0.607575465353
2414,0.580700599768,0.597833593514
2415,0.587778861676,0.60500629292
2416,0.578312832205,0.595448586967
2417,0.581258161047,0.59709852918
2418,0.57473057428,0.591591442275
2419,0.572534130103,0.58914534463
2420,0.571827080952,0.588648257239
2421,0.595255871207,0.612158384526
2422,0.573606591419,0.589948289162
2423,0.563406215218,0.579591840113
2424,0.561330257037,0.577493159898
2425,0.55910217367,0.575105592562
2426,0.5567608436,0.572544824932
2427,0.554241598625,0.569819358846
2428,0.558999924629,0.574406541431
2429,0.548383446575,0.563355725414
2430,0.552753322089,0.567526847768
2431,0.542022788701,0.556346695581
2432,0.538963461804,0.553037979168
2433,0.536467107258,0.550533042489
2434,0.541095558594,0.555279037378
2435,0.538825539032,0.553086130424
2436,0.5363169089,0.550609886371
2437,0.52783402566,0.542101405721
2438,0.532196455638,0.54660176186
2439,0.529739764524,0.544111105162
2440,0.527184177322,0.541487140129
2441,0.524284006652,0.538500035086
2442,0.521128066439,0.535206877876
2443,0.517803491043,0.531689672491
2444,0.527071421554,0.540916980817
2445,0.523232136505,0.536739595919
2446,0.519059899309,0.532277842307
2447,0.503721915414,0.516400515709
2448,0.511569508269,0.524134992345
2449,0.496824634325,0.508767861822
2450,0.505679422341,0.517907524034
2451,0.501234046398,0.512932099143
2452,0.496977551161,0.508196002143
2453,0.492304647001,0.502928045422
2454,0.483234220163,0.494522049982
2455,0.492983169863,0.504508483872
2456,0.492929388444,0.503705731864
2457,0.497042339937,0.508262860394
2458,0.490553478198,0.502016364227
2459,0.494122931465,0.506016661107
2460,0.496567929719,0.50850829336
2461,0.499923082081,0.512273862722
2462,0.515382266744,0.528332885173
2463,0.507102341264,0.520055705164
2464,0.51013521434,0.523341514023
2465,0.51384653456,0.527399445355
2466,0.517650345393,0.531516331267
2467,0.521182923327,0.535264478495
2468,0.518012066773,0.532110555115
2469,0.520533886875,0.534709472987
2470,0.529535554581,0.543887793385
2471,0.532172126149,0.54657868178
2472,0.527671916317,0.541936269838
2473,0.529579526287,0.543782095559
2474,0.53180707272,0.545972369977
2475,0.540795931216,0.55497691987
2476,0.543429601184,0.557543698781
2477,0.546553962059,0.560811424543
2478,0.549918767145,0.564428419652
2479,0.545197638623,0.559819051811
2480,0.548183415802,0.563137130135
2481,0.559062211133,0.574466723813
2482,0.561983718105,0.577692686159
2483,0.556984050407,0.572826237291
2484,0.567122198296,0.583258420043
2485,0.561971771522,0.578232858043
2486,0.571482873378,0.587822274968
2487,0.574250924411,0.590759513045
2488,0.595258865073,0.612151583062
2489,0.57194922908,0.588765779028
2490,0.572580023735,0.589199745994
2491,0.574768598935,0.591636599705
2492,0.581170341899,0.597014871461
2493,0.578287888077,0.595419749059
2494,0.579043100735,0.596076660367
2495,0.580284116009,0.597332648376
2496,0.581623596655,0.598718158443
2497,0.582783116122,0.599947482481
2498,0.613314229291,0.631250360963
2499,0.595837445748,0.613691060916
2500,0.588649196067,0.606556182077
2501,0.590260000787,0.608268110365
2502,0.600214922654,0.61836678423
2503,0.591624362186,0.609443434887
2504,0.591708235483,0.609344317596
2505,0.600416181964,0.618020957198
2506,0.591417843778,0.608617644244
2507,0.591282638027,0.608332258433
2508,0.591876721951,0.608976397354
2509,0.592579911554,0.609802448468
2510,0.593024600477,0.610357182323
2511,0.593147661876,0.610495662309
2512,0.575298426147,0.592031082868
2513,0.575299894264,0.592032807373
2514,0.575131452091,0.591826515988
2515,0.574668136101,0.591263052881
2516,0.574359255862,0.590905433462
2517,0.575379959896,0.592232833934
2518,0.57503518816,0.591945966568
2519,0.574722025659,0.591659827126
2520,0.574879773787,0.591996982185
2521,0.574713470723,0.591988280328
2522,0.574164748778,0.591533915885
2523,0.57321858758,0.590628233441
2524,0.57154442773,0.588780276562
2525,0.569367574382,0.586305328507
2526,0.567870725222,0.584589433647
2527,0.567252698482,0.584031694515
2528,0.573554928367,0.590375721901
2529,0.564090748697,0.580645113087
2530,0.56303683103,0.57961289621
2531,0.562072350673,0.578695814815
2532,0.568180863675,0.584851404092
2533,0.558464968414,0.574783423113
2534,0.557098009862,0.57337929763
2535,0.562637237193,0.578797887404
2536,0.553169396529,0.569274357397
2537,0.557822670512,0.573893364245
2538,0.548514848666,0.56444130362
2539,0.553572048605,0.569439321336
2540,0.551109060186,0.566755777813
2541,0.54851909052,0.563895965362
2542,0.540215688995,0.555442658424
2543,0.559414114507,0.574533287944
2544,0.541939056936,0.556745917254
2545,0.538300747751,0.552708525293
2546,0.550083074096,0.564359833846
2547,0.531899875871,0.545697733148
2548,0.523767501255,0.537512298453
2549,0.541640163801,0.555536230951
2550,0.518136798005,0.531462162521
2551,0.520953771021,0.533927913846
2552,0.532431517864,0.545627223825
2553,0.51289012624,0.526359892385
2554,0.529540195949,0.543278697836
2555,0.515293841871,0.529169317009
2556,0.512527967477,0.526295208813
2557,0.503848392067,0.517367206944
2558,0.501666762259,0.515052559594
2559,0.498572678342,0.511701177791
2560,0.495954148527,0.508890570517
2561,0.508809843067,0.521845105126
2562,0.494761618273,0.507326812822
2563,0.491223409143,0.503493607845
2564,0.489781574535,0.501931276089
2565,0.50002486126,0.512358737587
2566,0.502716117511,0.515240411605
2567,0.506021373007,0.518851673918
2568,0.498111590433,0.510935791457
2569,0.500243886762,0.513259409501
2570,0.515102610892,0.52851664786
2571,0.506453505644,0.519878436231
2572,0.503801960539,0.51729797773
2573,0.512556237664,0.52631835894
2574,0.508707519854,0.522397932703
2575,0.509697445692,0.523042887194
2576,0.518545759791,0.532086775685
2577,0.512857209094,0.525759935883
2578,0.534108760617,0.547274207243
2579,0.524015397144,0.537310656987
2580,0.526573326936,0.540083806939
2581,0.54469211239,0.558687716464
2582,0.547937902592,0.56216410591
2583,0.536603478804,0.550930556676
2584,0.5391889521,0.553758463119
2585,0.540955048591,0.55559834674
2586,0.543515839755,0.558410272129
2587,0.563228730245,0.578786639375
2588,0.542680395358,0.558143806286
2589,0.543710489879,0.559193157325
2590,0.546489414501,0.562255717085
2591,0.555661307993,0.571666831331
2592,0.551081970604,0.567168922525
2593,0.56020901239,0.576330552049
2594,0.563247989525,0.579586565375
2595,0.564966037215,0.581428577023
2596,0.559043564199,0.575511928224
2597,0.568161104721,0.584842921002
2598,0.562190654503,0.578811509065
2599,0.562863302569,0.579406361134
2600,0.571978526653,0.588703269857
2601,0.565529778072,0.582177856161
2602,0.566484561245,0.583117789818
2603,0.576871588058,0.594009244585
2604,0.570376017365,0.587449417802
2605,0.571692563456,0.588935007305
2606,0.57310192901,0.590488656563
2607,0.582938522893,0.600632453107
2608,0.574818924206,0.592085682483
2609,0.574814710257,0.591948129009
2610,0.575367054481,0.592481589458
2611,0.574554737071,0.591339796452
2612,0.574254306596,0.590837977294
2613,0.574068848787,0.590514214849
2614,0.574796050219,0.591377931831
2615,0.575077173313,0.591768983788
2616,0.575387937151,0.592122844376
2617,0.48920601716,0.505110445581
2618,0.549836325638,0.568283006821
2619,0.628504559908,0.649484455052
2620,0.698000295149,0.721361049468
2621,0.696380839,0.719684782722
2622,0.629173607009,0.650163570494
2623,0.547277937033,0.565368542519
2624,0.488166469726,0.503999040696
2625,0.549044501465,0.567517845853
2626,0.626553814849,0.647559547953
2627,0.69480107679,0.718157616809
2628,0.686926999365,0.70956660644
2629,0.618772097841,0.63882800993
2630,0.536925517619,0.553857106809
2631,0.481616446335,0.496562278676
2632,0.543807224318,0.56183401781
2633,0.619588672434,0.640127604294
2634,0.684380975798,0.70640075136
2635,0.673706882119,0.694781408606
2636,0.609140476058,0.627519662235
2637,0.524162372211,0.539091460807
2638,0.479965692815,0.494170595271
2639,0.535223954521,0.552265905747
2640,0.613074507717,0.631950015712
2641,0.663436646052,0.68331720992
2642,0.651705050216,0.670913183275
2643,0.588267133503,0.605244829848
2644,0.530966824434,0.547473881776
2645,0.554317269575,0.569450015632
2646,0.533313134718,0.548912015534
2647,0.590054484117,0.607227404554
2648,0.6453132897,0.664438625511
2649,0.635444739256,0.654644585134
2650,0.581655256235,0.599788996248
2651,0.519444219696,0.535787217863
2652,0.547037707167,0.56211457797
2653,0.56915035043,0.586248342472
2654,0.583292092422,0.600854198632
2655,0.628830678899,0.647711336348
2656,0.614300941738,0.632977710499
2657,0.570608341645,0.587852720863
2658,0.502668469016,0.517564466159
2659,0.534123062031,0.5482653698
2660,0.531897851562,0.547503653201
2661,0.564387695208,0.581248687407
2662,0.604227671964,0.622211586948
2663,0.590471699755,0.608206618054
2664,0.549450714343,0.565782109124
2665,0.480907669832,0.495140250221
2666,0.571253161842,0.586770242826
2667,0.518171065156,0.532650834132
2668,0.548579151875,0.564594474262
2669,0.576280158041,0.592871958927
2670,0.563509121676,0.579714147084
2671,0.518192237134,0.533077530205
2672,0.521595653941,0.53656167607
2673,0.563609490583,0.579837900207
2674,0.576224797548,0.592803654551
2675,0.546626555624,0.562499267073
2676,0.508140293072,0.52223039617
2677,0.519237789498,0.532341818456
2678,0.488359836275,0.502721793058
2679,0.538472288714,0.554592266193
2680,0.590784392868,0.608210338393
2681,0.602483356013,0.620447952242
2682,0.5670122221,0.583942205987
2683,0.533644734802,0.549215742997
2684,0.593780941702,0.610663874659
2685,0.520080608697,0.535600017316
2686,0.563515079519,0.580723000852
2687,0.615406530979,0.633987017345
2688,0.625571996822,0.644211465946
2689,0.58361381967,0.601172628358
2690,0.525369591397,0.540944183655
2691,0.559303624913,0.57549905649
2692,0.509459046279,0.525397301973
2693,0.577257466356,0.59525416463
2694,0.637068505926,0.656475442862
2695,0.644249708048,0.663289626387
2696,0.598172851989,0.61573092049
2697,0.522857865417,0.538148896849
2698,0.578959180507,0.594819829203
2699,0.530984361416,0.547486178711
2700,0.593186288822,0.610324919161
2701,0.651690329777,0.670911036902
2702,0.663285054199,0.683163090125
2703,0.612904288678,0.631769886743
2704,0.535287325623,0.552318376639
2705,0.490002721923,0.50433764969
2706,0.535500012527,0.551043886138
2707,0.603670252958,0.621810975514
2708,0.669426442991,0.690118443338
2709,0.679581251601,0.701180117095
2710,0.631027948358,0.652328716206
2711,0.544854254893,0.562983713709
2712,0.486123999913,0.501150436867
2713,0.537206521597,0.554171256273
2714,0.624720608388,0.645090396201
2715,0.691720822202,0.714786078114
2716,0.694672304536,0.718028658987
2717,0.626514745467,0.647505728118
2718,0.549831003881,0.568354388709
2719,0.48818762466,0.504028531827
2720,0.546740379048,0.564796250817
2721,0.627004641416,0.64785233412
2722,0.696371577239,0.719669580469
2723,0.698075766115,0.721438765453
2724,0.628407040442,0.649380471125
2725,0.549745431577,0.56818457631
2726,0.666018779167,0.685604833265
2727,0.663136480314,0.682472078321
2728,0.658883995713,0.677751755158
2729,0.656009718972,0.674497080425
2730,0.657496032203,0.676068650781
2731,0.659368162351,0.678006333285
2732,0.661159280485,0.680004768425
2733,0.661696786548,0.68085180627
2734,0.659698452948,0.679016633287
2735,0.657189982821,0.676673018905
2736,0.655857976419,0.675446949894
2737,0.658814637191,0.678935290634
2738,0.660359959715,0.680709705579
2739,0.661237556884,0.681773919213
2740,0.659332408899,0.679748742861
2741,0.65458672463,0.674662780831
2742,0.648307958251,0.667732776973
2743,0.64628001771,0.66552565621
2744,0.65038153044,0.670143339968
2745,0.648978452951,0.668748892619
2746,0.650711010532,0.670708724411
2747,0.647556436465,0.667481935854
2748,0.641148105369,0.660630166157
2749,0.638415683234,0.6575557408
2750,0.63215803843,0.650699368413
2751,0.632364566242,0.650862943334
2752,0.630991021865,0.649268141886
2753,0.644622388619,0.663805918215
2754,0.62730769097,0.645278033668
2755,0.61940211794,0.637000582367
2756,0.612001925538,0.629160303042
2757,0.613619326111,0.630990491321
2758,0.612234654093,0.629718831539
2759,0.609319758964,0.626683593927
2760,0.627430949697,0.646690064533
2761,0.611039097279,0.628652060656
2762,0.599674939801,0.616413505773
2763,0.593093187744,0.609345733143
2764,0.59049595998,0.606427883288
2765,0.587579984711,0.603306289221
2766,0.583216181033,0.598534755081
2767,0.604572521246,0.622680787301
2768,0.579251802961,0.594943786645
2769,0.575679303026,0.591438379488
2770,0.568696179453,0.584376828466
2771,0.569805410027,0.585675884604
2772,0.568818759404,0.584993515156
2773,0.566362860272,0.582620890763
2774,0.581438067812,0.598877062654
2775,0.567779284253,0.584302602091
2776,0.567317726066,0.583827415106
2777,0.581641139777,0.599069460204
2778,0.566477777309,0.582738155055
2779,0.56824286926,0.584343673494
2780,0.571125474879,0.587178209227
2781,0.570992713616,0.586762980051
2782,0.57478617665,0.590543547455
2783,0.586636192967,0.603075770913
2784,0.60456943677,0.622722596534
2785,0.583186594853,0.598495636931
2786,0.587527625756,0.603260694747
2787,0.59039871469,0.606312114075
2788,0.592936875092,0.609173076223
2789,0.597549151724,0.614149781563
2790,0.604119768192,0.621121346119
2791,0.620789666537,0.639395908508
2792,0.609095563553,0.62644975537
2793,0.610987003607,0.628421086712
2794,0.610099270041,0.627242605671
2795,0.615093088444,0.632454920298
2796,0.617876078695,0.635358498938
2797,0.627564848154,0.645561494731
2798,0.644518518761,0.663682193132
2799,0.630886957559,0.649151758991
2800,0.634280901834,0.652916929179
2801,0.632072170837,0.650607594177
2802,0.638439645091,0.657573614489
2803,0.6412762433,0.660767487714
2804,0.648793032301,0.668832795536
2805,0.65330646816,0.673433871321
2806,0.649578472249,0.669428516714
2807,0.647944989398,0.66750826463
2808,0.646293835772,0.665549190494
2809,0.651908074056,0.671604788116
2810,0.654490656989,0.674554573938
2811,0.660427606859,0.681003720598
2812,0.662911781417,0.683534858354
2813,0.660631409376,0.681055595685
2814,0.661538700802,0.681872274211
2815,0.656000010575,0.67559354084
2816,0.657178947426,0.676664439725
2817,0.659806867555,0.679137246567
2818,0.661722336845,0.680890091355
2819,0.661140060313,0.679986681944
2820,0.659267613582,0.677891778635
2821,0.657400905821,0.675976107978
2822,0.656008992072,0.674502646448
2823,0.65886314412,0.677730058066
2824,0.663213832278,0.682553985213
2825,0.666109925202,0.685696506953
2826,0.522506021365,0.538753859794
2827,0.528732965565,0.545084096524
2828,0.542941131507,0.559447825106
2829,0.521630978807,0.537686903908
2830,0.542243877552,0.558599878879
2831,0.559044074935,0.575589259657
2832,0.526801664902,0.54275998439
2833,0.520522165462,0.536448756663
2834,0.520483034057,0.536485119727
2835,0.558496546774,0.57526224596
2836,0.520120076503,0.536248953892
2837,0.540389947049,0.556930098893
2838,0.539636171598,0.556175812654
2839,0.538911305386,0.55536360101
2840,0.576495471158,0.593514181501
2841,0.574415658427,0.59111309911
2842,0.536100935268,0.552237229554
2843,0.574338162943,0.591285606635
2844,0.571774340328,0.588361927005
2845,0.534448298432,0.550668982697
2846,0.572015753619,0.589140928363
2847,0.589146937898,0.606668910793
2848,0.548848034081,0.565422046818
2849,0.548756854748,0.565588820711
2850,0.568359736363,0.585581976914
2851,0.566502774044,0.583521281423
2852,0.564486359338,0.581274081839
2853,0.558336339546,0.573775775977
2854,0.624530556568,0.64312083034
2855,0.558892735786,0.575192086381
2856,0.556705560473,0.572782052849
2857,0.535497560555,0.55108808971
2858,0.55258022028,0.568225345906
2859,0.531711081665,0.546893588618
2860,0.547173367488,0.562237840099
2861,0.60093626746,0.617873261129
2862,0.565601278061,0.581160686933
2863,0.523426316615,0.537773500427
2864,0.538154051984,0.552463568565
2865,0.518902818728,0.532838174437
2866,0.533038095994,0.546939007547
2867,0.513972150567,0.527584601229
2868,0.574498549411,0.589578521193
2869,0.511763605396,0.525533714884
2870,0.525835540526,0.539795383141
2871,0.49524390044,0.508934830502
2872,0.508373597797,0.522202626147
2873,0.525988011878,0.539950792214
2874,0.56503632491,0.579907165809
2875,0.574862842576,0.58995121846
2876,0.51383520122,0.527447245072
2877,0.516521418569,0.530258529081
2878,0.535515773878,0.549608068847
2879,0.538265404545,0.552593033337
2880,0.523358136335,0.537712546266
2881,0.543218207881,0.557983949383
2882,0.56838719594,0.58451399996
2883,0.547135577313,0.562197108071
2884,0.531616880076,0.546785989635
2885,0.552643206257,0.568288684251
2886,0.55493609336,0.570838605008
2887,0.557051723516,0.573186735009
2888,0.558944288038,0.575242114785
2889,0.624334417886,0.642918620754
2890,0.558131619094,0.573574599101
2891,0.543757598924,0.560082622748
2892,0.565802720021,0.582599709926
2893,0.547581458356,0.564331095607
2894,0.548040178189,0.56466305334
2895,0.569778655373,0.586800137381
2896,0.600097450733,0.618344806072
2897,0.550074411738,0.566508628882
2898,0.572020641732,0.588836798065
2899,0.534853457592,0.551035457867
2900,0.534323608553,0.550208784888
2901,0.573546710444,0.590180283325
2902,0.536789201009,0.552951351277
2903,0.53684048186,0.553155902375
2904,0.555368092723,0.572023291607
2905,0.578747354296,0.596023936592
2906,0.540564947242,0.557118019345
2907,0.579844380951,0.597091617654
2908,0.558505228081,0.57525574773
2909,0.558611753574,0.575284780296
2910,0.526981273341,0.543013576477
2911,0.520459261076,0.536311949018
2912,0.527298170145,0.543311261993
2913,0.527807795464,0.543914644566
2914,0.542477854985,0.558890221993
2915,0.5220611688,0.538207860747
2916,0.543264329279,0.559849778731
2917,0.519585752931,0.535679841631
2918,0.515102590645,0.53140071494
2919,0.520512620418,0.536909766626
2920,0.519560188744,0.535620329485
2921,0.535413480857,0.552287818644
2922,0.551511409172,0.568857235527
2923,0.531151109916,0.547255606832
2924,0.517027047319,0.532816762254
2925,0.531038707061,0.547116555375
2926,0.533550501266,0.550555645692
2927,0.516577789196,0.532476326821
2928,0.517871756866,0.534204283261
2929,0.530087617512,0.546615896389
2930,0.510519283652,0.526468887845
2931,0.546290699135,0.563062539837
2932,0.514665952804,0.530643535395
2933,0.526959212279,0.542868781831
2934,0.544510761435,0.561183720763
2935,0.561831238136,0.578755587738
2936,0.54092179668,0.557106181774
2937,0.541989661909,0.55854231246
2938,0.55996273717,0.576925128639
2939,0.557177093729,0.573635955135
2940,0.522292787648,0.538175131073
2941,0.537121427377,0.553278763267
2942,0.536331418353,0.552569846352
2943,0.554250477708,0.570801291071
2944,0.548774785432,0.56488913906
2945,0.551205252226,0.567653274044
2946,0.55037657302,0.566770713925
2947,0.547095034192,0.563169144714
2948,0.528521162312,0.544340267685
2949,0.543841549591,0.559623659754
2950,0.525480190542,0.541055685273
2951,0.534762012882,0.549436582165
2952,0.538143213247,0.553511607808
2953,0.5364873073,0.551721479871
2954,0.518903543052,0.533964257484
2955,0.515512473977,0.530222921288
2956,0.515340551237,0.530140548618
2957,0.528278793795,0.543015988814
2958,0.511960922584,0.526438909162
2959,0.530378823436,0.54520806212
2960,0.534197788264,0.549399645072
2961,0.536286540147,0.551629984983
2962,0.536346801681,0.551580492647
2963,0.522160342099,0.537496368245
2964,0.534797760097,0.549470057303
2965,0.543839276246,0.55973311409
2966,0.543932578043,0.55973112285
2967,0.547173851725,0.563322074301
2968,0.548774998278,0.565058066535
2969,0.550245509072,0.566630962715
2970,0.551134891064,0.567585914192
2971,0.529962506949,0.545667163817
2972,0.553385111101,0.56975401203
2973,0.554815130462,0.571440657764
2974,0.556803750215,0.573565749757
2975,0.538106808591,0.554506312452
2976,0.538973977787,0.555301698929
2977,0.540011722155,0.556298212761
2978,0.52414675798,0.540082719188
2979,0.540667251547,0.556850362881
2980,0.561452919926,0.578058498656
2981,0.525968307755,0.542002358461
2982,0.563351033783,0.580314413029
2983,0.50872793142,0.52439468318
2984,0.525925095731,0.5416693032
2985,0.546004960335,0.562964913435
2986,0.533247915407,0.550298460705
2987,0.518475007938,0.534795533614
2988,0.534285894383,0.551479320625
2989,0.515018095061,0.531567964565
2990,0.53510239007,0.552173514935
2991,0.548341013284,0.564928314215
2992,0.51742816538,0.533174378729
2993,0.517976533507,0.533839170751
2994,0.512837950488,0.528726126183
2995,0.520843272338,0.537292068367
2996,0.533475305606,0.549865858088
2997,0.514746712359,0.531046118045
2998,0.514586460083,0.530800394212
2999,0.660480878649,0.681940999602
3000,0.67095714699,0.692728199542
3001,0.688180085144,0.710602833598
3002,0.660371387644,0.681869962757
3003,0.688926020855,0.711542463916
3004,0.70930235783,0.733776983608
3005,0.672875673369,0.695306484794
3006,0.659722504454,0.681427778757
3007,0.658045227462,0.679407846646
3008,0.699154061125,0.723064317197
3009,0.656942877443,0.678538330207
3010,0.683225764472,0.705943092348
3011,0.682213628252,0.704867400863
3012,0.680532711555,0.703345655208
3013,0.693392546711,0.717087473637
3014,0.691894939213,0.715775790225
3015,0.672943956166,0.694632712867
3016,0.687077732335,0.710148420925
3017,0.68555118706,0.708399731102
3018,0.667621583674,0.688773960122
3019,0.679241344121,0.701538184128
3020,0.677230056483,0.699264381149
3021,0.671523150315,0.69286338065
3022,0.667418076856,0.688562203511
3023,0.668143188867,0.689426341111
3024,0.665096591003,0.686090428645
3025,0.662688659569,0.68338247499
3026,0.659446934554,0.679907374404
3027,0.620605227677,0.638901199245
3028,0.654664266032,0.675315020357
3029,0.65198137228,0.672684612961
3030,0.645556929776,0.665836933256
3031,0.646436801866,0.667165098426
3032,0.639972408741,0.660187672278
3033,0.640391435339,0.661068162233
3034,0.605167105974,0.623779132377
3035,0.634341380916,0.654887769868
3036,0.636855034952,0.657760558668
3037,0.604139639276,0.622662313096
3038,0.640448587254,0.661110460722
3039,0.641129084051,0.661513179608
3040,0.646554325083,0.667297938613
3041,0.649309151517,0.670039594335
3042,0.652158050338,0.672863213014
3043,0.65465922723,0.675299035253
3044,0.620659135478,0.638952945533
3045,0.658696577458,0.6791188945
3046,0.660075578293,0.680378242081
3047,0.665919545701,0.686904391661
3048,0.665898706494,0.686755088367
3049,0.66819539546,0.689329508654
3050,0.673998983491,0.695819372474
3051,0.673254024222,0.694798424393
3052,0.675478529976,0.697314877623
3053,0.682402743538,0.705052994073
3054,0.669931679182,0.691179488053
3055,0.672261082962,0.69404232897
3056,0.688930351254,0.712011195515
3057,0.675279565772,0.697461229942
3058,0.662163356768,0.683856934853
3059,0.694057393741,0.7178443689
3060,0.697756386174,0.72190403686
3061,0.684249635124,0.707219378961
3062,0.699277415122,0.723223267466
3063,0.69826789184,0.72213621415
3064,0.701120959625,0.725313090286
3065,0.669894055539,0.691709084297
3066,0.658953603258,0.680314877165
3067,0.669170143015,0.690694788649
3068,0.670185872681,0.691850811637
3069,0.690099768991,0.71297759944
3070,0.660821542136,0.682331536637
3071,0.688022929511,0.710367268709
3072,0.382221261759,0.394716324025
3073,0.490947416684,0.506515640095
3074,0.604594809326,0.62337738486
3075,0.681423356275,0.702348876593
3076,0.638214584646,0.658538840583
3077,0.532266330549,0.549397021631
3078,0.408374111834,0.421439004822
3079,0.471237479257,0.48665346658
3080,0.585023151659,0.604034668743
3081,0.669857778385,0.691004072719
3082,0.642576056129,0.662304124226
3083,0.544879639345,0.561627211911
3084,0.427696333415,0.4410840534
3085,0.44082456031,0.456033734935
3086,0.555816293969,0.575080088542
3087,0.65624957179,0.677530286632
3088,0.656373430265,0.676583796465
3089,0.565140426015,0.582262247232
3090,0.455757835552,0.470645710063
3091,0.410433583429,0.424503236301
3092,0.515229969526,0.531557771029
3093,0.619607519848,0.63874098678
3094,0.650935858679,0.670557880863
3095,0.576962916573,0.594348972961
3096,0.479370789177,0.49590705091
3097,0.479423970884,0.495969061927
3098,0.577108630695,0.594488438694
3099,0.650842579621,0.670482513943
3100,0.619640704206,0.638810474651
3101,0.517734191625,0.534347127402
3102,0.410270232882,0.42433234001
3103,0.455123356267,0.469944680614
3104,0.565134268815,0.58225776195
3105,0.656550871353,0.676777010285
3106,0.652520684205,0.673230331614
3107,0.559422077744,0.579177987717
3108,0.438529028767,0.453601407601
3109,0.432411020569,0.44603775458
3110,0.545053109984,0.561797321193
3111,0.642511442573,0.662241810789
3112,0.680585619275,0.70245977283
3113,0.572596225085,0.590879909411
3114,0.471202422007,0.486594130911
3115,0.406889615652,0.419899744219
3116,0.519278600158,0.535684386879
3117,0.622945817116,0.642289936033
3118,0.681351391943,0.702243505013
3119,0.612666231295,0.631996898064
3120,0.490967272023,0.506535159356
3121,0.669849438516,0.692152508764
3122,0.606013405137,0.623941867679
3123,0.557143134196,0.574508784673
3124,0.504787054163,0.520530866158
3125,0.527909713241,0.544068710363
3126,0.549071285815,0.565411380922
3127,0.591225885814,0.608692451691
3128,0.65347197295,0.67342849697
3129,0.697228874786,0.721873422746
3130,0.638076445239,0.660363426531
3131,0.56712555516,0.584738174992
3132,0.517278315013,0.533869945734
3133,0.591790411022,0.60876853214
3134,0.526107736728,0.542420303817
3135,0.577166635684,0.594847546635
3136,0.640712905398,0.660827781225
3137,0.686905755652,0.710505276009
3138,0.636274718979,0.657740348869
3139,0.574738397791,0.592742630538
3140,0.522427541867,0.538697666952
3141,0.582562653273,0.598603250681
3142,0.512764425251,0.528139130928
3143,0.560488272299,0.578079043064
3144,0.619866851543,0.639133659553
3145,0.667354271761,0.688822060074
3146,0.625711287667,0.645299576446
3147,0.574167997119,0.591492632137
3148,0.531842756774,0.549434864557
3149,0.531716065437,0.549305668634
3150,0.574188992036,0.591517286576
3151,0.625766848041,0.645343871922
3152,0.667220485066,0.688673268925
3153,0.619767002303,0.639029553423
3154,0.560465846093,0.578061292123
3155,0.512637338865,0.528011120573
3156,0.582625206245,0.598667571875
3157,0.522402145172,0.538677517955
3158,0.574691127868,0.592698889623
3159,0.636371603727,0.657842061816
3160,0.686861714705,0.710467086266
3161,0.640779205044,0.660886251219
3162,0.577171515777,0.594865514952
3163,0.526225318911,0.542540158561
3164,0.591971986937,0.608947627193
3165,0.517249047448,0.533836922604
3166,0.567094928666,0.584718764061
3167,0.638020404603,0.660301420092
3168,0.697176912223,0.721830270834
3169,0.653651792564,0.673618140173
3170,0.591252297362,0.608722922559
3171,0.539705476078,0.555794213869
3172,0.495623067419,0.51122442427
3173,0.510047884321,0.525922136144
3174,0.557196291741,0.574580832648
3175,0.625767680897,0.646769611869
3176,0.696303280647,0.721609548558
3177,0.653504678169,0.672232006188
3178,0.595190949522,0.612023058409
3179,0.594840599956,0.611598483797
3180,0.594342536998,0.610991987347
3181,0.526335039499,0.542023254157
3182,0.527718377219,0.54400986199
3183,0.592213667525,0.608411748282
3184,0.521375915616,0.536535498864
3185,0.649560558079,0.66790210389
3186,0.651412802751,0.670145057135
3187,0.590277383622,0.606347729995
3188,0.520538009354,0.535686265435
3189,0.598853718817,0.614859588385
3190,0.601365648063,0.619216168562
3191,0.58864348037,0.604707729794
3192,0.586034556205,0.601685600741
3193,0.648420438493,0.668106239509
3194,0.651427457646,0.671698774023
3195,0.585799924931,0.601868657942
3196,0.51686977221,0.53180605407
3197,0.52429734104,0.539455256129
3198,0.594810595676,0.611044695508
3199,0.58532623514,0.60153309598
3200,0.586042486714,0.602203034954
3201,0.651218379878,0.671490449642
3202,0.648518052971,0.668202847565
3203,0.586133685964,0.601784658496
3204,0.588647025415,0.604715308915
3205,0.601394468457,0.619254059671
3206,0.598878396863,0.614883642788
3207,0.590085891899,0.606173369764
3208,0.520735866868,0.535884666526
3209,0.651478176881,0.670222513171
3210,0.649535634583,0.667858065537
3211,0.591388052695,0.607485271532
3212,0.521863731573,0.537101611783
3213,0.522350946756,0.53772353209
3214,0.595607118638,0.612517450932
3215,0.595382244358,0.612131355519
3216,0.594758520627,0.611510596909
3217,0.655648300574,0.674608859537
3218,0.577422755081,0.593631031176
3219,0.515941575199,0.531660144526
3220,0.583038315581,0.59978512272
3221,0.581902061242,0.598647094099
3222,0.585109578467,0.604303529651
3223,0.581751803788,0.598454719565
3224,0.581291287176,0.597994901873
3225,0.576470967249,0.593116918393
3226,0.569379342713,0.584644883942
3227,0.569426783558,0.584687720726
3228,0.577144170071,0.593787545175
3229,0.581602067641,0.59829874225
3230,0.514193736313,0.529880755041
3231,0.581862165888,0.598602801823
3232,0.543808386494,0.560570592757
3233,0.583087554735,0.599830789535
3234,0.51195819192,0.527235236407
3235,0.571907692489,0.587654595211
