吸收塔x坐标 (m),吸收塔y坐标 (m),定日镜序号,定日镜宽度 (m),定日镜高度 (m),定日镜x坐标 (m),定日镜y坐标 (m),定日镜z坐标 (m)
0.0,0.24918702340431764,1,7.090208526459055,6.940208526459054,19.652465531366165,235.68074357291897,3.6451042632295274
0.0,0.24918702340431764,2,7.090208526459055,7.090208526459055,3.6351461496453967,192.78382599606755,3.6451042632295274
0.0,0.24918702340431764,3,7.090208526459055,7.065208526459055,-18.532992906741605,333.86174748837186,4.4951042632295275
0.0,0.24918702340431764,4,7.090208526459055,6.940208526459054,-40.95313921726421,232.92294490993572,3.6451042632295274
0.0,0.24918702340431764,5,7.090208526459055,7.065208526459055,-104.74430383619851,317.5336700034944,4.4951042632295275
0.0,0.24918702340431764,6,7.090208526459055,6.940208526459054,-85.96095070622724,207.21797532345758,3.6451042632295274
0.0,0.24918702340431764,7,7.090208526459055,6.940208526459054,-72.66111170111212,212.25326062358116,3.6451042632295274
0.0,0.24918702340431764,8,7.090208526459055,6.940208526459054,-98.91465530223037,201.3492997611938,3.6451042632295274
0.0,0.24918702340431764,9,7.090208526459055,6.940208526459054,-2.8808620225964483,224.34083124673865,3.6451042632295274
0.0,0.24918702340431764,10,7.090208526459055,6.940208526459054,-59.06869204446324,216.43488034483357,3.6451042632295274
0.0,0.24918702340431764,11,7.090208526459055,7.090208526459055,-44.83605204568495,187.5258004294025,3.6451042632295274
0.0,0.24918702340431764,12,7.090208526459055,6.940208526459054,80.6119508637825,209.35939183093112,3.6451042632295274
0.0,0.24918702340431764,13,7.090208526459055,6.940208526459054,93.71224175554151,203.82565944067957,3.6451042632295274
0.0,0.24918702340431764,14,7.090208526459055,6.940208526459054,11.337708523623093,224.0723778284325,3.6451042632295274
0.0,0.24918702340431764,15,7.090208526459055,6.940208526459054,-17.087832354233292,223.70694670550688,3.6451042632295274
0.0,0.24918702340431764,16,7.090208526459055,7.090208526459055,-101.03400506195217,164.18494063744816,3.6451042632295274
0.0,0.24918702340431764,17,7.090208526459055,6.940208526459054,67.18706409738081,214.05111123056653,3.6451042632295274
0.0,0.24918702340431764,18,7.090208526459055,6.940208526459054,78.96209727593799,222.91311408518538,3.6451042632295274
0.0,0.24918702340431764,19,7.090208526459055,7.090208526459055,-61.89137159308987,169.7307193434205,3.6451042632295274
0.0,0.24918702340431764,20,7.090208526459055,6.940208526459054,-45.23842361287813,219.74599658047393,3.6451042632295274
0.0,0.24918702340431764,21,7.090208526459055,6.940208526459054,-31.22599601602359,222.17327663405916,3.6451042632295274
0.0,0.24918702340431764,22,7.090208526459055,6.940208526459054,25.510626119191578,222.90266741775503,3.6451042632295274
0.0,0.24918702340431764,23,7.090208526459055,7.090208526459055,-75.49975143365556,164.1220621695701,3.6451042632295274
0.0,0.24918702340431764,24,7.090208526459055,6.940208526459054,53.491638737114606,217.88192574147658,3.6451042632295274
0.0,0.24918702340431764,25,7.090208526459055,7.090208526459055,107.15016414344585,160.25432386561843,3.6451042632295274
0.0,0.24918702340431764,26,7.090208526459055,7.090208526459055,-4.2820737949905245,180.62711116942856,3.6451042632295274
0.0,0.24918702340431764,27,7.090208526459055,6.940208526459054,-111.47006549264253,194.6708650219667,3.6451042632295274
0.0,0.24918702340431764,28,7.090208526459055,7.090208526459055,-47.87111488592967,174.21150488216574,3.6451042632295274
0.0,0.24918702340431764,29,7.090208526459055,7.090208526459055,63.53089418049958,182.03649949732045,3.6451042632295274
0.0,0.24918702340431764,30,7.090208526459055,6.940208526459054,39.58082142719461,220.83641002568797,3.6451042632295274
0.0,0.24918702340431764,31,7.090208526459055,6.940208526459054,106.43518652490272,197.4721964470511,3.6451042632295274
0.0,0.24918702340431764,32,7.090208526459055,7.090208526459055,53.77938521527561,172.47668018602806,3.6451042632295274
0.0,0.24918702340431764,33,7.090208526459055,7.090208526459055,10.434649817164997,180.37594727408933,3.6451042632295274
0.0,0.24918702340431764,34,7.090208526459055,7.090208526459055,81.04764785007163,161.4503360676509,3.6451042632295274
0.0,0.24918702340431764,35,7.090208526459055,7.090208526459055,-33.53228380738162,177.53459989732303,3.6451042632295274
0.0,0.24918702340431764,36,7.090208526459055,7.090208526459055,-18.970300912532874,179.67788973983866,3.6451042632295274
0.0,0.24918702340431764,37,7.090208526459055,7.090208526459055,39.56229917266658,176.28712656879617,3.6451042632295274
0.0,0.24918702340431764,38,7.090208526459055,7.090208526459055,-88.60569288501246,157.42285804874325,3.6451042632295274
0.0,0.24918702340431764,39,7.090208526459055,6.940208526459054,-109.77295024000843,209.44798390425038,3.6451042632295274
0.0,0.24918702340431764,40,7.090208526459055,6.940208526459054,-123.57662507198083,187.20956280535916,3.6451042632295274
0.0,0.24918702340431764,41,7.090208526459055,7.090208526459055,25.08193255638336,178.92606950810531,3.6451042632295274
0.0,0.24918702340431764,42,7.090208526459055,6.940208526459054,118.72955436376395,190.32458600310582,3.6451042632295274
0.0,0.24918702340431764,43,7.090208526459055,7.090208526459055,67.63857832225098,167.5200882517989,3.6451042632295274
0.0,0.24918702340431764,44,7.090208526459055,7.090208526459055,14.666124193762112,148.41262037927214,3.6451042632295274
0.0,0.24918702340431764,45,7.090208526459055,7.090208526459055,93.91735865337074,154.30781683293088,3.6451042632295274
0.0,0.24918702340431764,46,7.090208526459055,7.065208526459055,162.78137817189076,292.04198207930153,4.4951042632295275
0.0,0.24918702340431764,47,7.090208526459055,7.090208526459055,-159.43037826898856,174.5942233903628,3.6451042632295274
0.0,0.24918702340431764,48,7.090208526459055,7.090208526459055,-101.12197806912992,149.67768907907316,3.6451042632295274
0.0,0.24918702340431764,49,7.090208526459055,7.090208526459055,-21.680279366329525,147.54977653092612,3.6451042632295274
0.0,0.24918702340431764,50,7.090208526459055,7.090208526459055,-56.62359944940907,184.30507385470332,3.6451042632295274
0.0,0.24918702340431764,51,7.090208526459055,7.090208526459055,50.138014797315556,140.4407618588762,3.6451042632295274
0.0,0.24918702340431764,52,7.090208526459055,7.090208526459055,51.873322035555354,185.6998811522175,3.6451042632295274
0.0,0.24918702340431764,53,7.090208526459055,7.090208526459055,106.16206493010509,146.14006283471326,3.6451042632295274
0.0,0.24918702340431764,54,7.090208526459055,7.090208526459055,142.9374904512771,188.35317699777968,3.6451042632295274
0.0,0.24918702340431764,55,7.090208526459055,7.090208526459055,-135.18558519775414,178.9954371419773,3.6451042632295274
0.0,0.24918702340431764,56,7.090208526459055,7.090208526459055,-112.96531317314933,140.93809808219,3.6451042632295274
0.0,0.24918702340431764,57,7.090208526459055,7.090208526459055,-33.61450554205338,145.29250193253344,3.6451042632295274
0.0,0.24918702340431764,58,7.090208526459055,7.090208526459055,130.54584019205876,182.41160901339694,3.6451042632295274
0.0,0.24918702340431764,59,7.090208526459055,7.090208526459055,-75.6283685740229,200.0084988203595,3.6451042632295274
0.0,0.24918702340431764,60,7.090208526459055,6.940208526459054,8.61443851207067,280.0483950611768,3.6451042632295274
0.0,0.24918702340431764,61,7.090208526459055,6.940208526459054,-98.85810761203267,214.82157988920758,3.6451042632295274
0.0,0.24918702340431764,62,7.090208526459055,7.090208526459055,-88.14562274224048,194.80967112576266,3.6451042632295274
0.0,0.24918702340431764,63,7.090208526459055,7.090208526459055,-146.25020068484602,170.0615634167431,3.6451042632295274
0.0,0.24918702340431764,64,7.090208526459055,7.090208526459055,4.0320841530300875,213.80755159886243,3.6451042632295274
0.0,0.24918702340431764,65,7.090208526459055,7.090208526459055,57.21903553422942,160.24009880038864,3.6451042632295274
0.0,0.24918702340431764,66,7.090208526459055,7.090208526459055,-62.80658565811911,204.4029662701544,3.6451042632295274
0.0,0.24918702340431764,67,7.090208526459055,7.090208526459055,-51.726313233933325,162.09942149318567,3.6451042632295274
0.0,0.24918702340431764,68,7.090208526459055,7.090208526459055,-9.520742293683764,213.6333201002071,3.6451042632295274
0.0,0.24918702340431764,69,7.090208526459055,7.090208526459055,2.8994430130681654,170.13945486977673,3.6451042632295274
0.0,0.24918702340431764,70,7.090208526459055,7.090208526459055,117.70028018023743,137.00142912827158,3.6451042632295274
0.0,0.24918702340431764,71,7.090208526459055,7.090208526459055,-10.957838658147057,169.81049054115923,3.6451042632295274
0.0,0.24918702340431764,72,7.090208526459055,7.090208526459055,141.83646399724094,173.76512824342615,3.6451042632295274
0.0,0.24918702340431764,73,7.090208526459055,7.090208526459055,70.46811905430872,201.8866760469219,3.6451042632295274
0.0,0.24918702340431764,74,7.090208526459055,6.940208526459054,90.31986232986051,218.5530112901906,3.6451042632295274
0.0,0.24918702340431764,75,7.090208526459055,7.090208526459055,-77.33579921992542,151.54454067880766,3.6451042632295274
0.0,0.24918702340431764,76,7.090208526459055,7.090208526459055,-38.36190154021185,165.77705292192087,3.6451042632295274
0.0,0.24918702340431764,77,7.090208526459055,7.090208526459055,17.568674819958613,213.1218589374665,3.6451042632295274
0.0,0.24918702340431764,78,7.090208526459055,7.090208526459055,83.11488383581366,197.01135022487102,3.6451042632295274
0.0,0.24918702340431764,79,7.090208526459055,7.090208526459055,-49.73190278896313,207.97537850572687,3.6451042632295274
0.0,0.24918702340431764,80,7.090208526459055,7.090208526459055,43.987899320744056,164.37162483142092,3.6451042632295274
0.0,0.24918702340431764,81,7.090208526459055,7.090208526459055,-23.035232071467572,212.59986601025156,3.6451042632295274
0.0,0.24918702340431764,82,7.090208526459055,7.090208526459055,16.737429369405884,169.33782749579777,3.6451042632295274
0.0,0.24918702340431764,83,7.090208526459055,7.090208526459055,-24.742197721008473,168.35312371327697,3.6451042632295274
0.0,0.24918702340431764,84,7.090208526459055,7.090208526459055,-67.76527093560114,132.82130414344624,3.6451042632295274
0.0,0.24918702340431764,85,7.090208526459055,7.090208526459055,30.464030894771668,167.41094311713704,3.6451042632295274
0.0,0.24918702340431764,86,7.090208526459055,7.090208526459055,-100.30794559812347,188.82741703059605,3.6451042632295274
0.0,0.24918702340431764,87,7.090208526459055,7.090208526459055,38.54426986499876,144.06099962320326,3.6451042632295274
0.0,0.24918702340431764,88,7.090208526459055,7.090208526459055,95.42697431499207,191.34373261758725,3.6451042632295274
0.0,0.24918702340431764,89,7.090208526459055,7.090208526459055,57.53760402865568,205.9500788673704,3.6451042632295274
0.0,0.24918702340431764,90,7.090208526459055,7.090208526459055,-36.45696709984116,210.71135068386494,3.6451042632295274
0.0,0.24918702340431764,91,7.090208526459055,7.090208526459055,31.034522634141425,211.57900315835573,3.6451042632295274
0.0,0.24918702340431764,92,7.090208526459055,7.090208526459055,70.06938850671084,155.04385964812292,3.6451042632295274
0.0,0.24918702340431764,93,7.090208526459055,7.065208526459055,233.13178219986884,239.6032854934031,4.4951042632295275
0.0,0.24918702340431764,94,7.090208526459055,7.090208526459055,44.37540537911798,209.1851967972113,3.6451042632295274
0.0,0.24918702340431764,95,7.090208526459055,7.090208526459055,26.694019176087288,146.7241935019576,3.6451042632295274
0.0,0.24918702340431764,96,7.090208526459055,7.090208526459055,-9.601774508417055,148.82679000903283,3.6451042632295274
0.0,0.24918702340431764,97,7.090208526459055,7.090208526459055,-166.5705558216244,150.18121932466343,3.6451042632295274
0.0,0.24918702340431764,98,7.090208526459055,7.090208526459055,2.5406285746676147,149.11504405284919,3.6451042632295274
0.0,0.24918702340431764,99,7.090208526459055,7.090208526459055,128.4552194849496,126.95273181315376,3.6451042632295274
0.0,0.24918702340431764,100,7.090208526459055,7.090208526459055,82.45344125931543,148.81748748886298,3.6451042632295274
0.0,0.24918702340431764,101,7.090208526459055,7.090208526459055,-112.06636376014704,182.08582496070179,3.6451042632295274
0.0,0.24918702340431764,102,7.090208526459055,7.090208526459055,107.35481404895997,184.9066447208248,3.6451042632295274
0.0,0.24918702340431764,103,7.090208526459055,7.090208526459055,162.66117183016598,154.41373403583484,3.6451042632295274
0.0,0.24918702340431764,104,7.090208526459055,7.090208526459055,-64.74649484732397,157.3447034574631,3.6451042632295274
0.0,0.24918702340431764,105,7.090208526459055,7.090208526459055,-89.4104466082269,144.73753228355184,3.6451042632295274
0.0,0.24918702340431764,106,7.090208526459055,7.090208526459055,186.12917002709867,145.7489096547972,3.6451042632295274
0.0,0.24918702340431764,107,7.090208526459055,7.090208526459055,-134.32287425198695,120.7145228171484,3.6451042632295274
0.0,0.24918702340431764,108,7.090208526459055,6.940208526459054,-75.92150852352064,269.6888461550101,3.6451042632295274
0.0,0.24918702340431764,109,7.090208526459055,7.090208526459055,-40.90032877892093,130.73671324420056,3.6451042632295274
0.0,0.24918702340431764,110,7.090208526459055,7.090208526459055,37.53234100700705,131.74502259237033,3.6451042632295274
0.0,0.24918702340431764,111,7.090208526459055,7.090208526459055,-9.705360642921432,136.6516700222033,3.6451042632295274
0.0,0.24918702340431764,112,7.090208526459055,6.940208526459054,-52.87659435946385,230.50622380997805,3.6451042632295274
0.0,0.24918702340431764,113,7.090208526459055,7.090208526459055,-25.47509821151635,134.60264162938165,3.6451042632295274
0.0,0.24918702340431764,114,7.090208526459055,7.090208526459055,-124.05688275596611,131.26224559424716,3.6451042632295274
0.0,0.24918702340431764,115,7.090208526459055,7.090208526459055,6.195625278979147,136.8560888287278,3.6451042632295274
0.0,0.24918702340431764,116,7.090208526459055,7.090208526459055,-143.6949691815751,109.3651231057237,3.6451042632295274
0.0,0.24918702340431764,117,7.090208526459055,7.090208526459055,22.01282599747692,135.21313363527403,3.6451042632295274
0.0,0.24918702340431764,118,7.090208526459055,7.090208526459055,152.5559624222024,164.41996001953248,3.6451042632295274
0.0,0.24918702340431764,119,7.090208526459055,7.090208526459055,94.28877996419952,141.6024178020496,3.6451042632295274
0.0,0.24918702340431764,120,7.090208526459055,7.090208526459055,-123.37353022843338,174.61204092794227,3.6451042632295274
0.0,0.24918702340431764,121,7.090208526459055,7.090208526459055,-100.89008222603601,136.96897778948863,3.6451042632295274
0.0,0.24918702340431764,122,7.090208526459055,7.090208526459055,-175.74447257311795,139.31480008683306,3.6451042632295274
0.0,0.24918702340431764,123,7.090208526459055,7.090208526459055,-156.72591823187696,160.44391518599306,3.6451042632295274
0.0,0.24918702340431764,124,7.090208526459055,7.090208526459055,118.85037383696537,177.7260064156139,3.6451042632295274
0.0,0.24918702340431764,125,7.090208526459055,7.090208526459055,-134.18391503440847,166.436159222792,3.6451042632295274
0.0,0.24918702340431764,126,7.090208526459055,7.090208526459055,-69.8903496037933,117.78714015219741,3.6451042632295274
0.0,0.24918702340431764,127,7.090208526459055,7.090208526459055,172.11140210941653,143.78674183273435,3.6451042632295274
0.0,0.24918702340431764,128,7.090208526459055,7.090208526459055,151.7272303922234,118.83101130254174,3.6451042632295274
0.0,0.24918702340431764,129,7.090208526459055,7.090208526459055,-138.96786854376992,133.5560998383988,3.6451042632295274
0.0,0.24918702340431764,130,7.090208526459055,7.090208526459055,82.6202713996782,124.10954765790696,3.6451042632295274
0.0,0.24918702340431764,131,7.090208526459055,7.090208526459055,129.8673651170282,169.83073159804812,3.6451042632295274
0.0,0.24918702340431764,132,7.090208526459055,7.090208526459055,-45.325032729397876,142.06998800388303,3.6451042632295274
0.0,0.24918702340431764,133,7.090208526459055,7.090208526459055,147.33466974592594,104.39824734597063,3.6451042632295274
0.0,0.24918702340431764,134,7.090208526459055,7.065208526459055,-258.20887862333865,212.30811120758227,4.4951042632295275
0.0,0.24918702340431764,135,7.090208526459055,7.090208526459055,138.35531049760883,116.06084331207359,3.6451042632295274
0.0,0.24918702340431764,136,7.090208526459055,7.090208526459055,105.49664239497552,133.44666568604583,3.6451042632295274
0.0,0.24918702340431764,137,7.090208526459055,7.090208526459055,-16.759469805231884,158.7669637963245,3.6451042632295274
0.0,0.24918702340431764,138,7.090208526459055,7.090208526459055,-152.11079779926092,97.28957484253337,3.6451042632295274
0.0,0.24918702340431764,139,7.090208526459055,7.090208526459055,-184.21072836147604,127.88841270753788,3.6451042632295274
0.0,0.24918702340431764,140,7.090208526459055,7.090208526459055,66.84567851646284,119.54498182406154,3.6451042632295274
0.0,0.24918702340431764,141,7.090208526459055,7.090208526459055,-97.8753227327297,112.44508437544454,3.6451042632295274
0.0,0.24918702340431764,142,7.090208526459055,7.090208526459055,9.218577994374877,159.38366851922424,3.6451042632295274
0.0,0.24918702340431764,143,7.090208526459055,7.090208526459055,-3.7830336377798903,159.6055613473618,3.6451042632295274
0.0,0.24918702340431764,144,7.090208526459055,7.090208526459055,-147.14292819242155,124.4738229650038,3.6451042632295274
0.0,0.24918702340431764,145,7.090208526459055,7.090208526459055,-111.69831099232276,128.29057564505484,3.6451042632295274
0.0,0.24918702340431764,146,7.090208526459055,7.090208526459055,15.83912889768202,192.16563626011168,3.6451042632295274
0.0,0.24918702340431764,147,7.090208526459055,7.090208526459055,-198.5742416801506,128.24335783575808,3.6451042632295274
0.0,0.24918702340431764,148,7.090208526459055,6.940208526459054,157.6013486460081,231.6009111890183,3.6451042632295274
0.0,0.24918702340431764,149,7.090208526459055,7.090208526459055,-173.62557353854683,83.53761182105394,3.6451042632295274
0.0,0.24918702340431764,150,7.090208526459055,7.090208526459055,-2.6105608167128307,203.31509617615808,3.6451042632295274
0.0,0.24918702340431764,151,7.090208526459055,7.090208526459055,-29.624374466247907,156.8734565944556,3.6451042632295274
0.0,0.24918702340431764,152,7.090208526459055,7.090208526459055,-42.292133802868825,153.93764071977694,3.6451042632295274
0.0,0.24918702340431764,153,7.090208526459055,7.090208526459055,-77.89553540603387,187.7988179257858,3.6451042632295274
0.0,0.24918702340431764,154,7.090208526459055,7.090208526459055,180.86860051801935,132.58177455710225,3.6451042632295274
0.0,0.24918702340431764,155,7.090208526459055,7.090208526459055,-83.06309956151823,108.87861620666075,3.6451042632295274
0.0,0.24918702340431764,156,7.090208526459055,7.090208526459055,-54.67844596674257,149.9790535425589,3.6451042632295274
0.0,0.24918702340431764,157,7.090208526459055,7.090208526459055,-121.76320592787968,118.76007918468606,3.6451042632295274
0.0,0.24918702340431764,158,7.090208526459055,7.090208526459055,10.273930993892513,203.07183080300044,3.6451042632295274
0.0,0.24918702340431764,159,7.090208526459055,7.065208526459055,-72.65568384016262,281.4604129123722,4.4951042632295275
0.0,0.24918702340431764,160,7.090208526459055,7.090208526459055,22.15884151093542,158.10276197207335,3.6451042632295274
0.0,0.24918702340431764,161,7.090208526459055,7.090208526459055,47.51184426726124,152.40499544196368,3.6451042632295274
0.0,0.24918702340431764,162,7.090208526459055,7.090208526459055,34.9516415931922,155.7713659276457,3.6451042632295274
0.0,0.24918702340431764,163,7.090208526459055,7.065208526459055,2.602819508785512,290.683047464749,4.4951042632295275
0.0,0.24918702340431764,164,7.090208526459055,7.090208526459055,-154.14239688557294,148.11248289202726,3.6451042632295274
0.0,0.24918702340431764,165,7.090208526459055,7.090208526459055,-15.484540820290446,202.74068680400487,3.6451042632295274
0.0,0.24918702340431764,166,7.090208526459055,7.090208526459055,-65.84357376989477,192.361660020398,3.6451042632295274
0.0,0.24918702340431764,167,7.090208526459055,7.090208526459055,140.36142635364203,161.25261175322967,3.6451042632295274
0.0,0.24918702340431764,168,7.090208526459055,7.090208526459055,92.44112851748757,116.96309339740452,3.6451042632295274
0.0,0.24918702340431764,169,7.090208526459055,7.090208526459055,-144.45398857391675,157.59110123525107,3.6451042632295274
0.0,0.24918702340431764,170,7.090208526459055,7.090208526459055,73.04841350718497,189.73931281336604,3.6451042632295274
0.0,0.24918702340431764,171,7.090208526459055,7.090208526459055,-40.9938605762166,199.15137877319353,3.6451042632295274
0.0,0.24918702340431764,172,7.090208526459055,7.090208526459055,-16.2653335548245,125.43048881689714,3.6451042632295274
0.0,0.24918702340431764,173,7.090208526459055,7.090208526459055,-53.52648330126338,196.15093299115156,3.6451042632295274
0.0,0.24918702340431764,174,7.090208526459055,7.090208526459055,-89.63383921383678,182.48077966200324,3.6451042632295274
0.0,0.24918702340431764,175,7.090208526459055,7.090208526459055,84.91954993139431,184.7247911754483,3.6451042632295274
0.0,0.24918702340431764,176,7.090208526459055,7.090208526459055,-56.73392930203227,137.9036800434926,3.6451042632295274
0.0,0.24918702340431764,177,7.090208526459055,7.090208526459055,23.117053310505376,202.01187022833062,3.6451042632295274
0.0,0.24918702340431764,178,7.090208526459055,7.090208526459055,60.883136903764616,193.99082459408672,3.6451042632295274
0.0,0.24918702340431764,179,7.090208526459055,6.940208526459054,80.7382724825661,268.28488749252807,3.6451042632295274
0.0,0.24918702340431764,180,7.090208526459055,7.090208526459055,-191.9352325627511,115.9480672158821,3.6451042632295274
0.0,0.24918702340431764,181,7.090208526459055,7.090208526459055,80.2430884131312,110.97803672107445,3.6451042632295274
0.0,0.24918702340431764,182,7.090208526459055,6.940208526459054,-143.07066114288514,240.857980066345,3.6451042632295274
0.0,0.24918702340431764,183,7.090208526459055,7.090208526459055,-28.296170043156945,201.35091563034828,3.6451042632295274
0.0,0.24918702340431764,184,7.090208526459055,7.090208526459055,-30.688015307315275,122.69576766517322,3.6451042632295274
0.0,0.24918702340431764,185,7.090208526459055,7.090208526459055,155.33354107559333,92.04255656680641,3.6451042632295274
0.0,0.24918702340431764,186,7.090208526459055,6.940208526459054,1.4876989287429956,247.00880844892902,3.6451042632295274
0.0,0.24918702340431764,187,7.090208526459055,7.090208526459055,35.86709141245675,200.1394825392764,3.6451042632295274
0.0,0.24918702340431764,188,7.090208526459055,7.090208526459055,48.47270539635658,197.462207180214,3.6451042632295274
0.0,0.24918702340431764,189,7.090208526459055,7.090208526459055,13.041895529986668,125.8072546867295,3.6451042632295274
0.0,0.24918702340431764,190,7.090208526459055,7.090208526459055,71.60221723372668,142.66368020579094,3.6451042632295274
0.0,0.24918702340431764,191,7.090208526459055,6.940208526459054,-11.217151664903104,246.75821225919037,3.6451042632295274
0.0,0.24918702340431764,192,7.090208526459055,7.090208526459055,27.53011286501423,123.4442042927842,3.6451042632295274
0.0,0.24918702340431764,193,7.090208526459055,7.065208526459055,81.20521186721443,324.3580050022951,4.4951042632295275
0.0,0.24918702340431764,194,7.090208526459055,7.090208526459055,-159.5143541541078,84.56823880894383,3.6451042632295274
0.0,0.24918702340431764,195,7.090208526459055,7.090208526459055,41.646032651007424,119.41515262933753,3.6451042632295274
0.0,0.24918702340431764,196,7.090208526459055,6.940208526459054,-85.65290642462517,231.67110395260366,3.6451042632295274
0.0,0.24918702340431764,197,7.090208526459055,6.940208526459054,-73.62602625952142,235.77356425727604,3.6451042632295274
0.0,0.24918702340431764,198,7.090208526459055,7.090208526459055,-78.27943485582507,139.1055713196781,3.6451042632295274
0.0,0.24918702340431764,199,7.090208526459055,7.065208526459055,68.95639402245979,327.18316820231485,4.4951042632295275
0.0,0.24918702340431764,200,7.090208526459055,6.940208526459054,-23.892256388837435,245.85391844937033,3.6451042632295274
0.0,0.24918702340431764,201,7.090208526459055,7.090208526459055,-44.695694297570384,118.30516656540536,3.6451042632295274
0.0,0.24918702340431764,202,7.090208526459055,7.090208526459055,188.89750490878163,120.8439506574341,3.6451042632295274
0.0,0.24918702340431764,203,7.090208526459055,6.940208526459054,-97.45265047968488,226.9549543268746,3.6451042632295274
0.0,0.24918702340431764,204,7.090208526459055,7.090208526459055,52.544295490543625,126.49865595238337,3.6451042632295274
0.0,0.24918702340431764,205,7.090208526459055,7.090208526459055,-163.21012816856947,138.03847124376935,3.6451042632295274
0.0,0.24918702340431764,206,7.090208526459055,7.090208526459055,-55.772452563445604,125.10616491613175,3.6451042632295274
0.0,0.24918702340431764,207,7.090208526459055,6.940208526459054,14.188604412273202,246.60504248254063,3.6451042632295274
0.0,0.24918702340431764,208,7.090208526459055,7.090208526459055,-101.01121918683049,176.42895909217017,3.6451042632295274
0.0,0.24918702340431764,209,7.090208526459055,7.090208526459055,96.4487452998559,178.96745138912527,3.6451042632295274
0.0,0.24918702340431764,210,7.090208526459055,6.940208526459054,88.43703624321186,230.62152615006178,3.6451042632295274
0.0,0.24918702340431764,211,7.090208526459055,6.940208526459054,100.1790578340737,225.76344463397794,3.6451042632295274
0.0,0.24918702340431764,212,7.090208526459055,7.090208526459055,-236.41657457295705,168.96731061256477,3.6451042632295274
0.0,0.24918702340431764,213,7.090208526459055,6.940208526459054,76.46049553052904,234.86870163673905,3.6451042632295274
0.0,0.24918702340431764,214,7.090208526459055,7.090208526459055,159.61401097761546,142.1886117171766,3.6451042632295274
0.0,0.24918702340431764,215,7.090208526459055,7.090208526459055,-198.88688132484037,103.54184316889007,3.6451042632295274
0.0,0.24918702340431764,216,7.090208526459055,6.940208526459054,-92.95163459049098,251.39122477274424,3.6451042632295274
0.0,0.24918702340431764,217,7.090208526459055,6.940208526459054,-49.01894784499987,242.09555719740553,3.6451042632295274
0.0,0.24918702340431764,218,7.090208526459055,6.940208526459054,-61.4039031085031,239.25145625366164,3.6451042632295274
0.0,0.24918702340431764,219,7.090208526459055,7.065208526459055,287.40490518065485,170.65820322903747,4.4951042632295275
0.0,0.24918702340431764,220,7.090208526459055,7.065208526459055,-183.7322169304204,279.32495592480126,4.4951042632295275
0.0,0.24918702340431764,221,7.090208526459055,6.940208526459054,-108.99396762470244,221.63762176107565,3.6451042632295274
0.0,0.24918702340431764,222,7.090208526459055,6.940208526459054,-5.073677053113821,257.47699638256677,3.6451042632295274
0.0,0.24918702340431764,223,7.090208526459055,6.940208526459054,64.2811953289767,238.49370834813234,3.6451042632295274
0.0,0.24918702340431764,224,7.090208526459055,7.090208526459055,-66.7008820940162,145.02403880734494,3.6451042632295274
0.0,0.24918702340431764,225,7.090208526459055,6.940208526459054,-105.75686845178932,246.27319860196138,3.6451042632295274
0.0,0.24918702340431764,226,7.090208526459055,7.090208526459055,-89.3370508938661,132.26303750421033,3.6451042632295274
0.0,0.24918702340431764,227,7.090208526459055,6.940208526459054,-36.50400314393135,244.29832504408796,3.6451042632295274
0.0,0.24918702340431764,228,7.090208526459055,6.940208526459054,-79.89990970414262,255.84326740713485,3.6451042632295274
0.0,0.24918702340431764,229,7.090208526459055,6.940208526459054,26.851884267582605,245.54798507478324,3.6451042632295274
0.0,0.24918702340431764,230,7.090208526459055,7.090208526459055,125.73626464472979,114.5361137993425,3.6451042632295274
0.0,0.24918702340431764,231,7.090208526459055,6.940208526459054,-83.06015638480285,243.75051869919827,3.6451042632295274
0.0,0.24918702340431764,232,7.090208526459055,6.940208526459054,51.93143295322053,241.48693341810932,3.6451042632295274
0.0,0.24918702340431764,233,7.090208526459055,6.940208526459054,8.1748175047258,257.3971220050357,3.6451042632295274
0.0,0.24918702340431764,234,7.090208526459055,6.940208526459054,1.614469992642622,268.035898763509,3.6451042632295274
0.0,0.24918702340431764,235,7.090208526459055,7.090208526459055,116.00244207633378,124.40450632557926,3.6451042632295274
0.0,0.24918702340431764,236,7.090208526459055,7.090208526459055,82.97207006866306,136.353562300993,3.6451042632295274
0.0,0.24918702340431764,237,7.090208526459055,7.090208526459055,-58.09894069719425,112.31806086546243,3.6451042632295274
0.0,0.24918702340431764,238,7.090208526459055,7.090208526459055,176.6457621085842,76.92432133003952,3.6451042632295274
0.0,0.24918702340431764,239,7.090208526459055,6.940208526459054,-12.172997113877607,267.7639485585401,3.6451042632295274
0.0,0.24918702340431764,240,7.090208526459055,6.940208526459054,-95.48517142287571,239.15182439875215,3.6451042632295274
0.0,0.24918702340431764,241,7.090208526459055,6.940208526459054,85.99012151691899,242.73132473267646,3.6451042632295274
0.0,0.24918702340431764,242,7.090208526459055,6.940208526459054,39.443957752968515,243.8404393518754,3.6451042632295274
0.0,0.24918702340431764,243,7.090208526459055,6.940208526459054,82.97591217661598,254.86129886491426,3.6451042632295274
0.0,0.24918702340431764,244,7.090208526459055,7.090208526459055,-139.40046595226596,97.4017473138533,3.6451042632295274
0.0,0.24918702340431764,245,7.090208526459055,7.090208526459055,-90.43314285636576,170.2628575472278,3.6451042632295274
0.0,0.24918702340431764,246,7.090208526459055,6.940208526459054,95.97300804239475,250.2522094555931,3.6451042632295274
0.0,0.24918702340431764,247,7.090208526459055,6.940208526459054,-25.928183620387394,266.78259729701807,3.6451042632295274
0.0,0.24918702340431764,248,7.090208526459055,7.090208526459055,246.34792737331145,154.10399078049028,3.6451042632295274
0.0,0.24918702340431764,249,7.090208526459055,7.090208526459055,-111.9818626314392,169.66772476176894,3.6451042632295274
0.0,0.24918702340431764,250,7.090208526459055,7.090208526459055,134.63333311693856,103.90716063142756,3.6451042632295274
0.0,0.24918702340431764,251,7.090208526459055,7.065208526459055,-304.5114819024157,137.7758015955216,4.4951042632295275
0.0,0.24918702340431764,252,7.090208526459055,6.940208526459054,-70.41488074369364,247.70349124219197,3.6451042632295274
0.0,0.24918702340431764,253,7.090208526459055,7.090208526459055,-171.62066986942887,127.40963077982535,3.6451042632295274
0.0,0.24918702340431764,254,7.090208526459055,6.940208526459054,98.35878484831998,237.9831508352981,3.6451042632295274
0.0,0.24918702340431764,255,7.090208526459055,6.940208526459054,-18.30871713150173,256.87474885143337,3.6451042632295274
0.0,0.24918702340431764,256,7.090208526459055,7.090208526459055,117.97206969682082,91.07918732129043,3.6451042632295274
0.0,0.24918702340431764,257,7.090208526459055,6.940208526459054,15.397655814975085,267.59772674886943,3.6451042632295274
0.0,0.24918702340431764,258,7.090208526459055,6.940208526459054,-66.63630462083844,259.617520488409,3.6451042632295274
0.0,0.24918702340431764,259,7.090208526459055,6.940208526459054,-120.24625236138785,215.73320686527626,3.6451042632295274
0.0,0.24918702340431764,260,7.090208526459055,7.090208526459055,150.29030166602058,152.02618794217972,3.6451042632295274
0.0,0.24918702340431764,261,7.090208526459055,6.940208526459054,69.75877910829651,258.79520272516476,3.6451042632295274
0.0,0.24918702340431764,262,7.090208526459055,7.090208526459055,162.29869331763294,79.07599605817079,3.6451042632295274
0.0,0.24918702340431764,263,7.090208526459055,6.940208526459054,31.74613149334356,234.356898036938,3.6451042632295274
0.0,0.24918702340431764,264,7.090208526459055,6.940208526459054,92.35298058380097,264.50802291490487,3.6451042632295274
0.0,0.24918702340431764,265,7.090208526459055,6.940208526459054,111.6554225727148,220.3073398473325,3.6451042632295274
0.0,0.24918702340431764,266,7.090208526459055,6.940208526459054,-31.49520578340877,255.59197646382233,3.6451042632295274
0.0,0.24918702340431764,267,7.090208526459055,6.940208526459054,-39.614613245036644,265.09444734607126,3.6451042632295274
0.0,0.24918702340431764,268,7.090208526459055,7.090208526459055,107.58957561197857,172.49047622969928,3.6451042632295274
0.0,0.24918702340431764,269,7.090208526459055,6.940208526459054,73.39342784167002,246.83647959178163,3.6451042632295274
0.0,0.24918702340431764,270,7.090208526459055,7.090208526459055,59.755863456634174,148.0260531551975,3.6451042632295274
0.0,0.24918702340431764,271,7.090208526459055,6.940208526459054,108.7156007438802,244.98015697374038,3.6451042632295274
0.0,0.24918702340431764,272,7.090208526459055,7.090208526459055,-99.80014359778433,124.54197329454499,3.6451042632295274
0.0,0.24918702340431764,273,7.090208526459055,6.940208526459054,-53.1959920368657,262.70397537589133,3.6451042632295274
0.0,0.24918702340431764,274,7.090208526459055,7.090208526459055,-88.40464346039768,120.04950921539805,3.6451042632295274
0.0,0.24918702340431764,275,7.090208526459055,6.940208526459054,-107.65697695167205,233.9196032514328,3.6451042632295274
0.0,0.24918702340431764,276,7.090208526459055,6.940208526459054,21.401633916127054,256.63533753133055,3.6451042632295274
0.0,0.24918702340431764,277,7.090208526459055,6.940208526459054,-57.58287749731147,251.00025945517385,3.6451042632295274
0.0,0.24918702340431764,278,7.090208526459055,6.940208526459054,-118.28165410982994,240.50276098012532,3.6451042632295274
0.0,0.24918702340431764,279,7.090208526459055,7.090208526459055,-122.50159463853181,162.2243017751125,3.6451042632295274
0.0,0.24918702340431764,280,7.090208526459055,6.940208526459054,-44.59817481146073,253.632080901502,3.6451042632295274
0.0,0.24918702340431764,281,7.090208526459055,7.090208526459055,93.78975746672042,129.137692234364,3.6451042632295274
0.0,0.24918702340431764,282,7.090208526459055,6.940208526459054,29.140009822117538,266.45059446803435,3.6451042632295274
0.0,0.24918702340431764,283,7.090208526459055,7.090208526459055,196.16578571747354,108.6205342077821,3.6451042632295274
0.0,0.24918702340431764,284,7.090208526459055,7.090208526459055,55.19876128849369,113.77458570836433,3.6451042632295274
0.0,0.24918702340431764,285,7.090208526459055,6.940208526459054,56.35665829829382,262.0434890305038,3.6451042632295274
0.0,0.24918702340431764,286,7.090208526459055,6.940208526459054,42.805089761701424,264.5975439095929,3.6451042632295274
0.0,0.24918702340431764,287,7.090208526459055,6.940208526459054,133.06460901563625,195.462012033199,3.6451042632295274
0.0,0.24918702340431764,288,7.090208526459055,6.940208526459054,60.60210798969658,250.2877292799094,3.6451042632295274
0.0,0.24918702340431764,289,7.090208526459055,7.065208526459055,-5.971044658394157,334.322770163048,4.4951042632295275
0.0,0.24918702340431764,290,7.090208526459055,6.940208526459054,34.57169704174722,255.19366307692968,3.6451042632295274
0.0,0.24918702340431764,291,7.090208526459055,7.090208526459055,-165.856368800075,71.28577339738578,3.6451042632295274
0.0,0.24918702340431764,292,7.090208526459055,7.090208526459055,72.24959000708924,130.43173165390786,3.6451042632295274
0.0,0.24918702340431764,293,7.090208526459055,7.090208526459055,-78.3456458715762,126.8566826768257,3.6451042632295274
0.0,0.24918702340431764,294,7.090208526459055,7.090208526459055,168.29501100177413,131.77949552556717,3.6451042632295274
0.0,0.24918702340431764,295,7.090208526459055,6.940208526459054,-131.1796656534388,209.25736708634554,3.6451042632295274
0.0,0.24918702340431764,296,7.090208526459055,6.940208526459054,-119.54329553105066,228.06773016712825,3.6451042632295274
0.0,0.24918702340431764,297,7.090208526459055,6.940208526459054,121.16989921595952,239.05912195478288,3.6451042632295274
0.0,0.24918702340431764,298,7.090208526459055,7.090208526459055,-205.03768281172,90.7196960520994,3.6451042632295274
0.0,0.24918702340431764,299,7.090208526459055,7.090208526459055,-132.5280559601896,154.12866216945835,3.6451042632295274
0.0,0.24918702340431764,300,7.090208526459055,6.940208526459054,110.46661836422875,232.60454920324463,3.6451042632295274
0.0,0.24918702340431764,301,7.090208526459055,7.090208526459055,-106.69465788056696,104.09401434963327,3.6451042632295274
0.0,0.24918702340431764,302,7.090208526459055,7.090208526459055,118.29718067618218,165.3199461901293,3.6451042632295274
0.0,0.24918702340431764,303,7.090208526459055,6.940208526459054,47.65008224175487,253.07592170331688,3.6451042632295274
0.0,0.24918702340431764,304,7.090208526459055,7.090208526459055,117.08258914065262,153.13629835717308,3.6451042632295274
0.0,0.24918702340431764,305,7.090208526459055,6.940208526459054,122.83569720295057,214.26768039917755,3.6451042632295274
0.0,0.24918702340431764,306,7.090208526459055,7.090208526459055,-70.71649859168507,104.8154158991529,3.6451042632295274
0.0,0.24918702340431764,307,7.090208526459055,6.940208526459054,-130.4927780846241,234.09521407045955,3.6451042632295274
0.0,0.24918702340431764,308,7.090208526459055,7.090208526459055,-128.68167134943528,75.13927743182529,3.6451042632295274
0.0,0.24918702340431764,309,7.090208526459055,7.065208526459055,-94.18239224990367,286.09206841134085,4.4951042632295275
0.0,0.24918702340431764,310,7.090208526459055,7.090208526459055,-179.34015570517016,116.26876008936046,3.6451042632295274
0.0,0.24918702340431764,311,7.090208526459055,7.065208526459055,-43.115454632862324,298.104073540101,4.4951042632295275
0.0,0.24918702340431764,312,7.090208526459055,7.090208526459055,-95.11256359108243,98.50106558345585,3.6451042632295274
0.0,0.24918702340431764,313,7.090208526459055,7.090208526459055,142.6344389701905,92.588380751513,3.6451042632295274
0.0,0.24918702340431764,314,7.090208526459055,7.065208526459055,-56.06666594728435,295.93991197031283,4.4951042632295275
0.0,0.24918702340431764,315,7.090208526459055,7.065208526459055,-30.0821706000244,299.70125140443963,4.4951042632295275
0.0,0.24918702340431764,316,7.090208526459055,7.065208526459055,-16.991623445690454,300.72840524448617,4.4951042632295275
0.0,0.24918702340431764,317,7.090208526459055,7.090208526459055,-8.583474048933711,192.62674669478164,3.6451042632295274
0.0,0.24918702340431764,318,7.090208526459055,7.065208526459055,22.374150444027155,300.3756157863187,4.4951042632295275
0.0,0.24918702340431764,319,7.090208526459055,7.065208526459055,-106.56104285047532,281.71183107531374,4.4951042632295275
0.0,0.24918702340431764,320,7.090208526459055,7.090208526459055,68.0050213721386,106.59878252116916,3.6451042632295274
0.0,0.24918702340431764,321,7.090208526459055,7.090208526459055,103.98328950305753,121.06409043066262,3.6451042632295274
0.0,0.24918702340431764,322,7.090208526459055,6.940208526459054,133.3028768979899,232.5048059191684,3.6451042632295274
0.0,0.24918702340431764,323,7.090208526459055,7.065208526459055,35.444186165294795,299.1140151935197,4.4951042632295275
0.0,0.24918702340431764,324,7.090208526459055,7.090208526459055,-146.85545798557612,85.71604807811295,3.6451042632295274
0.0,0.24918702340431764,325,7.090208526459055,7.090208526459055,128.52844474605553,157.48473446409076,3.6451042632295274
0.0,0.24918702340431764,326,7.090208526459055,6.940208526459054,-108.73953491774915,269.571142136851,3.6451042632295274
0.0,0.24918702340431764,327,7.090208526459055,6.940208526459054,-131.11260678093873,221.61172326126876,3.6451042632295274
0.0,0.24918702340431764,328,7.090208526459055,7.065208526459055,74.15064424870336,291.9307905015375,4.4951042632295275
0.0,0.24918702340431764,329,7.090208526459055,7.090208526459055,202.6441761425729,95.96074459201033,3.6451042632295274
0.0,0.24918702340431764,330,7.090208526459055,7.065208526459055,48.44675186368088,297.2835084139325,4.4951042632295275
0.0,0.24918702340431764,331,7.090208526459055,7.065208526459055,86.80304211527117,288.4187685715045,4.4951042632295275
0.0,0.24918702340431764,332,7.090208526459055,7.065208526459055,-116.6048290269044,313.36917388735293,4.4951042632295275
0.0,0.24918702340431764,333,7.090208526459055,7.065208526459055,61.35709641636109,294.8875799212513,4.4951042632295275
0.0,0.24918702340431764,334,7.090208526459055,7.065208526459055,151.6903961807012,297.9585016788495,4.4951042632295275
0.0,0.24918702340431764,335,7.090208526459055,6.940208526459054,122.28151426678212,226.6097829211349,3.6451042632295274
0.0,0.24918702340431764,336,7.090208526459055,7.065208526459055,99.29020545761011,284.35819946450636,4.4951042632295275
0.0,0.24918702340431764,337,7.090208526459055,6.940208526459054,-142.3578586705802,227.06754953548614,3.6451042632295274
0.0,0.24918702340431764,338,7.090208526459055,7.090208526459055,143.90083029361003,128.2154033958231,3.6451042632295274
0.0,0.24918702340431764,339,7.090208526459055,7.090208526459055,-131.01778681750145,108.44091228990484,3.6451042632295274
0.0,0.24918702340431764,340,7.090208526459055,7.090208526459055,92.5553481947371,100.91367387948375,3.6451042632295274
0.0,0.24918702340431764,341,7.090208526459055,7.090208526459055,176.2983464153041,120.8407532044223,3.6451042632295274
0.0,0.24918702340431764,342,7.090208526459055,6.940208526459054,-35.32867386810964,288.5380816464517,3.6451042632295274
0.0,0.24918702340431764,343,7.090208526459055,7.090208526459055,-115.20723465620685,73.91820680999103,3.6451042632295274
0.0,0.24918702340431764,344,7.090208526459055,7.090208526459055,168.18377453304328,65.58485614091684,3.6451042632295274
0.0,0.24918702340431764,345,7.090208526459055,7.090208526459055,-105.87579336214746,86.79482685224067,3.6451042632295274
0.0,0.24918702340431764,346,7.090208526459055,7.090208526459055,-8.212978975501361,115.67722378496279,3.6451042632295274
0.0,0.24918702340431764,347,7.090208526459055,6.940208526459054,-120.38369766129878,264.5716554169383,3.6451042632295274
0.0,0.24918702340431764,348,7.090208526459055,7.065208526459055,-118.73684844944755,276.79581359904273,4.4951042632295275
0.0,0.24918702340431764,349,7.090208526459055,7.090208526459055,61.39809951334638,135.88757229400076,3.6451042632295274
0.0,0.24918702340431764,350,7.090208526459055,6.940208526459054,133.69023364633574,207.66048238062203,3.6451042632295274
0.0,0.24918702340431764,351,7.090208526459055,6.940208526459054,145.08235931429974,225.33458973475624,3.6451042632295274
0.0,0.24918702340431764,352,7.090208526459055,7.065208526459055,111.58836425057413,279.7568127046259,4.4951042632295275
0.0,0.24918702340431764,353,7.090208526459055,6.940208526459054,133.7721415760063,220.014749031472,3.6451042632295274
0.0,0.24918702340431764,354,7.090208526459055,7.090208526459055,-210.36286991668928,77.5332561264527,3.6451042632295274
0.0,0.24918702340431764,355,7.090208526459055,6.940208526459054,-142.3342309677126,214.56870270357462,3.6451042632295274
0.0,0.24918702340431764,356,7.090208526459055,7.090208526459055,79.89163020324366,97.98478349588407,3.6451042632295274
0.0,0.24918702340431764,357,7.090208526459055,6.940208526459054,125.10160883942521,262.3716573040829,3.6451042632295274
0.0,0.24918702340431764,358,7.090208526459055,7.090208526459055,-186.33750203087712,104.66071952654441,3.6451042632295274
0.0,0.24918702340431764,359,7.090208526459055,7.090208526459055,-171.0946366760524,57.53057122372063,3.6451042632295274
0.0,0.24918702340431764,360,7.090208526459055,7.090208526459055,5.242931409607425,115.85020935674648,3.6451042632295274
0.0,0.24918702340431764,361,7.090208526459055,7.090208526459055,113.27533509477418,76.85551739246347,3.6451042632295274
0.0,0.24918702340431764,362,7.090208526459055,7.090208526459055,-122.1492560895455,85.37883767131999,3.6451042632295274
0.0,0.24918702340431764,363,7.090208526459055,7.090208526459055,-141.76521405430097,202.22727518721746,3.6451042632295274
0.0,0.24918702340431764,364,7.090208526459055,6.915208526459055,-153.8176163891442,258.9316501677674,4.4951042632295275
0.0,0.24918702340431764,365,7.090208526459055,6.940208526459054,52.996587430354474,285.8187296588096,3.6451042632295274
0.0,0.24918702340431764,366,7.090208526459055,7.090208526459055,-82.37773715573711,95.89869206897956,3.6451042632295274
0.0,0.24918702340431764,367,7.090208526459055,7.090208526459055,-208.80137416646085,186.69969390295276,3.6451042632295274
0.0,0.24918702340431764,368,7.090208526459055,7.090208526459055,-150.94182325819872,136.1136212190499,3.6451042632295274
0.0,0.24918702340431764,369,7.090208526459055,7.065208526459055,123.67410824991916,274.62336729308635,4.4951042632295275
0.0,0.24918702340431764,370,7.090208526459055,6.940208526459054,40.489777922247505,287.858609407416,3.6451042632295274
0.0,0.24918702340431764,371,7.090208526459055,7.090208526459055,-21.55782290919963,113.94327203091608,3.6451042632295274
0.0,0.24918702340431764,372,7.090208526459055,7.090208526459055,18.627940141565666,114.45988941316273,3.6451042632295274
0.0,0.24918702340431764,373,7.090208526459055,7.090208526459055,149.6863361651218,80.65509877223248,3.6451042632295274
0.0,0.24918702340431764,374,7.090208526459055,7.090208526459055,-153.33315117543737,73.46158098309299,3.6451042632295274
0.0,0.24918702340431764,375,7.090208526459055,7.065208526459055,-68.91115117645474,293.21288629962606,4.4951042632295275
0.0,0.24918702340431764,376,7.090208526459055,7.065208526459055,-130.6866317088348,271.35337390120236,4.4951042632295275
0.0,0.24918702340431764,377,7.090208526459055,7.065208526459055,-114.17728720901704,325.4272045751914,4.4951042632295275
0.0,0.24918702340431764,378,7.090208526459055,6.940208526459054,-22.72006383109317,289.8047096089161,3.6451042632295274
0.0,0.24918702340431764,379,7.090208526459055,6.915208526459055,147.11677640197811,262.8003819381544,4.4951042632295275
0.0,0.24918702340431764,380,7.090208526459055,7.090208526459055,183.59179061122248,109.4164312083083,3.6451042632295274
0.0,0.24918702340431764,381,7.090208526459055,6.915208526459055,-248.7300364337709,169.68898407748392,4.4951042632295275
0.0,0.24918702340431764,382,7.090208526459055,7.090208526459055,208.30658999234535,82.91555831470761,3.6451042632295274
0.0,0.24918702340431764,383,7.090208526459055,6.915208526459055,-164.95478666604816,251.976011589304,4.4951042632295275
0.0,0.24918702340431764,384,7.090208526459055,7.090208526459055,113.48482990378695,112.18648537784188,3.6451042632295274
0.0,0.24918702340431764,385,7.090208526459055,7.090208526459055,-34.611134270148746,110.67180281751352,3.6451042632295274
0.0,0.24918702340431764,386,7.090208526459055,6.940208526459054,-64.09645520698957,272.74404899210515,3.6451042632295274
0.0,0.24918702340431764,387,7.090208526459055,7.065208526459055,-101.86491729205201,329.49185533722437,4.4951042632295275
0.0,0.24918702340431764,388,7.090208526459055,7.090208526459055,-126.94851327167426,96.64856647832286,3.6451042632295274
0.0,0.24918702340431764,389,7.090208526459055,6.915208526459055,-116.61198394116336,289.0693252412812,4.4951042632295275
0.0,0.24918702340431764,390,7.090208526459055,7.090208526459055,31.76103793904033,111.52506564637706,3.6451042632295274
0.0,0.24918702340431764,391,7.090208526459055,7.065208526459055,-31.068709776067053,332.9285335403221,4.4951042632295275
0.0,0.24918702340431764,392,7.090208526459055,7.090208526459055,-1.6226910689222844,126.47234760837014,3.6451042632295274
0.0,0.24918702340431764,393,7.090208526459055,7.090208526459055,147.39924309103486,139.94901388085682,3.6451042632295274
0.0,0.24918702340431764,394,7.090208526459055,7.065208526459055,-12.639780868648835,344.65800217323937,4.4951042632295275
0.0,0.24918702340431764,395,7.090208526459055,6.915208526459055,158.4290761034703,256.1333477193597,4.4951042632295275
0.0,0.24918702340431764,396,7.090208526459055,6.940208526459054,144.90802921394354,212.83693637854427,3.6451042632295274
0.0,0.24918702340431764,397,7.090208526459055,7.065208526459055,-142.38764553702174,265.39487197508544,4.4951042632295275
0.0,0.24918702340431764,398,7.090208526459055,7.090208526459055,110.17603911805512,100.39277686779886,3.6451042632295274
0.0,0.24918702340431764,399,7.090208526459055,7.090208526459055,103.61595566921758,89.48799654146966,3.6451042632295274
0.0,0.24918702340431764,400,7.090208526459055,6.915208526459055,-90.9959064692864,298.1336814918485,4.4951042632295275
0.0,0.24918702340431764,401,7.090208526459055,7.065208526459055,135.5244315550337,268.9676350349945,4.4951042632295275
0.0,0.24918702340431764,402,7.090208526459055,7.090208526459055,-109.5990828119239,115.99376109911151,3.6451042632295274
0.0,0.24918702340431764,403,7.090208526459055,7.065208526459055,-3.868731770386967,301.1835798145266,4.4951042632295275
0.0,0.24918702340431764,404,7.090208526459055,7.090208526459055,138.2421701322502,149.01639068381525,3.6451042632295274
0.0,0.24918702340431764,405,7.090208526459055,6.940208526459054,-47.87003376646768,286.7226793878027,3.6451042632295274
0.0,0.24918702340431764,406,7.090208526459055,7.065208526459055,9.261524255725794,301.0659086638964,4.4951042632295275
0.0,0.24918702340431764,407,7.090208526459055,7.090208526459055,-151.97482659257557,194.6615737078114,3.6451042632295274
0.0,0.24918702340431764,408,7.090208526459055,7.065208526459055,-25.58576932295435,343.93882088144386,4.4951042632295275
0.0,0.24918702340431764,409,7.090208526459055,7.090208526459055,-118.66865821252604,106.67528785971467,3.6451042632295274
0.0,0.24918702340431764,410,7.090208526459055,7.090208526459055,-192.58453300256602,92.63225057373792,3.6451042632295274
0.0,0.24918702340431764,411,7.090208526459055,6.915208526459055,-129.099152659387,283.7078891680306,4.4951042632295275
0.0,0.24918702340431764,412,7.090208526459055,6.915208526459055,-10.797115736098405,311.5349871021566,4.4951042632295275
0.0,0.24918702340431764,413,7.090208526459055,7.065208526459055,-81.62446011270696,289.92818757639884,4.4951042632295275
0.0,0.24918702340431764,414,7.090208526459055,7.090208526459055,-276.20901285280064,90.06668631579822,3.6451042632295274
0.0,0.24918702340431764,415,7.090208526459055,7.090208526459055,-92.92495814243854,85.68847276824933,3.6451042632295274
0.0,0.24918702340431764,416,7.090208526459055,6.940208526459054,136.41616139638862,256.665319257966,3.6451042632295274
0.0,0.24918702340431764,417,7.090208526459055,6.915208526459055,96.32004397519718,296.45498738440966,4.4951042632295275
0.0,0.24918702340431764,418,7.090208526459055,6.915208526459055,16.37431566167854,311.2914812946165,4.4951042632295275
0.0,0.24918702340431764,419,7.090208526459055,6.915208526459055,109.14868418191321,291.97164378709715,4.4951042632295275
0.0,0.24918702340431764,420,7.090208526459055,6.915208526459055,83.3080530903011,300.3744864054978,4.4951042632295275
0.0,0.24918702340431764,421,7.090208526459055,7.090208526459055,-159.25498349266556,126.26676008590627,3.6451042632295274
0.0,0.24918702340431764,422,7.090208526459055,7.090208526459055,172.94962047730579,51.65891812531247,3.6451042632295274
0.0,0.24918702340431764,423,7.090208526459055,6.915208526459055,-24.364935169326227,310.7677484220463,4.4951042632295275
0.0,0.24918702340431764,424,7.090208526459055,7.090208526459055,90.69784178865409,88.04907819214952,3.6451042632295274
0.0,0.24918702340431764,425,7.090208526459055,7.065208526459055,-92.73552479636274,321.24908541406757,4.4951042632295275
0.0,0.24918702340431764,426,7.090208526459055,7.065208526459055,77.45702267573911,336.0729587423384,4.4951042632295275
0.0,0.24918702340431764,427,7.090208526459055,6.915208526459055,-64.68729520434758,304.9309568719354,4.4951042632295275
0.0,0.24918702340431764,428,7.090208526459055,7.090208526459055,-214.8409999907682,64.03562053145853,3.6451042632295274
0.0,0.24918702340431764,429,7.090208526459055,6.915208526459055,-51.33569509066487,307.46258752612647,4.4951042632295275
0.0,0.24918702340431764,430,7.090208526459055,6.915208526459055,169.43979705407958,248.9792234571752,4.4951042632295275
0.0,0.24918702340431764,431,7.090208526459055,7.065208526459055,-194.09962250896209,272.216370462788,4.4951042632295275
0.0,0.24918702340431764,432,7.090208526459055,6.915208526459055,121.76955366468323,286.9329899129144,4.4951042632295275
0.0,0.24918702340431764,433,7.090208526459055,6.915208526459055,70.13748059142728,303.7226798612053,4.4951042632295275
0.0,0.24918702340431764,434,7.090208526459055,7.090208526459055,190.14597546392793,97.5525312497603,3.6451042632295274
0.0,0.24918702340431764,435,7.090208526459055,6.915208526459055,-37.88637456364685,309.4094200115924,4.4951042632295275
0.0,0.24918702340431764,436,7.090208526459055,6.940208526459054,-96.88838028913263,274.0579592079459,3.6451042632295274
0.0,0.24918702340431764,437,7.090208526459055,7.090208526459055,-142.02087357544713,145.413404228193,3.6451042632295274
0.0,0.24918702340431764,438,7.090208526459055,7.090208526459055,-111.2280389884767,157.4469123079674,3.6451042632295274
0.0,0.24918702340431764,439,7.090208526459055,6.915208526459055,43.42112863018792,308.68075581520026,4.4951042632295275
0.0,0.24918702340431764,440,7.090208526459055,6.915208526459055,-141.34057380300717,277.8068733445083,4.4951042632295275
0.0,0.24918702340431764,441,7.090208526459055,7.090208526459055,155.74209548938126,68.18672871630515,3.6451042632295274
0.0,0.24918702340431764,442,7.090208526459055,6.915208526459055,56.83339741189394,306.49319427499023,4.4951042632295275
0.0,0.24918702340431764,443,7.090208526459055,7.090208526459055,144.1902476235388,200.50326689303745,3.6451042632295274
0.0,0.24918702340431764,444,7.090208526459055,6.915208526459055,29.926205262238728,310.2812003341107,4.4951042632295275
0.0,0.24918702340431764,445,7.090208526459055,7.065208526459055,162.21221937919893,304.3287685434323,4.4951042632295275
0.0,0.24918702340431764,446,7.090208526459055,6.940208526459054,113.54891825972524,267.57903032995324,3.6451042632295274
0.0,0.24918702340431764,447,7.090208526459055,7.090208526459055,-122.98069573769565,60.04533965314414,3.6451042632295274
0.0,0.24918702340431764,448,7.090208526459055,7.090208526459055,-204.8999306157778,117.85129437883523,3.6451042632295274
0.0,0.24918702340431764,449,7.090208526459055,7.065208526459055,-250.049551774262,221.8705623091913,4.4951042632295275
0.0,0.24918702340431764,450,7.090208526459055,7.065208526459055,-103.90283768371604,293.8809757659705,4.4951042632295275
0.0,0.24918702340431764,451,7.090208526459055,7.090208526459055,-134.38354692002983,85.98032313143663,3.6451042632295274
0.0,0.24918702340431764,452,7.090208526459055,7.090208526459055,-175.1942979735787,43.394170888965455,3.6451042632295274
0.0,0.24918702340431764,453,7.090208526459055,6.915208526459055,-175.7779561311161,244.54119669306198,4.4951042632295275
0.0,0.24918702340431764,454,7.090208526459055,7.090208526459055,213.1302267247316,69.53750373679546,3.6451042632295274
0.0,0.24918702340431764,455,7.090208526459055,7.090208526459055,-161.78142921118965,186.58032552836724,3.6451042632295274
0.0,0.24918702340431764,456,7.090208526459055,7.090208526459055,10.869430199845427,104.89230806022627,3.6451042632295274
0.0,0.24918702340431764,457,7.090208526459055,6.915208526459055,-153.31294513112024,271.37751068972614,4.4951042632295275
0.0,0.24918702340431764,458,7.090208526459055,6.915208526459055,134.15862788112358,281.34861712588935,4.4951042632295275
0.0,0.24918702340431764,459,7.090208526459055,7.090208526459055,154.30789498507622,192.81501358524662,3.6451042632295274
0.0,0.24918702340431764,460,7.090208526459055,7.090208526459055,155.9627913215363,130.31911518132682,3.6451042632295274
0.0,0.24918702340431764,461,7.090208526459055,7.090208526459055,-158.79043754241525,60.71989748546606,3.6451042632295274
0.0,0.24918702340431764,462,7.090208526459055,6.940208526459054,7.5066847637166525,236.38026694438176,3.6451042632295274
0.0,0.24918702340431764,463,7.090208526459055,7.065208526459055,173.53537265190025,298.01196248717315,4.4951042632295275
0.0,0.24918702340431764,464,7.090208526459055,7.090208526459055,281.2112258889678,72.90487086356697,3.6451042632295274
0.0,0.24918702340431764,465,7.090208526459055,7.090208526459055,-153.84543180696608,219.4384034781907,3.6451042632295274
0.0,0.24918702340431764,466,7.090208526459055,7.090208526459055,-13.555921173028239,104.57830229975912,3.6451042632295274
0.0,0.24918702340431764,467,7.090208526459055,6.915208526459055,-164.9934765544381,264.4320398609186,4.4951042632295275
0.0,0.24918702340431764,468,7.090208526459055,7.065208526459055,-194.89488795540984,284.4905961498174,4.4951042632295275
0.0,0.24918702340431764,469,7.090208526459055,7.090208526459055,121.40285993518599,63.187069042141054,3.6451042632295274
0.0,0.24918702340431764,470,7.090208526459055,7.090208526459055,130.16403694679025,92.2605388605361,3.6451042632295274
0.0,0.24918702340431764,471,7.090208526459055,7.090208526459055,-102.21552848153175,74.32283369753804,3.6451042632295274
0.0,0.24918702340431764,472,7.090208526459055,7.090208526459055,96.78628325321621,166.72806516081627,3.6451042632295274
0.0,0.24918702340431764,473,7.090208526459055,7.090208526459055,124.98301561577559,81.16113910869474,3.6451042632295274
0.0,0.24918702340431764,474,7.090208526459055,6.915208526459055,-186.26652226612254,236.6413580717636,4.4951042632295275
0.0,0.24918702340431764,475,7.090208526459055,7.090208526459055,-198.0560940313644,80.23178763004094,3.6451042632295274
0.0,0.24918702340431764,476,7.090208526459055,7.090208526459055,-153.1784103613366,206.9573453184433,3.6451042632295274
0.0,0.24918702340431764,477,7.090208526459055,7.090208526459055,136.4685618222329,59.77926191699851,3.6451042632295274
0.0,0.24918702340431764,478,7.090208526459055,7.090208526459055,217.04664516592692,93.54972851703701,3.6451042632295274
0.0,0.24918702340431764,479,7.090208526459055,6.940208526459054,-153.42969772258598,234.3883192209053,3.6451042632295274
0.0,0.24918702340431764,480,7.090208526459055,7.090208526459055,22.94425986560902,102.92288488422788,3.6451042632295274
0.0,0.24918702340431764,481,7.090208526459055,7.090208526459055,-228.09377413621183,61.79159046272112,3.6451042632295274
0.0,0.24918702340431764,482,7.090208526459055,6.915208526459055,146.29232352431418,275.2291555970171,4.4951042632295275
0.0,0.24918702340431764,483,7.090208526459055,6.940208526459054,65.40251492215863,283.23525205508497,3.6451042632295274
0.0,0.24918702340431764,484,7.090208526459055,7.090208526459055,-166.92688011666152,115.91247066315715,3.6451042632295274
0.0,0.24918702340431764,485,7.090208526459055,6.915208526459055,-176.3599335175184,256.98368195656315,4.4951042632295275
0.0,0.24918702340431764,486,7.090208526459055,7.090208526459055,-180.08272097194072,168.95821944761386,3.6451042632295274
0.0,0.24918702340431764,487,7.090208526459055,7.065208526459055,258.68246314436306,154.06680341254852,4.4951042632295275
0.0,0.24918702340431764,488,7.090208526459055,7.090208526459055,-163.61638814751313,198.79783505736913,3.6451042632295274
0.0,0.24918702340431764,489,7.090208526459055,7.090208526459055,-164.92503451494096,211.22800702242836,3.6451042632295274
0.0,0.24918702340431764,490,7.090208526459055,7.090208526459055,-59.14339435753423,99.71347005077504,3.6451042632295274
0.0,0.24918702340431764,491,7.090208526459055,7.090208526459055,156.47710939511464,217.56748752588015,3.6451042632295274
0.0,0.24918702340431764,492,7.090208526459055,7.090208526459055,-25.57613190411688,102.29911975253206,3.6451042632295274
0.0,0.24918702340431764,493,7.090208526459055,7.090208526459055,195.93450958427735,85.29682506662179,3.6451042632295274
0.0,0.24918702340431764,494,7.090208526459055,6.915208526459055,180.12797972066792,241.351627433748,4.4951042632295275
0.0,0.24918702340431764,495,7.090208526459055,7.090208526459055,100.27752065455905,76.92602997965619,3.6451042632295274
0.0,0.24918702340431764,496,7.090208526459055,6.915208526459055,158.14754341496425,268.5862540691251,4.4951042632295275
0.0,0.24918702340431764,497,7.090208526459055,6.915208526459055,-196.40051948929838,228.29153351722204,4.4951042632295275
0.0,0.24918702340431764,498,7.090208526459055,7.090208526459055,163.89833243748126,120.16547078847552,3.6451042632295274
0.0,0.24918702340431764,499,7.090208526459055,7.090208526459055,-140.92428023535717,74.74155321839335,3.6451042632295274
0.0,0.24918702340431764,500,7.090208526459055,7.090208526459055,-134.3577313174759,64.40133599665774,3.6451042632295274
0.0,0.24918702340431764,501,7.090208526459055,7.090208526459055,164.01634554899115,184.6161103229072,3.6451042632295274
0.0,0.24918702340431764,502,7.090208526459055,7.090208526459055,176.5645152319707,37.390856831233485,3.6451042632295274
0.0,0.24918702340431764,503,7.090208526459055,6.915208526459055,169.70172046820505,261.43255768282984,4.4951042632295275
0.0,0.24918702340431764,504,7.090208526459055,7.065208526459055,223.96349460224747,248.20314527295923,4.4951042632295275
0.0,0.24918702340431764,505,7.090208526459055,7.090208526459055,-175.5672856798997,202.45813266361958,3.6451042632295274
0.0,0.24918702340431764,506,7.090208526459055,7.090208526459055,-218.45404118467653,50.28113948175179,3.6451042632295274
0.0,0.24918702340431764,507,7.090208526459055,6.940208526459054,27.905893820577013,289.3510082738635,3.6451042632295274
0.0,0.24918702340431764,508,7.090208526459055,6.915208526459055,190.47327854005283,233.26507921163284,4.4951042632295275
0.0,0.24918702340431764,509,7.090208526459055,6.940208526459054,-131.79870319418794,259.06901585533154,3.6451042632295274
0.0,0.24918702340431764,510,7.090208526459055,7.090208526459055,155.65964680847264,205.09537923115434,3.6451042632295274
0.0,0.24918702340431764,511,7.090208526459055,7.090208526459055,167.45691031165063,209.22409625130862,3.6451042632295274
0.0,0.24918702340431764,512,7.090208526459055,7.090208526459055,-173.92662111022977,105.09244601982606,3.6451042632295274
0.0,0.24918702340431764,513,7.090208526459055,7.090208526459055,160.76141686379592,55.266245529316954,3.6451042632295274
0.0,0.24918702340431764,514,7.090208526459055,7.090208526459055,-142.9956426854722,41.718987549019346,3.6451042632295274
0.0,0.24918702340431764,515,7.090208526459055,7.090208526459055,-184.69341150397904,224.40749203858692,3.6451042632295274
0.0,0.24918702340431764,516,7.090208526459055,6.915208526459055,-206.16065716095062,219.50761739504966,4.4951042632295275
0.0,0.24918702340431764,517,7.090208526459055,7.090208526459055,137.23070621806838,81.34480128257395,3.6451042632295274
0.0,0.24918702340431764,518,7.090208526459055,6.940208526459054,-3.59843056450335,280.15784474394604,3.6451042632295274
0.0,0.24918702340431764,519,7.090208526459055,7.090208526459055,217.09566325708278,55.8804495623581,3.6451042632295274
0.0,0.24918702340431764,520,7.090208526459055,7.090208526459055,56.56689869214132,101.20101051675556,3.6451042632295274
0.0,0.24918702340431764,521,7.090208526459055,7.090208526459055,-70.29058635098554,92.174799149266,3.6451042632295274
0.0,0.24918702340431764,522,7.090208526459055,7.090208526459055,-188.52887837834513,159.46409220371083,3.6451042632295274
0.0,0.24918702340431764,523,7.090208526459055,7.090208526459055,221.56185651912907,82.25272936509663,3.6451042632295274
0.0,0.24918702340431764,524,7.090208526459055,7.090208526459055,165.99848300254763,196.81060680716,3.6451042632295274
0.0,0.24918702340431764,525,7.090208526459055,6.940208526459054,-10.068204861250202,290.5201521768789,3.6451042632295274
0.0,0.24918702340431764,526,7.090208526459055,7.065208526459055,325.0046976594164,77.79116807485967,4.4951042632295275
0.0,0.24918702340431764,527,7.090208526459055,7.090208526459055,191.75124300779737,17.9766317582695,3.6451042632295274
0.0,0.24918702340431764,528,7.090208526459055,6.915208526459055,-290.0438983686831,15.518076287356195,4.4951042632295275
0.0,0.24918702340431764,529,7.090208526459055,7.090208526459055,182.10382940914306,166.7746185006912,3.6451042632295274
0.0,0.24918702340431764,530,7.090208526459055,7.090208526459055,-163.19099974612644,47.57579138667914,3.6451042632295274
0.0,0.24918702340431764,531,7.090208526459055,7.090208526459055,67.90420493513632,93.95139428879763,3.6451042632295274
0.0,0.24918702340431764,532,7.090208526459055,7.090208526459055,101.64680517672572,109.03992734642219,3.6451042632295274
0.0,0.24918702340431764,533,7.090208526459055,7.090208526459055,-178.12807012311538,28.9706478050064,3.6451042632295274
0.0,0.24918702340431764,534,7.090208526459055,7.090208526459055,-150.2439225452145,182.57033488896718,3.6451042632295274
0.0,0.24918702340431764,535,7.090208526459055,7.090208526459055,-202.7301530721628,67.50926298306143,3.6451042632295274
0.0,0.24918702340431764,536,7.090208526459055,7.090208526459055,-110.12380914700422,61.9554756277064,3.6451042632295274
0.0,0.24918702340431764,537,7.090208526459055,7.090208526459055,171.17391281559566,109.5289658446074,3.6451042632295274
0.0,0.24918702340431764,538,7.090208526459055,7.090208526459055,-139.13966275106398,53.236472594432726,3.6451042632295274
0.0,0.24918702340431764,539,7.090208526459055,6.915208526459055,-215.52835630429115,210.30633038883047,4.4951042632295275
0.0,0.24918702340431764,540,7.090208526459055,7.090208526459055,219.87588284639207,173.50160839742898,3.6451042632295274
0.0,0.24918702340431764,541,7.090208526459055,6.915208526459055,-187.39067932350474,249.04661534926757,4.4951042632295275
0.0,0.24918702340431764,542,7.090208526459055,7.090208526459055,-129.0910538807339,45.36383211131635,3.6451042632295274
0.0,0.24918702340431764,543,7.090208526459055,7.090208526459055,34.70880777719828,99.56497607973606,3.6451042632295274
0.0,0.24918702340431764,544,7.090208526459055,7.090208526459055,-190.94541689658982,25.202127893181103,3.6451042632295274
0.0,0.24918702340431764,545,7.090208526459055,7.065208526459055,235.78090424956892,251.6145808320516,4.4951042632295275
0.0,0.24918702340431764,546,7.090208526459055,7.090208526459055,-183.16417090996674,180.92230234889323,3.6451042632295274
0.0,0.24918702340431764,547,7.090208526459055,7.090208526459055,-236.24607626823473,1.6735004201974095,3.6451042632295274
0.0,0.24918702340431764,548,7.090208526459055,6.915208526459055,210.0571433654262,215.77754332769544,4.4951042632295275
0.0,0.24918702340431764,549,7.090208526459055,7.090208526459055,-195.42808264860852,183.33439672157652,3.6451042632295274
0.0,0.24918702340431764,550,7.090208526459055,7.090208526459055,-185.74396396490692,193.15203653200643,3.6451042632295274
0.0,0.24918702340431764,551,7.090208526459055,7.090208526459055,-173.62048468558527,190.11180947473193,3.6451042632295274
0.0,0.24918702340431764,552,7.090208526459055,7.090208526459055,200.93408458839514,72.69866206211715,3.6451042632295274
0.0,0.24918702340431764,553,7.090208526459055,7.090208526459055,-146.52718571658787,63.00704889869765,3.6451042632295274
0.0,0.24918702340431764,554,7.090208526459055,6.915208526459055,-198.06471632080888,240.63594869643234,4.4951042632295275
0.0,0.24918702340431764,555,7.090208526459055,7.090208526459055,140.8667276947132,48.45772580284727,3.6451042632295274
0.0,0.24918702340431764,556,7.090208526459055,7.090208526459055,143.38412778093806,69.88938577155157,3.6451042632295274
0.0,0.24918702340431764,557,7.090208526459055,7.090208526459055,-180.22602098690433,93.85025457629133,3.6451042632295274
0.0,0.24918702340431764,558,7.090208526459055,7.090208526459055,127.88861935962433,48.667493806437676,3.6451042632295274
0.0,0.24918702340431764,559,7.090208526459055,7.090208526459055,-196.4750910910627,149.54775565327918,3.6451042632295274
0.0,0.24918702340431764,560,7.090208526459055,7.065208526459055,245.06914984489228,242.56779507409124,4.4951042632295275
0.0,0.24918702340431764,561,7.090208526459055,7.090208526459055,-221.18744505672674,36.32519741796113,3.6451042632295274
0.0,0.24918702340431764,562,7.090208526459055,6.915208526459055,180.93286065131943,253.78168390579194,4.4951042632295275
0.0,0.24918702340431764,563,7.090208526459055,7.090208526459055,-188.97836867924633,37.26239633027096,3.6451042632295274
0.0,0.24918702340431764,564,7.090208526459055,7.090208526459055,131.16222018655347,70.70463520450387,3.6451042632295274
0.0,0.24918702340431764,565,7.090208526459055,6.915208526459055,-224.4857849715754,200.70518767134774,4.4951042632295275
0.0,0.24918702340431764,566,7.090208526459055,7.090208526459055,122.23114748518563,102.56395607282661,3.6451042632295274
0.0,0.24918702340431764,567,7.090208526459055,7.090208526459055,188.05637640130476,190.89841674318535,3.6451042632295274
0.0,0.24918702340431764,568,7.090208526459055,7.090208526459055,185.32931157574563,178.700677287322,3.6451042632295274
0.0,0.24918702340431764,569,7.090208526459055,7.090208526459055,179.00440226886127,22.87562385252757,3.6451042632295274
0.0,0.24918702340431764,570,7.090208526459055,6.940208526459054,-60.32027033479631,284.36195855434914,3.6451042632295274
0.0,0.24918702340431764,571,7.090208526459055,7.090208526459055,181.15315459750937,65.5663828544711,3.6451042632295274
0.0,0.24918702340431764,572,7.090208526459055,7.090208526459055,177.99264560571208,200.32654108481339,3.6451042632295274
0.0,0.24918702340431764,573,7.090208526459055,6.940208526459054,101.78008086041932,272.27752580505455,3.6451042632295274
0.0,0.24918702340431764,574,7.090208526459055,7.090208526459055,198.1332719098205,212.62105079675564,3.6451042632295274
0.0,0.24918702340431764,575,7.090208526459055,7.090208526459055,-37.25046932664451,98.63988693015872,3.6451042632295274
0.0,0.24918702340431764,576,7.090208526459055,6.915208526459055,219.2584303716454,206.4098441843549,4.4951042632295275
0.0,0.24918702340431764,577,7.090208526459055,7.090208526459055,177.7602362615675,98.45242980104328,3.6451042632295274
0.0,0.24918702340431764,578,7.090208526459055,7.090208526459055,188.68116234627266,221.06137177759143,3.6451042632295274
0.0,0.24918702340431764,579,7.090208526459055,6.915208526459055,191.81958485063245,245.6481966110933,4.4951042632295275
0.0,0.24918702340431764,580,7.090208526459055,6.915208526459055,200.45600064794334,224.7349719949798,4.4951042632295275
0.0,0.24918702340431764,581,7.090208526459055,7.090208526459055,-174.73997636332209,232.25035646184358,3.6451042632295274
0.0,0.24918702340431764,582,7.090208526459055,7.090208526459055,44.464622183938275,107.08542651319235,3.6451042632295274
0.0,0.24918702340431764,583,7.090208526459055,7.090208526459055,164.71089753274885,41.979632895147624,3.6451042632295274
0.0,0.24918702340431764,584,7.090208526459055,7.090208526459055,235.14039200214216,23.12347979646683,3.6451042632295274
0.0,0.24918702340431764,585,7.090208526459055,7.090208526459055,-192.2221386804559,171.253682600756,3.6451042632295274
0.0,0.24918702340431764,586,7.090208526459055,6.915208526459055,-218.26210703815255,222.45872703047442,4.4951042632295275
0.0,0.24918702340431764,587,7.090208526459055,7.065208526459055,-329.8143028676216,53.75935381456398,4.4951042632295275
0.0,0.24918702340431764,588,7.090208526459055,7.090208526459055,220.1869321760593,41.999387928383854,3.6451042632295274
0.0,0.24918702340431764,589,7.090208526459055,6.915208526459055,202.34116956786983,237.0475783540766,4.4951042632295275
0.0,0.24918702340431764,590,7.090208526459055,7.090208526459055,-32.867965684977996,189.99243018002943,3.6451042632295274
0.0,0.24918702340431764,591,7.090208526459055,6.940208526459054,147.47103803674634,250.47087853040034,3.6451042632295274
0.0,0.24918702340431764,592,7.090208526459055,7.090208526459055,197.6214154935122,180.9647249172879,3.6451042632295274
0.0,0.24918702340431764,593,7.090208526459055,6.940208526459054,-84.85279312186007,278.0235657189143,3.6451042632295274
0.0,0.24918702340431764,594,7.090208526459055,7.090208526459055,-166.50555277114694,34.11673454419464,3.6451042632295274
0.0,0.24918702340431764,595,7.090208526459055,7.090208526459055,190.4348979497638,157.1793423697682,3.6451042632295274
0.0,0.24918702340431764,596,7.090208526459055,7.090208526459055,-204.59396118916627,173.03124784819303,3.6451042632295274
0.0,0.24918702340431764,597,7.090208526459055,7.090208526459055,-206.58788933888385,54.51590574921719,3.6451042632295274
0.0,0.24918702340431764,598,7.090208526459055,7.090208526459055,-179.87642935504562,14.355988138253181,3.6451042632295274
0.0,0.24918702340431764,599,7.090208526459055,7.090208526459055,-243.55093956797558,158.49438219789948,3.6451042632295274
0.0,0.24918702340431764,600,7.090208526459055,7.090208526459055,-47.19638941493725,105.9070571537137,3.6451042632295274
0.0,0.24918702340431764,601,7.090208526459055,7.090208526459055,173.289854249673,175.92829912355677,3.6451042632295274
0.0,0.24918702340431764,602,7.090208526459055,7.090208526459055,108.50111807808192,64.76605900406808,3.6451042632295274
0.0,0.24918702340431764,603,7.090208526459055,6.915208526459055,-208.36172587333377,231.76769218006208,4.4951042632295275
0.0,0.24918702340431764,604,7.090208526459055,7.090208526459055,175.89712106119083,188.004588833679,3.6451042632295274
0.0,0.24918702340431764,605,7.090208526459055,6.915208526459055,-233.01589218822852,190.72246556345715,4.4951042632295275
0.0,0.24918702340431764,606,7.090208526459055,7.090208526459055,-185.79971428671573,82.2311646696346,3.6451042632295274
0.0,0.24918702340431764,607,7.090208526459055,7.090208526459055,205.12456895230855,59.80877059222238,3.6451042632295274
0.0,0.24918702340431764,608,7.090208526459055,6.915208526459055,-227.7470138770168,212.72677339191893,4.4951042632295275
0.0,0.24918702340431764,609,7.090208526459055,7.090208526459055,-171.1590165629285,178.00496066629336,3.6451042632295274
0.0,0.24918702340431764,610,7.090208526459055,6.940208526459054,77.6839450095726,280.113094392696,3.6451042632295274
0.0,0.24918702340431764,611,7.090208526459055,7.090208526459055,148.5833516301415,57.97052622768432,3.6451042632295274
0.0,0.24918702340431764,612,7.090208526459055,7.090208526459055,-116.54285420938355,48.75364586064528,3.6451042632295274
0.0,0.24918702340431764,613,7.090208526459055,6.915208526459055,228.04234649381766,196.64970651270272,4.4951042632295275
0.0,0.24918702340431764,614,7.090208526459055,6.915208526459055,212.4775863685145,227.99620090042117,4.4951042632295275
0.0,0.24918702340431764,615,7.090208526459055,7.090208526459055,-203.9002871824673,139.23550613819418,3.6451042632295274
0.0,0.24918702340431764,616,7.090208526459055,7.090208526459055,-114.80395768358852,95.05187413115645,3.6451042632295274
0.0,0.24918702340431764,617,7.090208526459055,7.090208526459055,-223.03020515426405,22.22398999311446,3.6451042632295274
0.0,0.24918702340431764,618,7.090208526459055,7.065208526459055,-299.12291892882195,149.13267065263153,4.4951042632295275
0.0,0.24918702340431764,619,7.090208526459055,7.065208526459055,173.64196132517873,285.7124624078539,4.4951042632295275
0.0,0.24918702340431764,620,7.090208526459055,7.090208526459055,-178.55848744894703,72.35791084935546,3.6451042632295274
0.0,0.24918702340431764,621,7.090208526459055,7.090208526459055,194.27004207258904,168.92354446894907,3.6451042632295274
0.0,0.24918702340431764,622,7.090208526459055,7.065208526459055,-262.1721080777925,223.95207426307988,4.4951042632295275
0.0,0.24918702340431764,623,7.090208526459055,7.090208526459055,198.26096737543878,147.16791567814747,3.6451042632295274
0.0,0.24918702340431764,624,7.090208526459055,7.090208526459055,-200.77036789487337,161.1315896717677,3.6451042632295274
0.0,0.24918702340431764,625,7.090208526459055,7.090208526459055,-180.42774062713988,-0.3525499624610039,3.6451042632295274
0.0,0.24918702340431764,626,7.090208526459055,7.090208526459055,183.63078197548177,86.98046395903623,3.6451042632295274
0.0,0.24918702340431764,627,7.090208526459055,6.915208526459055,-331.59367953319554,41.315523842134354,4.4951042632295275
0.0,0.24918702340431764,628,7.090208526459055,7.090208526459055,-1.3523898630386717,105.44661253778956,3.6451042632295274
0.0,0.24918702340431764,629,7.090208526459055,7.090208526459055,180.25304454230013,8.209815669822973,3.6451042632295274
0.0,0.24918702340431764,630,7.090208526459055,7.090208526459055,-151.15497695215862,50.85490136254023,3.6451042632295274
0.0,0.24918702340431764,631,7.090208526459055,7.090208526459055,193.37252401832652,135.97429220137275,3.6451042632295274
0.0,0.24918702340431764,632,7.090208526459055,6.915208526459055,-241.1024404103437,180.37716674407224,4.4951042632295275
0.0,0.24918702340431764,633,7.090208526459055,7.090208526459055,-213.21729332443732,162.26991201047468,3.6451042632295274
0.0,0.24918702340431764,634,7.090208526459055,6.915208526459055,222.20954000707016,218.51129406155684,4.4951042632295275
0.0,0.24918702340431764,635,7.090208526459055,6.940208526459054,15.26888926395173,290.2930853920874,3.6451042632295274
0.0,0.24918702340431764,636,7.090208526459055,7.090208526459055,-133.45567697365806,30.072226388121102,3.6451042632295274
0.0,0.24918702340431764,637,7.090208526459055,7.090208526459055,206.66239811816575,170.5518079720668,3.6451042632295274
0.0,0.24918702340431764,638,7.090208526459055,7.090208526459055,167.56425435400652,28.415311028740767,3.6451042632295274
0.0,0.24918702340431764,639,7.090208526459055,7.065208526459055,-270.4011519132361,213.9321602742362,4.4951042632295275
0.0,0.24918702340431764,640,7.090208526459055,6.915208526459055,236.39217104835924,186.5157092895269,4.4951042632295275
0.0,0.24918702340431764,641,7.090208526459055,7.090208526459055,-58.93683503693684,87.39720346110172,3.6451042632295274
0.0,0.24918702340431764,642,7.090208526459055,7.090208526459055,-209.61376908914548,41.30403559216431,3.6451042632295274
0.0,0.24918702340431764,643,7.090208526459055,6.940208526459054,-28.92108371199235,234.72265703166087,3.6451042632295274
0.0,0.24918702340431764,644,7.090208526459055,7.090208526459055,222.3915860327685,27.9502129708384,3.6451042632295274
0.0,0.24918702340431764,645,7.090208526459055,7.090208526459055,-210.7847763673495,128.55468989034023,3.6451042632295274
0.0,0.24918702340431764,646,7.090208526459055,7.090208526459055,-168.71203881395792,20.432294760711308,3.6451042632295274
0.0,0.24918702340431764,647,7.090208526459055,7.090208526459055,205.561284356941,136.7668869296644,3.6451042632295274
0.0,0.24918702340431764,648,7.090208526459055,7.090208526459055,-191.09224919633292,-23.55320338070564,3.6451042632295274
0.0,0.24918702340431764,649,7.090208526459055,7.065208526459055,290.4338604413447,-2.3536324853811834,4.4951042632295275
0.0,0.24918702340431764,650,7.090208526459055,7.090208526459055,-145.90001021042897,29.925527823143405,3.6451042632295274
0.0,0.24918702340431764,651,7.090208526459055,7.090208526459055,-224.62321599924712,73.45197423088997,3.6451042632295274
0.0,0.24918702340431764,652,7.090208526459055,6.915208526459055,-236.79839133067222,202.59035659127426,4.4951042632295275
0.0,0.24918702340431764,653,7.090208526459055,7.090208526459055,-190.6252577139459,70.28196227402474,3.6451042632295274
0.0,0.24918702340431764,654,7.090208526459055,7.090208526459055,115.25742401151838,51.73360801259575,3.6451042632295274
0.0,0.24918702340431764,655,7.090208526459055,6.915208526459055,280.7915772775295,181.34833792166268,4.4951042632295275
0.0,0.24918702340431764,656,7.090208526459055,7.090208526459055,202.69560334171558,158.69911757716258,3.6451042632295274
0.0,0.24918702340431764,657,7.090208526459055,7.090208526459055,146.82769441782185,24.92967191759281,3.6451042632295274
0.0,0.24918702340431764,658,7.090208526459055,7.090208526459055,-208.78619018605443,150.5828655327311,3.6451042632295274
0.0,0.24918702340431764,659,7.090208526459055,7.090208526459055,-223.97490133276622,8.034297792578752,3.6451042632295274
0.0,0.24918702340431764,660,7.090208526459055,7.065208526459055,321.85795304628755,89.96133997341839,4.4951042632295275
0.0,0.24918702340431764,661,7.090208526459055,7.090208526459055,-221.2752115278126,151.0789263365015,3.6451042632295274
0.0,0.24918702340431764,662,7.090208526459055,7.090208526459055,208.48908907448947,46.67905370047987,3.6451042632295274
0.0,0.24918702340431764,663,7.090208526459055,7.090208526459055,74.93264983741224,177.6411244957901,3.6451042632295274
0.0,0.24918702340431764,664,7.090208526459055,7.090208526459055,188.76191134172103,75.15926187607313,3.6451042632295274
0.0,0.24918702340431764,665,7.090208526459055,7.090208526459055,132.64490459808948,33.493144032318824,3.6451042632295274
0.0,0.24918702340431764,666,7.090208526459055,7.090208526459055,-167.99353072357113,94.38193970222291,3.6451042632295274
0.0,0.24918702340431764,667,7.090208526459055,7.090208526459055,-217.11030221801323,117.53363051432001,3.6451042632295274
0.0,0.24918702340431764,668,7.090208526459055,7.090208526459055,215.15534921463916,159.68727909133432,3.6451042632295274
0.0,0.24918702340431764,669,7.090208526459055,7.090208526459055,-194.29527223855084,216.13792954140868,3.6451042632295274
0.0,0.24918702340431764,670,7.090208526459055,6.940208526459054,-164.45391374608658,239.6515934729897,3.6451042632295274
0.0,0.24918702340431764,671,7.090208526459055,7.090208526459055,180.30213254396892,-6.50896918311195,3.6451042632295274
0.0,0.24918702340431764,672,7.090208526459055,7.090208526459055,56.67702454324234,88.88350420428516,3.6451042632295274
0.0,0.24918702340431764,673,7.090208526459055,6.915208526459055,244.2920096696576,176.02714315452045,4.4951042632295275
0.0,0.24918702340431764,674,7.090208526459055,6.915208526459055,231.5185051566577,208.61091289673814,4.4951042632295275
0.0,0.24918702340431764,675,7.090208526459055,7.090208526459055,257.2248200811643,110.690109256314,3.6451042632295274
0.0,0.24918702340431764,676,7.090208526459055,6.915208526459055,-279.8639073692917,77.93313203297686,4.4951042632295275
0.0,0.24918702340431764,677,7.090208526459055,7.090208526459055,212.31648976601102,126.00383778277057,3.6451042632295274
0.0,0.24918702340431764,678,7.090208526459055,7.090208526459055,169.3024987086943,14.66354825416168,3.6451042632295274
0.0,0.24918702340431764,679,7.090208526459055,6.915208526459055,-245.399009587689,192.06877187403677,4.4951042632295275
0.0,0.24918702340431764,680,7.090208526459055,6.915208526459055,-255.88416069595527,158.67826312687467,4.4951042632295275
0.0,0.24918702340431764,681,7.090208526459055,7.090208526459055,78.32322329495297,85.43461645220192,3.6451042632295274
0.0,0.24918702340431764,682,7.090208526459055,7.090208526459055,-80.48721874640799,83.39299204066096,3.6451042632295274
0.0,0.24918702340431764,683,7.090208526459055,7.090208526459055,-216.24834903428484,139.63548350372207,3.6451042632295274
0.0,0.24918702340431764,684,7.090208526459055,7.090208526459055,152.7937777887738,45.6675406947632,3.6451042632295274
0.0,0.24918702340431764,685,7.090208526459055,7.090208526459055,-211.79560817315877,27.926852049977832,3.6451042632295274
0.0,0.24918702340431764,686,7.090208526459055,6.940208526459054,89.81749929239389,276.45819987620496,3.6451042632295274
0.0,0.24918702340431764,687,7.090208526459055,7.090208526459055,-154.7768567549285,38.36598114681097,3.6451042632295274
0.0,0.24918702340431764,688,7.090208526459055,7.090208526459055,-148.78305713402938,5.825932715802595,3.6451042632295274
0.0,0.24918702340431764,689,7.090208526459055,7.090208526459055,-179.7783350538423,-15.057083602813869,3.6451042632295274
0.0,0.24918702340431764,690,7.090208526459055,7.090208526459055,252.82451101578152,143.21200942800266,3.6451042632295274
0.0,0.24918702340431764,691,7.090208526459055,7.090208526459055,-228.74634764878584,139.48796730848102,3.6451042632295274
0.0,0.24918702340431764,692,7.090208526459055,7.090208526459055,-169.7957740739891,6.613539725214574,3.6451042632295274
0.0,0.24918702340431764,693,7.090208526459055,7.090208526459055,210.58365230929977,148.05450995403788,3.6451042632295274
0.0,0.24918702340431764,694,7.090208526459055,7.090208526459055,178.86988746626247,229.0813642146035,3.6451042632295274
0.0,0.24918702340431764,695,7.090208526459055,7.090208526459055,148.35082601839818,12.879729463240238,3.6451042632295274
0.0,0.24918702340431764,696,7.090208526459055,7.090208526459055,223.07774700339957,148.3999490525694,3.6451042632295274
0.0,0.24918702340431764,697,7.090208526459055,6.915208526459055,251.72682456589968,165.20397368945248,4.4951042632295275
0.0,0.24918702340431764,698,7.090208526459055,7.090208526459055,-222.86009057704032,106.20155387834643,3.6451042632295274
0.0,0.24918702340431764,699,7.090208526459055,7.090208526459055,211.01409721989225,33.3623801227609,3.6451042632295274
0.0,0.24918702340431764,700,7.090208526459055,7.090208526459055,-168.19405329033816,166.15578019726146,3.6451042632295274
0.0,0.24918702340431764,701,7.090208526459055,6.915208526459055,-262.55119491475006,147.36596342538243,4.4951042632295275
0.0,0.24918702340431764,702,7.090208526459055,6.915208526459055,240.38676167302796,198.31390334421326,4.4951042632295275
0.0,0.24918702340431764,703,7.090208526459055,7.090208526459055,-194.68322050835891,58.05076261011218,3.6451042632295274
0.0,0.24918702340431764,704,7.090208526459055,7.090208526459055,223.70074746424825,13.78949575870728,3.6451042632295274
0.0,0.24918702340431764,705,7.090208526459055,6.940208526459054,-142.96282240459834,253.07369803918584,3.6451042632295274
0.0,0.24918702340431764,706,7.090208526459055,7.090208526459055,190.24084168812408,30.102556107264405,3.6451042632295274
0.0,0.24918702340431764,707,7.090208526459055,7.090208526459055,207.20822352912901,203.77646790279962,3.6451042632295274
0.0,0.24918702340431764,708,7.090208526459055,7.090208526459055,-255.20415862126828,115.28241175371205,3.6451042632295274
0.0,0.24918702340431764,709,7.090208526459055,7.090208526459055,-136.0155409765768,14.377315218461586,3.6451042632295274
0.0,0.24918702340431764,710,7.090208526459055,7.090208526459055,66.58361095205824,81.70438971654869,3.6451042632295274
0.0,0.24918702340431764,711,7.090208526459055,6.915208526459055,-253.53249688238762,181.18204767472378,4.4951042632295275
0.0,0.24918702340431764,712,7.090208526459055,7.090208526459055,-224.01772963414717,-6.1867423013181915,3.6451042632295274
0.0,0.24918702340431764,713,7.090208526459055,7.090208526459055,-223.13705613576866,128.31847407387457,3.6451042632295274
0.0,0.24918702340431764,714,7.090208526459055,7.090208526459055,144.32744873575933,36.81536981696787,3.6451042632295274
0.0,0.24918702340431764,715,7.090208526459055,7.090208526459055,-121.3858570959694,34.89587649642796,3.6451042632295274
0.0,0.24918702340431764,716,7.090208526459055,7.090208526459055,-235.61088957744778,127.52777206605299,3.6451042632295274
0.0,0.24918702340431764,717,7.090208526459055,7.090208526459055,193.13296311332758,63.036423360722495,3.6451042632295274
0.0,0.24918702340431764,718,7.090208526459055,7.065208526459055,241.9700978295661,230.66464675304826,4.4951042632295275
0.0,0.24918702340431764,719,7.090208526459055,6.915208526459055,292.9636992762217,69.16033819985908,4.4951042632295275
0.0,0.24918702340431764,720,7.090208526459055,6.915208526459055,293.0896187829407,181.56568206726735,4.4951042632295275
0.0,0.24918702340431764,721,7.090208526459055,7.090208526459055,-157.36872211237818,25.623399955018918,3.6451042632295274
0.0,0.24918702340431764,722,7.090208526459055,7.090208526459055,179.15133960131556,-21.182779621509955,3.6451042632295274
0.0,0.24918702340431764,723,7.090208526459055,7.090208526459055,-147.83343723924264,17.93457694549679,3.6451042632295274
0.0,0.24918702340431764,724,7.090208526459055,7.090208526459055,155.98738656542068,33.062303511660076,3.6451042632295274
0.0,0.24918702340431764,725,7.090208526459055,7.090208526459055,218.508670012285,114.90730990893387,3.6451042632295274
0.0,0.24918702340431764,726,7.090208526459055,7.090208526459055,-213.1246210949989,14.438220319388945,3.6451042632295274
0.0,0.24918702340431764,727,7.090208526459055,7.090208526459055,217.9132712875115,137.0179491854139,3.6451042632295274
0.0,0.24918702340431764,728,7.090208526459055,7.090208526459055,169.91406286742173,0.8158602837941686,3.6451042632295274
0.0,0.24918702340431764,729,7.090208526459055,7.090208526459055,-89.59539958281208,73.48680760105526,3.6451042632295274
0.0,0.24918702340431764,730,7.090208526459055,7.090208526459055,-68.65559243108068,79.96579082169481,3.6451042632295274
0.0,0.24918702340431764,731,7.090208526459055,6.915208526459055,-268.71844801159017,135.77361857843795,4.4951042632295275
0.0,0.24918702340431764,732,7.090208526459055,7.090208526459055,230.40858270971788,136.7197498259155,3.6451042632295274
0.0,0.24918702340431764,733,7.090208526459055,6.915208526459055,248.79742832586322,187.63986634690914,4.4951042632295275
0.0,0.24918702340431764,734,7.090208526459055,7.090208526459055,-169.74954647188866,-7.24756902746835,3.6451042632295274
0.0,0.24918702340431764,735,7.090208526459055,7.090208526459055,190.05757872355986,-30.749494587285373,3.6451042632295274
0.0,0.24918702340431764,736,7.090208526459055,7.090208526459055,224.10914493947436,-0.42574349773330933,3.6451042632295274
0.0,0.24918702340431764,737,7.090208526459055,7.090208526459055,212.68942607190124,19.912371403525924,3.6451042632295274
0.0,0.24918702340431764,738,7.090208526459055,7.090208526459055,120.45507100745272,38.004918547939184,3.6451042632295274
0.0,0.24918702340431764,739,7.090208526459055,6.915208526459055,265.1456849516811,142.63683256042606,4.4951042632295275
0.0,0.24918702340431764,740,7.090208526459055,6.915208526459055,-261.18337065942546,169.9509074916094,4.4951042632295275
0.0,0.24918702340431764,741,7.090208526459055,7.090208526459055,-228.01889403933998,94.58851061249462,3.6451042632295274
0.0,0.24918702340431764,742,7.090208526459055,7.090208526459055,-104.07010163222441,50.85055697065185,3.6451042632295274
0.0,0.24918702340431764,743,7.090208526459055,7.090208526459055,-229.43404387765338,116.6618479177415,3.6451042632295274
0.0,0.24918702340431764,744,7.090208526459055,7.090208526459055,-197.9572626860143,45.58681640201797,3.6451042632295274
0.0,0.24918702340431764,745,7.090208526459055,6.915208526459055,299.7024188322942,170.41280287412846,4.4951042632295275
0.0,0.24918702340431764,746,7.090208526459055,7.090208526459055,-241.85063378264022,115.23005689691982,3.6451042632295274
0.0,0.24918702340431764,747,7.090208526459055,7.090208526459055,-249.94358202147743,126.30477466519007,3.6451042632295274
0.0,0.24918702340431764,748,7.090208526459055,6.940208526459054,-153.85480375708596,246.59711439671577,3.6451042632295274
0.0,0.24918702340431764,749,7.090208526459055,7.090208526459055,87.68305442193284,75.76585181681322,3.6451042632295274
0.0,0.24918702340431764,750,7.090208526459055,6.915208526459055,-288.16958154810015,87.05222913867544,4.4951042632295275
0.0,0.24918702340431764,751,7.090208526459055,7.090208526459055,158.1429250205819,20.238700452110752,3.6451042632295274
0.0,0.24918702340431764,752,7.090208526459055,6.915208526459055,256.7344949331588,176.60912054092276,4.4951042632295275
0.0,0.24918702340431764,753,7.090208526459055,7.090208526459055,-213.59545638869645,0.8924543596480115,3.6451042632295274
0.0,0.24918702340431764,754,7.090208526459055,7.090208526459055,-158.91332458818155,12.711957562617362,3.6451042632295274
0.0,0.24918702340431764,755,7.090208526459055,6.915208526459055,-274.374180269682,123.92329527332356,4.4951042632295275
0.0,0.24918702340431764,756,7.090208526459055,7.090208526459055,-177.9325343220989,-29.659756537506073,3.6451042632295274
0.0,0.24918702340431764,757,7.090208526459055,7.090208526459055,212.1094452465329,182.9275617880463,3.6451042632295274
0.0,0.24918702340431764,758,7.090208526459055,7.090208526459055,-68.18314360309702,180.34321918511287,3.6451042632295274
0.0,0.24918702340431764,759,7.090208526459055,7.090208526459055,196.7263366075526,50.66076280500529,3.6451042632295274
0.0,0.24918702340431764,760,7.090208526459055,7.090208526459055,135.60739505206183,17.869226769127074,3.6451042632295274
0.0,0.24918702340431764,761,7.090208526459055,7.090208526459055,237.12841627516286,124.6776551999761,3.6451042632295274
0.0,0.24918702340431764,762,7.090208526459055,7.090208526459055,224.66502344446363,125.61870224641027,3.6451042632295274
0.0,0.24918702340431764,763,7.090208526459055,6.915208526459055,271.10418687779804,130.9358187322391,4.4951042632295275
0.0,0.24918702340431764,764,7.090208526459055,6.915208526459055,-268.3370670457208,158.39673043836856,4.4951042632295275
0.0,0.24918702340431764,765,7.090208526459055,7.090208526459055,224.1214045469159,103.5067293052566,3.6451042632295274
0.0,0.24918702340431764,766,7.090208526459055,7.090208526459055,40.00687433113965,188.6165183155248,3.6451042632295274
0.0,0.24918702340431764,767,7.090208526459055,7.090208526459055,-235.12261378045486,104.69651631238123,3.6451042632295274
0.0,0.24918702340431764,768,7.090208526459055,7.090208526459055,169.3948769716136,-13.035598803626582,3.6451042632295274
0.0,0.24918702340431764,769,7.090208526459055,7.090208526459055,-223.1585176039532,-20.381867179345527,3.6451042632295274
0.0,0.24918702340431764,770,7.090208526459055,6.915208526459055,333.98491214180603,-9.492003237701974,4.4951042632295275
0.0,0.24918702340431764,771,7.090208526459055,7.090208526459055,-136.73602812025612,-1.5086546484598253,3.6451042632295274
0.0,0.24918702340431764,772,7.090208526459055,7.090208526459055,213.50832967252634,6.383185980790718,3.6451042632295274
0.0,0.24918702340431764,773,7.090208526459055,7.090208526459055,223.61513398595545,-14.638265047177802,3.6451042632295274
0.0,0.24918702340431764,774,7.090208526459055,7.090208526459055,102.73488774893026,53.50918639905601,3.6451042632295274
0.0,0.24918702340431764,775,7.090208526459055,7.090208526459055,-276.2810771684169,45.31105303117409,3.6451042632295274
0.0,0.24918702340431764,776,7.090208526459055,6.940208526459054,158.24519517449514,243.80012659137992,3.6451042632295274
0.0,0.24918702340431764,777,7.090208526459055,7.090208526459055,-200.43420083461547,32.940311562049864,3.6451042632295274
0.0,0.24918702340431764,778,7.090208526459055,7.090208526459055,-247.44903358444748,102.6274331309541,3.6451042632295274
0.0,0.24918702340431764,779,7.090208526459055,6.940208526459054,20.810909515324287,279.4063316831603,3.6451042632295274
0.0,0.24918702340431764,780,7.090208526459055,7.090208526459055,233.21270004961238,-37.514204725197686,3.6451042632295274
0.0,0.24918702340431764,781,7.090208526459055,7.090208526459055,-48.421058054109196,93.65008867920672,3.6451042632295274
0.0,0.24918702340431764,782,7.090208526459055,6.915208526459055,264.1828528375143,165.24266357784242,4.4951042632295275
0.0,0.24918702340431764,783,7.090208526459055,6.915208526459055,276.54662657563847,118.98603547285181,4.4951042632295275
0.0,0.24918702340431764,784,7.090208526459055,6.915208526459055,-279.5076256812215,111.83755127397853,4.4951042632295275
0.0,0.24918702340431764,785,7.090208526459055,7.090208526459055,176.8083240515059,-35.71396385791165,3.6451042632295274
0.0,0.24918702340431764,786,7.090208526459055,7.090208526459055,-148.74255033106576,-6.3198238363761705,3.6451042632295274
0.0,0.24918702340431764,787,7.090208526459055,7.090208526459055,-203.52728087939533,207.4574105525333,3.6451042632295274
0.0,0.24918702340431764,788,7.090208526459055,7.090208526459055,46.0039786060014,94.86399160289308,3.6451042632295274
0.0,0.24918702340431764,789,7.090208526459055,7.090208526459055,-159.40038510770358,-0.28242251151025544,3.6451042632295274
0.0,0.24918702340431764,790,7.090208526459055,7.090208526459055,159.2460484014772,7.282070478730806,3.6451042632295274
0.0,0.24918702340431764,791,7.090208526459055,6.915208526459055,-311.3693623348264,147.98650868764832,4.4951042632295275
0.0,0.24918702340431764,792,7.090208526459055,7.090208526459055,-77.44590071515672,71.4563478684652,3.6451042632295274
0.0,0.24918702340431764,793,7.090208526459055,7.090208526459055,-168.57366364472162,-21.05878810551048,3.6451042632295274
0.0,0.24918702340431764,794,7.090208526459055,6.915208526459055,-274.9799685736127,146.54151054771856,4.4951042632295275
0.0,0.24918702340431764,795,7.090208526459055,7.090208526459055,-124.58732450081408,20.569570092925535,3.6451042632295274
0.0,0.24918702340431764,796,7.090208526459055,7.090208526459055,243.2194279091411,112.30559864489597,3.6451042632295274
0.0,0.24918702340431764,797,7.090208526459055,7.090208526459055,229.13980940691732,91.83232826202124,3.6451042632295274
0.0,0.24918702340431764,798,7.090208526459055,7.090208526459055,-85.18888604925493,61.983950219543175,3.6451042632295274
0.0,0.24918702340431764,799,7.090208526459055,7.090208526459055,-232.57303238552663,82.72529641983277,3.6451042632295274
0.0,0.24918702340431764,800,7.090208526459055,7.090208526459055,-228.83217719119918,179.1190744896668,3.6451042632295274
0.0,0.24918702340431764,801,7.090208526459055,7.090208526459055,158.9426784852278,108.96913205560426,3.6451042632295274
0.0,0.24918702340431764,802,7.090208526459055,7.090208526459055,199.52756257759373,38.082112626067136,3.6451042632295274
0.0,0.24918702340431764,803,7.090208526459055,7.090208526459055,230.82100434719618,113.88699789067049,3.6451042632295274
0.0,0.24918702340431764,804,7.090208526459055,7.090208526459055,-202.10406119845788,20.162171101693158,3.6451042632295274
0.0,0.24918702340431764,805,7.090208526459055,6.915208526459055,-316.7061457039206,136.16980093714344,4.4951042632295275
0.0,0.24918702340431764,806,7.090208526459055,6.915208526459055,271.1283236663218,153.56213215452456,4.4951042632295275
0.0,0.24918702340431764,807,7.090208526459055,7.090208526459055,-213.20621816670212,-12.655901810618873,3.6451042632295274
0.0,0.24918702340431764,808,7.090208526459055,7.090208526459055,239.40240644958538,164.70310076949093,3.6451042632295274
0.0,0.24918702340431764,809,7.090208526459055,7.090208526459055,-240.18768077942315,92.45420916620759,3.6451042632295274
0.0,0.24918702340431764,810,7.090208526459055,6.915208526459055,-281.0994301024851,134.4078149045278,4.4951042632295275
0.0,0.24918702340431764,811,7.090208526459055,7.090208526459055,213.46751058599472,-7.170698890789172,3.6451042632295274
0.0,0.24918702340431764,812,7.090208526459055,7.090208526459055,75.5897682458592,73.42373334747509,3.6451042632295274
0.0,0.24918702340431764,813,7.090208526459055,7.090208526459055,136.73602812025612,2.0070286952683833,3.6451042632295274
0.0,0.24918702340431764,814,7.090208526459055,6.915208526459055,281.46264405190936,106.81022987387972,4.4951042632295275
0.0,0.24918702340431764,815,7.090208526459055,7.090208526459055,167.54276755771502,224.50624133506784,3.6451042632295274
0.0,0.24918702340431764,816,7.090208526459055,7.090208526459055,95.857122656723,65.07585383771524,3.6451042632295274
0.0,0.24918702340431764,817,7.090208526459055,7.090208526459055,124.02376980674454,23.765647583762316,3.6451042632295274
0.0,0.24918702340431764,818,7.090208526459055,7.090208526459055,-109.24087733113247,38.4266072375072,3.6451042632295274
0.0,0.24918702340431764,819,7.090208526459055,7.090208526459055,233.55057668475743,79.91506519209132,3.6451042632295274
0.0,0.24918702340431764,820,7.090208526459055,7.090208526459055,-252.3912430330177,89.75332066081377,3.6451042632295274
0.0,0.24918702340431764,821,7.090208526459055,6.940208526459054,147.3599266096784,238.2551898868471,3.6451042632295274
0.0,0.24918702340431764,822,7.090208526459055,7.090208526459055,201.52536147514476,25.3511226086223,3.6451042632295274
0.0,0.24918702340431764,823,7.090208526459055,6.915208526459055,-327.56811093756596,66.12744612963328,4.4951042632295275
0.0,0.24918702340431764,824,7.090208526459055,7.090208526459055,-174.9026219312436,-44.06339038742883,3.6451042632295274
0.0,0.24918702340431764,825,7.090208526459055,6.915208526459055,-284.10901244110204,99.53939248101437,4.4951042632295275
0.0,0.24918702340431764,826,7.090208526459055,6.915208526459055,293.61144357932653,159.72687362982867,4.4951042632295275
0.0,0.24918702340431764,827,7.090208526459055,7.090208526459055,159.28941560400924,-5.721362173699968,3.6451042632295274
0.0,0.24918702340431764,828,7.090208526459055,6.915208526459055,56.6099761129614,329.5455929111135,4.4951042632295275
0.0,0.24918702340431764,829,7.090208526459055,7.090208526459055,-221.40072498577632,-34.493918083700414,3.6451042632295274
0.0,0.24918702340431764,830,7.090208526459055,7.090208526459055,236.36488944101367,101.85394648914145,3.6451042632295274
0.0,0.24918702340431764,831,7.090208526459055,7.090208526459055,222.22070381144326,-28.790840081567502,3.6451042632295274
0.0,0.24918702340431764,832,7.090208526459055,7.090208526459055,-91.77983783969825,51.67669580338489,3.6451042632295274
0.0,0.24918702340431764,833,7.090208526459055,7.090208526459055,148.43177220474954,-11.39156822799077,3.6451042632295274
0.0,0.24918702340431764,834,7.090208526459055,6.915208526459055,277.557686321104,141.58976082641146,4.4951042632295275
0.0,0.24918702340431764,835,7.090208526459055,7.090208526459055,83.5737035971643,64.15351676912351,3.6451042632295274
0.0,0.24918702340431764,836,7.090208526459055,7.090208526459055,-158.8266623635462,-13.273264811892416,3.6451042632295274
0.0,0.24918702340431764,837,7.090208526459055,7.090208526459055,148.88670734798546,0.7457328328434321,3.6451042632295274
0.0,0.24918702340431764,838,7.090208526459055,7.090208526459055,-202.96011983922315,7.303848082617004,3.6451042632295274
0.0,0.24918702340431764,839,7.090208526459055,6.940208526459054,67.39493893502906,226.6827521738311,3.6451042632295274
0.0,0.24918702340431764,840,7.090208526459055,7.090208526459055,248.6654653437784,99.63638863053879,3.6451042632295274
0.0,0.24918702340431764,841,7.090208526459055,7.090208526459055,167.74839611774678,-26.798649833204124,3.6451042632295274
0.0,0.24918702340431764,842,7.090208526459055,6.915208526459055,-173.10475894452554,286.03854084336496,4.4951042632295275
0.0,0.24918702340431764,843,7.090208526459055,7.090208526459055,108.22333972437771,41.2222688355118,3.6451042632295274
0.0,0.24918702340431764,844,7.090208526459055,6.915208526459055,93.33909281528054,321.07410201364223,4.4951042632295275
0.0,0.24918702340431764,845,7.090208526459055,7.090208526459055,-126.10396206933282,5.968465367697611,3.6451042632295274
0.0,0.24918702340431764,846,7.090208526459055,6.915208526459055,-266.00273967873045,202.4455144121146,4.4951042632295275
0.0,0.24918702340431764,847,7.090208526459055,7.090208526459055,168.71812358916043,236.66576159636136,3.6451042632295274
0.0,0.24918702340431764,848,7.090208526459055,7.090208526459055,-135.60739505206186,-17.37085272231828,3.6451042632295274
0.0,0.24918702340431764,849,7.090208526459055,6.915208526459055,-286.6838028895101,122.01874068808763,4.4951042632295275
0.0,0.24918702340431764,850,7.090208526459055,7.090208526459055,278.5298968826056,28.229571438347783,3.6451042632295274
0.0,0.24918702340431764,851,7.090208526459055,7.090208526459055,146.98904810700958,-23.451401983216627,3.6451042632295274
0.0,0.24918702340431764,852,7.090208526459055,7.090208526459055,-236.510428859402,70.64337041175392,3.6451042632295274
0.0,0.24918702340431764,853,7.090208526459055,6.915208526459055,-285.5695426354053,53.24577445375893,4.4951042632295275
0.0,0.24918702340431764,854,7.090208526459055,6.915208526459055,283.45870214462633,129.34833968279125,4.4951042632295275
0.0,0.24918702340431764,855,7.090208526459055,7.090208526459055,-211.95847375395664,-26.152293742921742,3.6451042632295274
0.0,0.24918702340431764,856,7.090208526459055,7.090208526459055,202.71168886915598,12.519055956147685,3.6451042632295274
0.0,0.24918702340431764,857,7.090208526459055,7.090208526459055,136.01554097657677,-13.878941171652968,3.6451042632295274
0.0,0.24918702340431764,858,7.090208526459055,7.090208526459055,-244.61581322742234,79.9673908769769,3.6451042632295274
0.0,0.24918702340431764,859,7.090208526459055,7.090208526459055,173.28867827645357,-50.00581925870042,3.6451042632295274
0.0,0.24918702340431764,860,7.090208526459055,6.915208526459055,-60.22048269805316,318.209875476299,4.4951042632295275
0.0,0.24918702340431764,861,7.090208526459055,7.090208526459055,-166.2759508986957,-34.728206124638106,3.6451042632295274
0.0,0.24918702340431764,862,7.090208526459055,7.090208526459055,237.34200981853758,67.78654253476597,3.6451042632295274
0.0,0.24918702340431764,863,7.090208526459055,7.090208526459055,171.42707948166873,87.973516101766,3.6451042632295274
0.0,0.24918702340431764,864,7.090208526459055,6.915208526459055,285.84288138793653,94.43157927330797,4.4951042632295275
0.0,0.24918702340431764,865,7.090208526459055,7.090208526459055,152.43132735806546,180.74552399633887,3.6451042632295274
0.0,0.24918702340431764,866,7.090208526459055,7.090208526459055,241.28197733926964,89.55145753096245,3.6451042632295274
0.0,0.24918702340431764,867,7.090208526459055,7.090208526459055,-239.8206421933419,58.37477168406744,3.6451042632295274
0.0,0.24918702340431764,868,7.090208526459055,7.090208526459055,212.56713317636098,-20.694706500595107,3.6451042632295274
0.0,0.24918702340431764,869,7.090208526459055,7.090208526459055,125.91525988017872,9.208356832615829,3.6451042632295274
0.0,0.24918702340431764,870,7.090208526459055,7.090208526459055,-250.22169150699602,147.72022506015065,3.6451042632295274
0.0,0.24918702340431764,871,7.090208526459055,7.090208526459055,158.27273802660025,-18.685061806295433,3.6451042632295274
0.0,0.24918702340431764,872,7.090208526459055,7.090208526459055,-202.9989297109055,-5.582881566646027,3.6451042632295274
0.0,0.24918702340431764,873,7.090208526459055,7.090208526459055,-218.751429790088,-48.466070766151645,3.6451042632295274
0.0,0.24918702340431764,874,7.090208526459055,7.090208526459055,-228.81923711288368,-58.53851532893105,3.6451042632295274
0.0,0.24918702340431764,875,7.090208526459055,7.090208526459055,-256.6641562773525,76.64185931839489,3.6451042632295274
0.0,0.24918702340431764,876,7.090208526459055,7.090208526459055,253.4520866668304,86.70362162432303,3.6451042632295274
0.0,0.24918702340431764,877,7.090208526459055,7.090208526459055,-97.49195633932285,62.59020998109477,3.6451042632295274
0.0,0.24918702340431764,878,7.090208526459055,7.090208526459055,-145.6988222321457,-30.399652805064704,3.6451042632295274
0.0,0.24918702340431764,879,7.090208526459055,7.090208526459055,-97.12962477019252,40.67397255403993,3.6451042632295274
0.0,0.24918702340431764,880,7.090208526459055,7.090208526459055,219.9314692940951,-42.82648117630209,3.6451042632295274
0.0,0.24918702340431764,881,7.090208526459055,7.090208526459055,178.3922349373367,155.13768800023902,3.6451042632295274
0.0,0.24918702340431764,882,7.090208526459055,6.915208526459055,-291.7224567636928,109.39787120531761,4.4951042632295275
0.0,0.24918702340431764,883,7.090208526459055,6.915208526459055,288.8201382178769,116.86117096456776,4.4951042632295275
0.0,0.24918702340431764,884,7.090208526459055,6.915208526459055,-290.4338604413447,2.852006532189913,4.4951042632295275
0.0,0.24918702340431764,885,7.090208526459055,7.090208526459055,-157.19597438591418,-26.17411742635812,3.6451042632295274
0.0,0.24918702340431764,886,7.090208526459055,7.090208526459055,203.08176783791853,-0.3624171279453057,3.6451042632295274
0.0,0.24918702340431764,887,7.090208526459055,7.090208526459055,215.88874251800428,194.54445926195524,3.6451042632295274
0.0,0.24918702340431764,888,7.090208526459055,6.915208526459055,334.1149677517447,3.077729107859345,4.4951042632295275
0.0,0.24918702340431764,889,7.090208526459055,7.090208526459055,-170.7087614483373,-58.17213134574314,3.6451042632295274
0.0,0.24918702340431764,890,7.090208526459055,7.090208526459055,-130.23323433633587,142.101596823732,3.6451042632295274
0.0,0.24918702340431764,891,7.090208526459055,6.915208526459055,289.6790005529945,81.87364713611133,4.4951042632295275
0.0,0.24918702340431764,892,7.090208526459055,7.090208526459055,-242.4948942966606,45.95203435507774,3.6451042632295274
0.0,0.24918702340431764,893,7.090208526459055,7.090208526459055,-112.93435756510173,25.4863733887159,3.6451042632295274
0.0,0.24918702340431764,894,7.090208526459055,7.090208526459055,240.50405460917162,55.47892295179197,3.6451042632295274
0.0,0.24918702340431764,895,7.090208526459055,7.090208526459055,-200.4697846408086,195.63002235663436,3.6451042632295274
0.0,0.24918702340431764,896,7.090208526459055,7.090208526459055,-125.91525988017872,-8.709982785807098,3.6451042632295274
0.0,0.24918702340431764,897,7.090208526459055,7.090208526459055,245.55922880880112,77.01215500523631,3.6451042632295274
0.0,0.24918702340431764,898,7.090208526459055,7.090208526459055,-132.64490459808948,-32.994769985510146,3.6451042632295274
0.0,0.24918702340431764,899,7.090208526459055,7.090208526459055,96.05831624910033,43.157544864087406,3.6451042632295274
0.0,0.24918702340431764,900,7.090208526459055,7.090208526459055,164.98557736425357,-40.38170197107974,3.6451042632295274
0.0,0.24918702340431764,901,7.090208526459055,7.090208526459055,-248.39526851324425,67.26917424204092,3.6451042632295274
0.0,0.24918702340431764,902,7.090208526459055,7.090208526459055,-202.22033453984932,-18.446127534089104,3.6451042632295274
0.0,0.24918702340431764,903,7.090208526459055,7.090208526459055,126.10396206933282,-5.470091320888935,3.6451042632295274
0.0,0.24918702340431764,904,7.090208526459055,7.090208526459055,-209.85724737682648,-39.542376230416934,3.6451042632295274
0.0,0.24918702340431764,905,7.090208526459055,7.090208526459055,-154.72549520242188,114.89133732698323,3.6451042632295274
0.0,0.24918702340431764,906,7.090208526459055,6.915208526459055,-330.8508858448695,-46.42525632344345,4.4951042632295275
0.0,0.24918702340431764,907,7.090208526459055,7.090208526459055,233.651076869692,35.19788511678305,3.6451042632295274
0.0,0.24918702340431764,908,7.090208526459055,7.090208526459055,-220.81218475418706,188.9303493696771,3.6451042632295274
0.0,0.24918702340431764,909,7.090208526459055,7.090208526459055,-147.71218639644223,-18.421864705093668,3.6451042632295274
0.0,0.24918702340431764,910,7.090208526459055,6.915208526459055,-291.6816034781331,74.39983127210782,4.4951042632295275
0.0,0.24918702340431764,911,7.090208526459055,7.090208526459055,112.24825668544833,28.381260629120426,3.6451042632295274
0.0,0.24918702340431764,912,7.090208526459055,7.090208526459055,90.42744797665955,54.01910375780901,3.6451042632295274
0.0,0.24918702340431764,913,7.090208526459055,6.940208526459054,-120.39669473779382,203.51963031756193,3.6451042632295274
0.0,0.24918702340431764,914,7.090208526459055,6.940208526459054,-87.60204093348081,266.1207496128089,3.6451042632295274
0.0,0.24918702340431764,915,7.090208526459055,6.915208526459055,-296.20580036100534,96.56923099860153,4.4951042632295275
0.0,0.24918702340431764,916,7.090208526459055,6.915208526459055,140.38471339637832,303.4536470346147,4.4951042632295275
0.0,0.24918702340431764,917,7.090208526459055,7.090208526459055,-244.52609353352952,33.40810129094961,3.6451042632295274
0.0,0.24918702340431764,918,7.090208526459055,7.090208526459055,232.00116943843923,174.98916338672646,3.6451042632295274
0.0,0.24918702340431764,919,7.090208526459055,7.090208526459055,133.4556769736581,-29.573852341312424,3.6451042632295274
0.0,0.24918702340431764,920,7.090208526459055,7.090208526459055,210.81082294567116,-34.134380443196605,3.6451042632295274
0.0,0.24918702340431764,921,7.090208526459055,6.915208526459055,293.6317887425662,104.15202470712035,4.4951042632295275
0.0,0.24918702340431764,922,7.090208526459055,7.090208526459055,-215.22129979358905,-62.24206429923082,3.6451042632295274
0.0,0.24918702340431764,923,7.090208526459055,6.915208526459055,-204.19230177688146,264.72284586513456,4.4951042632295275
0.0,0.24918702340431764,924,7.090208526459055,7.090208526459055,202.63410820404235,-13.241427497982688,3.6451042632295274
0.0,0.24918702340431764,925,7.090208526459055,7.090208526459055,-260.2564423196682,63.32781834213426,3.6451042632295274
0.0,0.24918702340431764,926,7.090208526459055,7.090208526459055,257.56659861903773,73.54159299943004,3.6451042632295274
0.0,0.24918702340431764,927,7.090208526459055,7.090208526459055,261.79736441666273,99.36500490295384,3.6451042632295274
0.0,0.24918702340431764,928,7.090208526459055,6.915208526459055,24.631636438280328,322.92361802808995,4.4951042632295275
0.0,0.24918702340431764,929,7.090208526459055,6.915208526459055,-128.3003131213667,308.76149144420407,4.4951042632295275
0.0,0.24918702340431764,930,7.090208526459055,6.915208526459055,300.81672164049206,-9.012337232321599,4.4951042632295275
0.0,0.24918702340431764,931,7.090208526459055,7.090208526459055,156.20278149078794,-31.522757136860406,3.6451042632295274
0.0,0.24918702340431764,932,7.090208526459055,7.090208526459055,-162.8716991330398,-48.16485536322918,3.6451042632295274
0.0,0.24918702340431764,933,7.090208526459055,7.090208526459055,216.75664837334116,-56.68867175848552,3.6451042632295274
0.0,0.24918702340431764,934,7.090208526459055,6.915208526459055,-300.81672164049206,9.51071127913033,4.4951042632295275
0.0,0.24918702340431764,935,7.090208526459055,7.090208526459055,-251.51602420090225,54.39323264916151,3.6451042632295274
0.0,0.24918702340431764,936,7.090208526459055,7.090208526459055,168.61582493809087,-63.963235884174196,3.6451042632295274
0.0,0.24918702340431764,937,7.090208526459055,7.090208526459055,-245.90885352872044,20.776236747150943,3.6451042632295274
0.0,0.24918702340431764,938,7.090208526459055,7.090208526459055,-212.37186377335124,198.38245893322494,3.6451042632295274
0.0,0.24918702340431764,939,7.090208526459055,7.090208526459055,-272.0283387816502,102.02926788382372,3.6451042632295274
0.0,0.24918702340431764,940,7.090208526459055,7.090208526459055,-154.5191731342541,-38.89912730924909,3.6451042632295274
0.0,0.24918702340431764,941,7.090208526459055,7.090208526459055,187.70887343668315,-42.74128081534254,3.6451042632295274
0.0,0.24918702340431764,942,7.090208526459055,6.915208526459055,-332.37240326941463,-33.94727289551984,4.4951042632295275
0.0,0.24918702340431764,943,7.090208526459055,7.090208526459055,249.18530134763103,64.26929088807508,3.6451042632295274
0.0,0.24918702340431764,944,7.090208526459055,7.090208526459055,-115.10059435007358,12.204849888320348,3.6451042632295274
0.0,0.24918702340431764,945,7.090208526459055,6.915208526459055,6.599354935959761,334.310949038308,4.4951042632295275
0.0,0.24918702340431764,946,7.090208526459055,7.090208526459055,-200.62746945400818,-31.234094068203934,3.6451042632295274
0.0,0.24918702340431764,947,7.090208526459055,7.090208526459055,243.0283258823145,43.02484403776681,3.6451042632295274
0.0,0.24918702340431764,948,7.090208526459055,7.090208526459055,-142.7158564445078,-42.173477932679916,3.6451042632295274
0.0,0.24918702340431764,949,7.090208526459055,7.090208526459055,-101.16590014997611,29.124573428461247,3.6451042632295274
0.0,0.24918702340431764,950,7.090208526459055,7.090208526459055,258.8198288319273,132.04789021759223,3.6451042632295274
0.0,0.24918702340431764,951,7.090208526459055,6.915208526459055,193.40204769265011,259.712390360824,4.4951042632295275
0.0,0.24918702340431764,952,7.090208526459055,6.915208526459055,295.6907249469085,56.31585297068868,4.4951042632295275
0.0,0.24918702340431764,953,7.090208526459055,7.090208526459055,201.37051253487428,-26.066115924770777,3.6451042632295274
0.0,0.24918702340431764,954,7.090208526459055,7.090208526459055,-165.37886232295546,-71.89208806914976,3.6451042632295274
0.0,0.24918702340431764,955,7.090208526459055,7.090208526459055,260.9980902543674,60.1852060896396,3.6451042632295274
0.0,0.24918702340431764,956,7.090208526459055,6.915208526459055,-309.4690429251357,126.22427899429147,4.4951042632295275
0.0,0.24918702340431764,957,7.090208526459055,7.090208526459055,-253.96980460732985,41.37371078073942,3.6451042632295274
0.0,0.24918702340431764,958,7.090208526459055,7.090208526459055,114.7552085349238,15.15981438733079,3.6451042632295274
0.0,0.24918702340431764,959,7.090208526459055,6.915208526459055,297.88449446844413,91.24509349269076,4.4951042632295275
0.0,0.24918702340431764,960,7.090208526459055,7.090208526459055,161.1248068141055,-53.694362246321745,3.6451042632295274
0.0,0.24918702340431764,961,7.090208526459055,7.090208526459055,-206.9109999323177,-52.772232136873086,3.6451042632295274
0.0,0.24918702340431764,962,7.090208526459055,7.090208526459055,-263.1585750631645,49.84650417524076,3.6451042632295274
0.0,0.24918702340431764,963,7.090208526459055,7.090208526459055,208.20565193534537,-47.43560389507636,3.6451042632295274
0.0,0.24918702340431764,964,7.090208526459055,7.090208526459055,-192.21715957160987,-11.385462008059275,3.6451042632295274
0.0,0.24918702340431764,965,7.090208526459055,6.915208526459055,-297.0343213905282,48.69593888708535,4.4951042632295275
0.0,0.24918702340431764,966,7.090208526459055,6.915208526459055,333.6675490845015,86.52295303174836,4.4951042632295275
0.0,0.24918702340431764,967,7.090208526459055,7.090208526459055,-210.82454958383806,-75.76642761913149,3.6451042632295274
0.0,0.24918702340431764,968,7.090208526459055,7.090208526459055,277.77437869550994,85.10198014526443,3.6451042632295274
0.0,0.24918702340431764,969,7.090208526459055,6.915208526459055,-298.8648281701154,35.693373188699134,4.4951042632295275
0.0,0.24918702340431764,970,7.090208526459055,7.090208526459055,-246.63950745130444,8.089938157625667,3.6451042632295274
0.0,0.24918702340431764,971,7.090208526459055,7.090208526459055,252.15057926324414,51.35665696433712,3.6451042632295274
0.0,0.24918702340431764,972,7.090208526459055,7.090208526459055,-189.19787777836092,-35.6251009281002,3.6451042632295274
0.0,0.24918702340431764,973,7.090208526459055,7.090208526459055,244.9081297243373,30.45733177110483,3.6451042632295274
0.0,0.24918702340431764,974,7.090208526459055,7.090208526459055,246.13848123338252,17.80971293508006,3.6451042632295274
0.0,0.24918702340431764,975,7.090208526459055,7.090208526459055,-127.88861935962431,-48.169119759629055,3.6451042632295274
0.0,0.24918702340431764,976,7.090208526459055,6.915208526459055,336.67660123174977,73.91099664248742,4.4951042632295275
0.0,0.24918702340431764,977,7.090208526459055,7.090208526459055,-124.02376980674454,-23.267273536953667,3.6451042632295274
0.0,0.24918702340431764,978,7.090208526459055,6.915208526459055,297.8548865166967,43.36464165626664,4.4951042632295275
0.0,0.24918702340431764,979,7.090208526459055,7.090208526459055,27.979333063969484,190.77466671879446,3.6451042632295274
0.0,0.24918702340431764,980,7.090208526459055,7.090208526459055,-255.75010274800454,28.24513406825435,3.6451042632295274
0.0,0.24918702340431764,981,7.090208526459055,7.090208526459055,-115.71029304967554,-1.2383534425762046,3.6451042632295274
0.0,0.24918702340431764,982,7.090208526459055,7.090208526459055,-158.3835630815924,-61.279317137491944,3.6451042632295274
0.0,0.24918702340431764,983,7.090208526459055,7.090208526459055,-265.3628585735212,36.233666839353255,3.6451042632295274
0.0,0.24918702340431764,984,7.090208526459055,7.090208526459055,153.09332121579934,-44.149015421040616,3.6451042632295274
0.0,0.24918702340431764,985,7.090208526459055,7.090208526459055,-246.7161177384282,-4.61715269437861,3.6451042632295274
0.0,0.24918702340431764,986,7.090208526459055,7.090208526459055,100.39016058076568,31.715724039166993,3.6451042632295274
0.0,0.24918702340431764,987,7.090208526459055,6.915208526459055,-303.4734928378009,70.38666761483175,4.4951042632295275
0.0,0.24918702340431764,988,7.090208526459055,7.090208526459055,124.58732450081408,-20.07119604611686,3.6451042632295274
0.0,0.24918702340431764,989,7.090208526459055,7.090208526459055,144.56813614560338,-35.35351222892523,3.6451042632295274
0.0,0.24918702340431764,990,7.090208526459055,7.090208526459055,263.73746187388076,46.66987963196334,3.6451042632295274
0.0,0.24918702340431764,991,7.090208526459055,7.090208526459055,-198.2267483588909,-43.895288541190915,3.6451042632295274
0.0,0.24918702340431764,992,7.090208526459055,6.915208526459055,-140.91966474447875,291.56886371231076,4.4951042632295275
0.0,0.24918702340431764,993,7.090208526459055,7.090208526459055,-216.73549840889314,177.41444631227174,3.6451042632295274
0.0,0.24918702340431764,994,7.090208526459055,7.090208526459055,254.4471991716753,38.30849521788835,3.6451042632295274
0.0,0.24918702340431764,995,7.090208526459055,7.090208526459055,212.70902493249625,-70.32159367921635,3.6451042632295274
0.0,0.24918702340431764,996,7.090208526459055,7.090208526459055,-266.86344748713196,22.525405131911835,3.6451042632295274
0.0,0.24918702340431764,997,7.090208526459055,7.090208526459055,199.29606888419593,-38.78484191440876,3.6451042632295274
0.0,0.24918702340431764,998,7.090208526459055,6.915208526459055,301.57016012845355,78.16494639842765,4.4951042632295275
0.0,0.24918702340431764,999,7.090208526459055,7.090208526459055,224.15830501518258,184.94259852738338,3.6451042632295274
0.0,0.24918702340431764,1000,7.090208526459055,6.940208526459054,-132.43928142809403,246.8696283989177,3.6451042632295274
0.0,0.24918702340431764,1001,7.090208526459055,7.090208526459055,-267.3298433065489,113.79810528312964,3.6451042632295274
0.0,0.24918702340431764,1002,7.090208526459055,7.090208526459055,284.1127715309448,60.569457358200644,3.6451042632295274
0.0,0.24918702340431764,1003,7.090208526459055,7.090208526459055,115.71029304967554,1.7367274893847744,3.6451042632295274
0.0,0.24918702340431764,1004,7.090208526459055,7.090208526459055,-281.2112258889679,-72.40649681675816,3.6451042632295274
0.0,0.24918702340431764,1005,7.090208526459055,6.915208526459055,-339.09389974259693,61.832652098685195,4.4951042632295275
0.0,0.24918702340431764,1006,7.090208526459055,7.090208526459055,129.09105388073394,-44.86545806450767,3.6451042632295274
0.0,0.24918702340431764,1007,7.090208526459055,6.915208526459055,-294.638392897847,61.60628343976554,4.4951042632295275
0.0,0.24918702340431764,1008,7.090208526459055,6.915208526459055,299.4520643810353,30.331357623428794,4.4951042632295275
0.0,0.24918702340431764,1009,7.090208526459055,6.940208526459054,-87.68111105435815,219.62616846189107,3.6451042632295274
0.0,0.24918702340431764,1010,7.090208526459055,7.090208526459055,-203.1315949190296,-65.78858950195031,3.6451042632295274
0.0,0.24918702340431764,1011,7.090208526459055,7.090208526459055,246.7161177384282,5.115526741187105,3.6451042632295274
0.0,0.24918702340431764,1012,7.090208526459055,7.090208526459055,-256.85219759230074,15.042317137028478,3.6451042632295274
0.0,0.24918702340431764,1013,7.090208526459055,6.915208526459055,-241.5363077462452,231.11933313672074,4.4951042632295275
0.0,0.24918702340431764,1014,7.090208526459055,7.090208526459055,-150.8140722792546,-51.36361161927346,3.6451042632295274
0.0,0.24918702340431764,1015,7.090208526459055,7.090208526459055,-256.41613223456164,136.665348419793,3.6451042632295274
0.0,0.24918702340431764,1016,7.090208526459055,6.915208526459055,-341.17038631282924,49.03405677290326,4.4951042632295275
0.0,0.24918702340431764,1017,7.090208526459055,7.090208526459055,162.82086110441807,-77.49332942950207,3.6451042632295274
0.0,0.24918702340431764,1018,7.090208526459055,7.090208526459055,204.7621102495635,-60.544817523976846,3.6451042632295274
0.0,0.24918702340431764,1019,7.090208526459055,7.090208526459055,-235.8595133259719,13.833265734326591,3.6451042632295274
0.0,0.24918702340431764,1020,7.090208526459055,7.090208526459055,-103.83408027870277,17.184684237014295,3.6451042632295274
0.0,0.24918702340431764,1021,7.090208526459055,7.090208526459055,256.0690708497899,25.159407028016798,3.6451042632295274
0.0,0.24918702340431764,1022,7.090208526459055,6.915208526459055,-80.59548899125538,324.5101613640323,4.4951042632295275
0.0,0.24918702340431764,1023,7.090208526459055,7.090208526459055,-246.13848123338252,-17.311338888271347,3.6451042632295274
0.0,0.24918702340431764,1024,7.090208526459055,7.090208526459055,-277.044310911519,-39.853869730470926,3.6451042632295274
0.0,0.24918702340431764,1025,7.090208526459055,7.090208526459055,265.77744915649873,33.03145384252125,3.6451042632295274
0.0,0.24918702340431764,1026,7.090208526459055,6.915208526459055,119.1865056438168,301.1147430617147,4.4951042632295275
0.0,0.24918702340431764,1027,7.090208526459055,7.090208526459055,-257.2731665828147,1.800271484097028,3.6451042632295274
0.0,0.24918702340431764,1028,7.090208526459055,7.090208526459055,-267.65636251195843,8.758070898634825,3.6451042632295274
0.0,0.24918702340431764,1029,7.090208526459055,6.915208526459055,304.6817698485311,64.93648222775191,4.4951042632295275
0.0,0.24918702340431764,1030,7.090208526459055,6.915208526459055,300.47921822108185,17.24081046909492,4.4951042632295275
0.0,0.24918702340431764,1031,7.090208526459055,7.090208526459055,273.80877218454157,97.13756731253693,3.6451042632295274
0.0,0.24918702340431764,1032,7.090208526459055,7.090208526459055,246.63950745130444,-7.591564110816952,3.6451042632295274
0.0,0.24918702340431764,1033,7.090208526459055,7.090208526459055,156.1917772583314,-66.64803710123316,3.6451042632295274
0.0,0.24918702340431764,1034,7.090208526459055,7.090208526459055,-191.72196955321175,138.29600376115528,3.6451042632295274
0.0,0.24918702340431764,1035,7.090208526459055,7.090208526459055,-205.57888332212394,-88.9847028881043,3.6451042632295274
0.0,0.24918702340431764,1036,7.090208526459055,6.915208526459055,-43.56045236093866,331.52444917888636,4.4951042632295275
0.0,0.24918702340431764,1037,7.090208526459055,6.915208526459055,-342.7639843523483,36.16641191932111,4.4951042632295275
0.0,0.24918702340431764,1038,7.090208526459055,6.915208526459055,-220.95095355163153,236.69406868179428,4.4951042632295275
0.0,0.24918702340431764,1039,7.090208526459055,7.090208526459055,-178.98957201640889,-70.78273960994728,3.6451042632295274
0.0,0.24918702340431764,1040,7.090208526459055,7.090208526459055,-195.02783811102802,-56.37872879159668,3.6451042632295274
0.0,0.24918702340431764,1041,7.090208526459055,6.915208526459055,-308.43156879179594,43.67031565359226,4.4951042632295275
0.0,0.24918702340431764,1042,7.090208526459055,7.090208526459055,-158.94839415440592,-85.13195650928816,3.6451042632295274
0.0,0.24918702340431764,1043,7.090208526459055,7.090208526459055,103.36440020827897,19.848372281445595,3.6451042632295274
0.0,0.24918702340431764,1044,7.090208526459055,7.090208526459055,-174.12408489193623,-81.99194959574052,3.6451042632295274
0.0,0.24918702340431764,1045,7.090208526459055,7.090208526459055,192.48952974928463,5.779325246118556,3.6451042632295274
0.0,0.24918702340431764,1046,7.090208526459055,7.090208526459055,196.4191303044265,-51.3463916463318,3.6451042632295274
0.0,0.24918702340431764,1047,7.090208526459055,7.090208526459055,-120.4550710074527,-37.50654450113059,3.6451042632295274
0.0,0.24918702340431764,1048,7.090208526459055,7.090208526459055,257.01189338546095,11.944261412794628,3.6451042632295274
0.0,0.24918702340431764,1049,7.090208526459055,7.090208526459055,-267.73950097989666,-5.031827365040367,3.6451042632295274
0.0,0.24918702340431764,1050,7.090208526459055,6.915208526459055,-274.8867198600708,171.02037072368853,4.4951042632295275
0.0,0.24918702340431764,1051,7.090208526459055,7.090208526459055,148.9650501467396,-56.479810993140845,3.6451042632295274
0.0,0.24918702340431764,1052,7.090208526459055,7.090208526459055,-244.90812972433727,-29.958957724296223,3.6451042632295274
0.0,0.24918702340431764,1053,7.090208526459055,7.090208526459055,267.11264242267555,19.30609537473205,3.6451042632295274
0.0,0.24918702340431764,1054,7.090208526459055,7.090208526459055,207.80489732257308,-83.67035197357505,3.6451042632295274
0.0,0.24918702340431764,1055,7.090208526459055,6.915208526459055,307.21340050272215,51.584882114069195,4.4951042632295275
0.0,0.24918702340431764,1056,7.090208526459055,7.090208526459055,-152.8414105492855,-73.98431686805256,3.6451042632295274
0.0,0.24918702340431764,1057,7.090208526459055,7.090208526459055,-257.01189338546095,-11.445887365986023,3.6451042632295274
0.0,0.24918702340431764,1058,7.090208526459055,6.915208526459055,-310.03201331070636,30.175392285643067,4.4951042632295275
0.0,0.24918702340431764,1059,7.090208526459055,7.090208526459055,121.38585709596943,-34.397502449619225,3.6451042632295274
0.0,0.24918702340431764,1060,7.090208526459055,7.090208526459055,-114.75520853492382,-14.66144034052202,3.6451042632295274
0.0,0.24918702340431764,1061,7.090208526459055,7.090208526459055,-198.5342506670332,-78.53903604858176,3.6451042632295274
0.0,0.24918702340431764,1062,7.090208526459055,7.090208526459055,267.73950097989666,5.530201411848849,3.6451042632295274
0.0,0.24918702340431764,1063,7.090208526459055,6.915208526459055,214.47821172255985,256.4520539518713,4.4951042632295275
0.0,0.24918702340431764,1064,7.090208526459055,6.915208526459055,-300.93439279112226,-3.6195447469825637,4.4951042632295275
0.0,0.24918702340431764,1065,7.090208526459055,6.915208526459055,-300.1264287629144,22.62333746743169,4.4951042632295275
0.0,0.24918702340431764,1066,7.090208526459055,7.090208526459055,115.10059435007356,-11.706475841511727,3.6451042632295274
0.0,0.24918702340431764,1067,7.090208526459055,7.090208526459055,257.2731665828147,-1.3018974372886527,3.6451042632295274
0.0,0.24918702340431764,1068,7.090208526459055,7.090208526459055,200.4940638153176,-73.4092351534301,3.6451042632295274
0.0,0.24918702340431764,1069,7.090208526459055,7.090208526459055,-146.1053286558071,-63.48462126984313,3.6451042632295274
0.0,0.24918702340431764,1070,7.090208526459055,7.090208526459055,-105.0980825973515,5.015771498325888,3.6451042632295274
0.0,0.24918702340431764,1071,7.090208526459055,7.090208526459055,245.90885352872044,-20.27786270034223,3.6451042632295274
0.0,0.24918702340431764,1072,7.090208526459055,7.090208526459055,122.98069573769567,-59.546965606335455,3.6451042632295274
0.0,0.24918702340431764,1073,7.090208526459055,7.090208526459055,-20.7675316270014,191.69503085916003,3.6451042632295274
0.0,0.24918702340431764,1074,7.090208526459055,6.940208526459054,101.43811534565536,213.6140059976447,3.6451042632295274
0.0,0.24918702340431764,1075,7.090208526459055,7.090208526459055,-262.1224702806786,125.35079586282943,3.6451042632295274
0.0,0.24918702340431764,1076,7.090208526459055,7.090208526459055,-79.46813830231092,175.65618941107368,3.6451042632295274
0.0,0.24918702340431764,1077,7.090208526459055,7.090208526459055,170.89559081793635,-88.50608623318328,3.6451042632295274
0.0,0.24918702340431764,1078,7.090208526459055,6.915208526459055,254.28015866916638,200.4168838303788,4.4951042632295275
0.0,0.24918702340431764,1079,7.090208526459055,7.090208526459055,264.322468393534,120.63288468470306,3.6451042632295274
0.0,0.24918702340431764,1080,7.090208526459055,6.915208526459055,309.16023298818806,38.13556158705117,4.4951042632295275
0.0,0.24918702340431764,1081,7.090208526459055,7.090208526459055,-267.11264242267555,-18.80772132792333,3.6451042632295274
0.0,0.24918702340431764,1082,7.090208526459055,6.915208526459055,-300.47921822108185,-16.74243642228605,4.4951042632295275
0.0,0.24918702340431764,1083,7.090208526459055,7.090208526459055,-225.48952565894237,-70.23989751380635,3.6451042632295274
0.0,0.24918702340431764,1084,7.090208526459055,7.090208526459055,-191.0436195929523,-68.63414841148544,3.6451042632295274
0.0,0.24918702340431764,1085,7.090208526459055,7.090208526459055,136.86259417484428,-58.369312602545016,3.6451042632295274
0.0,0.24918702340431764,1086,7.090208526459055,7.090208526459055,276.2090128528006,-89.56831226898976,3.6451042632295274
0.0,0.24918702340431764,1087,7.090208526459055,7.090208526459055,-121.40285993518597,-62.688694995332455,3.6451042632295274
0.0,0.24918702340431764,1088,7.090208526459055,7.090208526459055,104.94081364293821,7.715975165195739,3.6451042632295274
0.0,0.24918702340431764,1089,7.090208526459055,7.090208526459055,141.18514709021173,-47.01869238514136,3.6451042632295274
0.0,0.24918702340431764,1090,7.090208526459055,7.090208526459055,-243.02832588231453,-42.52646999095814,3.6451042632295274
0.0,0.24918702340431764,1091,7.090208526459055,7.090208526459055,192.7512812118293,-63.70018419328945,3.6451042632295274
0.0,0.24918702340431764,1092,7.090208526459055,7.090208526459055,155.9423513036466,-90.50605935444807,3.6451042632295274
0.0,0.24918702340431764,1093,7.090208526459055,7.090208526459055,-256.0690708497899,-24.661032981208084,3.6451042632295274
0.0,0.24918702340431764,1094,7.090208526459055,6.940208526459054,68.96987449079718,271.55153088015504,3.6451042632295274
0.0,0.24918702340431764,1095,7.090208526459055,7.090208526459055,-236.0061570861112,-10.490041917011522,3.6451042632295274
0.0,0.24918702340431764,1096,7.090208526459055,6.915208526459055,319.9327916617231,-96.10340062015304,4.4951042632295275
0.0,0.24918702340431764,1097,7.090208526459055,7.090208526459055,-138.78314017869062,-53.66498722425943,3.6451042632295274
0.0,0.24918702340431764,1098,7.090208526459055,7.090208526459055,256.85219759230074,-14.543943090219873,3.6451042632295274
0.0,0.24918702340431764,1099,7.090208526459055,7.090208526459055,-192.1435953130858,13.041382770193824,3.6451042632295274
0.0,0.24918702340431764,1100,7.090208526459055,7.090208526459055,290.0438983686831,-15.019702240547335,3.6451042632295274
0.0,0.24918702340431764,1101,7.090208526459055,7.090208526459055,267.65636251195843,-8.259696851826103,3.6451042632295274
0.0,0.24918702340431764,1102,7.090208526459055,7.090208526459055,150.2193171947325,-79.15652196685991,3.6451042632295274
0.0,0.24918702340431764,1103,7.090208526459055,6.915208526459055,344.6222304294886,-3.3165256858860372,4.4951042632295275
0.0,0.24918702340431764,1104,7.090208526459055,6.915208526459055,310.51856139864196,24.61412219273055,4.4951042632295275
0.0,0.24918702340431764,1105,7.090208526459055,6.915208526459055,107.7851036879698,305.38502130184315,4.4951042632295275
0.0,0.24918702340431764,1106,7.090208526459055,7.090208526459055,135.49499234030574,137.0845207006514,3.6451042632295274
0.0,0.24918702340431764,1107,7.090208526459055,7.090208526459055,244.5260935335295,-32.909727244141116,3.6451042632295274
0.0,0.24918702340431764,1108,7.090208526459055,7.090208526459055,-199.50542345505755,-101.84366477694877,3.6451042632295274
0.0,0.24918702340431764,1109,7.090208526459055,7.090208526459055,202.06401273457558,-96.68119590327129,3.6451042632295274
0.0,0.24918702340431764,1110,7.090208526459055,7.090208526459055,-115.2574240115184,-51.2352339657871,3.6451042632295274
0.0,0.24918702340431764,1111,7.090208526459055,7.090208526459055,143.8454412464566,-68.4330844430668,3.6451042632295274
0.0,0.24918702340431764,1112,7.090208526459055,6.915208526459055,-299.4520643810353,-29.832983576619927,4.4951042632295275
0.0,0.24918702340431764,1113,7.090208526459055,6.915208526459055,311.2858000787523,11.046302759502737,4.4951042632295275
0.0,0.24918702340431764,1114,7.090208526459055,7.090208526459055,-151.460150647398,-97.80362752611344,3.6451042632295274
0.0,0.24918702340431764,1115,7.090208526459055,7.090208526459055,-186.25037126996918,49.17362563706348,3.6451042632295274
0.0,0.24918702340431764,1116,7.090208526459055,7.090208526459055,-277.9836897906247,33.216952792905104,3.6451042632295274
0.0,0.24918702340431764,1117,7.090208526459055,7.090208526459055,191.64098922055481,-18.63288760917381,3.6451042632295274
0.0,0.24918702340431764,1118,7.090208526459055,7.090208526459055,116.54285420938355,-48.25527181383666,3.6451042632295274
0.0,0.24918702340431764,1119,7.090208526459055,6.915208526459055,300.1264287629144,-22.12496342062296,4.4951042632295275
0.0,0.24918702340431764,1120,7.090208526459055,7.090208526459055,-265.77744915649873,-32.533079795712645,3.6451042632295274
0.0,0.24918702340431764,1121,7.090208526459055,7.090208526459055,269.3219551134466,108.98872194115354,3.6451042632295274
0.0,0.24918702340431764,1122,7.090208526459055,6.915208526459055,-289.6790005529945,-81.37527308930248,4.4951042632295275
0.0,0.24918702340431764,1123,7.090208526459055,7.090208526459055,266.86344748713196,-22.027031085103115,3.6451042632295274
0.0,0.24918702340431764,1124,7.090208526459055,7.090208526459055,255.7501027480045,-27.74676002144575,3.6451042632295274
0.0,0.24918702340431764,1125,7.090208526459055,7.090208526459055,242.4948942966606,-45.45366030826904,3.6451042632295274
0.0,0.24918702340431764,1126,7.090208526459055,7.090208526459055,-112.24825668544833,-27.882886582311755,3.6451042632295274
0.0,0.24918702340431764,1127,7.090208526459055,7.090208526459055,-146.28212364683083,-86.19530487788157,3.6451042632295274
0.0,0.24918702340431764,1128,7.090208526459055,6.940208526459054,-64.65983027902958,227.47890244169184,3.6451042632295274
0.0,0.24918702340431764,1129,7.090208526459055,7.090208526459055,276.2810771684169,-44.81267898436537,3.6451042632295274
0.0,0.24918702340431764,1130,7.090208526459055,6.915208526459055,-77.9157593750233,301.8193471518579,4.4951042632295275
0.0,0.24918702340431764,1131,7.090208526459055,7.090208526459055,195.41869854921785,-85.97705631405839,3.6451042632295274
0.0,0.24918702340431764,1132,7.090208526459055,7.090208526459055,-193.13747905902736,-90.97223022871462,3.6451042632295274
0.0,0.24918702340431764,1133,7.090208526459055,7.090208526459055,112.93435756510175,-24.98799934190723,3.6451042632295274
0.0,0.24918702340431764,1134,7.090208526459055,6.915208526459055,2.791256620601018,311.7096755694888,4.4951042632295275
0.0,0.24918702340431764,1135,7.090208526459055,7.090208526459055,-254.4471991716753,-37.81012117107972,3.6451042632295274
0.0,0.24918702340431764,1136,7.090208526459055,6.915208526459055,300.93439279112226,4.117918793791162,4.4951042632295275
0.0,0.24918702340431764,1137,7.090208526459055,6.915208526459055,44.18343311264156,331.441935380692,4.4951042632295275
0.0,0.24918702340431764,1138,7.090208526459055,6.915208526459055,344.24421907261484,-16.276963417828455,4.4951042632295275
0.0,0.24918702340431764,1139,7.090208526459055,6.915208526459055,36.75159972195496,321.76874452450323,4.4951042632295275
0.0,0.24918702340431764,1140,7.090208526459055,7.090208526459055,-282.9860650316806,65.65170194556309,3.6451042632295274
0.0,0.24918702340431764,1141,7.090208526459055,7.090208526459055,-133.9268450125906,-64.79770658143335,3.6451042632295274
0.0,0.24918702340431764,1142,7.090208526459055,6.915208526459055,250.46593184390326,221.39988069547525,4.4951042632295275
0.0,0.24918702340431764,1143,7.090208526459055,6.915208526459055,-162.2322905296496,292.3476228897683,4.4951042632295275
0.0,0.24918702340431764,1144,7.090208526459055,6.915208526459055,-311.2858000787523,-10.547928712693999,4.4951042632295275
0.0,0.24918702340431764,1145,7.090208526459055,7.090208526459055,-289.1018212504592,28.15508084398135,3.6451042632295274
0.0,0.24918702340431764,1146,7.090208526459055,7.090208526459055,-186.2901358464308,-80.61219915152202,3.6451042632295274
0.0,0.24918702340431764,1147,7.090208526459055,6.915208526459055,-211.90071641076287,244.83780556979275,4.4951042632295275
0.0,0.24918702340431764,1148,7.090208526459055,7.090208526459055,230.9594685885078,-49.469633257279405,3.6451042632295274
0.0,0.24918702340431764,1149,7.090208526459055,7.090208526459055,-240.50405460917165,-54.98054890498333,3.6451042632295274
0.0,0.24918702340431764,1150,7.090208526459055,7.090208526459055,-140.4242781758376,-75.18149294155955,3.6451042632295274
0.0,0.24918702340431764,1151,7.090208526459055,6.915208526459055,105.34086271503787,317.3361072338168,4.4951042632295275
0.0,0.24918702340431764,1152,7.090208526459055,7.090208526459055,-104.94081364293821,-7.217601118387023,3.6451042632295274
0.0,0.24918702340431764,1153,7.090208526459055,7.090208526459055,188.3072907401557,-75.79647519288957,3.6451042632295274
0.0,0.24918702340431764,1154,7.090208526459055,6.915208526459055,184.2567736995879,278.9789013918078,4.4951042632295275
0.0,0.24918702340431764,1155,7.090208526459055,7.090208526459055,176.1807300242136,-77.48852493159357,3.6451042632295274
0.0,0.24918702340431764,1156,7.090208526459055,6.915208526459055,-297.85488651669675,-42.86626760945786,4.4951042632295275
0.0,0.24918702340431764,1157,7.090208526459055,6.915208526459055,-310.51856139864196,-24.115748145921817,4.4951042632295275
0.0,0.24918702340431764,1158,7.090208526459055,7.090208526459055,290.2709651534746,10.317391884654532,3.6451042632295274
0.0,0.24918702340431764,1159,7.090208526459055,7.090208526459055,-263.7374618738808,-46.171505585154655,3.6451042632295274
0.0,0.24918702340431764,1160,7.090208526459055,7.090208526459055,265.3628585735212,-35.735292792544776,3.6451042632295274
0.0,0.24918702340431764,1161,7.090208526459055,7.090208526459055,126.54356387496023,145.40265041193985,3.6451042632295274
0.0,0.24918702340431764,1162,7.090208526459055,7.090208526459055,253.96980460732988,-40.875336733930595,3.6451042632295274
0.0,0.24918702340431764,1163,7.090208526459055,6.915208526459055,298.8648281701154,-35.194999141890534,4.4951042632295275
0.0,0.24918702340431764,1164,7.090208526459055,7.090208526459055,239.82064219334188,-57.87639763725894,3.6451042632295274
0.0,0.24918702340431764,1165,7.090208526459055,7.090208526459055,105.0980825973515,-4.517397451517218,3.6451042632295274
0.0,0.24918702340431764,1166,7.090208526459055,7.090208526459055,-290.2709651534746,-9.819017837845802,3.6451042632295274
0.0,0.24918702340431764,1167,7.090208526459055,7.090208526459055,-192.62862566193365,-114.29153478462919,3.6451042632295274
0.0,0.24918702340431764,1168,7.090208526459055,6.915208526459055,299.4024078124825,148.5698211986965,4.4951042632295275
0.0,0.24918702340431764,1169,7.090208526459055,7.090208526459055,-252.15057926324417,-50.858282917528406,3.6451042632295274
0.0,0.24918702340431764,1170,7.090208526459055,7.090208526459055,143.24717235964528,-91.13657494017652,3.6451042632295274
0.0,0.24918702340431764,1171,7.090208526459055,7.090208526459055,148.02607088362612,-102.91482808831141,3.6451042632295274
0.0,0.24918702340431764,1172,7.090208526459055,7.090208526459055,-128.17928878930587,-75.4975495936491,3.6451042632295274
0.0,0.24918702340431764,1173,7.090208526459055,7.090208526459055,-237.3420098185376,-67.28816848795724,3.6451042632295274
0.0,0.24918702340431764,1174,7.090208526459055,7.090208526459055,277.04431091151895,40.3522437772797,3.6451042632295274
0.0,0.24918702340431764,1175,7.090208526459055,6.915208526459055,-151.77792296127132,286.0620069587383,4.4951042632295275
0.0,0.24918702340431764,1176,7.090208526459055,7.090208526459055,195.50948768453014,-109.30173539189647,3.6451042632295274
0.0,0.24918702340431764,1177,7.090208526459055,7.090208526459055,115.20723465620691,-73.41983276318231,3.6451042632295274
0.0,0.24918702340431764,1178,7.090208526459055,6.940208526459054,103.7918895374943,260.22812662367176,3.6451042632295274
0.0,0.24918702340431764,1179,7.090208526459055,7.090208526459055,215.90590144069245,-95.66159935576604,3.6451042632295274
0.0,0.24918702340431764,1180,7.090208526459055,7.090208526459055,131.6292432759819,-69.32983637630942,3.6451042632295274
0.0,0.24918702340431764,1181,7.090208526459055,6.915208526459055,311.0422942712122,-16.12512863827414,4.4951042632295275
0.0,0.24918702340431764,1182,7.090208526459055,7.090208526459055,286.4734923643984,48.119220789872,3.6451042632295274
0.0,0.24918702340431764,1183,7.090208526459055,6.915208526459055,-342.1067658383102,-41.46599943155872,4.4951042632295275
0.0,0.24918702340431764,1184,7.090208526459055,7.090208526459055,-278.5298968826056,-27.731197391538934,3.6451042632295274
0.0,0.24918702340431764,1185,7.090208526459055,7.090208526459055,274.05254781302915,-56.82100139953941,3.6451042632295274
0.0,0.24918702340431764,1186,7.090208526459055,7.090208526459055,-113.2753350947742,-76.3571433456548,3.6451042632295274
0.0,0.24918702340431764,1187,7.090208526459055,6.915208526459055,327.6914344664055,65.51124417319419,4.4951042632295275
0.0,0.24918702340431764,1188,7.090208526459055,7.090208526459055,137.76856466750573,-79.92928870816043,3.6451042632295274
0.0,0.24918702340431764,1189,7.090208526459055,7.090208526459055,263.1585750631645,-49.348130128432054,3.6451042632295274
0.0,0.24918702340431764,1190,7.090208526459055,7.090208526459055,-260.99809025436747,-59.68683204283095,3.6451042632295274
0.0,0.24918702340431764,1191,7.090208526459055,7.090208526459055,-186.96301098952057,-103.038107957604,3.6451042632295274
0.0,0.24918702340431764,1192,7.090208526459055,6.915208526459055,-309.16023298818806,-37.63718754024244,4.4951042632295275
0.0,0.24918702340431764,1193,7.090208526459055,7.090208526459055,189.5564511558724,-98.197674825782,3.6451042632295274
0.0,0.24918702340431764,1194,7.090208526459055,7.090208526459055,-138.7493533463581,-97.8310190564447,3.6451042632295274
0.0,0.24918702340431764,1195,7.090208526459055,7.090208526459055,-133.80872729298306,-86.3763858832952,3.6451042632295274
0.0,0.24918702340431764,1196,7.090208526459055,6.915208526459055,316.0820756595933,-108.06948067887184,4.4951042632295275
0.0,0.24918702340431764,1197,7.090208526459055,6.915208526459055,-295.6907249469086,-55.81747892387988,4.4951042632295275
0.0,0.24918702340431764,1198,7.090208526459055,6.915208526459055,-309.86569267759853,93.56991590642,4.4951042632295275
0.0,0.24918702340431764,1199,7.090208526459055,6.915208526459055,323.3306785734909,-84.00094424817809,4.4951042632295275
0.0,0.24918702340431764,1200,7.090208526459055,6.915208526459055,297.0343213905282,-48.19756484027662,4.4951042632295275
0.0,0.24918702340431764,1201,7.090208526459055,6.915208526459055,-293.31098091267177,160.27881178744371,4.4951042632295275
0.0,0.24918702340431764,1202,7.090208526459055,7.090208526459055,251.51602420090228,-53.894858602352684,3.6451042632295274
0.0,0.24918702340431764,1203,7.090208526459055,7.090208526459055,-142.9639648269975,-109.82277323968738,3.6451042632295274
0.0,0.24918702340431764,1204,7.090208526459055,7.090208526459055,236.51042885940203,-70.14499636494521,3.6451042632295274
0.0,0.24918702340431764,1205,7.090208526459055,6.915208526459055,310.03201331070636,-29.677018238834332,4.4951042632295275
0.0,0.24918702340431764,1206,7.090208526459055,7.090208526459055,-180.78652747279835,-92.26464962895447,3.6451042632295274
0.0,0.24918702340431764,1207,7.090208526459055,7.090208526459055,-108.2233397243777,-40.72389478870318,3.6451042632295274
0.0,0.24918702340431764,1208,7.090208526459055,7.090208526459055,-249.18530134763105,-63.770916841266384,3.6451042632295274
0.0,0.24918702340431764,1209,7.090208526459055,6.915208526459055,284.10901244110204,-99.04101843420578,4.4951042632295275
0.0,0.24918702340431764,1210,7.090208526459055,7.090208526459055,183.1050532705564,-87.58655715058731,3.6451042632295274
0.0,0.24918702340431764,1211,7.090208526459055,7.090208526459055,109.24087733113248,-37.92823319069853,3.6451042632295274
0.0,0.24918702340431764,1212,7.090208526459055,7.090208526459055,227.2237742063249,163.7458591757023,3.6451042632295274
0.0,0.24918702340431764,1213,7.090208526459055,7.090208526459055,-233.55057668475746,-79.41669114528261,3.6451042632295274
0.0,0.24918702340431764,1214,7.090208526459055,6.915208526459055,-340.29554265223686,-54.30481983530722,4.4951042632295275
0.0,0.24918702340431764,1215,7.090208526459055,7.090208526459055,236.0061570861112,10.98841596382013,3.6451042632295274
0.0,0.24918702340431764,1216,7.090208526459055,7.090208526459055,110.12380914700424,-61.45710158089773,3.6451042632295274
0.0,0.24918702340431764,1217,7.090208526459055,6.915208526459055,-307.29188654850594,-130.9472641005994,4.4951042632295275
0.0,0.24918702340431764,1218,7.090208526459055,6.915208526459055,318.2556544921364,102.00453435146798,4.4951042632295275
0.0,0.24918702340431764,1219,7.090208526459055,6.915208526459055,128.88033174865396,308.51964038283654,4.4951042632295275
0.0,0.24918702340431764,1220,7.090208526459055,7.090208526459055,-108.50111807808192,-64.26768495725945,3.6451042632295274
0.0,0.24918702340431764,1221,7.090208526459055,7.090208526459055,86.03267816044144,172.5314547714374,3.6451042632295274
0.0,0.24918702340431764,1222,7.090208526459055,7.090208526459055,-120.97419685923784,150.0759042207234,3.6451042632295274
0.0,0.24918702340431764,1223,7.090208526459055,7.090208526459055,-287.6094223840117,40.738964945651844,3.6451042632295274
0.0,0.24918702340431764,1224,7.090208526459055,7.090208526459055,-230.95946858850778,49.96800730408822,3.6451042632295274
0.0,0.24918702340431764,1225,7.090208526459055,7.090208526459055,289.55552258551177,22.9692508544975,3.6451042632295274
0.0,0.24918702340431764,1226,7.090208526459055,7.090208526459055,-103.36440020827897,-19.349998234636946,3.6451042632295274
0.0,0.24918702340431764,1227,7.090208526459055,7.090208526459055,260.25644231966817,-62.82944429532577,3.6451042632295274
0.0,0.24918702340431764,1228,7.090208526459055,7.090208526459055,184.9311072697475,53.94543508458824,3.6451042632295274
0.0,0.24918702340431764,1229,7.090208526459055,7.090208526459055,-200.10308883837092,-125.34138212146378,3.6451042632295274
0.0,0.24918702340431764,1230,7.090208526459055,7.090208526459055,-184.97618038034233,-126.27818973202261,3.6451042632295274
0.0,0.24918702340431764,1231,7.090208526459055,6.940208526459054,122.83886415786552,202.0531777500357,3.6451042632295274
0.0,0.24918702340431764,1232,7.090208526459055,6.915208526459055,-307.21340050272215,-51.0865080672604,4.4951042632295275
0.0,0.24918702340431764,1233,7.090208526459055,7.090208526459055,210.68226177020298,-106.64899722768816,3.6451042632295274
0.0,0.24918702340431764,1234,7.090208526459055,6.915208526459055,294.638392897847,-61.10790939295683,4.4951042632295275
0.0,0.24918702340431764,1235,7.090208526459055,7.090208526459055,139.12470138445792,-114.63705732247043,3.6451042632295274
0.0,0.24918702340431764,1236,7.090208526459055,7.090208526459055,135.32174122662465,-102.50847074521465,3.6451042632295274
0.0,0.24918702340431764,1237,7.090208526459055,6.915208526459055,-292.96369927622175,-68.6619641530504,4.4951042632295275
0.0,0.24918702340431764,1238,7.090208526459055,6.915208526459055,-213.99596967528058,256.85498837795154,4.4951042632295275
0.0,0.24918702340431764,1239,7.090208526459055,6.915208526459055,19.160413881369625,333.8263008456322,4.4951042632295275
0.0,0.24918702340431764,1240,7.090208526459055,7.090208526459055,-257.56659861903773,-73.0432189526213,3.6451042632295274
0.0,0.24918702340431764,1241,7.090208526459055,7.090208526459055,289.1018212504592,-27.65670679717262,3.6451042632295274
0.0,0.24918702340431764,1242,7.090208526459055,6.915208526459055,308.43156879179594,-43.17194160678353,4.4951042632295275
0.0,0.24918702340431764,1243,7.090208526459055,6.915208526459055,302.1915925678144,116.03237802776955,4.4951042632295275
0.0,0.24918702340431764,1244,7.090208526459055,7.090208526459055,248.39526851324422,-66.77080019523243,3.6451042632295274
0.0,0.24918702340431764,1245,7.090208526459055,7.090208526459055,130.7748610209057,-90.89191844577807,3.6451042632295274
0.0,0.24918702340431764,1246,7.090208526459055,7.090208526459055,-180.03570886218864,-114.6880842042121,3.6451042632295274
0.0,0.24918702340431764,1247,7.090208526459055,7.090208526459055,188.16771493143438,-121.48115198127081,3.6451042632295274
0.0,0.24918702340431764,1248,7.090208526459055,6.915208526459055,273.780820296067,191.78214701746273,4.4951042632295275
0.0,0.24918702340431764,1249,7.090208526459055,6.915208526459055,-304.6817698485311,-64.43810818094323,4.4951042632295275
0.0,0.24918702340431764,1250,7.090208526459055,6.915208526459055,-273.42010360165614,192.2967313256749,4.4951042632295275
0.0,0.24918702340431764,1251,7.090208526459055,7.090208526459055,-103.61595566921761,-88.989622494661,3.6451042632295274
0.0,0.24918702340431764,1252,7.090208526459055,7.090208526459055,-245.55922880880118,-76.51378095842753,3.6451042632295274
0.0,0.24918702340431764,1253,7.090208526459055,7.090208526459055,103.83408027870277,-16.686310190205628,3.6451042632295274
0.0,0.24918702340431764,1254,7.090208526459055,7.090208526459055,182.9309268364904,-110.02188257104554,3.6451042632295274
0.0,0.24918702340431764,1255,7.090208526459055,7.090208526459055,232.57303238552657,-82.22692237302427,3.6451042632295274
0.0,0.24918702340431764,1256,7.090208526459055,7.090208526459055,-126.30270140687975,-96.99479992955027,3.6451042632295274
0.0,0.24918702340431764,1257,7.090208526459055,7.090208526459055,-229.13980940691732,-91.33395421521254,3.6451042632295274
0.0,0.24918702340431764,1258,7.090208526459055,6.915208526459055,-139.81420246968833,303.71714433329555,4.4951042632295275
0.0,0.24918702340431764,1259,7.090208526459055,7.090208526459055,-147.88848592759615,-123.08692780881447,3.6451042632295274
0.0,0.24918702340431764,1260,7.090208526459055,7.090208526459055,-174.55495556051127,-103.54457953837013,3.6451042632295274
0.0,0.24918702340431764,1261,7.090208526459055,7.090208526459055,-284.1127715309448,-60.07108331139198,3.6451042632295274
0.0,0.24918702340431764,1262,7.090208526459055,6.915208526459055,-312.0093708712541,-119.295636430383,4.4951042632295275
0.0,0.24918702340431764,1263,7.090208526459055,7.090208526459055,256.66415627735256,-76.14348527158616,3.6451042632295274
0.0,0.24918702340431764,1264,7.090208526459055,7.090208526459055,105.87579336214749,-86.29645280543201,3.6451042632295274
0.0,0.24918702340431764,1265,7.090208526459055,7.090208526459055,177.16551637722415,-99.02295556757497,3.6451042632295274
0.0,0.24918702340431764,1266,7.090208526459055,7.090208526459055,-133.51637740806714,-121.10940821830569,3.6451042632295274
0.0,0.24918702340431764,1267,7.090208526459055,6.915208526459055,306.2440072515859,-56.584210388489545,4.4951042632295275
0.0,0.24918702340431764,1268,7.090208526459055,7.090208526459055,-130.2932289913972,-108.81402564564151,3.6451042632295274
0.0,0.24918702340431764,1269,7.090208526459055,7.090208526459055,288.2888946230474,35.57786089151397,3.6451042632295274
0.0,0.24918702340431764,1270,7.090208526459055,7.090208526459055,118.57528531672384,-89.79191411781382,3.6451042632295274
0.0,0.24918702340431764,1271,7.090208526459055,7.090208526459055,125.51992148041421,-79.82732322907975,3.6451042632295274
0.0,0.24918702340431764,1272,7.090208526459055,7.090208526459055,234.8474933547534,-25.45863446691082,3.6451042632295274
0.0,0.24918702340431764,1273,7.090208526459055,6.915208526459055,333.3821382363331,-22.047948017749412,4.4951042632295275
0.0,0.24918702340431764,1274,7.090208526459055,7.090208526459055,-121.5787205472224,-85.69331057101017,3.6451042632295274
0.0,0.24918702340431764,1275,7.090208526459055,6.915208526459055,297.62254998930416,127.31737216700901,4.4951042632295275
0.0,0.24918702340431764,1276,7.090208526459055,6.915208526459055,291.6816034781332,-73.9014572252991,4.4951042632295275
0.0,0.24918702340431764,1277,7.090208526459055,6.915208526459055,-313.9885851237297,114.49445273744301,4.4951042632295275
0.0,0.24918702340431764,1278,7.090208526459055,7.090208526459055,-253.45208666683044,-86.20524757751431,3.6451042632295274
0.0,0.24918702340431764,1279,7.090208526459055,6.915208526459055,-232.681196084223,240.04133308930096,4.4951042632295275
0.0,0.24918702340431764,1280,7.090208526459055,6.915208526459055,-301.5701601284536,-77.66657235161883,4.4951042632295275
0.0,0.24918702340431764,1281,7.090208526459055,6.915208526459055,-332.903722425595,28.81356906214907,4.4951042632295275
0.0,0.24918702340431764,1282,7.090208526459055,6.915208526459055,261.629511677769,190.71048114133634,4.4951042632295275
0.0,0.24918702340431764,1283,7.090208526459055,6.940208526459054,-52.149390644967625,275.2805423718473,3.6451042632295274
0.0,0.24918702340431764,1284,7.090208526459055,7.090208526459055,104.07010163222441,-50.35218292384317,3.6451042632295274
0.0,0.24918702340431764,1285,7.090208526459055,7.090208526459055,-289.55552258551177,-22.470876807688768,3.6451042632295274
0.0,0.24918702340431764,1286,7.090208526459055,7.090208526459055,244.6158132274223,-79.4690168301683,3.6451042632295274
0.0,0.24918702340431764,1287,7.090208526459055,7.090208526459055,-257.2248200811643,-110.19173520950527,3.6451042632295274
0.0,0.24918702340431764,1288,7.090208526459055,7.090208526459055,-102.73488774893025,-53.0108123522474,3.6451042632295274
0.0,0.24918702340431764,1289,7.090208526459055,7.090208526459055,129.29747995153602,-125.59473755540385,3.6451042632295274
0.0,0.24918702340431764,1290,7.090208526459055,7.090208526459055,-277.77437869551,-84.60360609845561,3.6451042632295274
0.0,0.24918702340431764,1291,7.090208526459055,7.090208526459055,126.49576623225649,-113.19653129162292,3.6451042632295274
0.0,0.24918702340431764,1292,7.090208526459055,7.090208526459055,187.96440764329236,42.108271475519146,3.6451042632295274
0.0,0.24918702340431764,1293,7.090208526459055,7.090208526459055,-100.27752065455905,-76.42765593284756,3.6451042632295274
0.0,0.24918702340431764,1294,7.090208526459055,7.090208526459055,-274.05254781302915,57.319375446348126,3.6451042632295274
0.0,0.24918702340431764,1295,7.090208526459055,7.090208526459055,-206.30301623928042,-114.87380247636523,3.6451042632295274
0.0,0.24918702340431764,1296,7.090208526459055,6.915208526459055,303.4734928378009,-69.88829356802316,4.4951042632295275
0.0,0.24918702340431764,1297,7.090208526459055,6.915208526459055,321.91387582080455,33.36961111267092,4.4951042632295275
0.0,0.24918702340431764,1298,7.090208526459055,7.090208526459055,-92.55534819473709,-100.41529983267513,3.6451042632295274
0.0,0.24918702340431764,1299,7.090208526459055,7.090208526459055,122.91087225054498,-101.24801916372203,3.6451042632295274
0.0,0.24918702340431764,1300,7.090208526459055,7.090208526459055,-182.77240935149584,60.88785349713454,3.6451042632295274
0.0,0.24918702340431764,1301,7.090208526459055,7.090208526459055,-241.28197733926967,-89.0530834841537,3.6451042632295274
0.0,0.24918702340431764,1302,7.090208526459055,7.090208526459055,95.11256359108252,-98.00269153664713,3.6451042632295274
0.0,0.24918702340431764,1303,7.090208526459055,7.090208526459055,102.2155284815317,-73.82445965072947,3.6451042632295274
0.0,0.24918702340431764,1304,7.090208526459055,7.090208526459055,-176.5789013065496,-137.75536359027114,3.6451042632295274
0.0,0.24918702340431764,1305,7.090208526459055,7.090208526459055,279.8639073692916,-77.43475798616839,3.6451042632295274
0.0,0.24918702340431764,1306,7.090208526459055,7.090208526459055,-123.18026052613781,-131.58842176834915,3.6451042632295274
0.0,0.24918702340431764,1307,7.090208526459055,7.090208526459055,211.95586512814654,104.59931140554299,3.6451042632295274
0.0,0.24918702340431764,1308,7.090208526459055,7.090208526459055,-172.38346647775035,-125.87524862598016,3.6451042632295274
0.0,0.24918702340431764,1309,7.090208526459055,6.940208526459054,43.75561242159186,232.41224093681296,3.6451042632295274
0.0,0.24918702340431764,1310,7.090208526459055,7.090208526459055,-224.12140454691595,-103.00835525844784,3.6451042632295274
0.0,0.24918702340431764,1311,7.090208526459055,6.915208526459055,331.81100391994295,-92.91010500353362,4.4951042632295275
0.0,0.24918702340431764,1312,7.090208526459055,7.090208526459055,-252.8245110157816,-142.7136353811939,3.6451042632295274
0.0,0.24918702340431764,1313,7.090208526459055,7.090208526459055,252.39124303301764,-89.25494661400526,3.6451042632295274
0.0,0.24918702340431764,1314,7.090208526459055,6.915208526459055,-68.34137928400878,327.31228216504854,4.4951042632295275
0.0,0.24918702340431764,1315,7.090208526459055,6.915208526459055,288.16958154810015,-86.55385509186684,4.4951042632295275
0.0,0.24918702340431764,1316,7.090208526459055,6.915208526459055,-55.99053999660714,329.6514817284675,4.4951042632295275
0.0,0.24918702340431764,1317,7.090208526459055,7.090208526459055,-117.95615188139247,-106.96607128676204,3.6451042632295274
0.0,0.24918702340431764,1318,7.090208526459055,6.915208526459055,-297.8844944684442,-90.74671944588192,4.4951042632295275
0.0,0.24918702340431764,1319,7.090208526459055,7.090208526459055,-161.68503725264154,104.84722821192268,3.6451042632295274
0.0,0.24918702340431764,1320,7.090208526459055,7.090208526459055,-246.34792737331153,-153.60561673368153,3.6451042632295274
0.0,0.24918702340431764,1321,7.090208526459055,7.090208526459055,-120.97002469436828,-119.07123454868919,3.6451042632295274
0.0,0.24918702340431764,1322,7.090208526459055,6.915208526459055,-285.8428813879366,-93.93320522649915,4.4951042632295275
0.0,0.24918702340431764,1323,7.090208526459055,7.090208526459055,143.12745697648592,-128.5814481194344,3.6451042632295274
0.0,0.24918702340431764,1324,7.090208526459055,7.090208526459055,175.5688042390687,-121.40206763853898,3.6451042632295274
0.0,0.24918702340431764,1325,7.090208526459055,7.090208526459055,110.8415501927956,-99.15729633418918,3.6451042632295274
0.0,0.24918702340431764,1326,7.090208526459055,7.090208526459055,180.06825720293233,-133.1704034594378,3.6451042632295274
0.0,0.24918702340431764,1327,7.090208526459055,7.090208526459055,-248.6654653437784,-99.1380145837301,3.6451042632295274
0.0,0.24918702340431764,1328,7.090208526459055,7.090208526459055,-167.62051245026598,-114.40656858320457,3.6451042632295274
0.0,0.24918702340431764,1329,7.090208526459055,7.090208526459055,228.01889403933995,-94.09013656568601,3.6451042632295274
0.0,0.24918702340431764,1330,7.090208526459055,7.090208526459055,225.4895256589423,70.73827156061512,3.6451042632295274
0.0,0.24918702340431764,1331,7.090208526459055,6.915208526459055,-72.13795259469703,315.71966382475335,4.4951042632295275
0.0,0.24918702340431764,1332,7.090208526459055,7.090208526459055,-112.02439933371943,-141.19007778355788,3.6451042632295274
0.0,0.24918702340431764,1333,7.090208526459055,7.090208526459055,170.51259647890578,-110.05962010383303,3.6451042632295274
0.0,0.24918702340431764,1334,7.090208526459055,7.090208526459055,-105.99963511320561,-104.3049881133773,3.6451042632295274
0.0,0.24918702340431764,1335,7.090208526459055,7.090208526459055,279.4852853643718,16.053636847380865,3.6451042632295274
0.0,0.24918702340431764,1336,7.090208526459055,7.090208526459055,116.82798278394502,-123.12962929987071,3.6451042632295274
0.0,0.24918702340431764,1337,7.090208526459055,7.090208526459055,-80.24308841313112,-110.47966267426587,3.6451042632295274
0.0,0.24918702340431764,1338,7.090208526459055,6.915208526459055,300.12529938209343,-83.0588660668969,4.4951042632295275
0.0,0.24918702340431764,1339,7.090208526459055,7.090208526459055,-100.39016058076567,-31.217349992358393,3.6451042632295274
0.0,0.24918702340431764,1340,7.090208526459055,7.090208526459055,118.60980512211927,-135.7149472330514,3.6451042632295274
0.0,0.24918702340431764,1341,7.090208526459055,7.090208526459055,83.06309956151816,-108.38024215985216,3.6451042632295274
0.0,0.24918702340431764,1342,7.090208526459055,7.090208526459055,240.18768077942312,-91.95583511939898,3.6451042632295274
0.0,0.24918702340431764,1343,7.090208526459055,7.090208526459055,114.22893190422332,-110.92867272035105,3.6451042632295274
0.0,0.24918702340431764,1344,7.090208526459055,7.090208526459055,-286.4734923643984,-47.62084674306321,3.6451042632295274
0.0,0.24918702340431764,1345,7.090208526459055,7.090208526459055,-114.169065978974,-95.31713840639452,3.6451042632295274
0.0,0.24918702340431764,1346,7.090208526459055,6.915208526459055,-48.21777744225876,320.2500493290457,4.4951042632295275
0.0,0.24918702340431764,1347,7.090208526459055,7.090208526459055,101.16590014997614,-28.62619938165253,3.6451042632295274
0.0,0.24918702340431764,1348,7.090208526459055,6.915208526459055,328.07199755448283,-105.32524375380663,4.4951042632295275
0.0,0.24918702340431764,1349,7.090208526459055,7.090208526459055,252.16263368093823,121.80498303715217,3.6451042632295274
0.0,0.24918702340431764,1350,7.090208526459055,7.090208526459055,-100.12303424646008,-149.85047882731237,3.6451042632295274
0.0,0.24918702340431764,1351,7.090208526459055,7.090208526459055,107.13280160885517,-144.93033802972533,3.6451042632295274
0.0,0.24918702340431764,1352,7.090208526459055,7.090208526459055,-110.84178484164748,-128.53438573265845,3.6451042632295274
0.0,0.24918702340431764,1353,7.090208526459055,7.090208526459055,-90.69784178865409,-87.55070414534089,3.6451042632295274
0.0,0.24918702340431764,1354,7.090208526459055,6.915208526459055,183.50547284892852,266.80358554707607,4.4951042632295275
0.0,0.24918702340431764,1355,7.090208526459055,7.090208526459055,-108.82462362652976,-116.22384278919208,3.6451042632295274
0.0,0.24918702340431764,1356,7.090208526459055,6.915208526459055,31.694353403528755,332.86951155034177,4.4951042632295275
0.0,0.24918702340431764,1357,7.090208526459055,7.090208526459055,-236.3648894410137,-101.35557244233271,3.6451042632295274
0.0,0.24918702340431764,1358,7.090208526459055,7.090208526459055,-99.97591119841273,-137.14050348773003,3.6451042632295274
0.0,0.24918702340431764,1359,7.090208526459055,7.090208526459055,106.38272838546675,-132.24166164155892,3.6451042632295274
0.0,0.24918702340431764,1360,7.090208526459055,6.915208526459055,-293.63178874256624,-103.65365066031164,4.4951042632295275
0.0,0.24918702340431764,1361,7.090208526459055,6.915208526459055,117.193534403282,313.1493113764312,4.4951042632295275
0.0,0.24918702340431764,1362,7.090208526459055,7.090208526459055,249.94358202147728,-125.80640061838167,3.6451042632295274
0.0,0.24918702340431764,1363,7.090208526459055,7.090208526459055,92.92495814243853,-85.1900987214407,3.6451042632295274
0.0,0.24918702340431764,1364,7.090208526459055,6.915208526459055,-281.4626440519094,-106.31185582707099,4.4951042632295275
0.0,0.24918702340431764,1365,7.090208526459055,6.915208526459055,-151.1302004490284,298.2432722638826,4.4951042632295275
0.0,0.24918702340431764,1366,7.090208526459055,7.090208526459055,-98.96888545623149,-124.70650549491658,3.6451042632295274
0.0,0.24918702340431764,1367,7.090208526459055,7.090208526459055,95.22951448149807,-140.47198924483305,3.6451042632295274
0.0,0.24918702340431764,1368,7.090208526459055,7.090208526459055,94.94284697655223,-153.17958304010628,3.6451042632295274
0.0,0.24918702340431764,1369,7.090208526459055,7.090208526459055,-259.9789396002674,104.0410765608987,3.6451042632295274
0.0,0.24918702340431764,1370,7.090208526459055,7.090208526459055,222.86009057704032,-105.70317983153772,3.6451042632295274
0.0,0.24918702340431764,1371,7.090208526459055,7.090208526459055,247.44903358444745,-102.1290590841455,3.6451042632295274
0.0,0.24918702340431764,1372,7.090208526459055,7.090208526459055,-97.12479416446757,-112.59704703504951,3.6451042632295274
0.0,0.24918702340431764,1373,7.090208526459055,7.090208526459055,104.78681686252621,-119.86945596344107,3.6451042632295274
0.0,0.24918702340431764,1374,7.090208526459055,7.090208526459055,282.9860650316806,-65.1533278987545,3.6451042632295274
0.0,0.24918702340431764,1375,7.090208526459055,6.915208526459055,296.20580036100523,-96.07085695179306,4.4951042632295275
0.0,0.24918702340431764,1376,7.090208526459055,7.090208526459055,-88.44471436101684,-144.83231552015332,3.6451042632295274
0.0,0.24918702340431764,1377,7.090208526459055,7.090208526459055,-243.21942790914116,-111.8072245980872,3.6451042632295274
0.0,0.24918702340431764,1378,7.090208526459055,7.090208526459055,-288.2888946230474,-35.079486844705244,3.6451042632295274
0.0,0.24918702340431764,1379,7.090208526459055,7.090208526459055,-95.85712265672302,-64.57747979090658,3.6451042632295274
0.0,0.24918702340431764,1380,7.090208526459055,7.090208526459055,94.64736284321683,-128.01086945563472,3.6451042632295274
0.0,0.24918702340431764,1381,7.090208526459055,7.090208526459055,-167.47060131961817,-148.67684183104475,3.6451042632295274
0.0,0.24918702340431764,1382,7.090208526459055,7.090208526459055,-164.0370967154764,-136.554554460222,3.6451042632295274
0.0,0.24918702340431764,1383,7.090208526459055,7.090208526459055,-88.45452568193878,-132.35760868316973,3.6451042632295274
0.0,0.24918702340431764,1384,7.090208526459055,7.090208526459055,-210.682261770203,107.14737127449676,3.6451042632295274
0.0,0.24918702340431764,1385,7.090208526459055,7.090208526459055,-77.49942577630917,-126.87806098821544,3.6451042632295274
0.0,0.24918702340431764,1386,7.090208526459055,7.090208526459055,287.6094223840117,-40.24059089884312,3.6451042632295274
0.0,0.24918702340431764,1387,7.090208526459055,7.090208526459055,97.4919563393229,-62.09183593428607,3.6451042632295274
0.0,0.24918702340431764,1388,7.090208526459055,7.090208526459055,167.49972803289174,-132.29240603956106,3.6451042632295274
0.0,0.24918702340431764,1389,7.090208526459055,7.090208526459055,-87.55536688542854,-157.51199135953192,3.6451042632295274
0.0,0.24918702340431764,1390,7.090208526459055,7.090208526459055,-160.01112069699883,-124.80687936724573,3.6451042632295274
0.0,0.24918702340431764,1391,7.090208526459055,6.915208526459055,-300.1252993820935,83.55724011370536,4.4951042632295275
0.0,0.24918702340431764,1392,7.090208526459055,7.090208526459055,163.17308253592535,-120.65211000659568,3.6451042632295274
0.0,0.24918702340431764,1393,7.090208526459055,7.090208526459055,82.37773715573718,-95.40031802217085,3.6451042632295274
0.0,0.24918702340431764,1394,7.090208526459055,7.090208526459055,171.24372815664344,-144.3224213363435,3.6451042632295274
0.0,0.24918702340431764,1395,7.090208526459055,7.090208526459055,69.89034960379328,-117.28876610538879,3.6451042632295274
0.0,0.24918702340431764,1396,7.090208526459055,7.090208526459055,-66.8456785164628,-119.04660777725292,3.6451042632295274
0.0,0.24918702340431764,1397,7.090208526459055,7.090208526459055,-79.89163020324362,-97.48640944907548,3.6451042632295274
0.0,0.24918702340431764,1398,7.090208526459055,7.090208526459055,83.44458730623424,-123.05733766997024,3.6451042632295274
0.0,0.24918702340431764,1399,7.090208526459055,6.915208526459055,323.8686419628799,-117.59095370309268,4.4951042632295275
0.0,0.24918702340431764,1400,7.090208526459055,6.915208526459055,204.68935891803784,264.338336122332,4.4951042632295275
0.0,0.24918702340431764,1401,7.090208526459055,7.090208526459055,-218.50867001228505,-114.4089358621251,3.6451042632295274
0.0,0.24918702340431764,1402,7.090208526459055,7.090208526459055,83.87804623990154,-135.29873343338016,3.6451042632295274
0.0,0.24918702340431764,1403,7.090208526459055,6.915208526459055,-328.86108598855344,-58.837177296142556,4.4951042632295275
0.0,0.24918702340431764,1404,7.090208526459055,7.090208526459055,-77.35151563320234,-139.1262355245768,3.6451042632295274
0.0,0.24918702340431764,1405,7.090208526459055,6.915208526459055,-333.42348472441677,-21.42088820257376,4.4951042632295275
0.0,0.24918702340431764,1406,7.090208526459055,7.090208526459055,83.44256387041882,-147.76584063740202,3.6451042632295274
0.0,0.24918702340431764,1407,7.090208526459055,7.090208526459055,272.0283387816503,-101.53089383701487,3.6451042632295274
0.0,0.24918702340431764,1408,7.090208526459055,7.090208526459055,165.5181205098001,98.66947596204922,3.6451042632295274
0.0,0.24918702340431764,1409,7.090208526459055,7.090208526459055,235.12261378045488,-104.19814226557253,3.6451042632295274
0.0,0.24918702340431764,1410,7.090208526459055,7.090208526459055,82.12106336208763,-160.4077848996797,3.6451042632295274
0.0,0.24918702340431764,1411,7.090208526459055,7.090208526459055,102.37018283990281,-107.86114480473506,3.6451042632295274
0.0,0.24918702340431764,1412,7.090208526459055,7.090208526459055,-66.87950192555405,-132.77197822805238,3.6451042632295274
0.0,0.24918702340431764,1413,7.090208526459055,7.090208526459055,243.55093956797558,-157.99600815109088,3.6451042632295274
0.0,0.24918702340431764,1414,7.090208526459055,6.915208526459055,-288.8201382178769,-116.36279691775904,4.4951042632295275
0.0,0.24918702340431764,1415,7.090208526459055,7.090208526459055,-230.82100434719624,-113.38862384386177,3.6451042632295274
0.0,0.24918702340431764,1416,7.090208526459055,7.090208526459055,-68.0050213721386,-106.10040847436052,3.6451042632295274
0.0,0.24918702340431764,1417,7.090208526459055,7.090208526459055,-76.32493254189896,-151.55863408991237,3.6451042632295274
0.0,0.24918702340431764,1418,7.090208526459055,7.090208526459055,-102.0195862360859,-163.0750472961874,3.6451042632295274
0.0,0.24918702340431764,1419,7.090208526459055,6.915208526459055,-323.6016082584458,-2.490351326869357,4.4951042632295275
0.0,0.24918702340431764,1420,7.090208526459055,7.090208526459055,93.21755881010176,-115.84553685391388,3.6451042632295274
0.0,0.24918702340431764,1421,7.090208526459055,6.915208526459055,333.77212098697674,15.643457968399336,4.4951042632295275
0.0,0.24918702340431764,1422,7.090208526459055,7.090208526459055,-87.60360373502806,-120.13813288738079,3.6451042632295274
0.0,0.24918702340431764,1423,7.090208526459055,6.915208526459055,-313.1566606839926,81.8482789734743,4.4951042632295275
0.0,0.24918702340431764,1424,7.090208526459055,6.915208526459055,-276.5466265756385,-118.48766142604308,4.4951042632295275
0.0,0.24918702340431764,1425,7.090208526459055,7.090208526459055,236.416574572957,-168.46893656575614,3.6451042632295274
0.0,0.24918702340431764,1426,7.090208526459055,6.915208526459055,279.5076256812216,-111.3391772271698,4.4951042632295275
0.0,0.24918702340431764,1427,7.090208526459055,6.915208526459055,-323.47564501644445,9.683858136934614,4.4951042632295275
0.0,0.24918702340431764,1428,7.090208526459055,7.090208526459055,-96.05831624910034,-42.659170817278756,3.6451042632295274
0.0,0.24918702340431764,1429,7.090208526459055,6.915208526459055,-319.4507094864167,-129.08928452294464,4.4951042632295275
0.0,0.24918702340431764,1430,7.090208526459055,6.940208526459054,-15.804449823976412,279.7344723877761,3.6451042632295274
0.0,0.24918702340431764,1431,7.090208526459055,7.090208526459055,134.66835124723224,-137.39977470248428,3.6451042632295274
0.0,0.24918702340431764,1432,7.090208526459055,7.090208526459055,176.5117079185498,-156.77900849722639,3.6451042632295274
0.0,0.24918702340431764,1433,7.090208526459055,7.090208526459055,70.71649859168505,-104.31704185234427,3.6451042632295274
0.0,0.24918702340431764,1434,7.090208526459055,7.090208526459055,97.12962477019252,-40.1755985072313,3.6451042632295274
0.0,0.24918702340431764,1435,7.090208526459055,7.090208526459055,241.85063378264024,-114.73168285011111,3.6451042632295274
0.0,0.24918702340431764,1436,7.090208526459055,6.915208526459055,-324.8582829765269,78.4022951357227,4.4951042632295275
0.0,0.24918702340431764,1437,7.090208526459055,7.090208526459055,-74.40503300339292,-164.12362927837543,3.6451042632295274
0.0,0.24918702340431764,1438,7.090208526459055,6.915208526459055,203.02488356489596,252.25395402451824,4.4951042632295275
0.0,0.24918702340431764,1439,7.090208526459055,6.915208526459055,194.61079121519535,271.8508296338064,4.4951042632295275
0.0,0.24918702340431764,1440,7.090208526459055,6.915208526459055,-223.49675020853687,248.6239340736949,4.4951042632295275
0.0,0.24918702340431764,1441,7.090208526459055,7.090208526459055,72.55053507776333,-141.6845483643183,3.6451042632295274
0.0,0.24918702340431764,1442,7.090208526459055,7.090208526459055,-237.12841627516292,-124.17928115316734,3.6451042632295274
0.0,0.24918702340431764,1443,7.090208526459055,7.090208526459055,89.5953995828121,-72.9884335542466,3.6451042632295274
0.0,0.24918702340431764,1444,7.090208526459055,6.915208526459055,304.76960141782087,137.2028374957285,4.4951042632295275
0.0,0.24918702340431764,1445,7.090208526459055,7.090208526459055,217.11030221801335,-117.0352564675112,3.6451042632295274
0.0,0.24918702340431764,1446,7.090208526459055,6.915208526459055,-258.6824631443631,-153.56842936573977,4.4951042632295275
0.0,0.24918702340431764,1447,7.090208526459055,7.090208526459055,-155.41319839721226,-113.45894485735344,3.6451042632295274
0.0,0.24918702340431764,1448,7.090208526459055,7.090208526459055,-183.1343313076256,-59.28750912587736,3.6451042632295274
0.0,0.24918702340431764,1449,7.090208526459055,7.090208526459055,-231.54216108475833,-46.68123872566258,3.6451042632295274
0.0,0.24918702340431764,1450,7.090208526459055,6.915208526459055,-306.24400725158586,57.082584435298415,4.4951042632295275
0.0,0.24918702340431764,1451,7.090208526459055,6.915208526459055,291.7224567636929,-108.89949715850875,4.4951042632295275
0.0,0.24918702340431764,1452,7.090208526459055,6.915208526459055,-268.26862807661377,181.23937771813982,4.4951042632295275
0.0,0.24918702340431764,1453,7.090208526459055,7.090208526459055,-87.68305442193287,-75.26747777000458,3.6451042632295274
0.0,0.24918702340431764,1454,7.090208526459055,7.090208526459055,73.11630584123142,-129.44855390833683,3.6451042632295274
0.0,0.24918702340431764,1455,7.090208526459055,7.090208526459055,-157.687956328878,-158.99864751613524,3.6451042632295274
0.0,0.24918702340431764,1456,7.090208526459055,7.090208526459055,95.78179603392437,-166.80963208046333,3.6451042632295274
0.0,0.24918702340431764,1457,7.090208526459055,7.090208526459055,-163.49667215229795,227.47296122972926,3.6451042632295274
0.0,0.24918702340431764,1458,7.090208526459055,7.090208526459055,-139.7682787214693,-132.21827975655918,3.6451042632295274
0.0,0.24918702340431764,1459,7.090208526459055,7.090208526459055,-52.544295490543526,-126.00028190557478,3.6451042632295274
0.0,0.24918702340431764,1460,7.090208526459055,7.090208526459055,-155.03020746060042,-146.6829999115372,3.6451042632295274
0.0,0.24918702340431764,1461,7.090208526459055,7.090208526459055,-112.17285091824382,-156.27574073168685,3.6451042632295274
0.0,0.24918702340431764,1462,7.090208526459055,7.090208526459055,158.7561895399116,-142.64904622504795,3.6451042632295274
0.0,0.24918702340431764,1463,7.090208526459055,7.090208526459055,155.17652818049552,-130.75777305757796,3.6451042632295274
0.0,0.24918702340431764,1464,7.090208526459055,7.090208526459055,285.5695426354053,-52.74740040695008,3.6451042632295274
0.0,0.24918702340431764,1465,7.090208526459055,7.090208526459055,-212.31648976601107,-125.50546373596187,3.6451042632295274
0.0,0.24918702340431764,1466,7.090208526459055,6.915208526459055,258.60725933987305,211.8221005610134,4.4951042632295275
0.0,0.24918702340431764,1467,7.090208526459055,7.090208526459055,71.10031676383592,-154.07467644164888,3.6451042632295274
0.0,0.24918702340431764,1468,7.090208526459055,7.090208526459055,-151.75742063561273,-134.70363350969123,3.6451042632295274
0.0,0.24918702340431764,1469,7.090208526459055,7.090208526459055,-65.73374401002847,-144.96734192425328,3.6451042632295274
0.0,0.24918702340431764,1470,7.090208526459055,7.090208526459055,164.92231538396908,-99.16626137498947,3.6451042632295274
0.0,0.24918702340431764,1471,7.090208526459055,7.090208526459055,229.43404387765335,-116.16347387093289,3.6451042632295274
0.0,0.24918702340431764,1472,7.090208526459055,7.090208526459055,68.75277761996976,-166.56684111763974,3.6451042632295274
0.0,0.24918702340431764,1473,7.090208526459055,7.090208526459055,161.72966105647453,-154.8923003720328,3.6451042632295274
0.0,0.24918702340431764,1474,7.090208526459055,7.090208526459055,-273.8087721845416,-96.63919326572824,3.6451042632295274
0.0,0.24918702340431764,1475,7.090208526459055,7.090208526459055,-161.52094378722825,-172.1608531102025,3.6451042632295274
0.0,0.24918702340431764,1476,7.090208526459055,6.915208526459055,283.8174013896713,-176.07011139423108,4.4951042632295275
0.0,0.24918702340431764,1477,7.090208526459055,6.915208526459055,314.20290064774207,113.90370541408711,4.4951042632295275
0.0,0.24918702340431764,1478,7.090208526459055,6.915208526459055,-314.3595710139024,-141.01388715125736,4.4951042632295275
0.0,0.24918702340431764,1479,7.090208526459055,6.915208526459055,319.43626935594887,-51.57721317744837,4.4951042632295275
0.0,0.24918702340431764,1480,7.090208526459055,7.090208526459055,-224.6650234444637,-125.12032819960146,3.6451042632295274
0.0,0.24918702340431764,1481,7.090208526459055,7.090208526459055,55.77245256344565,-124.60779086932308,3.6451042632295274
0.0,0.24918702340431764,1482,7.090208526459055,7.090208526459055,-60.759545902686334,-169.6413932243362,3.6451042632295274
0.0,0.24918702340431764,1483,7.090208526459055,7.090208526459055,-63.69722088944249,-157.2746966566896,3.6451042632295274
0.0,0.24918702340431764,1484,7.090208526459055,7.090208526459055,3.533513559174687,-148.59641238951977,3.6451042632295274
0.0,0.24918702340431764,1485,7.090208526459055,6.915208526459055,-271.1041868777981,-130.43744468543036,4.4951042632295275
0.0,0.24918702340431764,1486,7.090208526459055,6.915208526459055,-281.1157402305592,160.55965621506385,4.4951042632295275
0.0,0.24918702340431764,1487,7.090208526459055,6.915208526459055,274.37418026968203,-123.42492122651483,4.4951042632295275
0.0,0.24918702340431764,1488,7.090208526459055,6.915208526459055,-283.4587021446264,-128.8499656359824,4.4951042632295275
0.0,0.24918702340431764,1489,7.090208526459055,7.090208526459055,-220.55699747389184,84.9182373670247,3.6451042632295274
0.0,0.24918702340431764,1490,7.090208526459055,6.915208526459055,286.6838028895102,-121.52036664127877,4.4951042632295275
0.0,0.24918702340431764,1491,7.090208526459055,7.090208526459055,-37.532341007007005,-131.24664854556173,3.6451042632295274
0.0,0.24918702340431764,1492,7.090208526459055,7.090208526459055,235.6108895774479,-127.02939801924417,3.6451042632295274
0.0,0.24918702340431764,1493,7.090208526459055,6.915208526459055,-251.72682456589973,-164.7055996426437,4.4951042632295275
0.0,0.24918702340431764,1494,7.090208526459055,6.940208526459054,-124.70047868372512,-185.963473643803,3.6451042632295274
0.0,0.24918702340431764,1495,7.090208526459055,7.090208526459055,-78.32322329495295,-84.9362424053933,3.6451042632295274
0.0,0.24918702340431764,1496,7.090208526459055,6.940208526459054,-4.659002382452063,236.45361314109832,3.6451042632295274
0.0,0.24918702340431764,1497,7.090208526459055,6.915208526459055,-287.08389400231147,171.19844888359054,4.4951042632295275
0.0,0.24918702340431764,1498,7.090208526459055,7.090208526459055,-53.67852516577247,-149.84205628282376,3.6451042632295274
0.0,0.24918702340431764,1499,7.090208526459055,7.090208526459055,-32.64631280345494,-145.01511156026186,3.6451042632295274
0.0,0.24918702340431764,1500,7.090208526459055,7.090208526459055,80.48721874640806,-82.89461799385226,3.6451042632295274
0.0,0.24918702340431764,1501,7.090208526459055,7.090208526459055,-147.27035759298298,-168.6792183770659,3.6451042632295274
0.0,0.24918702340431764,1502,7.090208526459055,7.090208526459055,-55.81450602382571,-137.78066156008816,3.6451042632295274
0.0,0.24918702340431764,1503,7.090208526459055,7.090208526459055,15.654054251581371,-147.81312677775875,3.6451042632295274
0.0,0.24918702340431764,1504,7.090208526459055,7.090208526459055,58.28490877991624,-159.35651239618102,3.6451042632295274
0.0,0.24918702340431764,1505,7.090208526459055,7.090208526459055,-55.19876128849363,-113.27621166155572,3.6451042632295274
0.0,0.24918702340431764,1506,7.090208526459055,7.090208526459055,58.09894069719429,-111.81968681865376,3.6451042632295274
0.0,0.24918702340431764,1507,7.090208526459055,6.915208526459055,-311.0422942712122,16.623502685083018,4.4951042632295275
0.0,0.24918702340431764,1508,7.090208526459055,7.090208526459055,54.92695348620115,-171.61576419102832,3.6451042632295274
0.0,0.24918702340431764,1509,7.090208526459055,7.090208526459055,-50.64561474126833,-161.94246376718726,3.6451042632295274
0.0,0.24918702340431764,1510,7.090208526459055,7.090208526459055,-230.40858270971793,-136.22137577910675,3.6451042632295274
0.0,0.24918702340431764,1511,7.090208526459055,6.915208526459055,276.9842971455111,-186.62111950195077,4.4951042632295275
0.0,0.24918702340431764,1512,7.090208526459055,7.090208526459055,-2.720035793867874,-159.1288754145043,3.6451042632295274
0.0,0.24918702340431764,1513,7.090208526459055,7.090208526459055,60.74021207467808,-147.12581770366924,3.6451042632295274
0.0,0.24918702340431764,1514,7.090208526459055,7.090208526459055,-205.56128435694106,-136.2685128828557,3.6451042632295274
0.0,0.24918702340431764,1515,7.090208526459055,7.090208526459055,210.78477636734948,-128.05631584353162,3.6451042632295274
0.0,0.24918702340431764,1516,7.090208526459055,7.090208526459055,-20.697295988211376,-147.19273415724874,3.6451042632295274
0.0,0.24918702340431764,1517,7.090208526459055,7.090208526459055,-46.70971404861668,-174.0285633887211,3.6451042632295274
0.0,0.24918702340431764,1518,7.090208526459055,7.090208526459055,-252.1626336809383,-121.30660899034342,3.6451042632295274
0.0,0.24918702340431764,1519,7.090208526459055,7.090208526459055,-15.701776781583982,-158.3768498907263,3.6451042632295274
0.0,0.24918702340431764,1520,7.090208526459055,7.090208526459055,-9.826613905769996,-169.38143384984815,3.6451042632295274
0.0,0.24918702340431764,1521,7.090208526459055,7.090208526459055,184.6043307671542,-54.55995960263048,3.6451042632295274
0.0,0.24918702340431764,1522,7.090208526459055,7.090208526459055,-28.579025035429467,-156.56919426273868,3.6451042632295274
0.0,0.24918702340431764,1523,7.090208526459055,7.090208526459055,-145.39906627722635,-156.2198013048652,3.6451042632295274
0.0,0.24918702340431764,1524,7.090208526459055,7.090208526459055,-168.55746153361454,-92.87000355086518,3.6451042632295274
0.0,0.24918702340431764,1525,7.090208526459055,7.090208526459055,51.071983153568944,-139.6048465953194,3.6451042632295274
0.0,0.24918702340431764,1526,7.090208526459055,7.090208526459055,-23.620387033659306,-168.01604169328073,3.6451042632295274
0.0,0.24918702340431764,1527,7.090208526459055,7.090208526459055,10.279806583282108,-158.8202662282874,3.6451042632295274
0.0,0.24918702340431764,1528,7.090208526459055,7.090208526459055,-142.89264700316315,-144.05698027460693,3.6451042632295274
0.0,0.24918702340431764,1529,7.090208526459055,7.090208526459055,151.56436569270727,-164.83747939420192,3.6451042632295274
0.0,0.24918702340431764,1530,7.090208526459055,7.090208526459055,-41.26608459287139,-153.71793818050344,3.6451042632295274
0.0,0.24918702340431764,1531,7.090208526459055,7.090208526459055,-3.078850232268423,-180.15328623143185,3.6451042632295274
0.0,0.24918702340431764,1532,7.090208526459055,7.090208526459055,40.90032877892094,-130.23833919739192,3.6451042632295274
0.0,0.24918702340431764,1533,7.090208526459055,7.090208526459055,-44.378073793253975,-141.87077902312288,3.6451042632295274
0.0,0.24918702340431764,1534,7.090208526459055,7.090208526459055,-57.731173306956535,-183.46230722903817,3.6451042632295274
0.0,0.24918702340431764,1535,7.090208526459055,7.090208526459055,35.98820354113266,-155.0364033804185,3.6451042632295274
0.0,0.24918702340431764,1536,7.090208526459055,7.090208526459055,-37.2569703829293,-165.53087220141234,3.6451042632295274
0.0,0.24918702340431764,1537,7.090208526459055,7.090208526459055,4.032553716385338,-169.61796221158653,3.6451042632295274
0.0,0.24918702340431764,1538,7.090208526459055,7.090208526459055,146.5551327146715,-140.33591731840434,3.6451042632295274
0.0,0.24918702340431764,1539,7.090208526459055,6.915208526459055,329.9143606917466,53.13894912751185,4.4951042632295275
0.0,0.24918702340431764,1540,7.090208526459055,7.090208526459055,-136.25975310521594,-177.67957417167702,3.6451042632295274
0.0,0.24918702340431764,1541,7.090208526459055,7.090208526459055,-17.77308195722775,-179.30205700725196,3.6451042632295274
0.0,0.24918702340431764,1542,7.090208526459055,7.090208526459055,149.3733959036621,-152.43028566028434,3.6451042632295274
0.0,0.24918702340431764,1543,7.090208526459055,7.090208526459055,-244.20722360744404,137.08718360106093,3.6451042632295274
0.0,0.24918702340431764,1544,7.090208526459055,6.940208526459054,-112.63907944683189,-193.4975604540204,3.6451042632295274
0.0,0.24918702340431764,1545,7.090208526459055,7.090208526459055,9.705360642921445,-136.15329597539466,3.6451042632295274
0.0,0.24918702340431764,1546,7.090208526459055,7.090208526459055,45.081624344399266,-163.5761987541627,3.6451042632295274
0.0,0.24918702340431764,1547,7.090208526459055,6.915208526459055,-280.45047194292374,181.87612641584218,4.4951042632295275
0.0,0.24918702340431764,1548,7.090208526459055,7.090208526459055,48.525672981665686,-151.58633070172567,3.6451042632295274
0.0,0.24918702340431764,1549,7.090208526459055,6.915208526459055,-265.1456849516812,-142.1384585136173,4.4951042632295275
0.0,0.24918702340431764,1550,7.090208526459055,7.090208526459055,-6.195625278979103,-136.35771478191916,3.6451042632295274
0.0,0.24918702340431764,1551,7.090208526459055,7.090208526459055,-22.01282599747679,-134.7147595884654,3.6451042632295274
0.0,0.24918702340431764,1552,7.090208526459055,6.915208526459055,-311.4604885460845,3.040443644005424,4.4951042632295275
0.0,0.24918702340431764,1553,7.090208526459055,7.090208526459055,-8.610542082979867,-148.38915509498307,3.6451042632295274
0.0,0.24918702340431764,1554,7.090208526459055,7.090208526459055,23.211238543669047,-157.4530760752929,3.6451042632295274
0.0,0.24918702340431764,1555,7.090208526459055,7.090208526459055,-67.90420493513626,-93.45302024198905,3.6451042632295274
0.0,0.24918702340431764,1556,7.090208526459055,7.090208526459055,40.735599539291144,-175.52095436980593,3.6451042632295274
0.0,0.24918702340431764,1557,7.090208526459055,7.090208526459055,39.50264326133842,-143.30233459177387,3.6451042632295274
0.0,0.24918702340431764,1558,7.090208526459055,7.090208526459055,223.13705613576857,-127.82010002706605,3.6451042632295274
0.0,0.24918702340431764,1559,7.090208526459055,7.090208526459055,70.29058635098549,-91.6764251024574,3.6451042632295274
0.0,0.24918702340431764,1560,7.090208526459055,7.090208526459055,106.1844814111683,-160.39843169316526,3.6451042632295274
0.0,0.24918702340431764,1561,7.090208526459055,7.090208526459055,31.578329136814922,-166.70565419908067,3.6451042632295274
0.0,0.24918702340431764,1562,7.090208526459055,7.090208526459055,-32.34903675411384,-177.25594387791813,3.6451042632295274
0.0,0.24918702340431764,1563,7.090208526459055,6.915208526459055,281.099430102485,-133.90944085771932,4.4951042632295275
0.0,0.24918702340431764,1564,7.090208526459055,6.915208526459055,268.71844801159006,-135.2752445316296,4.4951042632295275
0.0,0.24918702340431764,1565,7.090208526459055,7.090208526459055,-217.91327128751152,-136.5195751386052,3.6451042632295274
0.0,0.24918702340431764,1566,7.090208526459055,7.090208526459055,17.864885358882358,-168.72405272127293,3.6451042632295274
0.0,0.24918702340431764,1567,7.090208526459055,7.090208526459055,62.30144742419656,-134.9766530794237,3.6451042632295274
0.0,0.24918702340431764,1568,7.090208526459055,7.090208526459055,25.475098211516393,-134.104267582573,3.6451042632295274
0.0,0.24918702340431764,1569,7.090208526459055,7.090208526459055,11.635870733012117,-179.8039667604138,3.6451042632295274
0.0,0.24918702340431764,1570,7.090208526459055,7.090208526459055,-90.42744797665955,-53.52072971100038,3.6451042632295274
0.0,0.24918702340431764,1571,7.090208526459055,6.940208526459054,117.58254310924438,-190.53789307552006,3.6451042632295274
0.0,0.24918702340431764,1572,7.090208526459055,6.915208526459055,-277.55768632110403,-141.09138677960271,4.4951042632295275
0.0,0.24918702340431764,1573,7.090208526459055,6.915208526459055,266.3825571788024,201.94486262641527,4.4951042632295275
0.0,0.24918702340431764,1574,7.090208526459055,7.090208526459055,-135.1824543716482,-165.12655730694985,3.6451042632295274
0.0,0.24918702340431764,1575,7.090208526459055,7.090208526459055,91.77983783969826,-51.178321756576224,3.6451042632295274
0.0,0.24918702340431764,1576,7.090208526459055,7.090208526459055,140.7887741219936,-174.1179126770178,3.6451042632295274
0.0,0.24918702340431764,1577,7.090208526459055,7.090208526459055,-192.56807928714065,0.829127989860001,3.6451042632295274
0.0,0.24918702340431764,1578,7.090208526459055,7.090208526459055,27.670419795681195,-146.04451089621324,3.6451042632295274
0.0,0.24918702340431764,1579,7.090208526459055,7.090208526459055,-9.742042229027247,-192.07318324347574,3.6451042632295274
0.0,0.24918702340431764,1580,7.090208526459055,7.090208526459055,228.74634764878581,-138.9895932616724,3.6451042632295274
0.0,0.24918702340431764,1581,7.090208526459055,7.090208526459055,50.755378929663394,-185.51058526750194,3.6451042632295274
0.0,0.24918702340431764,1582,7.090208526459055,7.090208526459055,-133.45249511430117,-152.82925703577607,3.6451042632295274
0.0,0.24918702340431764,1583,7.090208526459055,6.915208526459055,248.73003643377095,-169.19061003067523,4.4951042632295275
0.0,0.24918702340431764,1584,7.090208526459055,6.940208526459054,-100.12412239226745,-200.25149749385346,3.6451042632295274
0.0,0.24918702340431764,1585,7.090208526459055,6.940208526459054,130.70116884480757,-196.55386601030742,3.6451042632295274
0.0,0.24918702340431764,1586,7.090208526459055,7.090208526459055,26.273156898348,-178.25642325764372,3.6451042632295274
0.0,0.24918702340431764,1587,7.090208526459055,7.090208526459055,129.44627584841155,-182.69623119112117,3.6451042632295274
0.0,0.24918702340431764,1588,7.090208526459055,7.090208526459055,-223.07774700339962,-147.90157500576072,3.6451042632295274
0.0,0.24918702340431764,1589,7.090208526459055,7.090208526459055,-124.42151043412042,-173.3674035549545,3.6451042632295274
0.0,0.24918702340431764,1590,7.090208526459055,6.915208526459055,-311.73027636983534,-86.640057030226,4.4951042632295275
0.0,0.24918702340431764,1591,7.090208526459055,7.090208526459055,139.38912832251785,-161.59673874629203,3.6451042632295274
0.0,0.24918702340431764,1592,7.090208526459055,7.090208526459055,-41.6460326510073,-118.91677858252893,3.6451042632295274
0.0,0.24918702340431764,1593,7.090208526459055,7.090208526459055,-186.54167328278754,-47.552545379520275,3.6451042632295274
0.0,0.24918702340431764,1594,7.090208526459055,7.090208526459055,-198.2609673754389,-146.66954163133866,3.6451042632295274
0.0,0.24918702340431764,1595,7.090208526459055,6.940208526459054,105.24534696900221,-197.6113227254716,3.6451042632295274
0.0,0.24918702340431764,1596,7.090208526459055,6.940208526459054,-112.28737271504922,-207.61082151489165,3.6451042632295274
0.0,0.24918702340431764,1597,7.090208526459055,7.090208526459055,-140.65904694814972,190.0629634792429,3.6451042632295274
0.0,0.24918702340431764,1598,7.090208526459055,7.090208526459055,137.34361145512636,-149.34797498268284,3.6451042632295274
0.0,0.24918702340431764,1599,7.090208526459055,7.090208526459055,203.90028718246722,-138.73713209138566,3.6451042632295274
0.0,0.24918702340431764,1600,7.090208526459055,7.090208526459055,2.4754102137709557,-192.30385459405915,3.6451042632295274
0.0,0.24918702340431764,1601,7.090208526459055,7.090208526459055,-123.47497712884035,-160.98514093080198,3.6451042632295274
0.0,0.24918702340431764,1602,7.090208526459055,7.090208526459055,44.69569429757053,-117.80679251859667,3.6451042632295274
0.0,0.24918702340431764,1603,7.090208526459055,7.090208526459055,59.14339435753421,-99.21509600396642,3.6451042632295274
0.0,0.24918702340431764,1604,7.090208526459055,7.090208526459055,128.8435899181428,-170.11149541173637,3.6451042632295274
0.0,0.24918702340431764,1605,7.090208526459055,7.090208526459055,-113.15956498787129,-180.9091570695939,3.6451042632295274
0.0,0.24918702340431764,1606,7.090208526459055,7.090208526459055,203.9392452621342,192.00577650953906,3.6451042632295274
0.0,0.24918702340431764,1607,7.090208526459055,6.915208526459055,-262.54136211153923,-206.42167571900214,4.4951042632295275
0.0,0.24918702340431764,1608,7.090208526459055,6.915208526459055,332.30749919438443,-34.572333696506135,4.4951042632295275
0.0,0.24918702340431764,1609,7.090208526459055,6.915208526459055,290.248793839824,-165.2695430363696,4.4951042632295275
0.0,0.24918702340431764,1610,7.090208526459055,7.090208526459055,-27.53011286501414,-122.9458302459756,3.6451042632295274
0.0,0.24918702340431764,1611,7.090208526459055,6.940208526459054,-87.2060008350143,-206.19808904260285,3.6451042632295274
0.0,0.24918702340431764,1612,7.090208526459055,7.090208526459055,1.622691068922381,-125.97397356156151,3.6451042632295274
0.0,0.24918702340431764,1613,7.090208526459055,7.090208526459055,-113.0002689902056,-168.49179109380756,3.6451042632295274
0.0,0.24918702340431764,1614,7.090208526459055,6.915208526459055,-318.06371159160994,102.602925082364,4.4951042632295275
0.0,0.24918702340431764,1615,7.090208526459055,7.090208526459055,117.77924385170992,-177.94026973675548,3.6451042632295274
0.0,0.24918702340431764,1616,7.090208526459055,7.090208526459055,-13.041895529986656,-125.30888063992087,3.6451042632295274
0.0,0.24918702340431764,1617,7.090208526459055,6.915208526459055,262.55119491475006,-146.8675893785737,4.4951042632295275
0.0,0.24918702340431764,1618,7.090208526459055,7.090208526459055,-56.566898692141294,-100.70263646994692,3.6451042632295274
0.0,0.24918702340431764,1619,7.090208526459055,6.915208526459055,274.97996857361267,-146.04313650090998,4.4951042632295275
0.0,0.24918702340431764,1620,7.090208526459055,7.090208526459055,216.2483490342848,-139.13710945691346,3.6451042632295274
0.0,0.24918702340431764,1621,7.090208526459055,7.090208526459055,-210.58365230929985,-147.5561359072291,3.6451042632295274
0.0,0.24918702340431764,1622,7.090208526459055,7.090208526459055,127.579055946823,-157.7576576749492,3.6451042632295274
0.0,0.24918702340431764,1623,7.090208526459055,6.940208526459054,92.48436496220528,-203.88803793629847,3.6451042632295274
0.0,0.24918702340431764,1624,7.090208526459055,7.090208526459055,85.1888860492549,-61.48557617273458,3.6451042632295274
0.0,0.24918702340431764,1625,7.090208526459055,6.915208526459055,12.476809827640855,323.6217819574063,4.4951042632295275
0.0,0.24918702340431764,1626,7.090208526459055,7.090208526459055,-83.5737035971643,-63.65514272231488,3.6451042632295274
0.0,0.24918702340431764,1627,7.090208526459055,6.915208526459055,-271.1283236663219,-153.0637581077158,4.4951042632295275
0.0,0.24918702340431764,1628,7.090208526459055,7.090208526459055,151.01023895243935,-119.24436603863427,3.6451042632295274
0.0,0.24918702340431764,1629,7.090208526459055,7.090208526459055,-101.44196591237933,-187.72144987127953,3.6451042632295274
0.0,0.24918702340431764,1630,7.090208526459055,7.090208526459055,117.30078460845488,-165.53110257114633,3.6451042632295274
0.0,0.24918702340431764,1631,7.090208526459055,7.090208526459055,30.688015307315364,-122.19739361836457,3.6451042632295274
0.0,0.24918702340431764,1632,7.090208526459055,6.915208526459055,320.44023490944653,45.45495865716797,4.4951042632295275
0.0,0.24918702340431764,1633,7.090208526459055,6.915208526459055,-129.86195050047212,296.6633900401258,4.4951042632295275
0.0,0.24918702340431764,1634,7.090208526459055,7.090208526459055,16.265333554824622,-124.93211477008849,3.6451042632295274
0.0,0.24918702340431764,1635,7.090208526459055,7.090208526459055,-275.03135534844296,-51.90020362156317,3.6451042632295274
0.0,0.24918702340431764,1636,7.090208526459055,6.915208526459055,241.10244041034375,-179.8787926972635,4.4951042632295275
0.0,0.24918702340431764,1637,7.090208526459055,7.090208526459055,-102.07054865108812,-175.3189808940119,3.6451042632295274
0.0,0.24918702340431764,1638,7.090208526459055,7.090208526459055,184.36128522881128,-147.48420029838476,3.6451042632295274
0.0,0.24918702340431764,1639,7.090208526459055,7.090208526459055,-258.81982883192734,-131.54951617078348,3.6451042632295274
0.0,0.24918702340431764,1640,7.090208526459055,7.090208526459055,-212.10944524653297,-182.42918774123763,3.6451042632295274
0.0,0.24918702340431764,1641,7.090208526459055,7.090208526459055,-190.43489794976384,-156.6809683229595,3.6451042632295274
0.0,0.24918702340431764,1642,7.090208526459055,7.090208526459055,106.2406423397364,-185.05153801025986,3.6451042632295274
0.0,0.24918702340431764,1643,7.090208526459055,7.090208526459055,267.329843306549,-113.2997312363208,3.6451042632295274
0.0,0.24918702340431764,1644,7.090208526459055,6.915208526459055,311.4604885460845,-2.5420695971966882,4.4951042632295275
0.0,0.24918702340431764,1645,7.090208526459055,7.090208526459055,192.45272909245162,-6.440249180827433,3.6451042632295274
0.0,0.24918702340431764,1646,7.090208526459055,7.090208526459055,106.55018441104951,-172.6370087522664,3.6451042632295274
0.0,0.24918702340431764,1647,7.090208526459055,6.940208526459054,-73.93673149121331,-211.313390274914,3.6451042632295274
0.0,0.24918702340431764,1648,7.090208526459055,6.915208526459055,-333.74257732560034,16.271184593577704,4.4951042632295275
0.0,0.24918702340431764,1649,7.090208526459055,7.090208526459055,-75.5897682458592,-72.92535930066646,3.6451042632295274
0.0,0.24918702340431764,1650,7.090208526459055,7.090208526459055,221.2752115278125,-150.58055228969297,3.6451042632295274
0.0,0.24918702340431764,1651,7.090208526459055,7.090208526459055,-215.15534921463927,-159.1889050445255,3.6451042632295274
0.0,0.24918702340431764,1652,7.090208526459055,7.090208526459055,-44.4646221839382,-106.58705246638375,3.6451042632295274
0.0,0.24918702340431764,1653,7.090208526459055,7.090208526459055,-90.72982623771681,-181.43921964770365,3.6451042632295274
0.0,0.24918702340431764,1654,7.090208526459055,7.090208526459055,38.87157905788576,-188.3556958227447,3.6451042632295274
0.0,0.24918702340431764,1655,7.090208526459055,7.090208526459055,180.75645161257418,-66.15794130100215,3.6451042632295274
0.0,0.24918702340431764,1656,7.090208526459055,6.940208526459054,79.35098105948586,-209.3427645911742,3.6451042632295274
0.0,0.24918702340431764,1657,7.090208526459055,7.090208526459055,-89.31589584346798,-193.77685126125527,3.6451042632295274
0.0,0.24918702340431764,1658,7.090208526459055,7.090208526459055,77.44590071515671,-70.95797382165658,3.6451042632295274
0.0,0.24918702340431764,1659,7.090208526459055,7.090208526459055,95.37054422724452,-179.04676324210334,3.6451042632295274
0.0,0.24918702340431764,1660,7.090208526459055,7.090208526459055,94.27424725803347,-191.41666566478995,3.6451042632295274
0.0,0.24918702340431764,1661,7.090208526459055,7.090208526459055,200.1030888383709,125.83975616827246,3.6451042632295274
0.0,0.24918702340431764,1662,7.090208526459055,7.090208526459055,196.4750910910627,-149.04938160647058,3.6451042632295274
0.0,0.24918702340431764,1663,7.090208526459055,7.090208526459055,47.19638941493729,-105.40868310690503,3.6451042632295274
0.0,0.24918702340431764,1664,7.090208526459055,7.090208526459055,-269.3219551134467,-108.49034789434484,3.6451042632295274
0.0,0.24918702340431764,1665,7.090208526459055,6.915208526459055,255.88416069595536,-158.17988908006598,4.4951042632295275
0.0,0.24918702340431764,1666,7.090208526459055,6.915208526459055,-254.58164105760753,-216.15090623555994,4.4951042632295275
0.0,0.24918702340431764,1667,7.090208526459055,6.915208526459055,309.70542773297547,125.64201121525215,4.4951042632295275
0.0,0.24918702340431764,1668,7.090208526459055,7.090208526459055,-202.69560334171564,-158.20074353035386,3.6451042632295274
0.0,0.24918702340431764,1669,7.090208526459055,6.915208526459055,268.33706704572074,-157.89835639155996,4.4951042632295275
0.0,0.24918702340431764,1670,7.090208526459055,6.915208526459055,-264.1828528375144,-164.74428953103364,4.4951042632295275
0.0,0.24918702340431764,1671,7.090208526459055,6.915208526459055,-302.1394649230242,-142.41319786519054,4.4951042632295275
0.0,0.24918702340431764,1672,7.090208526459055,7.090208526459055,208.78619018605448,-150.08449148592237,3.6451042632295274
0.0,0.24918702340431764,1673,7.090208526459055,6.915208526459055,-270.12948522588516,-196.39992570704055,4.4951042632295275
0.0,0.24918702340431764,1674,7.090208526459055,6.940208526459054,65.89807876247421,-213.95353843107125,3.6451042632295274
0.0,0.24918702340431764,1675,7.090208526459055,7.090208526459055,-79.02376683661288,-186.82786331352193,3.6451042632295274
0.0,0.24918702340431764,1676,7.090208526459055,6.940208526459054,-60.36974502520587,-215.57680367813822,3.6451042632295274
0.0,0.24918702340431764,1677,7.090208526459055,7.090208526459055,-66.58361095205821,-81.20601566974008,3.6451042632295274
0.0,0.24918702340431764,1678,7.090208526459055,7.090208526459055,-45.96323872597765,-186.75397385277407,3.6451042632295274
0.0,0.24918702340431764,1679,7.090208526459055,7.090208526459055,83.80688052227572,-184.73455622160952,3.6451042632295274
0.0,0.24918702340431764,1680,7.090208526459055,7.090208526459055,-76.83018218548372,-199.05097827533996,3.6451042632295274
0.0,0.24918702340431764,1681,7.090208526459055,7.090208526459055,-69.2666448288862,-179.43089925777485,3.6451042632295274
0.0,0.24918702340431764,1682,7.090208526459055,6.915208526459055,-229.68845932541618,228.21567050407282,4.4951042632295275
0.0,0.24918702340431764,1683,7.090208526459055,6.915208526459055,-334.0026425216129,-8.863831941384591,4.4951042632295275
0.0,0.24918702340431764,1684,7.090208526459055,6.940208526459054,-4.23055315472246,-223.82104035345125,3.6451042632295274
0.0,0.24918702340431764,1685,7.090208526459055,7.090208526459055,-31.761037939040293,-111.02669159956844,3.6451042632295274
0.0,0.24918702340431764,1686,7.090208526459055,6.915208526459055,296.11735994576196,-176.07921441003683,4.4951042632295275
0.0,0.24918702340431764,1687,7.090208526459055,7.090208526459055,-206.66239811816578,-170.0534339252581,3.6451042632295274
0.0,0.24918702340431764,1688,7.090208526459055,6.915208526459055,-244.29200966965766,-175.52876910771178,4.4951042632295275
0.0,0.24918702340431764,1689,7.090208526459055,6.915208526459055,246.57090053064806,209.83997152818765,4.4951042632295275
0.0,0.24918702340431764,1690,7.090208526459055,6.940208526459054,9.989376416058665,-223.63823275611117,3.6451042632295274
0.0,0.24918702340431764,1691,7.090208526459055,6.940208526459054,76.27159995257117,-223.35063467031662,3.6451042632295274
0.0,0.24918702340431764,1692,7.090208526459055,7.090208526459055,-182.10382940914317,-166.2762444538824,3.6451042632295274
0.0,0.24918702340431764,1693,7.090208526459055,6.940208526459054,-46.559670903107076,-218.9711619912459,3.6451042632295274
0.0,0.24918702340431764,1694,7.090208526459055,7.090208526459055,-264.3224683935341,-120.13451063789421,3.6451042632295274
0.0,0.24918702340431764,1695,7.090208526459055,7.090208526459055,81.92824305613057,-197.01002257781303,3.6451042632295274
0.0,0.24918702340431764,1696,7.090208526459055,7.090208526459055,34.61113427014875,-110.17342877070489,3.6451042632295274
0.0,0.24918702340431764,1697,7.090208526459055,6.940208526459054,24.169082293700676,-222.55390953898868,3.6451042632295274
0.0,0.24918702340431764,1698,7.090208526459055,7.090208526459055,68.65559243108073,-79.46741677488612,3.6451042632295274
0.0,0.24918702340431764,1699,7.090208526459055,7.090208526459055,250.221691506996,-147.22185101334205,3.6451042632295274
0.0,0.24918702340431764,1700,7.090208526459055,7.090208526459055,213.21729332443732,-161.77153796366608,3.6451042632295274
0.0,0.24918702340431764,1701,7.090208526459055,7.090208526459055,8.212978975501372,-115.17884973815416,3.6451042632295274
0.0,0.24918702340431764,1702,7.090208526459055,7.090208526459055,188.52887837834518,-158.96571815690214,3.6451042632295274
0.0,0.24918702340431764,1703,7.090208526459055,7.090208526459055,-5.242931409607387,-115.35183530993784,3.6451042632295274
0.0,0.24918702340431764,1704,7.090208526459055,7.090208526459055,-66.99950661740417,-191.46321372531256,3.6451042632295274
0.0,0.24918702340431764,1705,7.090208526459055,7.090208526459055,-56.67702454324234,-88.38513015747652,3.6451042632295274
0.0,0.24918702340431764,1706,7.090208526459055,6.915208526459055,-321.68865444295886,90.56652715668966,4.4951042632295275
0.0,0.24918702340431764,1707,7.090208526459055,6.940208526459054,52.17982816060215,-217.70179349708044,3.6451042632295274
0.0,0.24918702340431764,1708,7.090208526459055,7.090208526459055,-18.627940141565556,-113.9615153663541,3.6451042632295274
0.0,0.24918702340431764,1709,7.090208526459055,6.940208526459054,38.25146780727275,-220.57243688897404,3.6451042632295274
0.0,0.24918702340431764,1710,7.090208526459055,6.915208526459055,326.2709270659391,-71.77924123659321,4.4951042632295275
0.0,0.24918702340431764,1711,7.090208526459055,7.090208526459055,-239.40240644958556,-164.20472672268204,3.6451042632295274
0.0,0.24918702340431764,1712,7.090208526459055,7.090208526459055,-198.1332719098207,-212.12267674994683,3.6451042632295274
0.0,0.24918702340431764,1713,7.090208526459055,7.090208526459055,21.557822909199665,-113.44489798410743,3.6451042632295274
0.0,0.24918702340431764,1714,7.090208526459055,7.090208526459055,184.6934115039791,-223.90911799177823,3.6451042632295274
0.0,0.24918702340431764,1715,7.090208526459055,7.090208526459055,265.87156258940456,87.85122795688511,3.6451042632295274
0.0,0.24918702340431764,1716,7.090208526459055,6.940208526459054,-18.433447781096888,-223.10159622933529,3.6451042632295274
0.0,0.24918702340431764,1717,7.090208526459055,6.915208526459055,-316.28524081973865,-107.47480643057462,4.4951042632295275
0.0,0.24918702340431764,1718,7.090208526459055,7.090208526459055,-194.2700420725891,-168.42517042214035,3.6451042632295274
0.0,0.24918702340431764,1719,7.090208526459055,7.090208526459055,-64.03510050057274,-203.522593865518,3.6451042632295274
0.0,0.24918702340431764,1720,7.090208526459055,7.090208526459055,58.936835036936834,-86.8988294142931,3.6451042632295274
0.0,0.24918702340431764,1721,7.090208526459055,6.940208526459054,-32.56211741922738,-221.48279733132773,3.6451042632295274
0.0,0.24918702340431764,1722,7.090208526459055,6.940208526459054,-55.64906133162963,-229.35355510677448,3.6451042632295274
0.0,0.24918702340431764,1723,7.090208526459055,7.090208526459055,84.99343116963989,-172.54814556559936,3.6451042632295274
0.0,0.24918702340431764,1724,7.090208526459055,6.915208526459055,-256.734494933159,-176.11074649411387,4.4951042632295275
0.0,0.24918702340431764,1725,7.090208526459055,7.090208526459055,-54.70546303210554,-195.32660596298533,3.6451042632295274
0.0,0.24918702340431764,1726,7.090208526459055,7.090208526459055,200.7703678948733,-160.63321562495918,3.6451042632295274
0.0,0.24918702340431764,1727,7.090208526459055,7.090208526459055,-10.805819758757828,-213.07373026890784,3.6451042632295274
0.0,0.24918702340431764,1728,7.090208526459055,7.090208526459055,2.7457114196545658,-213.32958966463974,3.6451042632295274
0.0,0.24918702340431764,1729,7.090208526459055,6.915208526459055,130.41921242886318,296.4186232710704,4.4951042632295275
0.0,0.24918702340431764,1730,7.090208526459055,6.915208526459055,-326.4058200396552,-71.16546812743398,4.4951042632295275
0.0,0.24918702340431764,1731,7.090208526459055,6.915208526459055,261.18337065942546,-169.4525334448008,4.4951042632295275
0.0,0.24918702340431764,1732,7.090208526459055,7.090208526459055,71.90575608855998,-189.67748495592755,3.6451042632295274
0.0,0.24918702340431764,1733,7.090208526459055,7.090208526459055,69.2523427355035,-201.8090862751809,3.6451042632295274
0.0,0.24918702340431764,1734,7.090208526459055,7.090208526459055,-3.8336151513377668,-202.79731475065637,3.6451042632295274
0.0,0.24918702340431764,1735,7.090208526459055,7.090208526459055,-42.19113985512875,-198.4024835095594,3.6451042632295274
0.0,0.24918702340431764,1736,7.090208526459055,6.915208526459055,332.956857108759,28.187397959869628,4.4951042632295275
0.0,0.24918702340431764,1737,7.090208526459055,7.090208526459055,-50.98217206673567,-207.17369241403662,3.6451042632295274
0.0,0.24918702340431764,1738,7.090208526459055,7.090208526459055,-16.7039018588203,-202.14537355198044,3.6451042632295274
0.0,0.24918702340431764,1739,7.090208526459055,7.090208526459055,-29.506927849055437,-200.67846089176646,3.6451042632295274
0.0,0.24918702340431764,1740,7.090208526459055,7.090208526459055,56.29758767286324,-205.79453262118395,3.6451042632295274
0.0,0.24918702340431764,1741,7.090208526459055,7.090208526459055,-24.313839714848456,-211.9588947762342,3.6451042632295274
0.0,0.24918702340431764,1742,7.090208526459055,7.090208526459055,59.71509255376416,-193.85564601562018,3.6451042632295274
0.0,0.24918702340431764,1743,7.090208526459055,7.090208526459055,-170.18223571003264,-163.61735583853482,3.6451042632295274
0.0,0.24918702340431764,1744,7.090208526459055,7.090208526459055,-37.72395641982561,-209.98957223567356,3.6451042632295274
0.0,0.24918702340431764,1745,7.090208526459055,7.090208526459055,9.052108171308625,-202.63165935068574,3.6451042632295274
0.0,0.24918702340431764,1746,7.090208526459055,6.940208526459054,16.812334691849767,-235.4022136153317,3.6451042632295274
0.0,0.24918702340431764,1747,7.090208526459055,6.940208526459054,136.8379965776566,244.45641063084835,3.6451042632295274
0.0,0.24918702340431764,1748,7.090208526459055,6.915208526459055,289.2752086838174,-187.0928788727915,4.4951042632295275
0.0,0.24918702340431764,1749,7.090208526459055,7.090208526459055,16.286186587261746,-212.72544270794728,3.6451042632295274
0.0,0.24918702340431764,1750,7.090208526459055,7.090208526459055,43.116142094547286,-208.9503136300251,3.6451042632295274
0.0,0.24918702340431764,1751,7.090208526459055,7.090208526459055,21.901381849234507,-201.64907438789714,3.6451042632295274
0.0,0.24918702340431764,1752,7.090208526459055,6.915208526459055,-236.39217104835927,-186.01733524271822,4.4951042632295275
0.0,0.24918702340431764,1753,7.090208526459055,7.090208526459055,34.66246639240959,-199.85351638513856,3.6451042632295274
0.0,0.24918702340431764,1754,7.090208526459055,7.090208526459055,-197.6214154935123,-180.46635087047912,3.6451042632295274
0.0,0.24918702340431764,1755,7.090208526459055,6.915208526459055,311.78398082499893,-119.88224777610866,4.4951042632295275
0.0,0.24918702340431764,1756,7.090208526459055,7.090208526459055,180.08272097194086,-168.45984540080508,3.6451042632295274
0.0,0.24918702340431764,1757,7.090208526459055,7.090208526459055,47.283977417323975,-197.25221542075607,3.6451042632295274
0.0,0.24918702340431764,1758,7.090208526459055,7.090208526459055,29.761083029590285,-211.2637220853951,3.6451042632295274
0.0,0.24918702340431764,1759,7.090208526459055,6.940208526459054,-16.812334691849745,235.90058766214034,3.6451042632295274
0.0,0.24918702340431764,1760,7.090208526459055,7.090208526459055,-173.289854249673,-175.42992507674813,3.6451042632295274
0.0,0.24918702340431764,1761,7.090208526459055,6.940208526459054,32.967765769500765,278.232876814029,3.6451042632295274
0.0,0.24918702340431764,1762,7.090208526459055,7.090208526459055,204.59396118916632,-172.53287380138434,3.6451042632295274
0.0,0.24918702340431764,1763,7.090208526459055,7.090208526459055,256.41613223456164,-136.16697437298438,3.6451042632295274
0.0,0.24918702340431764,1764,7.090208526459055,7.090208526459055,-46.00397860600135,-94.36561755608447,3.6451042632295274
0.0,0.24918702340431764,1765,7.090208526459055,7.090208526459055,262.1224702806785,-124.85242181602095,3.6451042632295274
0.0,0.24918702340431764,1766,7.090208526459055,7.090208526459055,-185.32931157574575,-178.20230324051323,3.6451042632295274
0.0,0.24918702340431764,1767,7.090208526459055,7.090208526459055,194.29527223855092,-215.63955549459996,3.6451042632295274
0.0,0.24918702340431764,1768,7.090208526459055,7.090208526459055,255.2041586212683,-114.78403770690332,3.6451042632295274
0.0,0.24918702340431764,1769,7.090208526459055,6.940208526459054,4.659002382452139,-235.95523909428968,3.6451042632295274
0.0,0.24918702340431764,1770,7.090208526459055,6.915208526459055,-248.79742832586325,-187.14149230010042,4.4951042632295275
0.0,0.24918702340431764,1771,7.090208526459055,6.940208526459054,-43.75561242159184,-231.91386689000436,3.6451042632295274
0.0,0.24918702340431764,1772,7.090208526459055,7.090208526459055,-91.4555246873325,-169.21670481335374,3.6451042632295274
0.0,0.24918702340431764,1773,7.090208526459055,6.940208526459054,-101.43811534565533,-213.11563195083608,3.6451042632295274
0.0,0.24918702340431764,1774,7.090208526459055,7.090208526459055,192.22213868045597,-170.75530855394732,3.6451042632295274
0.0,0.24918702340431764,1775,7.090208526459055,7.090208526459055,244.20722360744406,-136.5888095542522,3.6451042632295274
0.0,0.24918702340431764,1776,7.090208526459055,7.090208526459055,48.421058054109224,-93.15171463239805,3.6451042632295274
0.0,0.24918702340431764,1777,7.090208526459055,6.915208526459055,39.13961492317824,342.66017773045803,4.4951042632295275
0.0,0.24918702340431764,1778,7.090208526459055,7.090208526459055,62.43480480428615,-181.91748567199775,3.6451042632295274
0.0,0.24918702340431764,1779,7.090208526459055,6.915208526459055,322.93188363870655,21.2373853115411,4.4951042632295275
0.0,0.24918702340431764,1780,7.090208526459055,6.915208526459055,13.287517708565542,344.63362030467977,4.4951042632295275
0.0,0.24918702340431764,1781,7.090208526459055,7.090208526459055,-164.01634554899124,-184.11773627609847,3.6451042632295274
0.0,0.24918702340431764,1782,7.090208526459055,6.915208526459055,-76.82527311093435,336.2180448432193,4.4951042632295275
0.0,0.24918702340431764,1783,7.090208526459055,6.915208526459055,-89.40836897562517,333.09049991956385,4.4951042632295275
0.0,0.24918702340431764,1784,7.090208526459055,6.915208526459055,26.232130639638317,343.89009165413313,4.4951042632295275
0.0,0.24918702340431764,1785,7.090208526459055,6.915208526459055,51.99170145855136,340.9456193392793,4.4951042632295275
0.0,0.24918702340431764,1786,7.090208526459055,6.915208526459055,317.2607567594488,-63.55612747505366,4.4951042632295275
0.0,0.24918702340431764,1787,7.090208526459055,6.915208526459055,331.6703300319448,40.69179453792772,4.4951042632295275
0.0,0.24918702340431764,1788,7.090208526459055,7.090208526459055,1.3523898630387523,-104.94823849098093,3.6451042632295274
0.0,0.24918702340431764,1789,7.090208526459055,6.915208526459055,253.5324968823876,-180.68367362791514,4.4951042632295275
0.0,0.24918702340431764,1790,7.090208526459055,6.915208526459055,-51.350832503057354,341.04280200843255,4.4951042632295275
0.0,0.24918702340431764,1791,7.090208526459055,6.915208526459055,-64.13343966308143,338.8700634180865,4.4951042632295275
0.0,0.24918702340431764,1792,7.090208526459055,6.915208526459055,0.32409778204260326,344.8897113004376,4.4951042632295275
0.0,0.24918702340431764,1793,7.090208526459055,6.915208526459055,-228.04234649381772,-196.15133246589406,4.4951042632295275
0.0,0.24918702340431764,1794,7.090208526459055,7.090208526459055,-191.75658948613477,204.18843228553848,3.6451042632295274
0.0,0.24918702340431764,1795,7.090208526459055,7.090208526459055,-34.70880777719818,-99.06660203292746,3.6451042632295274
0.0,0.24918702340431764,1796,7.090208526459055,6.915208526459055,64.77019955444138,338.74884324627044,4.4951042632295275
0.0,0.24918702340431764,1797,7.090208526459055,7.090208526459055,-188.05637640130476,-190.40004269637672,3.6451042632295274
0.0,0.24918702340431764,1798,7.090208526459055,6.915208526459055,102.48397204831002,329.299686926568,4.4951042632295275
0.0,0.24918702340431764,1799,7.090208526459055,7.090208526459055,-176.51170791854975,157.27738254403508,3.6451042632295274
0.0,0.24918702340431764,1800,7.090208526459055,6.915208526459055,-314.778004594761,-74.85283532730135,4.4951042632295275
0.0,0.24918702340431764,1801,7.090208526459055,6.915208526459055,-126.32805194372385,320.90230069209224,4.4951042632295275
0.0,0.24918702340431764,1802,7.090208526459055,6.915208526459055,-306.1361444337089,105.15946778314958,4.4951042632295275
0.0,0.24918702340431764,1803,7.090208526459055,6.940208526459054,-133.69023364633577,-207.16210833381336,3.6451042632295274
0.0,0.24918702340431764,1804,7.090208526459055,6.915208526459055,114.78867545136536,325.21188642356907,4.4951042632295275
0.0,0.24918702340431764,1805,7.090208526459055,6.940208526459054,-125.10160883942503,-261.87328325727435,3.6451042632295274
0.0,0.24918702340431764,1806,7.090208526459055,6.915208526459055,-38.495543981891856,342.73318534574776,4.4951042632295275
0.0,0.24918702340431764,1807,7.090208526459055,7.090208526459055,171.15901656292834,-177.5065866194849,3.6451042632295274
0.0,0.24918702340431764,1808,7.090208526459055,7.090208526459055,37.250469326644634,-98.14151288335003,3.6451042632295274
0.0,0.24918702340431764,1809,7.090208526459055,6.915208526459055,233.0158921882284,-190.22409151664866,4.4951042632295275
0.0,0.24918702340431764,1810,7.090208526459055,6.915208526459055,90.03421404301059,332.92175324276974,4.4951042632295275
0.0,0.24918702340431764,1811,7.090208526459055,6.915208526459055,282.02362071195563,-197.8413815906509,4.4951042632295275
0.0,0.24918702340431764,1812,7.090208526459055,6.940208526459054,-157.60134864600826,-231.10253714220954,3.6451042632295274
0.0,0.24918702340431764,1813,7.090208526459055,6.915208526459055,-138.30001344744028,315.92354818337964,4.4951042632295275
0.0,0.24918702340431764,1814,7.090208526459055,7.090208526459055,200.4697846408085,-195.1316483098258,3.6451042632295274
0.0,0.24918702340431764,1815,7.090208526459055,6.940208526459054,-144.90802921394365,-212.33856233173555,3.6451042632295274
0.0,0.24918702340431764,1816,7.090208526459055,7.090208526459055,195.42808264860867,-182.83602267476772,3.6451042632295274
0.0,0.24918702340431764,1817,7.090208526459055,7.090208526459055,-175.89712106119092,-187.50621478687032,3.6451042632295274
0.0,0.24918702340431764,1818,7.090208526459055,6.915208526459055,126.93090832047339,320.66413755826983,4.4951042632295275
0.0,0.24918702340431764,1819,7.090208526459055,6.915208526459055,-150.07622674741307,310.4979939164845,4.4951042632295275
0.0,0.24918702340431764,1820,7.090208526459055,6.940208526459054,-145.0823593142998,-224.83621568794757,3.6451042632295274
0.0,0.24918702340431764,1821,7.090208526459055,7.090208526459055,-154.30789498507627,-192.31663953843795,3.6451042632295274
0.0,0.24918702340431764,1822,7.090208526459055,6.915208526459055,-334.10905692790493,3.7061227790929974,4.4951042632295275
0.0,0.24918702340431764,1823,7.090208526459055,7.090208526459055,-144.19024762353877,-200.0048928462288,3.6451042632295274
0.0,0.24918702340431764,1824,7.090208526459055,6.940208526459054,143.07066114288511,-240.35960601953641,3.6451042632295274
0.0,0.24918702340431764,1825,7.090208526459055,7.090208526459055,-22.94425986560894,-102.42451083741928,3.6451042632295274
0.0,0.24918702340431764,1826,7.090208526459055,7.090208526459055,231.5421610847583,47.17961277247129,3.6451042632295274
0.0,0.24918702340431764,1827,7.090208526459055,7.090208526459055,13.555921173028338,-104.07992825295047,3.6451042632295274
0.0,0.24918702340431764,1828,7.090208526459055,7.090208526459055,177.16525928886742,216.98468543229745,3.6451042632295274
0.0,0.24918702340431764,1829,7.090208526459055,6.940208526459054,-122.8356972029507,-213.76930635236883,3.6451042632295274
0.0,0.24918702340431764,1830,7.090208526459055,7.090208526459055,183.16417090996666,-180.42392830208468,3.6451042632295274
0.0,0.24918702340431764,1831,7.090208526459055,7.090208526459055,208.80137416646085,-186.20131985614415,3.6451042632295274
0.0,0.24918702340431764,1832,7.090208526459055,6.940208526459054,-133.77214157600633,-219.51637498466334,3.6451042632295274
0.0,0.24918702340431764,1833,7.090208526459055,6.915208526459055,138.89348468280377,315.66287716064056,4.4951042632295275
0.0,0.24918702340431764,1834,7.090208526459055,6.915208526459055,-161.64002393058206,304.6333171567632,4.4951042632295275
0.0,0.24918702340431764,1835,7.090208526459055,6.915208526459055,-172.97503773514688,298.3378186983564,4.4951042632295275
0.0,0.24918702340431764,1836,7.090208526459055,7.090208526459055,220.5569974738918,-84.4198633202161,3.6451042632295274
0.0,0.24918702340431764,1837,7.090208526459055,6.915208526459055,-240.38676167302802,-197.81552929740457,4.4951042632295275
0.0,0.24918702340431764,1838,7.090208526459055,7.090208526459055,25.57613190411696,-101.80074570572341,3.6451042632295274
0.0,0.24918702340431764,1839,7.090208526459055,7.090208526459055,161.78142921118962,-186.08195148155863,3.6451042632295274
0.0,0.24918702340431764,1840,7.090208526459055,6.915208526459055,-200.45600064794354,-224.23659794817098,4.4951042632295275
0.0,0.24918702340431764,1841,7.090208526459055,7.090208526459055,-177.99264560571217,-199.82816703800464,3.6451042632295274
0.0,0.24918702340431764,1842,7.090208526459055,6.940208526459054,108.73953491774913,-269.07276809004236,3.6451042632295274
0.0,0.24918702340431764,1843,7.090208526459055,7.090208526459055,228.83217719119915,-178.62070044285818,3.6451042632295274
0.0,0.24918702340431764,1844,7.090208526459055,6.915208526459055,-274.76462879088876,-207.7931038184479,4.4951042632295275
0.0,0.24918702340431764,1845,7.090208526459055,6.940208526459054,64.6598302790297,-226.98052839488318,3.6451042632295274
0.0,0.24918702340431764,1846,7.090208526459055,7.090208526459055,-10.869430199845416,-104.39393401341765,3.6451042632295274
0.0,0.24918702340431764,1847,7.090208526459055,6.940208526459054,131.17966565343897,-208.7589930395368,3.6451042632295274
0.0,0.24918702340431764,1848,7.090208526459055,6.940208526459054,-133.30287689799002,-232.00643187235968,3.6451042632295274
0.0,0.24918702340431764,1849,7.090208526459055,6.915208526459055,-205.44869927429153,276.9584712547478,4.4951042632295275
0.0,0.24918702340431764,1850,7.090208526459055,7.090208526459055,277.9836897906247,-32.718578746096505,3.6451042632295274
0.0,0.24918702340431764,1851,7.090208526459055,7.090208526459055,-165.99848300254774,-196.3122327603513,3.6451042632295274
0.0,0.24918702340431764,1852,7.090208526459055,6.940208526459054,142.33423096771259,-214.07032865676598,3.6451042632295274
0.0,0.24918702340431764,1853,7.090208526459055,6.915208526459055,218.78507159213356,-252.28577050623738,4.4951042632295275
0.0,0.24918702340431764,1854,7.090208526459055,6.940208526459054,120.3966947377939,-203.02125627075327,3.6451042632295274
0.0,0.24918702340431764,1855,7.090208526459055,6.915208526459055,-215.71172093349102,269.0346953106489,4.4951042632295275
0.0,0.24918702340431764,1856,7.090208526459055,6.915208526459055,150.65947284922132,310.2151839555121,4.4951042632295275
0.0,0.24918702340431764,1857,7.090208526459055,6.940208526459054,142.3578586705804,-226.5691754886774,3.6451042632295274
0.0,0.24918702340431764,1858,7.090208526459055,6.915208526459055,245.39900958768897,-191.5703978272282,4.4951042632295275
0.0,0.24918702340431764,1859,7.090208526459055,6.915208526459055,228.12933816342954,-243.87745510151527,4.4951042632295275
0.0,0.24918702340431764,1860,7.090208526459055,6.940208526459054,-111.65542257271483,-219.80896580052385,3.6451042632295274
0.0,0.24918702340431764,1861,7.090208526459055,6.915208526459055,-184.0652247165964,291.62040911534257,4.4951042632295275
0.0,0.24918702340431764,1862,7.090208526459055,7.090208526459055,185.74396396490675,-192.653662485198,3.6451042632295274
0.0,0.24918702340431764,1863,7.090208526459055,6.915208526459055,-219.25843037164557,-205.9114701375461,4.4951042632295275
0.0,0.24918702340431764,1864,7.090208526459055,7.090208526459055,-167.4569103116507,-208.72572220449996,3.6451042632295274
0.0,0.24918702340431764,1865,7.090208526459055,6.940208526459054,120.24625236138763,-215.23483281846777,3.6451042632295274
0.0,0.24918702340431764,1866,7.090208526459055,6.915208526459055,-225.66942677350428,260.73048353629923,4.4951042632295275
0.0,0.24918702340431764,1867,7.090208526459055,7.090208526459055,-121.87443512046276,-148.84616352761446,3.6451042632295274
0.0,0.24918702340431764,1868,7.090208526459055,6.915208526459055,-235.30772277522738,252.0575896148537,4.4951042632295275
0.0,0.24918702340431764,1869,7.090208526459055,6.940208526459054,-122.2815142667822,-226.1114088743262,3.6451042632295274
0.0,0.24918702340431764,1870,7.090208526459055,7.090208526459055,-156.4771093951146,-217.06911347907152,3.6451042632295274
0.0,0.24918702340431764,1871,7.090208526459055,6.940208526459054,-136.41616139638847,-256.16694521115744,3.6451042632295274
0.0,0.24918702340431764,1872,7.090208526459055,6.915208526459055,224.4857849715754,-200.20681362453914,4.4951042632295275
0.0,0.24918702340431764,1873,7.090208526459055,7.090208526459055,-261.7973644166628,-98.86663085614512,3.6451042632295274
0.0,0.24918702340431764,1874,7.090208526459055,6.940208526459054,131.11260678093882,-221.1133492144601,3.6451042632295274
0.0,0.24918702340431764,1875,7.090208526459055,6.915208526459055,294.92963437065225,-132.94997479009447,4.4951042632295275
0.0,0.24918702340431764,1876,7.090208526459055,7.090208526459055,173.62048468558518,-189.61343542792338,3.6451042632295274
0.0,0.24918702340431764,1877,7.090208526459055,6.915208526459055,-199.6854072379742,-267.6436095618666,4.4951042632295275
0.0,0.24918702340431764,1878,7.090208526459055,6.915208526459055,-189.46730664645344,-274.9651876705999,4.4951042632295275
0.0,0.24918702340431764,1879,7.090208526459055,6.915208526459055,-278.36133820538896,-164.79768913706812,4.4951042632295275
0.0,0.24918702340431764,1880,7.090208526459055,7.090208526459055,-155.65964680847267,-204.5970051843457,3.6451042632295274
0.0,0.24918702340431764,1881,7.090208526459055,7.090208526459055,151.97482659257557,-194.16319966100278,3.6451042632295274
0.0,0.24918702340431764,1882,7.090208526459055,6.915208526459055,195.42914044397813,284.1235378877411,4.4951042632295275
0.0,0.24918702340431764,1883,7.090208526459055,6.940208526459054,-121.16989921595955,-238.56074790797422,3.6451042632295274
0.0,0.24918702340431764,1884,7.090208526459055,7.090208526459055,-219.8758828463921,-173.0032343506203,3.6451042632295274
0.0,0.24918702340431764,1885,7.090208526459055,6.915208526459055,196.40051948929855,-227.79315947041323,4.4951042632295275
0.0,0.24918702340431764,1886,7.090208526459055,6.940208526459054,108.99396762470232,-221.13924771426707,3.6451042632295274
0.0,0.24918702340431764,1887,7.090208526459055,6.940208526459054,-100.17905783407377,-225.26507058716925,3.6451042632295274
0.0,0.24918702340431764,1888,7.090208526459055,6.915208526459055,184.61290601007065,291.27370651933535,4.4951042632295275
0.0,0.24918702340431764,1889,7.090208526459055,7.090208526459055,175.56728567989967,-201.95975861681097,3.6451042632295274
0.0,0.24918702340431764,1890,7.090208526459055,6.915208526459055,-244.61296700846495,243.0282890578182,4.4951042632295275
0.0,0.24918702340431764,1891,7.090208526459055,6.940208526459054,119.54329553105063,-227.5693561203196,3.6451042632295274
0.0,0.24918702340431764,1892,7.090208526459055,7.090208526459055,141.765214054301,-201.72890114040877,3.6451042632295274
0.0,0.24918702340431764,1893,7.090208526459055,6.940208526459054,130.49277808462386,-233.59684002365108,3.6451042632295274
0.0,0.24918702340431764,1894,7.090208526459055,6.915208526459055,205.9687667832985,276.57157685652646,4.4951042632295275
0.0,0.24918702340431764,1895,7.090208526459055,7.090208526459055,-224.25705431166352,167.79195458111934,3.6451042632295274
0.0,0.24918702340431764,1896,7.090208526459055,6.915208526459055,-231.51850515665777,-208.11253884992945,4.4951042632295275
0.0,0.24918702340431764,1897,7.090208526459055,6.940208526459054,-110.46661836422872,-232.106175156436,3.6451042632295274
0.0,0.24918702340431764,1898,7.090208526459055,6.915208526459055,216.2168673655339,268.62851238203893,4.4951042632295275
0.0,0.24918702340431764,1899,7.090208526459055,6.915208526459055,306.3329167393842,104.58350572902853,4.4951042632295275
0.0,0.24918702340431764,1900,7.090208526459055,6.940208526459054,35.32867386810967,-288.03970759964307,3.6451042632295274
0.0,0.24918702340431764,1901,7.090208526459055,7.090208526459055,163.61638814751322,-198.29946101056044,3.6451042632295274
0.0,0.24918702340431764,1902,7.090208526459055,7.090208526459055,164.92503451494096,-210.72963297561972,3.6451042632295274
0.0,0.24918702340431764,1903,7.090208526459055,6.915208526459055,186.2665222661225,-236.14298402495498,4.4951042632295275
0.0,0.24918702340431764,1904,7.090208526459055,6.940208526459054,118.2816541098298,-240.00438693331674,3.6451042632295274
0.0,0.24918702340431764,1905,7.090208526459055,7.090208526459055,153.84543180696613,-218.94002943138202,3.6451042632295274
0.0,0.24918702340431764,1906,7.090208526459055,6.915208526459055,330.76251604735324,-47.04743340657296,4.4951042632295275
0.0,0.24918702340431764,1907,7.090208526459055,6.940208526459054,-108.71560074388027,-244.4817829269317,3.6451042632295274
0.0,0.24918702340431764,1908,7.090208526459055,6.940208526459054,97.45265047968489,-226.45658028006596,3.6451042632295274
0.0,0.24918702340431764,1909,7.090208526459055,6.915208526459055,226.15893715029608,260.3055869838151,4.4951042632295275
0.0,0.24918702340431764,1910,7.090208526459055,7.090208526459055,-21.920266906162258,-191.06809758680978,3.6451042632295274
0.0,0.24918702340431764,1911,7.090208526459055,6.915208526459055,-266.7446711514776,-217.98114181658713,4.4951042632295275
0.0,0.24918702340431764,1912,7.090208526459055,7.090208526459055,153.1784103613365,-206.45897127163474,3.6451042632295274
0.0,0.24918702340431764,1913,7.090208526459055,7.090208526459055,125.6669835978614,-145.6638374990073,3.6451042632295274
0.0,0.24918702340431764,1914,7.090208526459055,6.915208526459055,-210.05714336542638,-215.27916928088663,4.4951042632295275
0.0,0.24918702340431764,1915,7.090208526459055,6.940208526459054,107.65697695167182,-233.42122920462427,3.6451042632295274
0.0,0.24918702340431764,1916,7.090208526459055,7.090208526459055,-232.00116943843926,-174.49078933991777,3.6451042632295274
0.0,0.24918702340431764,1917,7.090208526459055,6.915208526459055,215.52835630429107,-209.80795634202195,4.4951042632295275
0.0,0.24918702340431764,1918,7.090208526459055,6.940208526459054,-88.43703624321184,-230.12315210325318,3.6451042632295274
0.0,0.24918702340431764,1919,7.090208526459055,6.940208526459054,105.75686845178933,-245.77482455515275,3.6451042632295274
0.0,0.24918702340431764,1920,7.090208526459055,6.915208526459055,-253.5719889405563,233.655361830437,4.4951042632295275
0.0,0.24918702340431764,1921,7.090208526459055,6.940208526459054,120.38369766129864,-264.07328137012973,3.6451042632295274
0.0,0.24918702340431764,1922,7.090208526459055,6.915208526459055,236.79839133067225,-202.09198254446557,4.4951042632295275
0.0,0.24918702340431764,1923,7.090208526459055,6.940208526459054,-95.97300804239472,-249.75383540878448,3.6451042632295274
0.0,0.24918702340431764,1924,7.090208526459055,6.940208526459054,-98.35878484832006,-237.48477678848943,3.6451042632295274
0.0,0.24918702340431764,1925,7.090208526459055,7.090208526459055,-152.43132735806554,-180.24714994953015,3.6451042632295274
0.0,0.24918702340431764,1926,7.090208526459055,6.915208526459055,-113.54891825972534,-267.0806562831446,4.4951042632295275
0.0,0.24918702340431764,1927,7.090208526459055,6.915208526459055,96.23114397083762,309.2234138901273,4.4951042632295275
0.0,0.24918702340431764,1928,7.090208526459055,6.915208526459055,289.7106294987948,-143.94948527713152,4.4951042632295275
0.0,0.24918702340431764,1929,7.090208526459055,6.940208526459054,85.6529064246253,-231.172729905795,3.6451042632295274
0.0,0.24918702340431764,1930,7.090208526459055,6.915208526459055,254.010527463277,233.1780344235246,4.4951042632295275
0.0,0.24918702340431764,1931,7.090208526459055,6.940208526459054,95.48517142287562,-238.65345035194358,3.6451042632295274
0.0,0.24918702340431764,1932,7.090208526459055,6.940208526459054,92.95163459049112,-250.89285072593557,3.6451042632295274
0.0,0.24918702340431764,1933,7.090208526459055,6.915208526459055,-222.20954000707033,-218.01292001474803,4.4951042632295275
0.0,0.24918702340431764,1934,7.090208526459055,7.090208526459055,-162.31211676900264,-103.37309939138538,3.6451042632295274
0.0,0.24918702340431764,1935,7.090208526459055,6.940208526459054,-76.46049553052913,-234.37032758993038,3.6451042632295274
0.0,0.24918702340431764,1936,7.090208526459055,6.940208526459054,-82.97591217661606,-254.3629248181056,3.6451042632295274
0.0,0.24918702340431764,1937,7.090208526459055,7.090208526459055,-193.3725240183266,-135.47591815456397,3.6451042632295274
0.0,0.24918702340431764,1938,7.090208526459055,7.090208526459055,-131.08527398727415,-140.81623196914794,3.6451042632295274
0.0,0.24918702340431764,1939,7.090208526459055,6.915208526459055,-285.6999662144082,192.99960937937917,4.4951042632295275
0.0,0.24918702340431764,1940,7.090208526459055,6.915208526459055,-278.2474731555446,203.6098019316879,4.4951042632295275
0.0,0.24918702340431764,1941,7.090208526459055,6.940208526459054,-8.614438512070768,-279.55002101436816,3.6451042632295274
0.0,0.24918702340431764,1942,7.090208526459055,7.090208526459055,-188.68116234627269,-220.56299773078277,3.6451042632295274
0.0,0.24918702340431764,1943,7.090208526459055,6.915208526459055,206.16065716095048,-219.00924334824117,4.4951042632295275
0.0,0.24918702340431764,1944,7.090208526459055,6.940208526459054,-85.99012151691907,-242.2329506858678,3.6451042632295274
0.0,0.24918702340431764,1945,7.090208526459055,6.915208526459055,-190.47327854005277,-232.76670516482426,4.4951042632295275
0.0,0.24918702340431764,1946,7.090208526459055,6.940208526459054,-80.73827248256606,-267.7865134457195,3.6451042632295274
0.0,0.24918702340431764,1947,7.090208526459055,6.915208526459055,-135.52443155503366,-268.46926098818585,4.4951042632295275
0.0,0.24918702340431764,1948,7.090208526459055,6.915208526459055,145.49794574594588,-300.53505476758903,4.4951042632295275
0.0,0.24918702340431764,1949,7.090208526459055,6.915208526459055,-169.43979705407975,-248.4808494103665,4.4951042632295275
0.0,0.24918702340431764,1950,7.090208526459055,6.915208526459055,-202.55055750144714,252.63535461917058,4.4951042632295275
0.0,0.24918702340431764,1951,7.090208526459055,7.090208526459055,271.3023438567507,-68.7206874673929,3.6451042632295274
0.0,0.24918702340431764,1952,7.090208526459055,7.090208526459055,170.18223571003253,164.1157298853436,3.6451042632295274
0.0,0.24918702340431764,1953,7.090208526459055,6.915208526459055,-292.7480829192715,182.11660015839135,4.4951042632295275
0.0,0.24918702340431764,1954,7.090208526459055,7.090208526459055,-279.15714465975594,21.060096538728807,3.6451042632295274
0.0,0.24918702340431764,1955,7.090208526459055,6.940208526459054,73.62602625952134,-235.27519021046743,3.6451042632295274
0.0,0.24918702340431764,1956,7.090208526459055,6.915208526459055,262.5923815845667,223.4585890365499,4.4951042632295275
0.0,0.24918702340431764,1957,7.090208526459055,6.915208526459055,-258.3471662585663,-227.86029918769003,4.4951042632295275
0.0,0.24918702340431764,1958,7.090208526459055,6.915208526459055,270.80256555391185,213.42321570124304,4.4951042632295275
0.0,0.24918702340431764,1959,7.090208526459055,6.940208526459054,-39.443957752968664,-243.34206530506674,3.6451042632295274
0.0,0.24918702340431764,1960,7.090208526459055,6.915208526459055,227.74701387701685,-212.22839934511018,4.4951042632295275
0.0,0.24918702340431764,1961,7.090208526459055,6.915208526459055,-180.12797972066807,-240.85325338693926,4.4951042632295275
0.0,0.24918702340431764,1962,7.090208526459055,6.915208526459055,-320.11344437819344,-95.50150516418358,4.4951042632295275
0.0,0.24918702340431764,1963,7.090208526459055,6.940208526459054,-147.3599266096786,-237.7568158400383,3.6451042632295274
0.0,0.24918702340431764,1964,7.090208526459055,6.940208526459054,83.06015638480288,-243.25214465238963,3.6451042632295274
0.0,0.24918702340431764,1965,7.090208526459055,6.940208526459054,-14.18860441227323,-246.106668435732,3.6451042632295274
0.0,0.24918702340431764,1966,7.090208526459055,6.940208526459054,-51.931432953220565,-240.98855937130068,3.6451042632295274
0.0,0.24918702340431764,1967,7.090208526459055,6.940208526459054,-64.28119532897662,-237.99533430132374,3.6451042632295274
0.0,0.24918702340431764,1968,7.090208526459055,6.940208526459054,79.89990970414253,-255.34489336032624,3.6451042632295274
0.0,0.24918702340431764,1969,7.090208526459055,6.915208526459055,278.62945877400125,203.08611836636234,4.4951042632295275
0.0,0.24918702340431764,1970,7.090208526459055,6.915208526459055,328.74937554611756,-59.45559003932915,4.4951042632295275
0.0,0.24918702340431764,1971,7.090208526459055,6.915208526459055,-158.4290761034705,-255.6349736725509,4.4951042632295275
0.0,0.24918702340431764,1972,7.090208526459055,6.915208526459055,156.70897344592666,-294.8492880109422,4.4951042632295275
0.0,0.24918702340431764,1973,7.090208526459055,6.940208526459054,-26.851884267582584,-245.04961102797463,3.6451042632295274
0.0,0.24918702340431764,1974,7.090208526459055,6.915208526459055,134.08098197395637,-305.79509506494406,4.4951042632295275
0.0,0.24918702340431764,1975,7.090208526459055,7.090208526459055,140.65904694814964,-189.56458943243433,3.6451042632295274
0.0,0.24918702340431764,1976,7.090208526459055,7.090208526459055,-221.5618565191291,-81.75435531828789,3.6451042632295274
0.0,0.24918702340431764,1977,7.090208526459055,6.940208526459054,-1.487698928742916,-246.51043440212038,3.6451042632295274
0.0,0.24918702340431764,1978,7.090208526459055,6.940208526459054,-73.39342784166999,-246.338105544973,3.6451042632295274
0.0,0.24918702340431764,1979,7.090208526459055,6.940208526459054,-1.6144699926425359,-267.5375247167004,3.6451042632295274
0.0,0.24918702340431764,1980,7.090208526459055,6.940208526459054,-8.174817504726057,-256.8987479582271,3.6451042632295274
0.0,0.24918702340431764,1981,7.090208526459055,6.940208526459054,-69.75877910829641,-258.2968286783561,3.6451042632295274
0.0,0.24918702340431764,1982,7.090208526459055,6.915208526459055,-299.3818474490888,170.97617795129256,4.4951042632295275
0.0,0.24918702340431764,1983,7.090208526459055,6.915208526459055,286.06198315271814,192.4619280372474,4.4951042632295275
0.0,0.24918702340431764,1984,7.090208526459055,6.940208526459054,61.40390310850312,-238.753082206853,3.6451042632295274
0.0,0.24918702340431764,1985,7.090208526459055,6.940208526459054,-21.401633916127203,-256.13696348452186,3.6451042632295274
0.0,0.24918702340431764,1986,7.090208526459055,6.940208526459054,5.073677053113904,-256.97862233575813,3.6451042632295274
0.0,0.24918702340431764,1987,7.090208526459055,7.090208526459055,-207.20822352912919,-203.27809385599082,3.6451042632295274
0.0,0.24918702340431764,1988,7.090208526459055,6.940208526459054,70.41488074369379,-247.2051171953833,3.6451042632295274
0.0,0.24918702340431764,1989,7.090208526459055,6.940208526459054,49.018947844999786,-241.59718315059692,3.6451042632295274
0.0,0.24918702340431764,1990,7.090208526459055,6.940208526459054,-15.397655814975117,-267.0993527020608,3.6451042632295274
0.0,0.24918702340431764,1991,7.090208526459055,6.940208526459054,-34.57169704174726,-254.69528903012105,3.6451042632295274
0.0,0.24918702340431764,1992,7.090208526459055,6.940208526459054,12.172997113877575,-267.2655745117315,3.6451042632295274
0.0,0.24918702340431764,1993,7.090208526459055,6.940208526459054,-60.60210798969644,-249.7893552331008,3.6451042632295274
0.0,0.24918702340431764,1994,7.090208526459055,6.940208526459054,11.217151664903076,-246.25983821238174,3.6451042632295274
0.0,0.24918702340431764,1995,7.090208526459055,6.940208526459054,36.504003143931364,-243.79995099727932,3.6451042632295274
0.0,0.24918702340431764,1996,7.090208526459055,6.915208526459055,-212.4775863685147,-227.49782685361237,4.4951042632295275
0.0,0.24918702340431764,1997,7.090208526459055,6.915208526459055,-147.11677640197826,-262.3020078913456,4.4951042632295275
0.0,0.24918702340431764,1998,7.090208526459055,6.940208526459054,-29.140009822117513,-265.9522204212258,3.6451042632295274
0.0,0.24918702340431764,1999,7.090208526459055,6.915208526459055,164.95478666604814,-251.47763754249536,4.4951042632295275
0.0,0.24918702340431764,2000,7.090208526459055,7.090208526459055,14.682895053318912,-191.75918280644524,3.6451042632295274
0.0,0.24918702340431764,2001,7.090208526459055,6.940208526459054,23.892256388837513,-245.3555444025617,3.6451042632295274
0.0,0.24918702340431764,2002,7.090208526459055,6.940208526459054,-47.65008224175485,-252.5775476565083,3.6451042632295274
0.0,0.24918702340431764,2003,7.090208526459055,7.090208526459055,174.73997636332197,-231.75198241503506,3.6451042632295274
0.0,0.24918702340431764,2004,7.090208526459055,6.915208526459055,175.77795613111607,-244.04282264625334,4.4951042632295275
0.0,0.24918702340431764,2005,7.090208526459055,6.915208526459055,-111.28688956966761,-314.80007981589745,4.4951042632295275
0.0,0.24918702340431764,2006,7.090208526459055,6.915208526459055,-123.058706982145,-310.3910662631837,4.4951042632295275
0.0,0.24918702340431764,2007,7.090208526459055,6.940208526459054,-56.35665829829386,-261.54511498369516,3.6451042632295274
0.0,0.24918702340431764,2008,7.090208526459055,6.940208526459054,-122.83886415786553,-201.55480370322704,3.6451042632295274
0.0,0.24918702340431764,2009,7.090208526459055,6.940208526459054,18.308717131501755,-256.37637480462473,3.6451042632295274
0.0,0.24918702340431764,2010,7.090208526459055,7.090208526459055,116.15959935892052,-153.34036004487157,3.6451042632295274
0.0,0.24918702340431764,2011,7.090208526459055,6.940208526459054,66.63630462083847,-259.1191464416004,3.6451042632295274
0.0,0.24918702340431764,2012,7.090208526459055,6.940208526459054,55.64906133162976,229.8519291535831,3.6451042632295274
0.0,0.24918702340431764,2013,7.090208526459055,6.940208526459054,-42.80508976170158,-264.09916986278427,3.6451042632295274
0.0,0.24918702340431764,2014,7.090208526459055,6.940208526459054,25.92818362038748,-266.28422325020944,3.6451042632295274
0.0,0.24918702340431764,2015,7.090208526459055,6.940208526459054,57.582877497311436,-250.50188540836524,3.6451042632295274
0.0,0.24918702340431764,2016,7.090208526459055,6.915208526459055,48.81954522594217,320.15879604094766,4.4951042632295275
0.0,0.24918702340431764,2017,7.090208526459055,6.940208526459054,31.49520578340874,-255.09360241701373,3.6451042632295274
0.0,0.24918702340431764,2018,7.090208526459055,6.915208526459055,153.81761638914418,-258.4332761209588,4.4951042632295275
0.0,0.24918702340431764,2019,7.090208526459055,6.915208526459055,321.1596556338875,-39.52494440580532,4.4951042632295275
0.0,0.24918702340431764,2020,7.090208526459055,6.915208526459055,118.7368484494475,-276.2974395522341,4.4951042632295275
0.0,0.24918702340431764,2021,7.090208526459055,6.940208526459054,-99.11581787954945,262.0465514400671,3.6451042632295274
0.0,0.24918702340431764,2022,7.090208526459055,6.915208526459055,-296.5593986714541,-153.67720897708188,4.4951042632295275
0.0,0.24918702340431764,2023,7.090208526459055,7.090208526459055,158.28495599425418,-109.42612559415825,3.6451042632295274
0.0,0.24918702340431764,2024,7.090208526459055,7.090208526459055,26.83125705672364,-190.4413610816842,3.6451042632295274
0.0,0.24918702340431764,2025,7.090208526459055,6.915208526459055,-305.59187045198365,159.59411077994818,4.4951042632295275
0.0,0.24918702340431764,2026,7.090208526459055,6.940208526459054,44.59817481146059,-253.1337068546934,3.6451042632295274
0.0,0.24918702340431764,2027,7.090208526459055,6.915208526459055,-323.48856315256734,-83.39267950024755,4.4951042632295275
0.0,0.24918702340431764,2028,7.090208526459055,6.940208526459054,53.195992036865604,-262.20560132908275,3.6451042632295274
0.0,0.24918702340431764,2029,7.090208526459055,6.915208526459055,-202.34116956786988,-236.54920430726793,4.4951042632295275
0.0,0.24918702340431764,2030,7.090208526459055,6.915208526459055,218.26210703815252,-221.96035298366584,4.4951042632295275
0.0,0.24918702340431764,2031,7.090208526459055,6.915208526459055,-191.8195848506325,-245.14982256428465,4.4951042632295275
0.0,0.24918702340431764,2032,7.090208526459055,7.090208526459055,-215.88874251800436,-194.04608521514652,3.6451042632295274
0.0,0.24918702340431764,2033,7.090208526459055,6.915208526459055,142.3876455370217,-264.8964979282768,4.4951042632295275
0.0,0.24918702340431764,2034,7.090208526459055,6.940208526459054,-52.99658743035438,-285.320355612001,3.6451042632295274
0.0,0.24918702340431764,2035,7.090208526459055,6.915208526459055,269.7591526022946,-196.9076335874102,4.4951042632295275
0.0,0.24918702340431764,2036,7.090208526459055,6.915208526459055,237.15071316694065,-235.1236057341368,4.4951042632295275
0.0,0.24918702340431764,2037,7.090208526459055,7.090208526459055,-279.4852853643718,-15.555262800572015,3.6451042632295274
0.0,0.24918702340431764,2038,7.090208526459055,6.915208526459055,305.89102362178,159.0190761111666,4.4951042632295275
0.0,0.24918702340431764,2039,7.090208526459055,7.090208526459055,-224.1583050151826,-184.44422448057472,3.6451042632295274
0.0,0.24918702340431764,2040,7.090208526459055,6.915208526459055,-123.67410824991913,-274.1249932462777,4.4951042632295275
0.0,0.24918702340431764,2041,7.090208526459055,6.940208526459054,39.614613245036665,-264.5960732992626,3.6451042632295274
0.0,0.24918702340431764,2042,7.090208526459055,7.090208526459055,168.19405329033808,-165.6574061504529,3.6451042632295274
0.0,0.24918702340431764,2043,7.090208526459055,6.915208526459055,-162.42135650056002,280.15061411934335,4.4951042632295275
0.0,0.24918702340431764,2044,7.090208526459055,6.915208526459055,-180.93286065131946,-253.28330985898327,4.4951042632295275
0.0,0.24918702340431764,2045,7.090208526459055,6.915208526459055,-169.7017204682051,-260.93418363602115,4.4951042632295275
0.0,0.24918702340431764,2046,7.090208526459055,6.915208526459055,311.6466738733545,147.40062832452014,4.4951042632295275
0.0,0.24918702340431764,2047,7.090208526459055,6.915208526459055,130.6866317088348,-270.8549998543938,4.4951042632295275
0.0,0.24918702340431764,2048,7.090208526459055,6.915208526459055,-321.5946669391887,124.16071275686053,4.4951042632295275
0.0,0.24918702340431764,2049,7.090208526459055,7.090208526459055,-34.01022640508777,-189.292644749262,3.6451042632295274
0.0,0.24918702340431764,2050,7.090208526459055,6.915208526459055,106.56104285047542,-281.21345702850505,4.4951042632295275
0.0,0.24918702340431764,2051,7.090208526459055,6.940208526459054,47.870033766467635,-286.2243053409941,3.6451042632295274
0.0,0.24918702340431764,2052,7.090208526459055,7.090208526459055,220.8121847541871,-188.43197532286837,3.6451042632295274
0.0,0.24918702340431764,2053,7.090208526459055,6.915208526459055,-209.62087546521516,-259.94285915646975,4.4951042632295275
0.0,0.24918702340431764,2054,7.090208526459055,6.915208526459055,208.36172587333382,-231.2693181332534,4.4951042632295275
0.0,0.24918702340431764,2055,7.090208526459055,6.915208526459055,268.60855736910804,180.73450178865568,4.4951042632295275
0.0,0.24918702340431764,2056,7.090208526459055,6.915208526459055,316.96122310770767,135.5739041278072,4.4951042632295275
0.0,0.24918702340431764,2057,7.090208526459055,6.915208526459055,198.06471632080897,-240.13757464962362,4.4951042632295275
0.0,0.24918702340431764,2058,7.090208526459055,6.940208526459054,75.92150852352074,-269.19047210820145,3.6451042632295274
0.0,0.24918702340431764,2059,7.090208526459055,6.915208526459055,-25.431883538959365,-332.90848079430293,4.4951042632295275
0.0,0.24918702340431764,2060,7.090208526459055,7.090208526459055,-211.95586512814657,-104.10093735873427,3.6451042632295274
0.0,0.24918702340431764,2061,7.090208526459055,6.915208526459055,-158.14754341496428,-268.0878800223164,4.4951042632295275
0.0,0.24918702340431764,2062,7.090208526459055,6.915208526459055,176.35993351751827,-256.4853079097546,4.4951042632295275
0.0,0.24918702340431764,2063,7.090208526459055,6.940208526459054,-121.55579601374785,252.41182070434255,3.6451042632295274
0.0,0.24918702340431764,2064,7.090208526459055,6.915208526459055,187.39067932350466,-248.54824130245905,4.4951042632295275
0.0,0.24918702340431764,2065,7.090208526459055,7.090208526459055,204.89993061577772,-117.35292033202673,3.6451042632295274
0.0,0.24918702340431764,2066,7.090208526459055,7.090208526459055,-234.84749335475342,25.957008513719423,3.6451042632295274
0.0,0.24918702340431764,2067,7.090208526459055,6.915208526459055,62.176961180567254,-328.0415954003841,4.4951042632295275
0.0,0.24918702340431764,2068,7.090208526459055,6.940208526459054,-40.48977792224742,-287.36023536060736,3.6451042632295274
0.0,0.24918702340431764,2069,7.090208526459055,6.915208526459055,-37.94560732256672,-331.71608708067197,4.4951042632295275
0.0,0.24918702340431764,2070,7.090208526459055,6.915208526459055,-326.0280068854775,111.97624166821159,4.4951042632295275
0.0,0.24918702340431764,2071,7.090208526459055,6.940208526459054,-130.7011688448076,197.05224005711605,3.6451042632295274
0.0,0.24918702340431764,2072,7.090208526459055,6.915208526459055,321.82714917469366,123.55564292661396,4.4951042632295275
0.0,0.24918702340431764,2073,7.090208526459055,6.915208526459055,164.9934765544382,-263.93366581410993,4.4951042632295275
0.0,0.24918702340431764,2074,7.090208526459055,6.940208526459054,22.7200638310932,-289.30633556210745,3.6451042632295274
0.0,0.24918702340431764,2075,7.090208526459055,6.915208526459055,49.78430497265815,-330.1480516219305,4.4951042632295275
0.0,0.24918702340431764,2076,7.090208526459055,6.915208526459055,296.2693715791417,-154.23470142511127,4.4951042632295275
0.0,0.24918702340431764,2077,7.090208526459055,6.940208526459054,64.09645520698966,-272.24567494529646,3.6451042632295274
0.0,0.24918702340431764,2078,7.090208526459055,6.915208526459055,-146.292323524314,-274.7307815502085,4.4951042632295275
0.0,0.24918702340431764,2079,7.090208526459055,6.915208526459055,-48.44675186368092,-296.7851343671239,4.4951042632295275
0.0,0.24918702340431764,2080,7.090208526459055,6.915208526459055,-2.6028195087854837,-290.18467341794036,4.4951042632295275
0.0,0.24918702340431764,2081,7.090208526459055,6.915208526459055,-15.268889263951891,-289.79471134527876,4.4951042632295275
0.0,0.24918702340431764,2082,7.090208526459055,7.090208526459055,228.0937741362118,-61.29321641591261,3.6451042632295274
0.0,0.24918702340431764,2083,7.090208526459055,6.915208526459055,153.31294513112036,-270.87913664291744,4.4951042632295275
0.0,0.24918702340431764,2084,7.090208526459055,7.090208526459055,203.5272808793953,-206.9590365057247,3.6451042632295274
0.0,0.24918702340431764,2085,7.090208526459055,6.915208526459055,292.6322559726938,138.4225154994784,4.4951042632295275
0.0,0.24918702340431764,2086,7.090208526459055,6.915208526459055,141.34057380300726,-277.3084992976996,4.4951042632295275
0.0,0.24918702340431764,2087,7.090208526459055,6.915208526459055,30.082170600024227,-299.202877357631,4.4951042632295275
0.0,0.24918702340431764,2088,7.090208526459055,6.915208526459055,-329.9998906458476,99.63363342750384,4.4951042632295275
0.0,0.24918702340431764,2089,7.090208526459055,6.915208526459055,60.32027033479653,-283.8635845075405,4.4951042632295275
0.0,0.24918702340431764,2090,7.090208526459055,6.940208526459054,-92.35298058380094,-264.00964886809624,3.6451042632295274
0.0,0.24918702340431764,2091,7.090208526459055,7.090208526459055,-178.8698874662625,-228.58299016779483,3.6451042632295274
0.0,0.24918702340431764,2092,7.090208526459055,7.090208526459055,-80.52320401932079,-174.675982996024,3.6451042632295274
0.0,0.24918702340431764,2093,7.090208526459055,6.915208526459055,43.115454632862146,-297.60569949329243,4.4951042632295275
0.0,0.24918702340431764,2094,7.090208526459055,6.915208526459055,-99.29020545761009,-283.8598254176977,4.4951042632295275
0.0,0.24918702340431764,2095,7.090208526459055,6.915208526459055,-134.15862788112338,-280.8502430790808,4.4951042632295275
0.0,0.24918702340431764,2096,7.090208526459055,6.915208526459055,72.6556838401626,-280.96203886556356,4.4951042632295275
0.0,0.24918702340431764,2097,7.090208526459055,7.090208526459055,-235.14039200214216,-22.625105749658122,3.6451042632295274
0.0,0.24918702340431764,2098,7.090208526459055,6.915208526459055,326.237564900093,111.36285522573807,4.4951042632295275
0.0,0.24918702340431764,2099,7.090208526459055,6.915208526459055,74.48161285281579,-325.4704802871777,4.4951042632295275
0.0,0.24918702340431764,2100,7.090208526459055,6.915208526459055,307.04459063054765,-131.52498226099058,4.4951042632295275
0.0,0.24918702340431764,2101,7.090208526459055,6.915208526459055,-277.33527026091315,-186.09984086614287,4.4951042632295275
0.0,0.24918702340431764,2102,7.090208526459055,6.915208526459055,-323.26954961045504,-14.660683280485113,4.4951042632295275
0.0,0.24918702340431764,2103,7.090208526459055,6.915208526459055,16.99162344569062,-300.23003119767753,4.4951042632295275
0.0,0.24918702340431764,2104,7.090208526459055,6.915208526459055,-74.1506442487034,-291.43241645472887,4.4951042632295275
0.0,0.24918702340431764,2105,7.090208526459055,6.940208526459054,96.88838028913254,-273.5595851611373,3.6451042632295274
0.0,0.24918702340431764,2106,7.090208526459055,6.915208526459055,-333.5046964629891,87.15035761649938,4.4951042632295275
0.0,0.24918702340431764,2107,7.090208526459055,6.915208526459055,-86.80304211527114,-287.92039452469584,4.4951042632295275
0.0,0.24918702340431764,2108,7.090208526459055,6.940208526459054,-147.47103803674636,-249.97250448359168,3.6451042632295274
0.0,0.24918702340431764,2109,7.090208526459055,6.915208526459055,129.09915265938682,-283.209515121222,4.4951042632295275
0.0,0.24918702340431764,2110,7.090208526459055,6.915208526459055,240.00281079135524,-247.08832898573175,4.4951042632295275
0.0,0.24918702340431764,2111,7.090208526459055,6.915208526459055,-61.357096416361124,-294.38920587444267,4.4951042632295275
0.0,0.24918702340431764,2112,7.090208526459055,7.090208526459055,212.37186377335132,-197.8840848864162,3.6451042632295274
0.0,0.24918702340431764,2113,7.090208526459055,6.915208526459055,-111.58836425057409,-279.2584386578173,4.4951042632295275
0.0,0.24918702340431764,2114,7.090208526459055,6.915208526459055,-308.24132879770343,-98.30429672451474,4.4951042632295275
0.0,0.24918702340431764,2115,7.090208526459055,6.940208526459054,164.45391374608644,-239.15321942618118,3.6451042632295274
0.0,0.24918702340431764,2116,7.090208526459055,6.915208526459055,-35.44418616529483,-298.6156411467111,4.4951042632295275
0.0,0.24918702340431764,2117,7.090208526459055,7.090208526459055,73.8628277559372,-177.59086518014126,3.6451042632295274
0.0,0.24918702340431764,2118,7.090208526459055,6.915208526459055,94.1823922499037,-285.5936943645322,4.4951042632295275
0.0,0.24918702340431764,2119,7.090208526459055,6.915208526459055,330.1862278336377,99.01279855272114,4.4951042632295275
0.0,0.24918702340431764,2120,7.090208526459055,6.915208526459055,-336.53746367619004,74.5440829161759,4.4951042632295275
0.0,0.24918702340431764,2121,7.090208526459055,7.090208526459055,275.03135534844296,52.39857766837196,3.6451042632295274
0.0,0.24918702340431764,2122,7.090208526459055,6.915208526459055,116.61198394116333,-288.57095119447257,4.4951042632295275
0.0,0.24918702340431764,2123,7.090208526459055,6.915208526459055,-109.14868418191331,-291.47326974028846,4.4951042632295275
0.0,0.24918702340431764,2124,7.090208526459055,6.940208526459054,131.79870319418802,-258.5706418085229,3.6451042632295274
0.0,0.24918702340431764,2125,7.090208526459055,6.940208526459054,-76.27159995257114,223.84900871712526,3.6451042632295274
0.0,0.24918702340431764,2126,7.090208526459055,6.940208526459054,132.439281428094,-246.3712543521091,3.6451042632295274
0.0,0.24918702340431764,2127,7.090208526459055,6.940208526459054,-158.2451951744952,-243.30175254457126,3.6451042632295274
0.0,0.24918702340431764,2128,7.090208526459055,6.940208526459054,87.68111105435808,-219.1277944150825,3.6451042632295274
0.0,0.24918702340431764,2129,7.090208526459055,7.090208526459055,161.52094378722816,172.6592271570112,3.6451042632295274
0.0,0.24918702340431764,2130,7.090208526459055,6.915208526459055,-96.32004397519735,-295.9566133376009,4.4951042632295275
0.0,0.24918702340431764,2131,7.090208526459055,6.915208526459055,230.52936445008814,-255.94099260797645,4.4951042632295275
0.0,0.24918702340431764,2132,7.090208526459055,6.915208526459055,103.90283768371594,-293.3826017191619,4.4951042632295275
0.0,0.24918702340431764,2133,7.090208526459055,6.915208526459055,242.18141929689773,-214.39858511776063,4.4951042632295275
0.0,0.24918702340431764,2134,7.090208526459055,6.915208526459055,3.8687317703871305,-300.68520576771795,4.4951042632295275
0.0,0.24918702340431764,2135,7.090208526459055,7.090208526459055,-168.71812358916046,-236.16738754955267,3.6451042632295274
0.0,0.24918702340431764,2136,7.090208526459055,6.915208526459055,-83.3080530903012,-299.87611235868917,4.4951042632295275
0.0,0.24918702340431764,2137,7.090208526459055,6.915208526459055,-211.13017427341936,-272.14986863684624,4.4951042632295275
0.0,0.24918702340431764,2138,7.090208526459055,6.915208526459055,-246.2615881591522,-225.57384661888173,4.4951042632295275
0.0,0.24918702340431764,2139,7.090208526459055,6.915208526459055,339.2091252985531,61.19478019888509,4.4951042632295275
0.0,0.24918702340431764,2140,7.090208526459055,6.915208526459055,-22.374150444027258,-299.87724173951005,4.4951042632295275
0.0,0.24918702340431764,2141,7.090208526459055,6.940208526459054,3.5984305645035017,-279.6594706971374,3.6451042632295274
0.0,0.24918702340431764,2142,7.090208526459055,6.940208526459054,153.85480375708605,-246.0987403499071,3.6451042632295274
0.0,0.24918702340431764,2143,7.090208526459055,6.915208526459055,-343.872438301332,23.247930250314322,4.4951042632295275
0.0,0.24918702340431764,2144,7.090208526459055,6.915208526459055,220.72962957220867,-264.43104767921994,4.4951042632295275
0.0,0.24918702340431764,2145,7.090208526459055,7.090208526459055,-203.93924526213436,-191.50740246273028,3.6451042632295274
0.0,0.24918702340431764,2146,7.090208526459055,6.940208526459054,142.96282240459843,-252.57532399237718,3.6451042632295274
0.0,0.24918702340431764,2147,7.090208526459055,6.915208526459055,-70.13748059142718,-303.22430581439664,4.4951042632295275
0.0,0.24918702340431764,2148,7.090208526459055,6.940208526459054,153.42969772258596,-233.88994517409665,3.6451042632295274
0.0,0.24918702340431764,2149,7.090208526459055,6.915208526459055,-200.73447140554507,-279.8987524708156,4.4951042632295275
0.0,0.24918702340431764,2150,7.090208526459055,6.915208526459055,-344.49417926716757,10.296896432086522,4.4951042632295275
0.0,0.24918702340431764,2151,7.090208526459055,6.915208526459055,90.99590646928635,-297.63530744503987,4.4951042632295275
0.0,0.24918702340431764,2152,7.090208526459055,6.915208526459055,56.06666594728417,-295.44153792350426,4.4951042632295275
0.0,0.24918702340431764,2153,7.090208526459055,6.915208526459055,341.26153678029243,48.39230208333635,4.4951042632295275
0.0,0.24918702340431764,2154,7.090208526459055,6.915208526459055,-56.83339741189385,-305.9948202281816,4.4951042632295275
0.0,0.24918702340431764,2155,7.090208526459055,6.915208526459055,-271.95610721621057,-175.15144491853093,4.4951042632295275
0.0,0.24918702340431764,2156,7.090208526459055,6.915208526459055,81.62446011270706,-289.42981352959015,4.4951042632295275
0.0,0.24918702340431764,2157,7.090208526459055,6.915208526459055,209.13113921746904,-260.33665091810116,4.4951042632295275
0.0,0.24918702340431764,2158,7.090208526459055,6.915208526459055,-225.7959892179699,-231.57332523738472,4.4951042632295275
0.0,0.24918702340431764,2159,7.090208526459055,6.915208526459055,-190.05465134037203,-287.25111822375595,4.4951042632295275
0.0,0.24918702340431764,2160,7.090208526459055,6.915208526459055,342.83093071802455,35.52168277198653,4.4951042632295275
0.0,0.24918702340431764,2161,7.090208526459055,6.915208526459055,343.91508581012704,22.601139187223907,4.4951042632295275
0.0,0.24918702340431764,2162,7.090208526459055,6.915208526459055,10.797115736098439,-311.03661305534797,4.4951042632295275
0.0,0.24918702340431764,2163,7.090208526459055,6.915208526459055,-316.00439045568805,70.01114765062799,4.4951042632295275
0.0,0.24918702340431764,2164,7.090208526459055,7.090208526459055,-184.36128522881134,147.98257434519329,3.6451042632295274
0.0,0.24918702340431764,2165,7.090208526459055,6.915208526459055,51.33569509066483,-306.96421347931783,4.4951042632295275
0.0,0.24918702340431764,2166,7.090208526459055,6.915208526459055,-344.6283272450436,-2.6683587952321437,4.4951042632295275
0.0,0.24918702340431764,2167,7.090208526459055,6.915208526459055,-178.98103626940826,-281.8972306075869,4.4951042632295275
0.0,0.24918702340431764,2168,7.090208526459055,6.915208526459055,24.364935169326255,-310.26937437523765,4.4951042632295275
0.0,0.24918702340431764,2169,7.090208526459055,6.915208526459055,-134.65634855583343,-305.54237616904686,4.4951042632295275
0.0,0.24918702340431764,2170,7.090208526459055,6.915208526459055,-29.92620526223863,-309.78282628730204,4.4951042632295275
0.0,0.24918702340431764,2171,7.090208526459055,6.915208526459055,37.886374563646875,-308.9110459647837,4.4951042632295275
0.0,0.24918702340431764,2172,7.090208526459055,6.915208526459055,344.51246755630166,9.648958913663336,4.4951042632295275
0.0,0.24918702340431764,2173,7.090208526459055,6.915208526459055,-43.42112863018783,-308.1823817683916,4.4951042632295275
0.0,0.24918702340431764,2174,7.090208526459055,6.915208526459055,-9.261524255725899,-300.56753461708774,4.4951042632295275
0.0,0.24918702340431764,2175,7.090208526459055,6.940208526459054,-27.90589382057692,-288.85263422705486,3.6451042632295274
0.0,0.24918702340431764,2176,7.090208526459055,6.915208526459055,-344.2746923634984,-15.629484562696662,4.4951042632295275
0.0,0.24918702340431764,2177,7.090208526459055,6.915208526459055,68.91115117645482,-292.71451225281737,4.4951042632295275
0.0,0.24918702340431764,2178,7.090208526459055,6.915208526459055,-322.8918381713342,21.844713878801986,4.4951042632295275
0.0,0.24918702340431764,2179,7.090208526459055,6.915208526459055,167.69819711785325,-288.7458423620413,4.4951042632295275
0.0,0.24918702340431764,2180,7.090208526459055,6.940208526459054,-101.78008086041942,-271.77915175824586,3.6451042632295274
0.0,0.24918702340431764,2181,7.090208526459055,6.940208526459054,-65.40251492215855,-282.73687800827634,3.6451042632295274
0.0,0.24918702340431764,2182,7.090208526459055,6.940208526459054,112.28737271504916,208.10919556170035,3.6451042632295274
0.0,0.24918702340431764,2183,7.090208526459055,6.940208526459054,10.068204861250232,-290.0217781300703,3.6451042632295274
0.0,0.24918702340431764,2184,7.090208526459055,6.940208526459054,-67.39493893502905,-226.18437812702246,3.6451042632295274
0.0,0.24918702340431764,2185,7.090208526459055,6.915208526459055,167.33713932836253,-301.04050383030034,4.4951042632295275
0.0,0.24918702340431764,2186,7.090208526459055,6.940208526459054,57.07018842294367,274.3017348364335,3.6451042632295274
0.0,0.24918702340431764,2187,7.090208526459055,7.090208526459055,-246.62044137551345,-132.1900944046896,3.6451042632295274
0.0,0.24918702340431764,2188,7.090208526459055,6.915208526459055,155.88570762760975,-307.1216674354401,4.4951042632295275
0.0,0.24918702340431764,2189,7.090208526459055,6.915208526459055,-343.43377515316183,-28.568135846151133,4.4951042632295275
0.0,0.24918702340431764,2190,7.090208526459055,6.915208526459055,-132.9357180380105,-317.7213947652877,4.4951042632295275
0.0,0.24918702340431764,2191,7.090208526459055,6.915208526459055,301.87061315308074,-142.98120514479447,4.4951042632295275
0.0,0.24918702340431764,2192,7.090208526459055,6.915208526459055,173.3491665287458,273.5175027894558,4.4951042632295275
0.0,0.24918702340431764,2193,7.090208526459055,6.915208526459055,144.2136371395081,-312.76778196759943,4.4951042632295275
0.0,0.24918702340431764,2194,7.090208526459055,6.915208526459055,177.95084514666507,-270.0451019458836,4.4951042632295275
0.0,0.24918702340431764,2195,7.090208526459055,6.915208526459055,-120.88118050235609,-322.49674434317,4.4951042632295275
0.0,0.24918702340431764,2196,7.090208526459055,6.915208526459055,-290.5595857535881,-164.72335448813396,4.4951042632295275
0.0,0.24918702340431764,2197,7.090208526459055,6.915208526459055,-99.35755800957378,-318.763176361539,4.4951042632295275
0.0,0.24918702340431764,2198,7.090208526459055,6.915208526459055,132.33744837461282,-317.9708559830308,4.4951042632295275
0.0,0.24918702340431764,2199,7.090208526459055,6.915208526459055,343.3789685184854,-29.214010231845204,4.4951042632295275
0.0,0.24918702340431764,2200,7.090208526459055,6.915208526459055,250.0840023761129,-205.1370289049525,4.4951042632295275
0.0,0.24918702340431764,2201,7.090208526459055,6.940208526459054,84.85279312186003,-277.5251916721057,3.6451042632295274
0.0,0.24918702340431764,2202,7.090208526459055,6.915208526459055,-108.65554917314468,-326.8152831460151,4.4951042632295275
0.0,0.24918702340431764,2203,7.090208526459055,6.940208526459054,-77.6839450095727,-279.61472034588735,3.6451042632295274
0.0,0.24918702340431764,2204,7.090208526459055,6.915208526459055,-12.882163768103164,-333.62932708423443,4.4951042632295275
0.0,0.24918702340431764,2205,7.090208526459055,7.090208526459055,236.24607626823473,-1.175126373389013,3.6451042632295274
0.0,0.24918702340431764,2206,7.090208526459055,6.915208526459055,342.02770343250353,-42.10935518484591,4.4951042632295275
0.0,0.24918702340431764,2207,7.090208526459055,6.940208526459054,-89.81749929239406,-275.95982582939627,3.6451042632295274
0.0,0.24918702340431764,2208,7.090208526459055,7.090208526459055,234.13913219750097,153.6788847459903,3.6451042632295274
0.0,0.24918702340431764,2209,7.090208526459055,6.915208526459055,-50.40562334224666,-330.05383364330487,4.4951042632295275
0.0,0.24918702340431764,2210,7.090208526459055,6.915208526459055,-284.1485182336872,-175.53599981460232,4.4951042632295275
0.0,0.24918702340431764,2211,7.090208526459055,7.090208526459055,191.75658948613466,-203.69005823872996,3.6451042632295274
0.0,0.24918702340431764,2212,7.090208526459055,6.940208526459054,28.921083711992317,-234.22428298485224,3.6451042632295274
0.0,0.24918702340431764,2213,7.090208526459055,6.915208526459055,-338.0026691788232,-67.06642514280652,4.4951042632295275
0.0,0.24918702340431764,2214,7.090208526459055,6.915208526459055,-284.3725798478775,-154.21032795863815,4.4951042632295275
0.0,0.24918702340431764,2215,7.090208526459055,6.915208526459055,-83.95331928621356,312.7829389905356,4.4951042632295275
0.0,0.24918702340431764,2216,7.090208526459055,6.915208526459055,-157.6592516205077,-282.36197042846754,4.4951042632295275
0.0,0.24918702340431764,2217,7.090208526459055,6.915208526459055,17.94982832053225,-322.865822843189,4.4951042632295275
0.0,0.24918702340431764,2218,7.090208526459055,6.915208526459055,340.1923363792943,-54.94474635806211,4.4951042632295275
0.0,0.24918702340431764,2219,7.090208526459055,6.915208526459055,101.44838887460497,-307.0515294296691,4.4951042632295275
0.0,0.24918702340431764,2220,7.090208526459055,6.940208526459054,-20.810909515324383,-278.9079576363516,3.6451042632295274
0.0,0.24918702340431764,2221,7.090208526459055,6.915208526459055,-216.91619364481645,-239.90257930878354,4.4951042632295275
0.0,0.24918702340431764,2222,7.090208526459055,6.915208526459055,-335.23139072407196,-79.7327527288004,4.4951042632295275
0.0,0.24918702340431764,2223,7.090208526459055,7.090208526459055,279.9086577205417,3.847617587907554,3.6451042632295274
0.0,0.24918702340431764,2224,7.090208526459055,6.915208526459055,262.1521941441765,-206.91509424020288,4.4951042632295275
0.0,0.24918702340431764,2225,7.090208526459055,6.915208526459055,337.8754651156832,-67.70201669059513,4.4951042632295275
0.0,0.24918702340431764,2226,7.090208526459055,6.915208526459055,-36.146825314410066,321.8372977450459,4.4951042632295275
0.0,0.24918702340431764,2227,7.090208526459055,6.915208526459055,-66.78659191931553,-316.3973936902173,4.4951042632295275
0.0,0.24918702340431764,2228,7.090208526459055,6.915208526459055,122.47424156548377,-310.6219639041664,4.4951042632295275
0.0,0.24918702340431764,2229,7.090208526459055,6.915208526459055,-331.9856297227398,-92.28587482299314,4.4951042632295275
0.0,0.24918702340431764,2230,7.090208526459055,6.915208526459055,83.13153026772065,-334.2150781659695,4.4951042632295275
0.0,0.24918702340431764,2231,7.090208526459055,6.915208526459055,86.68084413091947,-322.4383454082411,4.4951042632295275
0.0,0.24918702340431764,2232,7.090208526459055,6.915208526459055,-146.9172617190523,-288.0923190883602,4.4951042632295275
0.0,0.24918702340431764,2233,7.090208526459055,6.915208526459055,-121.76955366468333,-286.4346158661058,4.4951042632295275
0.0,0.24918702340431764,2234,7.090208526459055,6.915208526459055,335.08036891386126,-80.36310969286198,4.4951042632295275
0.0,0.24918702340431764,2235,7.090208526459055,6.915208526459055,-45.57372196766373,-341.3649694153106,4.4951042632295275
0.0,0.24918702340431764,2236,7.090208526459055,6.915208526459055,70.4918291531526,-337.1053713213192,4.4951042632295275
0.0,0.24918702340431764,2237,7.090208526459055,6.915208526459055,37.32118464815077,-331.7868674985882,4.4951042632295275
0.0,0.24918702340431764,2238,7.090208526459055,6.915208526459055,-32.6916572162886,-342.8374661150898,4.4951042632295275
0.0,0.24918702340431764,2239,7.090208526459055,7.090208526459055,235.8595133259719,-13.334891687517985,3.6451042632295274
0.0,0.24918702340431764,2240,7.090208526459055,6.915208526459055,-328.26998018656946,-104.70802388480347,4.4951042632295275
0.0,0.24918702340431764,2241,7.090208526459055,6.915208526459055,57.75235473711182,-339.5181768237426,4.4951042632295275
0.0,0.24918702340431764,2242,7.090208526459055,6.915208526459055,-19.763321079843212,-343.8243620227491,4.4951042632295275
0.0,0.24918702340431764,2243,7.090208526459055,6.915208526459055,212.36036041755509,244.43883312075909,4.4951042632295275
0.0,0.24918702340431764,2244,7.090208526459055,6.915208526459055,44.93113832105272,-341.450079616861,4.4951042632295275
0.0,0.24918702340431764,2245,7.090208526459055,6.940208526459054,-68.96987449079721,-271.0531568333464,3.6451042632295274
0.0,0.24918702340431764,2246,7.090208526459055,7.090208526459055,-167.54276755771517,-224.00786728825912,3.6451042632295274
0.0,0.24918702340431764,2247,7.090208526459055,7.090208526459055,-271.3023438567507,69.21906151420163,3.6451042632295274
0.0,0.24918702340431764,2248,7.090208526459055,7.090208526459055,191.7219695532118,-137.79762971434656,3.6451042632295274
0.0,0.24918702340431764,2249,7.090208526459055,7.090208526459055,-233.21270004961235,38.0125787720065,3.6451042632295274
0.0,0.24918702340431764,2250,7.090208526459055,6.940208526459054,-7.5066847637168905,-235.88189289757312,3.6451042632295274
0.0,0.24918702340431764,2251,7.090208526459055,6.915208526459055,-286.94687270629976,149.87204016389182,4.4951042632295275
0.0,0.24918702340431764,2252,7.090208526459055,6.915208526459055,-2.791256620600987,-311.2113015226802,4.4951042632295275
0.0,0.24918702340431764,2253,7.090208526459055,6.915208526459055,64.6872952043478,-304.4325828251267,4.4951042632295275
0.0,0.24918702340431764,2254,7.090208526459055,6.915208526459055,-261.2708320490446,191.2022133367498,4.4951042632295275
0.0,0.24918702340431764,2255,7.090208526459055,6.915208526459055,-16.374315661678715,-310.7931072478079,4.4951042632295275
0.0,0.24918702340431764,2256,7.090208526459055,6.915208526459055,-324.0897012019796,-116.98161775133181,4.4951042632295275
0.0,0.24918702340431764,2257,7.090208526459055,6.940208526459054,115.03322473030765,255.45334564467262,3.6451042632295274
0.0,0.24918702340431764,2258,7.090208526459055,6.915208526459055,77.91575937502326,-301.3209731050493,4.4951042632295275
0.0,0.24918702340431764,2259,7.090208526459055,6.940208526459054,-31.746131493343594,-233.85852399012936,3.6451042632295274
0.0,0.24918702340431764,2260,7.090208526459055,6.915208526459055,199.1812051011691,-268.0187012161667,4.4951042632295275
0.0,0.24918702340431764,2261,7.090208526459055,6.915208526459055,-78.64998487204466,-313.66112790341106,4.4951042632295275
0.0,0.24918702340431764,2262,7.090208526459055,6.915208526459055,-219.25964878392577,-251.87383600547832,4.4951042632295275
0.0,0.24918702340431764,2263,7.090208526459055,6.915208526459055,-237.59297952066802,-234.67715975056737,4.4951042632295275
0.0,0.24918702340431764,2264,7.090208526459055,6.915208526459055,245.83642785515738,-226.03661249898937,4.4951042632295275
0.0,0.24918702340431764,2265,7.090208526459055,7.090208526459055,206.30301623928034,115.37217652317402,3.6451042632295274
0.0,0.24918702340431764,2266,7.090208526459055,6.915208526459055,187.9920269029293,-263.16019731730887,4.4951042632295275
0.0,0.24918702340431764,2267,7.090208526459055,6.915208526459055,-168.24143824993862,-288.42992684122055,4.4951042632295275
0.0,0.24918702340431764,2268,7.090208526459055,6.915208526459055,319.20688652493686,-129.68987411056256,4.4951042632295275
0.0,0.24918702340431764,2269,7.090208526459055,6.940208526459054,-90.31986232986058,-218.05463724338193,3.6451042632295274
0.0,0.24918702340431764,2270,7.090208526459055,7.090208526459055,246.6204413755134,132.68846845149835,3.6451042632295274
0.0,0.24918702340431764,2271,7.090208526459055,7.090208526459055,216.73549840889305,-176.9160722654632,3.6451042632295274
0.0,0.24918702340431764,2272,7.090208526459055,6.915208526459055,299.73119932533456,-121.7619357844029,4.4951042632295275
0.0,0.24918702340431764,2273,7.090208526459055,6.915208526459055,314.09332943417917,-141.6048803073315,4.4951042632295275
0.0,0.24918702340431764,2274,7.090208526459055,7.090208526459055,-215.90590144069242,96.15997340257474,3.6451042632295274
0.0,0.24918702340431764,2275,7.090208526459055,6.915208526459055,254.17418857021235,-216.62933701885095,4.4951042632295275
0.0,0.24918702340431764,2276,7.090208526459055,6.915208526459055,5.783158017257885,-323.3123388432733,4.4951042632295275
0.0,0.24918702340431764,2277,7.090208526459055,6.915208526459055,318.5130466785537,57.47632248701755,4.4951042632295275
0.0,0.24918702340431764,2278,7.090208526459055,6.915208526459055,-308.82349172163197,-152.73854769470907,4.4951042632295275
0.0,0.24918702340431764,2279,7.090208526459055,6.940208526459054,52.876594359463816,-230.00784976316945,3.6451042632295274
0.0,0.24918702340431764,2280,7.090208526459055,7.090208526459055,-178.39223493733675,-154.6393139534303,3.6451042632295274
0.0,0.24918702340431764,2281,7.090208526459055,6.940208526459054,109.7729502400084,-208.94960985744174,3.6451042632295274
0.0,0.24918702340431764,2282,7.090208526459055,6.915208526459055,284.08157162754725,-154.74489866843103,4.4951042632295275
0.0,0.24918702340431764,2283,7.090208526459055,7.090208526459055,-233.651076869692,-34.69951106997442,3.6451042632295274
0.0,0.24918702340431764,2284,7.090208526459055,6.915208526459055,308.53520835884905,-153.31910793451436,4.4951042632295275
0.0,0.24918702340431764,2285,7.090208526459055,6.915208526459055,-87.28759693669917,-322.27474658011806,4.4951042632295275
0.0,0.24918702340431764,2286,7.090208526459055,6.915208526459055,233.93605550041607,-223.356331411923,4.4951042632295275
0.0,0.24918702340431764,2287,7.090208526459055,6.915208526459055,-302.85030731077586,-164.24667120740145,4.4951042632295275
0.0,0.24918702340431764,2288,7.090208526459055,6.940208526459054,87.60204093348084,-265.62237556600024,3.6451042632295274
0.0,0.24918702340431764,2289,7.090208526459055,6.915208526459055,-228.58808458832206,-243.44796090885006,4.4951042632295275
0.0,0.24918702340431764,2290,7.090208526459055,6.915208526459055,188.9493522623312,-275.3210483172769,4.4951042632295275
0.0,0.24918702340431764,2291,7.090208526459055,6.940208526459054,-136.83799657765672,-243.95803658403963,3.6451042632295274
0.0,0.24918702340431764,2292,7.090208526459055,6.915208526459055,314.63619703919244,-75.4447324849665,4.4951042632295275
0.0,0.24918702340431764,2293,7.090208526459055,6.915208526459055,-296.44847215592074,-175.52196922738958,4.4951042632295275
0.0,0.24918702340431764,2294,7.090208526459055,6.915208526459055,302.5403901977964,-164.81597681283893,4.4951042632295275
0.0,0.24918702340431764,2295,7.090208526459055,6.915208526459055,-0.31421073497113894,-333.8776056731512,4.4951042632295275
0.0,0.24918702340431764,2296,7.090208526459055,7.090208526459055,228.81923711288366,59.03688937573973,3.6451042632295274
0.0,0.24918702340431764,2297,7.090208526459055,6.915208526459055,-146.06339912598204,-300.26087231211443,4.4951042632295275
0.0,0.24918702340431764,2298,7.090208526459055,7.090208526459055,238.00600286344277,-147.1107395862741,3.6451042632295274
0.0,0.24918702340431764,2299,7.090208526459055,6.940208526459054,-40.103056753875386,277.29349793492327,3.6451042632295274
0.0,0.24918702340431764,2300,7.090208526459055,6.915208526459055,89.81748159541192,-310.650034490068,4.4951042632295275
0.0,0.24918702340431764,2301,7.090208526459055,7.090208526459055,-264.25883589150055,92.60216760720525,3.6451042632295274
0.0,0.24918702340431764,2302,7.090208526459055,6.915208526459055,167.65779386830982,-276.5474352338707,4.4951042632295275
0.0,0.24918702340431764,2303,7.090208526459055,7.090208526459055,-227.22377420632495,-163.24748512889363,3.6451042632295274
0.0,0.24918702340431764,2304,7.090208526459055,6.915208526459055,178.4500627444803,-282.233356565689,4.4951042632295275
0.0,0.24918702340431764,2305,7.090208526459055,6.915208526459055,-157.26371328809415,-294.55403007049557,4.4951042632295275
0.0,0.24918702340431764,2306,7.090208526459055,6.915208526459055,-289.62704733884846,-186.54848283117695,4.4951042632295275
0.0,0.24918702340431764,2307,7.090208526459055,6.915208526459055,24.805240360186907,-332.95572346974296,4.4951042632295275
0.0,0.24918702340431764,2308,7.090208526459055,6.915208526459055,112.9357073037336,-303.01807456879374,4.4951042632295275
0.0,0.24918702340431764,2309,7.090208526459055,7.090208526459055,-272.49486196870083,-63.84726818358524,3.6451042632295274
0.0,0.24918702340431764,2310,7.090208526459055,6.915208526459055,110.69415256366183,-315.0088293921751,4.4951042632295275
0.0,0.24918702340431764,2311,7.090208526459055,6.915208526459055,-62.794295838655486,-327.9240732160618,4.4951042632295275
0.0,0.24918702340431764,2312,7.090208526459055,6.915208526459055,0.30432368789988956,323.862248139482,4.4951042632295275
0.0,0.24918702340431764,2313,7.090208526459055,6.915208526459055,-75.09409003122761,-325.3298202366689,4.4951042632295275
0.0,0.24918702340431764,2314,7.090208526459055,6.915208526459055,-282.3956878235869,-197.31060522178905,4.4951042632295275
0.0,0.24918702340431764,2315,7.090208526459055,6.940208526459054,52.14939064496746,-274.78216832503864,3.6451042632295274
0.0,0.24918702340431764,2316,7.090208526459055,6.915208526459055,12.254187028319572,-333.6529651504742,4.4951042632295275
0.0,0.24918702340431764,2317,7.090208526459055,6.915208526459055,-317.3801997539878,-62.95931510996439,4.4951042632295275
0.0,0.24918702340431764,2318,7.090208526459055,6.915208526459055,-118.62043118724347,301.33837520985793,4.4951042632295275
0.0,0.24918702340431764,2319,7.090208526459055,7.090208526459055,-142.93749045127714,-187.85480295097105,3.6451042632295274
0.0,0.24918702340431764,2320,7.090208526459055,6.915208526459055,-234.35619581784573,-222.91595232325264,4.4951042632295275
0.0,0.24918702340431764,2321,7.090208526459055,6.915208526459055,98.75738836717338,-318.94948241142936,4.4951042632295275
0.0,0.24918702340431764,2322,7.090208526459055,7.090208526459055,259.9789396002675,-103.54270251408997,3.6451042632295274
0.0,0.24918702340431764,2323,7.090208526459055,6.915208526459055,323.49281748692414,9.075453062723625,4.4951042632295275
0.0,0.24918702340431764,2324,7.090208526459055,6.915208526459055,274.37285984204755,-208.30950925996055,4.4951042632295275
0.0,0.24918702340431764,2325,7.090208526459055,6.915208526459055,-238.1008667697585,219.41461126115897,4.4951042632295275
0.0,0.24918702340431764,2326,7.090208526459055,6.915208526459055,30.091092649044185,-321.9619736787227,4.4951042632295275
0.0,0.24918702340431764,2327,7.090208526459055,6.915208526459055,238.51264885502738,218.96640690785617,4.4951042632295275
0.0,0.24918702340431764,2328,7.090208526459055,6.915208526459055,266.33375487056435,-218.48244541659477,4.4951042632295275
0.0,0.24918702340431764,2329,7.090208526459055,7.090208526459055,150.2439225452146,-182.0719608421585,3.6451042632295274
0.0,0.24918702340431764,2330,7.090208526459055,6.940208526459054,-133.06460901563634,-194.96363798639027,3.6451042632295274
0.0,0.24918702340431764,2331,7.090208526459055,6.940208526459054,-27.980384414943398,278.77908390600993,3.6451042632295274
0.0,0.24918702340431764,2332,7.090208526459055,7.090208526459055,-238.0060028634427,147.6091136330828,3.6451042632295274
0.0,0.24918702340431764,2333,7.090208526459055,6.915208526459055,-249.58399984128667,-237.41659308922638,4.4951042632295275
0.0,0.24918702340431764,2334,7.090208526459055,7.090208526459055,-173.2524213740246,220.12506986979642,3.6451042632295274
0.0,0.24918702340431764,2335,7.090208526459055,6.915208526459055,257.91768425162655,-228.34579140700427,4.4951042632295275
0.0,0.24918702340431764,2336,7.090208526459055,6.940208526459054,-19.6524655313663,-235.1823695261103,3.6451042632295274
0.0,0.24918702340431764,2337,7.090208526459055,6.940208526459054,-103.79188953749427,-259.7297525768632,3.6451042632295274
0.0,0.24918702340431764,2338,7.090208526459055,6.915208526459055,141.46732540274326,291.30330876233387,4.4951042632295275
0.0,0.24918702340431764,2339,7.090208526459055,6.915208526459055,-221.22704598907683,-264.01543440040183,4.4951042632295275
0.0,0.24918702340431764,2340,7.090208526459055,6.915208526459055,-231.01079555967866,-255.5069631435175,4.4951042632295275
0.0,0.24918702340431764,2341,7.090208526459055,6.915208526459055,-179.10583016894023,-294.19655944411636,4.4951042632295275
0.0,0.24918702340431764,2342,7.090208526459055,6.915208526459055,-240.467575181768,-246.63649765580396,4.4951042632295275
0.0,0.24918702340431764,2343,7.090208526459055,6.915208526459055,249.13655999207447,-237.88558676790106,4.4951042632295275
0.0,0.24918702340431764,2344,7.090208526459055,7.090208526459055,224.6232159992471,-72.95360018408137,3.6451042632295274
0.0,0.24918702340431764,2345,7.090208526459055,6.915208526459055,-167.9035047232739,-300.72524563651825,4.4951042632295275
0.0,0.24918702340431764,2346,7.090208526459055,6.915208526459055,200.2072181149948,-280.2757955146499,4.4951042632295275
0.0,0.24918702340431764,2347,7.090208526459055,6.915208526459055,-144.8020999302149,-312.4959933856961,4.4951042632295275
0.0,0.24918702340431764,2348,7.090208526459055,7.090208526459055,-186.1291700270987,-145.25053560798847,3.6451042632295274
0.0,0.24918702340431764,2349,7.090208526459055,6.915208526459055,-156.4635306423506,-306.8279361757212,4.4951042632295275
0.0,0.24918702340431764,2350,7.090208526459055,6.915208526459055,210.61747658658828,-272.546477475903,4.4951042632295275
0.0,0.24918702340431764,2351,7.090208526459055,6.915208526459055,189.5135887141759,-287.6080618101015,4.4951042632295275
0.0,0.24918702340431764,2352,7.090208526459055,6.915208526459055,-54.82867001408318,-318.6854816507805,4.4951042632295275
0.0,0.24918702340431764,2353,7.090208526459055,7.090208526459055,159.43037826898848,-174.09584934355425,3.6451042632295274
0.0,0.24918702340431764,2354,7.090208526459055,6.915208526459055,178.55172402074095,-294.53289835924215,4.4951042632295275
0.0,0.24918702340431764,2355,7.090208526459055,6.915208526459055,-96.27612806440048,-330.670898765065,4.4951042632295275
0.0,0.24918702340431764,2356,7.090208526459055,6.915208526459055,-83.76043886238413,-334.05813400756193,4.4951042632295275
0.0,0.24918702340431764,2357,7.090208526459055,6.915208526459055,-71.12619612560388,-336.97219462079516,4.4951042632295275
0.0,0.24918702340431764,2358,7.090208526459055,6.915208526459055,-58.39128221183927,-339.40895607782926,4.4951042632295275
0.0,0.24918702340431764,2359,7.090208526459055,7.090208526459055,195.38083533323007,200.7189716642129,3.6451042632295274
0.0,0.24918702340431764,2360,7.090208526459055,6.940208526459054,40.95313921726408,-232.42457086312712,3.6451042632295274
0.0,0.24918702340431764,2361,7.090208526459055,6.915208526459055,120.27395075007557,-322.72352511229474,4.4951042632295275
0.0,0.24918702340431764,2362,7.090208526459055,6.915208526459055,108.04021879779181,-327.0190624837026,4.4951042632295275
0.0,0.24918702340431764,2363,7.090208526459055,7.090208526459055,-217.04664516592695,-93.05135447022829,3.6451042632295274
0.0,0.24918702340431764,2364,7.090208526459055,6.915208526459055,95.65356799731364,-330.85138824444994,4.4951042632295275
0.0,0.24918702340431764,2365,7.090208526459055,6.915208526459055,6.1589312995304955,-344.3364533892054,4.4951042632295275
0.0,0.24918702340431764,2366,7.090208526459055,6.915208526459055,19.116157492951174,-343.86092403993746,4.4951042632295275
0.0,0.24918702340431764,2367,7.090208526459055,6.915208526459055,-301.9732947108091,116.60053088897425,4.4951042632295275
0.0,0.24918702340431764,2368,7.090208526459055,6.915208526459055,-6.807012172426673,-344.32426029749,4.4951042632295275
0.0,0.24918702340431764,2369,7.090208526459055,6.915208526459055,32.04632690308969,-342.89834530830433,4.4951042632295275
0.0,0.24918702340431764,2370,7.090208526459055,6.915208526459055,-135.96732686254143,-293.4145525899161,4.4951042632295275
0.0,0.24918702340431764,2371,7.090208526459055,6.940208526459054,121.55579601374784,-251.91344665753394,3.6451042632295274
0.0,0.24918702340431764,2372,7.090208526459055,6.915208526459055,-207.72937745604315,-247.89192540972317,4.4951042632295275
0.0,0.24918702340431764,2373,7.090208526459055,6.915208526459055,-168.1780924814174,-276.23161727797407,4.4951042632295275
0.0,0.24918702340431764,2374,7.090208526459055,6.940208526459054,15.804449823976567,-279.2360983409675,3.6451042632295274
0.0,0.24918702340431764,2375,7.090208526459055,6.940208526459054,98.85810761203247,-214.32320584239906,3.6451042632295274
0.0,0.24918702340431764,2376,7.090208526459055,6.915208526459055,-265.1659527685474,-185.25694071951892,4.4951042632295275
0.0,0.24918702340431764,2377,7.090208526459055,6.940208526459054,-78.96209727593808,-222.41474003837672,3.6451042632295274
0.0,0.24918702340431764,2378,7.090208526459055,7.090208526459055,-265.8715625894046,-87.3528539100763,3.6451042632295274
0.0,0.24918702340431764,2379,7.090208526459055,6.915208526459055,257.6326195154135,-195.5847714706511,4.4951042632295275
0.0,0.24918702340431764,2380,7.090208526459055,7.090208526459055,198.57424168015058,-127.74498378894947,3.6451042632295274
0.0,0.24918702340431764,2381,7.090208526459055,7.090208526459055,-195.38083533323024,-200.2205976174041,3.6451042632295274
0.0,0.24918702340431764,2382,7.090208526459055,6.915208526459055,-304.31610009350464,-109.82904498322506,4.4951042632295275
0.0,0.24918702340431764,2383,7.090208526459055,6.915208526459055,322.4284763327046,-27.416379798835752,4.4951042632295275
0.0,0.24918702340431764,2384,7.090208526459055,6.915208526459055,310.04066092274905,92.98695986926359,4.4951042632295275
0.0,0.24918702340431764,2385,7.090208526459055,7.090208526459055,279.15714465975594,-20.561722491920086,3.6451042632295274
0.0,0.24918702340431764,2386,7.090208526459055,7.090208526459055,269.43965913160577,76.17069554692502,3.6451042632295274
0.0,0.24918702340431764,2387,7.090208526459055,7.090208526459055,268.0357004691238,-80.48908545916176,3.6451042632295274
0.0,0.24918702340431764,2388,7.090208526459055,6.940208526459054,45.06186600776963,276.53026419182123,3.6451042632295274
0.0,0.24918702340431764,2389,7.090208526459055,7.090208526459055,163.49667215229792,-226.97458718292063,3.6451042632295274
0.0,0.24918702340431764,2390,7.090208526459055,6.915208526459055,-90.40205756616066,-310.4805571686023,4.4951042632295275
0.0,0.24918702340431764,2391,7.090208526459055,6.915208526459055,84.54097983038739,312.6244880110837,4.4951042632295275
0.0,0.24918702340431764,2392,7.090208526459055,6.915208526459055,-192.91371092804644,260.075679271203,4.4951042632295275
0.0,0.24918702340431764,2393,7.090208526459055,6.915208526459055,-322.47993906435613,-26.80991197997034,4.4951042632295275
0.0,0.24918702340431764,2394,7.090208526459055,6.915208526459055,-172.8349007723638,273.843052109653,4.4951042632295275
0.0,0.24918702340431764,2395,7.090208526459055,6.040208526459055,126.05558764178579,250.19276904488171,3.6451042632295274
0.0,0.24918702340431764,2396,7.090208526459055,6.615208526459055,60.818392122869646,318.09605127947043,4.4951042632295275
0.0,0.24918702340431764,2397,7.090208526459055,7.090208526459055,-182.67837476464194,212.3586322699373,3.6451042632295274
0.0,0.24918702340431764,2398,7.090208526459055,6.940208526459054,-32.9677657695008,-277.73450276722036,3.6451042632295274
0.0,0.24918702340431764,2399,7.090208526459055,6.340208526459055,-110.44092223290973,257.47400710456856,3.6451042632295274
0.0,0.24918702340431764,2400,7.090208526459055,6.915208526459055,-289.9813239033333,-143.4043466090663,4.4951042632295275
0.0,0.24918702340431764,2401,7.090208526459055,6.490208526459055,186.45050687954839,209.05056118986525,3.6451042632295274
0.0,0.24918702340431764,2402,7.090208526459055,6.915208526459055,197.7671269671746,-255.90246616074887,4.4951042632295275
0.0,0.24918702340431764,2403,7.090208526459055,6.015208526459055,-6.391697699492485,-323.30088968550876,4.4951042632295275
0.0,0.24918702340431764,2404,7.090208526459055,6.615208526459055,287.2277737211281,149.33208993661475,4.4951042632295275
