1745 0 0
107.250000000 11.664000000 6.000000000 6.000000000 4.000000000
105.360000000 23.191000000 6.000000000 6.000000000 4.000000000
102.235000000 34.447000000 6.000000000 6.000000000 4.000000000
97.911000000 45.299000000 6.000000000 6.000000000 4.000000000
92.440000000 55.619000000 6.000000000 6.000000000 4.000000000
85.884000000 65.288000000 6.000000000 6.000000000 4.000000000
78.322000000 74.191000000 6.000000000 6.000000000 4.000000000
69.841000000 82.224000000 6.000000000 6.000000000 4.000000000
60.542000000 89.293000000 6.000000000 6.000000000 4.000000000
50.533000000 95.315000000 6.000000000 6.000000000 4.000000000
39.931000000 100.220000000 6.000000000 6.000000000 4.000000000
28.862000000 103.950000000 6.000000000 6.000000000 4.000000000
17.453000000 106.461000000 6.000000000 6.000000000 4.000000000
5.841000000 107.724000000 6.000000000 6.000000000 4.000000000
-5.841000000 107.724000000 6.000000000 6.000000000 4.000000000
-17.453000000 106.461000000 6.000000000 6.000000000 4.000000000
-28.862000000 103.950000000 6.000000000 6.000000000 4.000000000
-39.931000000 100.220000000 6.000000000 6.000000000 4.000000000
-50.533000000 95.315000000 6.000000000 6.000000000 4.000000000
-60.542000000 89.293000000 6.000000000 6.000000000 4.000000000
-69.841000000 82.224000000 6.000000000 6.000000000 4.000000000
-78.322000000 74.191000000 6.000000000 6.000000000 4.000000000
-85.884000000 65.288000000 6.000000000 6.000000000 4.000000000
-92.440000000 55.619000000 6.000000000 6.000000000 4.000000000
-97.911000000 45.299000000 6.000000000 6.000000000 4.000000000
-102.235000000 34.447000000 6.000000000 6.000000000 4.000000000
-105.360000000 23.191000000 6.000000000 6.000000000 4.000000000
-107.250000000 11.664000000 6.000000000 6.000000000 4.000000000
-107.882000000 0.000000000 6.000000000 6.000000000 4.000000000
-107.250000000 -11.664000000 6.000000000 6.000000000 4.000000000
-105.360000000 -23.191000000 6.000000000 6.000000000 4.000000000
-102.235000000 -34.447000000 6.000000000 6.000000000 4.000000000
-97.911000000 -45.299000000 6.000000000 6.000000000 4.000000000
-92.440000000 -55.619000000 6.000000000 6.000000000 4.000000000
-85.884000000 -65.288000000 6.000000000 6.000000000 4.000000000
-78.322000000 -74.191000000 6.000000000 6.000000000 4.000000000
-69.841000000 -82.224000000 6.000000000 6.000000000 4.000000000
-60.542000000 -89.293000000 6.000000000 6.000000000 4.000000000
-50.533000000 -95.315000000 6.000000000 6.000000000 4.000000000
-39.931000000 -100.220000000 6.000000000 6.000000000 4.000000000
-28.862000000 -103.950000000 6.000000000 6.000000000 4.000000000
-17.453000000 -106.461000000 6.000000000 6.000000000 4.000000000
-5.841000000 -107.724000000 6.000000000 6.000000000 4.000000000
5.841000000 -107.724000000 6.000000000 6.000000000 4.000000000
17.453000000 -106.461000000 6.000000000 6.000000000 4.000000000
28.862000000 -103.950000000 6.000000000 6.000000000 4.000000000
39.931000000 -100.220000000 6.000000000 6.000000000 4.000000000
50.533000000 -95.315000000 6.000000000 6.000000000 4.000000000
60.542000000 -89.293000000 6.000000000 6.000000000 4.000000000
69.841000000 -82.224000000 6.000000000 6.000000000 4.000000000
78.322000000 -74.191000000 6.000000000 6.000000000 4.000000000
85.884000000 -65.288000000 6.000000000 6.000000000 4.000000000
92.440000000 -55.619000000 6.000000000 6.000000000 4.000000000
97.911000000 -45.299000000 6.000000000 6.000000000 4.000000000
102.235000000 -34.447000000 6.000000000 6.000000000 4.000000000
105.360000000 -23.191000000 6.000000000 6.000000000 4.000000000
107.250000000 -11.664000000 6.000000000 6.000000000 4.000000000
107.882000000 0.000000000 6.000000000 6.000000000 4.000000000
121.217000000 6.050000000 6.000000000 6.000000000 4.000000000
120.012000000 18.089000000 6.000000000 6.000000000 4.000000000
117.615000000 29.948000000 6.000000000 6.000000000 4.000000000
114.048000000 41.510000000 6.000000000 6.000000000 4.000000000
109.348000000 52.659000000 6.000000000 6.000000000 4.000000000
103.562000000 63.285000000 6.000000000 6.000000000 4.000000000
96.746000000 73.282000000 6.000000000 6.000000000 4.000000000
88.969000000 82.551000000 6.000000000 6.000000000 4.000000000
80.307000000 90.999000000 6.000000000 6.000000000 4.000000000
70.848000000 98.543000000 6.000000000 6.000000000 4.000000000
60.684000000 105.107000000 6.000000000 6.000000000 4.000000000
49.917000000 110.627000000 6.000000000 6.000000000 4.000000000
38.654000000 115.048000000 6.000000000 6.000000000 4.000000000
27.007000000 118.325000000 6.000000000 6.000000000 4.000000000
15.091000000 120.426000000 6.000000000 6.000000000 4.000000000
3.026000000 121.330000000 6.000000000 6.000000000 4.000000000
-9.070000000 121.028000000 6.000000000 6.000000000 4.000000000
-21.075000000 119.524000000 6.000000000 6.000000000 4.000000000
-32.871000000 116.831000000 6.000000000 6.000000000 4.000000000
-44.341000000 112.978000000 6.000000000 6.000000000 4.000000000
-55.369000000 108.002000000 6.000000000 6.000000000 4.000000000
-65.848000000 101.952000000 6.000000000 6.000000000 4.000000000
-75.671000000 94.889000000 6.000000000 6.000000000 4.000000000
-84.743000000 86.883000000 6.000000000 6.000000000 4.000000000
-92.973000000 78.014000000 6.000000000 6.000000000 4.000000000
-100.279000000 68.369000000 6.000000000 6.000000000 4.000000000
-106.588000000 58.045000000 6.000000000 6.000000000 4.000000000
-111.837000000 47.143000000 6.000000000 6.000000000 4.000000000
-115.976000000 35.774000000 6.000000000 6.000000000 4.000000000
-118.961000000 24.049000000 6.000000000 6.000000000 4.000000000
-120.764000000 12.084000000 6.000000000 6.000000000 4.000000000
-121.368000000 0.000000000 6.000000000 6.000000000 4.000000000
-120.764000000 -12.084000000 6.000000000 6.000000000 4.000000000
-118.961000000 -24.049000000 6.000000000 6.000000000 4.000000000
-115.976000000 -35.774000000 6.000000000 6.000000000 4.000000000
-111.837000000 -47.143000000 6.000000000 6.000000000 4.000000000
-106.588000000 -58.045000000 6.000000000 6.000000000 4.000000000
-100.279000000 -68.369000000 6.000000000 6.000000000 4.000000000
-92.973000000 -78.014000000 6.000000000 6.000000000 4.000000000
-84.743000000 -86.883000000 6.000000000 6.000000000 4.000000000
-75.671000000 -94.889000000 6.000000000 6.000000000 4.000000000
-65.848000000 -101.952000000 6.000000000 6.000000000 4.000000000
-55.369000000 -108.002000000 6.000000000 6.000000000 4.000000000
-44.341000000 -112.978000000 6.000000000 6.000000000 4.000000000
-32.871000000 -116.831000000 6.000000000 6.000000000 4.000000000
-21.075000000 -119.524000000 6.000000000 6.000000000 4.000000000
-9.070000000 -121.028000000 6.000000000 6.000000000 4.000000000
3.026000000 -121.330000000 6.000000000 6.000000000 4.000000000
15.091000000 -120.426000000 6.000000000 6.000000000 4.000000000
27.007000000 -118.325000000 6.000000000 6.000000000 4.000000000
38.654000000 -115.048000000 6.000000000 6.000000000 4.000000000
49.917000000 -110.627000000 6.000000000 6.000000000 4.000000000
60.684000000 -105.107000000 6.000000000 6.000000000 4.000000000
70.848000000 -98.543000000 6.000000000 6.000000000 4.000000000
80.307000000 -90.999000000 6.000000000 6.000000000 4.000000000
88.969000000 -82.551000000 6.000000000 6.000000000 4.000000000
96.746000000 -73.282000000 6.000000000 6.000000000 4.000000000
103.562000000 -63.285000000 6.000000000 6.000000000 4.000000000
109.348000000 -52.659000000 6.000000000 6.000000000 4.000000000
114.048000000 -41.510000000 6.000000000 6.000000000 4.000000000
117.615000000 -29.948000000 6.000000000 6.000000000 4.000000000
120.012000000 -18.089000000 6.000000000 6.000000000 4.000000000
121.217000000 -6.050000000 6.000000000 6.000000000 4.000000000
134.294000000 12.263000000 6.000000000 6.000000000 4.000000000
132.623000000 24.424000000 6.000000000 6.000000000 4.000000000
129.852000000 36.383000000 6.000000000 6.000000000 4.000000000
126.006000000 48.040000000 6.000000000 6.000000000 4.000000000
121.115000000 59.299000000 6.000000000 6.000000000 4.000000000
115.221000000 70.067000000 6.000000000 6.000000000 4.000000000
108.372000000 80.255000000 6.000000000 6.000000000 4.000000000
100.625000000 89.777000000 6.000000000 6.000000000 4.000000000
92.044000000 98.555000000 6.000000000 6.000000000 4.000000000
82.701000000 106.517000000 6.000000000 6.000000000 4.000000000
72.672000000 113.596000000 6.000000000 6.000000000 4.000000000
62.041000000 119.734000000 6.000000000 6.000000000 4.000000000
50.896000000 124.879000000 6.000000000 6.000000000 4.000000000
39.329000000 128.990000000 6.000000000 6.000000000 4.000000000
27.437000000 132.032000000 6.000000000 6.000000000 4.000000000
15.317000000 133.980000000 6.000000000 6.000000000 4.000000000
3.070000000 134.818000000 6.000000000 6.000000000 4.000000000
-9.203000000 134.538000000 6.000000000 6.000000000 4.000000000
-21.399000000 133.144000000 6.000000000 6.000000000 4.000000000
-33.418000000 130.647000000 6.000000000 6.000000000 4.000000000
-45.159000000 127.067000000 6.000000000 6.000000000 4.000000000
-56.527000000 122.434000000 6.000000000 6.000000000 4.000000000
-67.426000000 116.786000000 6.000000000 6.000000000 4.000000000
-77.767000000 110.171000000 6.000000000 6.000000000 4.000000000
-87.463000000 102.643000000 6.000000000 6.000000000 4.000000000
-96.435000000 94.264000000 6.000000000 6.000000000 4.000000000
-104.607000000 85.104000000 6.000000000 6.000000000 4.000000000
-111.912000000 75.239000000 6.000000000 6.000000000 4.000000000
-118.291000000 64.751000000 6.000000000 6.000000000 4.000000000
-123.689000000 53.726000000 6.000000000 6.000000000 4.000000000
-128.062000000 42.255000000 6.000000000 6.000000000 4.000000000
-131.373000000 30.435000000 6.000000000 6.000000000 4.000000000
-133.597000000 18.362000000 6.000000000 6.000000000 4.000000000
-134.713000000 6.138000000 6.000000000 6.000000000 4.000000000
-134.713000000 -6.138000000 6.000000000 6.000000000 4.000000000
-133.597000000 -18.362000000 6.000000000 6.000000000 4.000000000
-131.373000000 -30.435000000 6.000000000 6.000000000 4.000000000
-128.062000000 -42.255000000 6.000000000 6.000000000 4.000000000
-123.689000000 -53.726000000 6.000000000 6.000000000 4.000000000
-118.291000000 -64.751000000 6.000000000 6.000000000 4.000000000
-111.912000000 -75.239000000 6.000000000 6.000000000 4.000000000
-104.607000000 -85.104000000 6.000000000 6.000000000 4.000000000
-96.435000000 -94.264000000 6.000000000 6.000000000 4.000000000
-87.463000000 -102.643000000 6.000000000 6.000000000 4.000000000
-77.767000000 -110.171000000 6.000000000 6.000000000 4.000000000
-67.426000000 -116.786000000 6.000000000 6.000000000 4.000000000
-56.527000000 -122.434000000 6.000000000 6.000000000 4.000000000
-45.159000000 -127.067000000 6.000000000 6.000000000 4.000000000
-33.418000000 -130.647000000 6.000000000 6.000000000 4.000000000
-21.399000000 -133.144000000 6.000000000 6.000000000 4.000000000
-9.203000000 -134.538000000 6.000000000 6.000000000 4.000000000
3.070000000 -134.818000000 6.000000000 6.000000000 4.000000000
15.317000000 -133.980000000 6.000000000 6.000000000 4.000000000
27.437000000 -132.032000000 6.000000000 6.000000000 4.000000000
39.329000000 -128.990000000 6.000000000 6.000000000 4.000000000
50.896000000 -124.879000000 6.000000000 6.000000000 4.000000000
62.041000000 -119.734000000 6.000000000 6.000000000 4.000000000
72.672000000 -113.596000000 6.000000000 6.000000000 4.000000000
82.701000000 -106.517000000 6.000000000 6.000000000 4.000000000
92.044000000 -98.555000000 6.000000000 6.000000000 4.000000000
100.625000000 -89.777000000 6.000000000 6.000000000 4.000000000
108.372000000 -80.255000000 6.000000000 6.000000000 4.000000000
115.221000000 -70.067000000 6.000000000 6.000000000 4.000000000
121.115000000 -59.299000000 6.000000000 6.000000000 4.000000000
126.006000000 -48.040000000 6.000000000 6.000000000 4.000000000
129.852000000 -36.383000000 6.000000000 6.000000000 4.000000000
132.623000000 -24.424000000 6.000000000 6.000000000 4.000000000
134.294000000 -12.263000000 6.000000000 6.000000000 4.000000000
134.853000000 0.000000000 6.000000000 6.000000000 4.000000000
148.218000000 5.973000000 6.000000000 6.000000000 4.000000000
147.257000000 17.880000000 6.000000000 6.000000000 4.000000000
145.340000000 29.671000000 6.000000000 6.000000000 4.000000000
142.481000000 41.270000000 6.000000000 6.000000000 4.000000000
138.699000000 52.601000000 6.000000000 6.000000000 4.000000000
134.016000000 63.591000000 6.000000000 6.000000000 4.000000000
128.465000000 74.169000000 6.000000000 6.000000000 4.000000000
122.080000000 84.266000000 6.000000000 6.000000000 4.000000000
114.903000000 93.816000000 6.000000000 6.000000000 4.000000000
106.982000000 102.757000000 6.000000000 6.000000000 4.000000000
98.366000000 111.033000000 6.000000000 6.000000000 4.000000000
89.113000000 118.588000000 6.000000000 6.000000000 4.000000000
79.282000000 125.374000000 6.000000000 6.000000000 4.000000000
68.936000000 131.347000000 6.000000000 6.000000000 4.000000000
58.144000000 136.468000000 6.000000000 6.000000000 4.000000000
46.974000000 140.704000000 6.000000000 6.000000000 4.000000000
35.500000000 144.028000000 6.000000000 6.000000000 4.000000000
23.795000000 146.417000000 6.000000000 6.000000000 4.000000000
11.936000000 147.857000000 6.000000000 6.000000000 4.000000000
0.000000000 148.338000000 6.000000000 6.000000000 4.000000000
-11.936000000 147.857000000 6.000000000 6.000000000 4.000000000
-23.795000000 146.417000000 6.000000000 6.000000000 4.000000000
-35.500000000 144.028000000 6.000000000 6.000000000 4.000000000
-46.974000000 140.704000000 6.000000000 6.000000000 4.000000000
-58.144000000 136.468000000 6.000000000 6.000000000 4.000000000
-68.936000000 131.347000000 6.000000000 6.000000000 4.000000000
-79.282000000 125.374000000 6.000000000 6.000000000 4.000000000
-89.113000000 118.588000000 6.000000000 6.000000000 4.000000000
-98.366000000 111.033000000 6.000000000 6.000000000 4.000000000
-106.982000000 102.757000000 6.000000000 6.000000000 4.000000000
-114.903000000 93.816000000 6.000000000 6.000000000 4.000000000
-122.080000000 84.266000000 6.000000000 6.000000000 4.000000000
-128.465000000 74.169000000 6.000000000 6.000000000 4.000000000
-134.016000000 63.591000000 6.000000000 6.000000000 4.000000000
-138.699000000 52.601000000 6.000000000 6.000000000 4.000000000
-142.481000000 41.270000000 6.000000000 6.000000000 4.000000000
-145.340000000 29.671000000 6.000000000 6.000000000 4.000000000
-147.257000000 17.880000000 6.000000000 6.000000000 4.000000000
-148.218000000 5.973000000 6.000000000 6.000000000 4.000000000
-148.218000000 -5.973000000 6.000000000 6.000000000 4.000000000
-147.257000000 -17.880000000 6.000000000 6.000000000 4.000000000
-145.340000000 -29.671000000 6.000000000 6.000000000 4.000000000
-142.481000000 -41.270000000 6.000000000 6.000000000 4.000000000
-138.699000000 -52.601000000 6.000000000 6.000000000 4.000000000
-134.016000000 -63.591000000 6.000000000 6.000000000 4.000000000
-128.465000000 -74.169000000 6.000000000 6.000000000 4.000000000
-122.080000000 -84.266000000 6.000000000 6.000000000 4.000000000
-114.903000000 -93.816000000 6.000000000 6.000000000 4.000000000
-106.982000000 -102.757000000 6.000000000 6.000000000 4.000000000
-98.366000000 -111.033000000 6.000000000 6.000000000 4.000000000
-89.113000000 -118.588000000 6.000000000 6.000000000 4.000000000
-79.282000000 -125.374000000 6.000000000 6.000000000 4.000000000
-68.936000000 -131.347000000 6.000000000 6.000000000 4.000000000
-58.144000000 -136.468000000 6.000000000 6.000000000 4.000000000
-46.974000000 -140.704000000 6.000000000 6.000000000 4.000000000
-35.500000000 -144.028000000 6.000000000 6.000000000 4.000000000
-23.795000000 -146.417000000 6.000000000 6.000000000 4.000000000
-11.936000000 -147.857000000 6.000000000 6.000000000 4.000000000
0.000000000 -148.338000000 6.000000000 6.000000000 4.000000000
11.936000000 -147.857000000 6.000000000 6.000000000 4.000000000
23.795000000 -146.417000000 6.000000000 6.000000000 4.000000000
35.500000000 -144.028000000 6.000000000 6.000000000 4.000000000
46.974000000 -140.704000000 6.000000000 6.000000000 4.000000000
58.144000000 -136.468000000 6.000000000 6.000000000 4.000000000
68.936000000 -131.347000000 6.000000000 6.000000000 4.000000000
79.282000000 -125.374000000 6.000000000 6.000000000 4.000000000
89.113000000 -118.588000000 6.000000000 6.000000000 4.000000000
98.366000000 -111.033000000 6.000000000 6.000000000 4.000000000
106.982000000 -102.757000000 6.000000000 6.000000000 4.000000000
114.903000000 -93.816000000 6.000000000 6.000000000 4.000000000
122.080000000 -84.266000000 6.000000000 6.000000000 4.000000000
128.465000000 -74.169000000 6.000000000 6.000000000 4.000000000
134.016000000 -63.591000000 6.000000000 6.000000000 4.000000000
138.699000000 -52.601000000 6.000000000 6.000000000 4.000000000
142.481000000 -41.270000000 6.000000000 6.000000000 4.000000000
145.340000000 -29.671000000 6.000000000 6.000000000 4.000000000
147.257000000 -17.880000000 6.000000000 6.000000000 4.000000000
148.218000000 -5.973000000 6.000000000 6.000000000 4.000000000
161.325000000 12.697000000 6.000000000 6.000000000 4.000000000
159.831000000 25.315000000 6.000000000 6.000000000 4.000000000
157.352000000 37.777000000 6.000000000 6.000000000 4.000000000
153.903000000 50.006000000 6.000000000 6.000000000 4.000000000
149.505000000 61.927000000 6.000000000 6.000000000 4.000000000
144.186000000 73.466000000 6.000000000 6.000000000 4.000000000
137.977000000 84.552000000 6.000000000 6.000000000 4.000000000
130.918000000 95.117000000 6.000000000 6.000000000 4.000000000
123.051000000 105.096000000 6.000000000 6.000000000 4.000000000
114.426000000 114.426000000 6.000000000 6.000000000 4.000000000
105.096000000 123.051000000 6.000000000 6.000000000 4.000000000
95.117000000 130.918000000 6.000000000 6.000000000 4.000000000
84.552000000 137.977000000 6.000000000 6.000000000 4.000000000
73.466000000 144.186000000 6.000000000 6.000000000 4.000000000
61.927000000 149.505000000 6.000000000 6.000000000 4.000000000
50.006000000 153.903000000 6.000000000 6.000000000 4.000000000
37.777000000 157.352000000 6.000000000 6.000000000 4.000000000
25.315000000 159.831000000 6.000000000 6.000000000 4.000000000
12.697000000 161.325000000 6.000000000 6.000000000 4.000000000
0.000000000 161.823000000 6.000000000 6.000000000 4.000000000
-12.697000000 161.325000000 6.000000000 6.000000000 4.000000000
-25.315000000 159.831000000 6.000000000 6.000000000 4.000000000
-37.777000000 157.352000000 6.000000000 6.000000000 4.000000000
-50.006000000 153.903000000 6.000000000 6.000000000 4.000000000
-61.927000000 149.505000000 6.000000000 6.000000000 4.000000000
-73.466000000 144.186000000 6.000000000 6.000000000 4.000000000
-84.552000000 137.977000000 6.000000000 6.000000000 4.000000000
-95.117000000 130.918000000 6.000000000 6.000000000 4.000000000
-105.096000000 123.051000000 6.000000000 6.000000000 4.000000000
-114.426000000 114.426000000 6.000000000 6.000000000 4.000000000
-123.051000000 105.096000000 6.000000000 6.000000000 4.000000000
-130.918000000 95.117000000 6.000000000 6.000000000 4.000000000
-137.977000000 84.552000000 6.000000000 6.000000000 4.000000000
-144.186000000 73.466000000 6.000000000 6.000000000 4.000000000
-149.505000000 61.927000000 6.000000000 6.000000000 4.000000000
-153.903000000 50.006000000 6.000000000 6.000000000 4.000000000
-157.352000000 37.777000000 6.000000000 6.000000000 4.000000000
-159.831000000 25.315000000 6.000000000 6.000000000 4.000000000
-161.325000000 12.697000000 6.000000000 6.000000000 4.000000000
-161.823000000 0.000000000 6.000000000 6.000000000 4.000000000
-161.325000000 -12.697000000 6.000000000 6.000000000 4.000000000
-159.831000000 -25.315000000 6.000000000 6.000000000 4.000000000
-157.352000000 -37.777000000 6.000000000 6.000000000 4.000000000
-153.903000000 -50.006000000 6.000000000 6.000000000 4.000000000
-149.505000000 -61.927000000 6.000000000 6.000000000 4.000000000
-144.186000000 -73.466000000 6.000000000 6.000000000 4.000000000
-137.977000000 -84.552000000 6.000000000 6.000000000 4.000000000
-130.918000000 -95.117000000 6.000000000 6.000000000 4.000000000
-123.051000000 -105.096000000 6.000000000 6.000000000 4.000000000
-114.426000000 -114.426000000 6.000000000 6.000000000 4.000000000
-105.096000000 -123.051000000 6.000000000 6.000000000 4.000000000
-95.117000000 -130.918000000 6.000000000 6.000000000 4.000000000
-84.552000000 -137.977000000 6.000000000 6.000000000 4.000000000
-73.466000000 -144.186000000 6.000000000 6.000000000 4.000000000
-61.927000000 -149.505000000 6.000000000 6.000000000 4.000000000
-50.006000000 -153.903000000 6.000000000 6.000000000 4.000000000
-37.777000000 -157.352000000 6.000000000 6.000000000 4.000000000
-25.315000000 -159.831000000 6.000000000 6.000000000 4.000000000
-12.697000000 -161.325000000 6.000000000 6.000000000 4.000000000
0.000000000 -161.823000000 6.000000000 6.000000000 4.000000000
12.697000000 -161.325000000 6.000000000 6.000000000 4.000000000
25.315000000 -159.831000000 6.000000000 6.000000000 4.000000000
37.777000000 -157.352000000 6.000000000 6.000000000 4.000000000
50.006000000 -153.903000000 6.000000000 6.000000000 4.000000000
61.927000000 -149.505000000 6.000000000 6.000000000 4.000000000
73.466000000 -144.186000000 6.000000000 6.000000000 4.000000000
84.552000000 -137.977000000 6.000000000 6.000000000 4.000000000
95.117000000 -130.918000000 6.000000000 6.000000000 4.000000000
105.096000000 -123.051000000 6.000000000 6.000000000 4.000000000
114.426000000 -114.426000000 6.000000000 6.000000000 4.000000000
123.051000000 -105.096000000 6.000000000 6.000000000 4.000000000
130.918000000 -95.117000000 6.000000000 6.000000000 4.000000000
137.977000000 -84.552000000 6.000000000 6.000000000 4.000000000
144.186000000 -73.466000000 6.000000000 6.000000000 4.000000000
149.505000000 -61.927000000 6.000000000 6.000000000 4.000000000
153.903000000 -50.006000000 6.000000000 6.000000000 4.000000000
157.352000000 -37.777000000 6.000000000 6.000000000 4.000000000
159.831000000 -25.315000000 6.000000000 6.000000000 4.000000000
161.325000000 -12.697000000 6.000000000 6.000000000 4.000000000
161.823000000 0.000000000 6.000000000 6.000000000 4.000000000
175.186000000 6.555000000 6.000000000 6.000000000 4.000000000
174.206000000 19.628000000 6.000000000 6.000000000 4.000000000
172.252000000 32.592000000 6.000000000 6.000000000 4.000000000
169.335000000 45.373000000 6.000000000 6.000000000 4.000000000
165.471000000 57.901000000 6.000000000 6.000000000 4.000000000
160.681000000 70.105000000 6.000000000 6.000000000 4.000000000
154.993000000 81.916000000 6.000000000 6.000000000 4.000000000
148.438000000 93.270000000 6.000000000 6.000000000 4.000000000
141.053000000 104.102000000 6.000000000 6.000000000 4.000000000
132.879000000 114.352000000 6.000000000 6.000000000 4.000000000
123.962000000 123.962000000 6.000000000 6.000000000 4.000000000
114.352000000 132.879000000 6.000000000 6.000000000 4.000000000
104.102000000 141.053000000 6.000000000 6.000000000 4.000000000
93.270000000 148.438000000 6.000000000 6.000000000 4.000000000
81.916000000 154.993000000 6.000000000 6.000000000 4.000000000
70.105000000 160.681000000 6.000000000 6.000000000 4.000000000
57.901000000 165.471000000 6.000000000 6.000000000 4.000000000
45.373000000 169.335000000 6.000000000 6.000000000 4.000000000
32.592000000 172.252000000 6.000000000 6.000000000 4.000000000
19.628000000 174.206000000 6.000000000 6.000000000 4.000000000
6.555000000 175.186000000 6.000000000 6.000000000 4.000000000
-6.555000000 175.186000000 6.000000000 6.000000000 4.000000000
-19.628000000 174.206000000 6.000000000 6.000000000 4.000000000
-32.592000000 172.252000000 6.000000000 6.000000000 4.000000000
-45.373000000 169.335000000 6.000000000 6.000000000 4.000000000
-57.901000000 165.471000000 6.000000000 6.000000000 4.000000000
-70.105000000 160.681000000 6.000000000 6.000000000 4.000000000
-81.916000000 154.993000000 6.000000000 6.000000000 4.000000000
-93.270000000 148.438000000 6.000000000 6.000000000 4.000000000
-104.102000000 141.053000000 6.000000000 6.000000000 4.000000000
-114.352000000 132.879000000 6.000000000 6.000000000 4.000000000
-123.962000000 123.962000000 6.000000000 6.000000000 4.000000000
-132.879000000 114.352000000 6.000000000 6.000000000 4.000000000
-141.053000000 104.102000000 6.000000000 6.000000000 4.000000000
-148.438000000 93.270000000 6.000000000 6.000000000 4.000000000
-154.993000000 81.916000000 6.000000000 6.000000000 4.000000000
-160.681000000 70.105000000 6.000000000 6.000000000 4.000000000
-165.471000000 57.901000000 6.000000000 6.000000000 4.000000000
-169.335000000 45.373000000 6.000000000 6.000000000 4.000000000
-172.252000000 32.592000000 6.000000000 6.000000000 4.000000000
-174.206000000 19.628000000 6.000000000 6.000000000 4.000000000
-175.186000000 6.555000000 6.000000000 6.000000000 4.000000000
-175.186000000 -6.555000000 6.000000000 6.000000000 4.000000000
-174.206000000 -19.628000000 6.000000000 6.000000000 4.000000000
-172.252000000 -32.592000000 6.000000000 6.000000000 4.000000000
-169.335000000 -45.373000000 6.000000000 6.000000000 4.000000000
-165.471000000 -57.901000000 6.000000000 6.000000000 4.000000000
-160.681000000 -70.105000000 6.000000000 6.000000000 4.000000000
-154.993000000 -81.916000000 6.000000000 6.000000000 4.000000000
-148.438000000 -93.270000000 6.000000000 6.000000000 4.000000000
-141.053000000 -104.102000000 6.000000000 6.000000000 4.000000000
-132.879000000 -114.352000000 6.000000000 6.000000000 4.000000000
-123.962000000 -123.962000000 6.000000000 6.000000000 4.000000000
-114.352000000 -132.879000000 6.000000000 6.000000000 4.000000000
-104.102000000 -141.053000000 6.000000000 6.000000000 4.000000000
-93.270000000 -148.438000000 6.000000000 6.000000000 4.000000000
-81.916000000 -154.993000000 6.000000000 6.000000000 4.000000000
-70.105000000 -160.681000000 6.000000000 6.000000000 4.000000000
-57.901000000 -165.471000000 6.000000000 6.000000000 4.000000000
-45.373000000 -169.335000000 6.000000000 6.000000000 4.000000000
-32.592000000 -172.252000000 6.000000000 6.000000000 4.000000000
-19.628000000 -174.206000000 6.000000000 6.000000000 4.000000000
-6.555000000 -175.186000000 6.000000000 6.000000000 4.000000000
6.555000000 -175.186000000 6.000000000 6.000000000 4.000000000
19.628000000 -174.206000000 6.000000000 6.000000000 4.000000000
32.592000000 -172.252000000 6.000000000 6.000000000 4.000000000
45.373000000 -169.335000000 6.000000000 6.000000000 4.000000000
57.901000000 -165.471000000 6.000000000 6.000000000 4.000000000
70.105000000 -160.681000000 6.000000000 6.000000000 4.000000000
81.916000000 -154.993000000 6.000000000 6.000000000 4.000000000
93.270000000 -148.438000000 6.000000000 6.000000000 4.000000000
104.102000000 -141.053000000 6.000000000 6.000000000 4.000000000
114.352000000 -132.879000000 6.000000000 6.000000000 4.000000000
123.962000000 -123.962000000 6.000000000 6.000000000 4.000000000
132.879000000 -114.352000000 6.000000000 6.000000000 4.000000000
141.053000000 -104.102000000 6.000000000 6.000000000 4.000000000
148.438000000 -93.270000000 6.000000000 6.000000000 4.000000000
154.993000000 -81.916000000 6.000000000 6.000000000 4.000000000
160.681000000 -70.105000000 6.000000000 6.000000000 4.000000000
165.471000000 -57.901000000 6.000000000 6.000000000 4.000000000
169.335000000 -45.373000000 6.000000000 6.000000000 4.000000000
172.252000000 -32.592000000 6.000000000 6.000000000 4.000000000
174.206000000 -19.628000000 6.000000000 6.000000000 4.000000000
175.186000000 -6.555000000 6.000000000 6.000000000 4.000000000
188.390000000 12.348000000 6.000000000 6.000000000 4.000000000
187.179000000 24.643000000 6.000000000 6.000000000 4.000000000
185.166000000 36.832000000 6.000000000 6.000000000 4.000000000
182.361000000 48.863000000 6.000000000 6.000000000 4.000000000
178.775000000 60.686000000 6.000000000 6.000000000 4.000000000
174.423000000 72.248000000 6.000000000 6.000000000 4.000000000
169.324000000 83.501000000 6.000000000 6.000000000 4.000000000
163.500000000 94.397000000 6.000000000 6.000000000 4.000000000
156.976000000 104.888000000 6.000000000 6.000000000 4.000000000
149.780000000 114.930000000 6.000000000 6.000000000 4.000000000
141.943000000 124.480000000 6.000000000 6.000000000 4.000000000
133.497000000 133.497000000 6.000000000 6.000000000 4.000000000
124.480000000 141.943000000 6.000000000 6.000000000 4.000000000
114.930000000 149.780000000 6.000000000 6.000000000 4.000000000
104.888000000 156.976000000 6.000000000 6.000000000 4.000000000
94.397000000 163.500000000 6.000000000 6.000000000 4.000000000
83.501000000 169.324000000 6.000000000 6.000000000 4.000000000
72.248000000 174.423000000 6.000000000 6.000000000 4.000000000
60.686000000 178.775000000 6.000000000 6.000000000 4.000000000
48.863000000 182.361000000 6.000000000 6.000000000 4.000000000
36.832000000 185.166000000 6.000000000 6.000000000 4.000000000
24.643000000 187.179000000 6.000000000 6.000000000 4.000000000
12.348000000 188.390000000 6.000000000 6.000000000 4.000000000
0.000000000 188.794000000 6.000000000 6.000000000 4.000000000
-12.348000000 188.390000000 6.000000000 6.000000000 4.000000000
-24.643000000 187.179000000 6.000000000 6.000000000 4.000000000
-36.832000000 185.166000000 6.000000000 6.000000000 4.000000000
-48.863000000 182.361000000 6.000000000 6.000000000 4.000000000
-60.686000000 178.775000000 6.000000000 6.000000000 4.000000000
-72.248000000 174.423000000 6.000000000 6.000000000 4.000000000
-83.501000000 169.324000000 6.000000000 6.000000000 4.000000000
-94.397000000 163.500000000 6.000000000 6.000000000 4.000000000
-104.888000000 156.976000000 6.000000000 6.000000000 4.000000000
-114.930000000 149.780000000 6.000000000 6.000000000 4.000000000
-124.480000000 141.943000000 6.000000000 6.000000000 4.000000000
-133.497000000 133.497000000 6.000000000 6.000000000 4.000000000
-141.943000000 124.480000000 6.000000000 6.000000000 4.000000000
-149.780000000 114.930000000 6.000000000 6.000000000 4.000000000
-156.976000000 104.888000000 6.000000000 6.000000000 4.000000000
-163.500000000 94.397000000 6.000000000 6.000000000 4.000000000
-169.324000000 83.501000000 6.000000000 6.000000000 4.000000000
-174.423000000 72.248000000 6.000000000 6.000000000 4.000000000
-178.775000000 60.686000000 6.000000000 6.000000000 4.000000000
-182.361000000 48.863000000 6.000000000 6.000000000 4.000000000
-185.166000000 36.832000000 6.000000000 6.000000000 4.000000000
-187.179000000 24.643000000 6.000000000 6.000000000 4.000000000
-188.390000000 12.348000000 6.000000000 6.000000000 4.000000000
-188.794000000 0.000000000 6.000000000 6.000000000 4.000000000
-188.390000000 -12.348000000 6.000000000 6.000000000 4.000000000
-187.179000000 -24.643000000 6.000000000 6.000000000 4.000000000
-185.166000000 -36.832000000 6.000000000 6.000000000 4.000000000
-182.361000000 -48.863000000 6.000000000 6.000000000 4.000000000
-178.775000000 -60.686000000 6.000000000 6.000000000 4.000000000
-174.423000000 -72.248000000 6.000000000 6.000000000 4.000000000
-169.324000000 -83.501000000 6.000000000 6.000000000 4.000000000
-163.500000000 -94.397000000 6.000000000 6.000000000 4.000000000
-156.976000000 -104.888000000 6.000000000 6.000000000 4.000000000
-149.780000000 -114.930000000 6.000000000 6.000000000 4.000000000
-141.943000000 -124.480000000 6.000000000 6.000000000 4.000000000
-133.497000000 -133.497000000 6.000000000 6.000000000 4.000000000
-124.480000000 -141.943000000 6.000000000 6.000000000 4.000000000
-114.930000000 -149.780000000 6.000000000 6.000000000 4.000000000
-104.888000000 -156.976000000 6.000000000 6.000000000 4.000000000
-94.397000000 -163.500000000 6.000000000 6.000000000 4.000000000
-83.501000000 -169.324000000 6.000000000 6.000000000 4.000000000
-72.248000000 -174.423000000 6.000000000 6.000000000 4.000000000
-60.686000000 -178.775000000 6.000000000 6.000000000 4.000000000
-48.863000000 -182.361000000 6.000000000 6.000000000 4.000000000
-36.832000000 -185.166000000 6.000000000 6.000000000 4.000000000
-24.643000000 -187.179000000 6.000000000 6.000000000 4.000000000
-12.348000000 -188.390000000 6.000000000 6.000000000 4.000000000
0.000000000 -188.794000000 6.000000000 6.000000000 4.000000000
12.348000000 -188.390000000 6.000000000 6.000000000 4.000000000
24.643000000 -187.179000000 6.000000000 6.000000000 4.000000000
36.832000000 -185.166000000 6.000000000 6.000000000 4.000000000
48.863000000 -182.361000000 6.000000000 6.000000000 4.000000000
60.686000000 -178.775000000 6.000000000 6.000000000 4.000000000
72.248000000 -174.423000000 6.000000000 6.000000000 4.000000000
83.501000000 -169.324000000 6.000000000 6.000000000 4.000000000
94.397000000 -163.500000000 6.000000000 6.000000000 4.000000000
104.888000000 -156.976000000 6.000000000 6.000000000 4.000000000
114.930000000 -149.780000000 6.000000000 6.000000000 4.000000000
124.480000000 -141.943000000 6.000000000 6.000000000 4.000000000
133.497000000 -133.497000000 6.000000000 6.000000000 4.000000000
141.943000000 -124.480000000 6.000000000 6.000000000 4.000000000
149.780000000 -114.930000000 6.000000000 6.000000000 4.000000000
156.976000000 -104.888000000 6.000000000 6.000000000 4.000000000
163.500000000 -94.397000000 6.000000000 6.000000000 4.000000000
169.324000000 -83.501000000 6.000000000 6.000000000 4.000000000
174.423000000 -72.248000000 6.000000000 6.000000000 4.000000000
178.775000000 -60.686000000 6.000000000 6.000000000 4.000000000
182.361000000 -48.863000000 6.000000000 6.000000000 4.000000000
185.166000000 -36.832000000 6.000000000 6.000000000 4.000000000
187.179000000 -24.643000000 6.000000000 6.000000000 4.000000000
188.390000000 -12.348000000 6.000000000 6.000000000 4.000000000
188.794000000 0.000000000 6.000000000 6.000000000 4.000000000
202.179000000 6.354000000 6.000000000 6.000000000 4.000000000
201.381000000 19.036000000 6.000000000 6.000000000 4.000000000
199.789000000 31.643000000 6.000000000 6.000000000 4.000000000
197.408000000 44.126000000 6.000000000 6.000000000 4.000000000
194.247000000 56.434000000 6.000000000 6.000000000 4.000000000
190.321000000 68.520000000 6.000000000 6.000000000 4.000000000
185.643000000 80.335000000 6.000000000 6.000000000 4.000000000
180.232000000 91.833000000 6.000000000 6.000000000 4.000000000
174.110000000 102.969000000 6.000000000 6.000000000 4.000000000
167.301000000 113.698000000 6.000000000 6.000000000 4.000000000
159.832000000 123.978000000 6.000000000 6.000000000 4.000000000
151.732000000 133.770000000 6.000000000 6.000000000 4.000000000
143.033000000 143.033000000 6.000000000 6.000000000 4.000000000
133.770000000 151.732000000 6.000000000 6.000000000 4.000000000
123.978000000 159.832000000 6.000000000 6.000000000 4.000000000
113.698000000 167.301000000 6.000000000 6.000000000 4.000000000
102.969000000 174.110000000 6.000000000 6.000000000 4.000000000
91.833000000 180.232000000 6.000000000 6.000000000 4.000000000
80.335000000 185.643000000 6.000000000 6.000000000 4.000000000
68.520000000 190.321000000 6.000000000 6.000000000 4.000000000
56.434000000 194.247000000 6.000000000 6.000000000 4.000000000
44.126000000 197.408000000 6.000000000 6.000000000 4.000000000
31.643000000 199.789000000 6.000000000 6.000000000 4.000000000
19.036000000 201.381000000 6.000000000 6.000000000 4.000000000
6.354000000 202.179000000 6.000000000 6.000000000 4.000000000
-6.354000000 202.179000000 6.000000000 6.000000000 4.000000000
-19.036000000 201.381000000 6.000000000 6.000000000 4.000000000
-31.643000000 199.789000000 6.000000000 6.000000000 4.000000000
-44.126000000 197.408000000 6.000000000 6.000000000 4.000000000
-56.434000000 194.247000000 6.000000000 6.000000000 4.000000000
-68.520000000 190.321000000 6.000000000 6.000000000 4.000000000
-80.335000000 185.643000000 6.000000000 6.000000000 4.000000000
-91.833000000 180.232000000 6.000000000 6.000000000 4.000000000
-102.969000000 174.110000000 6.000000000 6.000000000 4.000000000
-113.698000000 167.301000000 6.000000000 6.000000000 4.000000000
-123.978000000 159.832000000 6.000000000 6.000000000 4.000000000
-133.770000000 151.732000000 6.000000000 6.000000000 4.000000000
-143.033000000 143.033000000 6.000000000 6.000000000 4.000000000
-151.732000000 133.770000000 6.000000000 6.000000000 4.000000000
-159.832000000 123.978000000 6.000000000 6.000000000 4.000000000
-167.301000000 113.698000000 6.000000000 6.000000000 4.000000000
-174.110000000 102.969000000 6.000000000 6.000000000 4.000000000
-180.232000000 91.833000000 6.000000000 6.000000000 4.000000000
-185.643000000 80.335000000 6.000000000 6.000000000 4.000000000
-190.321000000 68.520000000 6.000000000 6.000000000 4.000000000
-194.247000000 56.434000000 6.000000000 6.000000000 4.000000000
-197.408000000 44.126000000 6.000000000 6.000000000 4.000000000
-199.789000000 31.643000000 6.000000000 6.000000000 4.000000000
-201.381000000 19.036000000 6.000000000 6.000000000 4.000000000
-202.179000000 6.354000000 6.000000000 6.000000000 4.000000000
-202.179000000 -6.354000000 6.000000000 6.000000000 4.000000000
-201.381000000 -19.036000000 6.000000000 6.000000000 4.000000000
-199.789000000 -31.643000000 6.000000000 6.000000000 4.000000000
-197.408000000 -44.126000000 6.000000000 6.000000000 4.000000000
-194.247000000 -56.434000000 6.000000000 6.000000000 4.000000000
-190.321000000 -68.520000000 6.000000000 6.000000000 4.000000000
-185.643000000 -80.335000000 6.000000000 6.000000000 4.000000000
-180.232000000 -91.833000000 6.000000000 6.000000000 4.000000000
-174.110000000 -102.969000000 6.000000000 6.000000000 4.000000000
-167.301000000 -113.698000000 6.000000000 6.000000000 4.000000000
-159.832000000 -123.978000000 6.000000000 6.000000000 4.000000000
-151.732000000 -133.770000000 6.000000000 6.000000000 4.000000000
-143.033000000 -143.033000000 6.000000000 6.000000000 4.000000000
-133.770000000 -151.732000000 6.000000000 6.000000000 4.000000000
-123.978000000 -159.832000000 6.000000000 6.000000000 4.000000000
-113.698000000 -167.301000000 6.000000000 6.000000000 4.000000000
-102.969000000 -174.110000000 6.000000000 6.000000000 4.000000000
-91.833000000 -180.232000000 6.000000000 6.000000000 4.000000000
-80.335000000 -185.643000000 6.000000000 6.000000000 4.000000000
-68.520000000 -190.321000000 6.000000000 6.000000000 4.000000000
-56.434000000 -194.247000000 6.000000000 6.000000000 4.000000000
-44.126000000 -197.408000000 6.000000000 6.000000000 4.000000000
-31.643000000 -199.789000000 6.000000000 6.000000000 4.000000000
-19.036000000 -201.381000000 6.000000000 6.000000000 4.000000000
-6.354000000 -202.179000000 6.000000000 6.000000000 4.000000000
6.354000000 -202.179000000 6.000000000 6.000000000 4.000000000
19.036000000 -201.381000000 6.000000000 6.000000000 4.000000000
31.643000000 -199.789000000 6.000000000 6.000000000 4.000000000
44.126000000 -197.408000000 6.000000000 6.000000000 4.000000000
56.434000000 -194.247000000 6.000000000 6.000000000 4.000000000
68.520000000 -190.321000000 6.000000000 6.000000000 4.000000000
80.335000000 -185.643000000 6.000000000 6.000000000 4.000000000
91.833000000 -180.232000000 6.000000000 6.000000000 4.000000000
102.969000000 -174.110000000 6.000000000 6.000000000 4.000000000
113.698000000 -167.301000000 6.000000000 6.000000000 4.000000000
123.978000000 -159.832000000 6.000000000 6.000000000 4.000000000
133.770000000 -151.732000000 6.000000000 6.000000000 4.000000000
143.033000000 -143.033000000 6.000000000 6.000000000 4.000000000
151.732000000 -133.770000000 6.000000000 6.000000000 4.000000000
159.832000000 -123.978000000 6.000000000 6.000000000 4.000000000
167.301000000 -113.698000000 6.000000000 6.000000000 4.000000000
174.110000000 -102.969000000 6.000000000 6.000000000 4.000000000
180.232000000 -91.833000000 6.000000000 6.000000000 4.000000000
185.643000000 -80.335000000 6.000000000 6.000000000 4.000000000
190.321000000 -68.520000000 6.000000000 6.000000000 4.000000000
194.247000000 -56.434000000 6.000000000 6.000000000 4.000000000
197.408000000 -44.126000000 6.000000000 6.000000000 4.000000000
199.789000000 -31.643000000 6.000000000 6.000000000 4.000000000
201.381000000 -19.036000000 6.000000000 6.000000000 4.000000000
202.179000000 -6.354000000 6.000000000 6.000000000 4.000000000
215.363000000 13.154000000 6.000000000 6.000000000 4.000000000
214.161000000 26.259000000 6.000000000 6.000000000 4.000000000
212.161000000 39.266000000 6.000000000 6.000000000 4.000000000
209.373000000 52.127000000 6.000000000 6.000000000 4.000000000
205.806000000 64.794000000 6.000000000 6.000000000 4.000000000
201.473000000 77.221000000 6.000000000 6.000000000 4.000000000
196.390000000 89.360000000 6.000000000 6.000000000 4.000000000
190.577000000 101.166000000 6.000000000 6.000000000 4.000000000
184.055000000 112.596000000 6.000000000 6.000000000 4.000000000
176.849000000 123.608000000 6.000000000 6.000000000 4.000000000
168.984000000 134.159000000 6.000000000 6.000000000 4.000000000
160.491000000 144.212000000 6.000000000 6.000000000 4.000000000
151.401000000 153.727000000 6.000000000 6.000000000 4.000000000
141.747000000 162.672000000 6.000000000 6.000000000 4.000000000
131.567000000 171.010000000 6.000000000 6.000000000 4.000000000
120.896000000 178.713000000 6.000000000 6.000000000 4.000000000
109.776000000 185.751000000 6.000000000 6.000000000 4.000000000
98.248000000 192.098000000 6.000000000 6.000000000 4.000000000
86.354000000 197.730000000 6.000000000 6.000000000 4.000000000
74.139000000 202.627000000 6.000000000 6.000000000 4.000000000
61.648000000 206.770000000 6.000000000 6.000000000 4.000000000
48.928000000 210.144000000 6.000000000 6.000000000 4.000000000
36.026000000 212.736000000 6.000000000 6.000000000 4.000000000
22.990000000 214.536000000 6.000000000 6.000000000 4.000000000
9.868000000 215.539000000 6.000000000 6.000000000 4.000000000
-3.290000000 215.739000000 6.000000000 6.000000000 4.000000000
-16.437000000 215.138000000 6.000000000 6.000000000 4.000000000
-29.522000000 213.735000000 6.000000000 6.000000000 4.000000000
-42.497000000 211.538000000 6.000000000 6.000000000 4.000000000
-55.314000000 208.554000000 6.000000000 6.000000000 4.000000000
-67.925000000 204.794000000 6.000000000 6.000000000 4.000000000
-80.284000000 200.272000000 6.000000000 6.000000000 4.000000000
-92.344000000 195.005000000 6.000000000 6.000000000 4.000000000
-104.061000000 189.012000000 6.000000000 6.000000000 4.000000000
-115.390000000 182.317000000 6.000000000 6.000000000 4.000000000
-126.290000000 174.943000000 6.000000000 6.000000000 4.000000000
-136.721000000 166.919000000 6.000000000 6.000000000 4.000000000
-146.642000000 158.273000000 6.000000000 6.000000000 4.000000000
-156.018000000 149.039000000 6.000000000 6.000000000 4.000000000
-164.814000000 139.250000000 6.000000000 6.000000000 4.000000000
-172.997000000 128.943000000 6.000000000 6.000000000 4.000000000
-180.536000000 118.157000000 6.000000000 6.000000000 4.000000000
-187.404000000 106.931000000 6.000000000 6.000000000 4.000000000
-193.574000000 95.307000000 6.000000000 6.000000000 4.000000000
-199.024000000 83.329000000 6.000000000 6.000000000 4.000000000
-203.734000000 71.041000000 6.000000000 6.000000000 4.000000000
-207.686000000 58.488000000 6.000000000 6.000000000 4.000000000
-210.865000000 45.718000000 6.000000000 6.000000000 4.000000000
-213.260000000 32.778000000 6.000000000 6.000000000 4.000000000
-214.862000000 19.715000000 6.000000000 6.000000000 4.000000000
-215.664000000 6.580000000 6.000000000 6.000000000 4.000000000
-215.664000000 -6.580000000 6.000000000 6.000000000 4.000000000
-214.862000000 -19.715000000 6.000000000 6.000000000 4.000000000
-213.260000000 -32.778000000 6.000000000 6.000000000 4.000000000
-210.865000000 -45.718000000 6.000000000 6.000000000 4.000000000
-207.686000000 -58.488000000 6.000000000 6.000000000 4.000000000
-203.734000000 -71.041000000 6.000000000 6.000000000 4.000000000
-199.024000000 -83.329000000 6.000000000 6.000000000 4.000000000
-193.574000000 -95.307000000 6.000000000 6.000000000 4.000000000
-187.404000000 -106.931000000 6.000000000 6.000000000 4.000000000
-180.536000000 -118.157000000 6.000000000 6.000000000 4.000000000
-172.997000000 -128.943000000 6.000000000 6.000000000 4.000000000
-164.814000000 -139.250000000 6.000000000 6.000000000 4.000000000
-156.018000000 -149.039000000 6.000000000 6.000000000 4.000000000
-146.642000000 -158.273000000 6.000000000 6.000000000 4.000000000
-136.721000000 -166.919000000 6.000000000 6.000000000 4.000000000
-126.290000000 -174.943000000 6.000000000 6.000000000 4.000000000
-115.390000000 -182.317000000 6.000000000 6.000000000 4.000000000
-104.061000000 -189.012000000 6.000000000 6.000000000 4.000000000
-92.344000000 -195.005000000 6.000000000 6.000000000 4.000000000
-80.284000000 -200.272000000 6.000000000 6.000000000 4.000000000
-67.925000000 -204.794000000 6.000000000 6.000000000 4.000000000
-55.314000000 -208.554000000 6.000000000 6.000000000 4.000000000
-42.497000000 -211.538000000 6.000000000 6.000000000 4.000000000
-29.522000000 -213.735000000 6.000000000 6.000000000 4.000000000
-16.437000000 -215.138000000 6.000000000 6.000000000 4.000000000
-3.290000000 -215.739000000 6.000000000 6.000000000 4.000000000
9.868000000 -215.539000000 6.000000000 6.000000000 4.000000000
22.990000000 -214.536000000 6.000000000 6.000000000 4.000000000
36.026000000 -212.736000000 6.000000000 6.000000000 4.000000000
48.928000000 -210.144000000 6.000000000 6.000000000 4.000000000
61.648000000 -206.770000000 6.000000000 6.000000000 4.000000000
74.139000000 -202.627000000 6.000000000 6.000000000 4.000000000
86.354000000 -197.730000000 6.000000000 6.000000000 4.000000000
98.248000000 -192.098000000 6.000000000 6.000000000 4.000000000
109.776000000 -185.751000000 6.000000000 6.000000000 4.000000000
120.896000000 -178.713000000 6.000000000 6.000000000 4.000000000
131.567000000 -171.010000000 6.000000000 6.000000000 4.000000000
141.747000000 -162.672000000 6.000000000 6.000000000 4.000000000
151.401000000 -153.727000000 6.000000000 6.000000000 4.000000000
160.491000000 -144.212000000 6.000000000 6.000000000 4.000000000
168.984000000 -134.159000000 6.000000000 6.000000000 4.000000000
176.849000000 -123.608000000 6.000000000 6.000000000 4.000000000
184.055000000 -112.596000000 6.000000000 6.000000000 4.000000000
190.577000000 -101.166000000 6.000000000 6.000000000 4.000000000
196.390000000 -89.360000000 6.000000000 6.000000000 4.000000000
201.473000000 -77.221000000 6.000000000 6.000000000 4.000000000
205.806000000 -64.794000000 6.000000000 6.000000000 4.000000000
209.373000000 -52.127000000 6.000000000 6.000000000 4.000000000
212.161000000 -39.266000000 6.000000000 6.000000000 4.000000000
214.161000000 -26.259000000 6.000000000 6.000000000 4.000000000
215.363000000 -13.154000000 6.000000000 6.000000000 4.000000000
215.765000000 0.000000000 6.000000000 6.000000000 4.000000000
229.134000000 7.274000000 6.000000000 6.000000000 4.000000000
228.212000000 21.792000000 6.000000000 6.000000000 4.000000000
226.370000000 36.222000000 6.000000000 6.000000000 4.000000000
223.617000000 50.506000000 6.000000000 6.000000000 4.000000000
219.964000000 64.587000000 6.000000000 6.000000000 4.000000000
215.424000000 78.408000000 6.000000000 6.000000000 4.000000000
210.018000000 91.913000000 6.000000000 6.000000000 4.000000000
203.765000000 105.048000000 6.000000000 6.000000000 4.000000000
196.693000000 117.760000000 6.000000000 6.000000000 4.000000000
188.828000000 129.998000000 6.000000000 6.000000000 4.000000000
180.203000000 141.713000000 6.000000000 6.000000000 4.000000000
170.852000000 152.857000000 6.000000000 6.000000000 4.000000000
160.813000000 163.385000000 6.000000000 6.000000000 4.000000000
150.127000000 173.255000000 6.000000000 6.000000000 4.000000000
138.836000000 182.428000000 6.000000000 6.000000000 4.000000000
126.986000000 190.866000000 6.000000000 6.000000000 4.000000000
114.625000000 198.536000000 6.000000000 6.000000000 4.000000000
101.802000000 205.406000000 6.000000000 6.000000000 4.000000000
88.570000000 211.450000000 6.000000000 6.000000000 4.000000000
74.980000000 216.641000000 6.000000000 6.000000000 4.000000000
61.089000000 220.961000000 6.000000000 6.000000000 4.000000000
46.952000000 224.390000000 6.000000000 6.000000000 4.000000000
32.626000000 226.916000000 6.000000000 6.000000000 4.000000000
18.168000000 228.529000000 6.000000000 6.000000000 4.000000000
3.637000000 229.221000000 6.000000000 6.000000000 4.000000000
-10.908000000 228.990000000 6.000000000 6.000000000 4.000000000
-25.410000000 227.837000000 6.000000000 6.000000000 4.000000000
-39.809000000 225.767000000 6.000000000 6.000000000 4.000000000
-54.048000000 222.788000000 6.000000000 6.000000000 4.000000000
-68.069000000 218.911000000 6.000000000 6.000000000 4.000000000
-81.816000000 214.153000000 6.000000000 6.000000000 4.000000000
-95.234000000 208.533000000 6.000000000 6.000000000 4.000000000
-108.268000000 202.073000000 6.000000000 6.000000000 4.000000000
-120.866000000 194.799000000 6.000000000 6.000000000 4.000000000
-132.978000000 186.741000000 6.000000000 6.000000000 4.000000000
-144.554000000 177.931000000 6.000000000 6.000000000 4.000000000
-155.548000000 168.405000000 6.000000000 6.000000000 4.000000000
-165.916000000 158.200000000 6.000000000 6.000000000 4.000000000
-175.616000000 147.359000000 6.000000000 6.000000000 4.000000000
-184.608000000 135.924000000 6.000000000 6.000000000 4.000000000
-192.857000000 123.942000000 6.000000000 6.000000000 4.000000000
-200.330000000 111.460000000 6.000000000 6.000000000 4.000000000
-206.996000000 98.530000000 6.000000000 6.000000000 4.000000000
-212.828000000 85.204000000 6.000000000 6.000000000 4.000000000
-217.804000000 71.534000000 6.000000000 6.000000000 4.000000000
-221.902000000 57.576000000 6.000000000 6.000000000 4.000000000
-225.107000000 43.386000000 6.000000000 6.000000000 4.000000000
-227.405000000 29.021000000 6.000000000 6.000000000 4.000000000
-228.788000000 14.540000000 6.000000000 6.000000000 4.000000000
-229.250000000 0.000000000 6.000000000 6.000000000 4.000000000
-228.788000000 -14.540000000 6.000000000 6.000000000 4.000000000
-227.405000000 -29.021000000 6.000000000 6.000000000 4.000000000
-225.107000000 -43.386000000 6.000000000 6.000000000 4.000000000
-221.902000000 -57.576000000 6.000000000 6.000000000 4.000000000
-217.804000000 -71.534000000 6.000000000 6.000000000 4.000000000
-212.828000000 -85.204000000 6.000000000 6.000000000 4.000000000
-206.996000000 -98.530000000 6.000000000 6.000000000 4.000000000
-200.330000000 -111.460000000 6.000000000 6.000000000 4.000000000
-192.857000000 -123.942000000 6.000000000 6.000000000 4.000000000
-184.608000000 -135.924000000 6.000000000 6.000000000 4.000000000
-175.616000000 -147.359000000 6.000000000 6.000000000 4.000000000
-165.916000000 -158.200000000 6.000000000 6.000000000 4.000000000
-155.548000000 -168.405000000 6.000000000 6.000000000 4.000000000
-144.554000000 -177.931000000 6.000000000 6.000000000 4.000000000
-132.978000000 -186.741000000 6.000000000 6.000000000 4.000000000
-120.866000000 -194.799000000 6.000000000 6.000000000 4.000000000
-108.268000000 -202.073000000 6.000000000 6.000000000 4.000000000
-95.234000000 -208.533000000 6.000000000 6.000000000 4.000000000
-81.816000000 -214.153000000 6.000000000 6.000000000 4.000000000
-68.069000000 -218.911000000 6.000000000 6.000000000 4.000000000
-54.048000000 -222.788000000 6.000000000 6.000000000 4.000000000
-39.809000000 -225.767000000 6.000000000 6.000000000 4.000000000
-25.410000000 -227.837000000 6.000000000 6.000000000 4.000000000
-10.908000000 -228.990000000 6.000000000 6.000000000 4.000000000
3.637000000 -229.221000000 6.000000000 6.000000000 4.000000000
18.168000000 -228.529000000 6.000000000 6.000000000 4.000000000
32.626000000 -226.916000000 6.000000000 6.000000000 4.000000000
46.952000000 -224.390000000 6.000000000 6.000000000 4.000000000
61.089000000 -220.961000000 6.000000000 6.000000000 4.000000000
74.980000000 -216.641000000 6.000000000 6.000000000 4.000000000
88.570000000 -211.450000000 6.000000000 6.000000000 4.000000000
101.802000000 -205.406000000 6.000000000 6.000000000 4.000000000
114.625000000 -198.536000000 6.000000000 6.000000000 4.000000000
126.986000000 -190.866000000 6.000000000 6.000000000 4.000000000
138.836000000 -182.428000000 6.000000000 6.000000000 4.000000000
150.127000000 -173.255000000 6.000000000 6.000000000 4.000000000
160.813000000 -163.385000000 6.000000000 6.000000000 4.000000000
170.852000000 -152.857000000 6.000000000 6.000000000 4.000000000
180.203000000 -141.713000000 6.000000000 6.000000000 4.000000000
188.828000000 -129.998000000 6.000000000 6.000000000 4.000000000
196.693000000 -117.760000000 6.000000000 6.000000000 4.000000000
203.765000000 -105.048000000 6.000000000 6.000000000 4.000000000
210.018000000 -91.913000000 6.000000000 6.000000000 4.000000000
215.424000000 -78.408000000 6.000000000 6.000000000 4.000000000
219.964000000 -64.587000000 6.000000000 6.000000000 4.000000000
223.617000000 -50.506000000 6.000000000 6.000000000 4.000000000
226.370000000 -36.222000000 6.000000000 6.000000000 4.000000000
228.212000000 -21.792000000 6.000000000 6.000000000 4.000000000
229.134000000 -7.274000000 6.000000000 6.000000000 4.000000000
242.266000000 15.091000000 6.000000000 6.000000000 4.000000000
240.859000000 30.123000000 6.000000000 6.000000000 4.000000000
238.520000000 45.039000000 6.000000000 6.000000000 4.000000000
235.259000000 59.781000000 6.000000000 6.000000000 4.000000000
231.087000000 74.291000000 6.000000000 6.000000000 4.000000000
226.021000000 88.514000000 6.000000000 6.000000000 4.000000000
220.081000000 102.394000000 6.000000000 6.000000000 4.000000000
213.290000000 115.878000000 6.000000000 6.000000000 4.000000000
205.673000000 128.914000000 6.000000000 6.000000000 4.000000000
197.261000000 141.452000000 6.000000000 6.000000000 4.000000000
188.085000000 153.442000000 6.000000000 6.000000000 4.000000000
178.182000000 164.838000000 6.000000000 6.000000000 4.000000000
167.589000000 175.597000000 6.000000000 6.000000000 4.000000000
156.348000000 185.676000000 6.000000000 6.000000000 4.000000000
144.502000000 195.037000000 6.000000000 6.000000000 4.000000000
132.097000000 203.643000000 6.000000000 6.000000000 4.000000000
119.181000000 211.462000000 6.000000000 6.000000000 4.000000000
105.804000000 218.462000000 6.000000000 6.000000000 4.000000000
92.018000000 224.617000000 6.000000000 6.000000000 4.000000000
77.876000000 229.904000000 6.000000000 6.000000000 4.000000000
63.432000000 234.300000000 6.000000000 6.000000000 4.000000000
48.743000000 237.791000000 6.000000000 6.000000000 4.000000000
33.865000000 240.361000000 6.000000000 6.000000000 4.000000000
18.857000000 242.002000000 6.000000000 6.000000000 4.000000000
3.775000000 242.706000000 6.000000000 6.000000000 4.000000000
-11.321000000 242.471000000 6.000000000 6.000000000 4.000000000
-26.374000000 241.298000000 6.000000000 6.000000000 4.000000000
-41.324000000 239.192000000 6.000000000 6.000000000 4.000000000
-56.115000000 236.160000000 6.000000000 6.000000000 4.000000000
-70.688000000 232.214000000 6.000000000 6.000000000 4.000000000
-84.988000000 227.371000000 6.000000000 6.000000000 4.000000000
-98.959000000 221.647000000 6.000000000 6.000000000 4.000000000
-112.547000000 215.066000000 6.000000000 6.000000000 4.000000000
-125.700000000 207.653000000 6.000000000 6.000000000 4.000000000
-138.367000000 199.437000000 6.000000000 6.000000000 4.000000000
-150.498000000 190.449000000 6.000000000 6.000000000 4.000000000
-162.047000000 180.724000000 6.000000000 6.000000000 4.000000000
-172.969000000 170.300000000 6.000000000 6.000000000 4.000000000
-183.222000000 159.217000000 6.000000000 6.000000000 4.000000000
-192.766000000 147.518000000 6.000000000 6.000000000 4.000000000
-201.564000000 135.248000000 6.000000000 6.000000000 4.000000000
-209.583000000 122.456000000 6.000000000 6.000000000 4.000000000
-216.790000000 109.189000000 6.000000000 6.000000000 4.000000000
-223.159000000 95.500000000 6.000000000 6.000000000 4.000000000
-228.665000000 81.442000000 6.000000000 6.000000000 4.000000000
-233.286000000 67.068000000 6.000000000 6.000000000 4.000000000
-237.004000000 52.435000000 6.000000000 6.000000000 4.000000000
-239.805000000 37.599000000 6.000000000 6.000000000 4.000000000
-241.679000000 22.618000000 6.000000000 6.000000000 4.000000000
-242.618000000 7.549000000 6.000000000 6.000000000 4.000000000
-242.618000000 -7.549000000 6.000000000 6.000000000 4.000000000
-241.679000000 -22.618000000 6.000000000 6.000000000 4.000000000
-239.805000000 -37.599000000 6.000000000 6.000000000 4.000000000
-237.004000000 -52.435000000 6.000000000 6.000000000 4.000000000
-233.286000000 -67.068000000 6.000000000 6.000000000 4.000000000
-228.665000000 -81.442000000 6.000000000 6.000000000 4.000000000
-223.159000000 -95.500000000 6.000000000 6.000000000 4.000000000
-216.790000000 -109.189000000 6.000000000 6.000000000 4.000000000
-209.583000000 -122.456000000 6.000000000 6.000000000 4.000000000
-201.564000000 -135.248000000 6.000000000 6.000000000 4.000000000
-192.766000000 -147.518000000 6.000000000 6.000000000 4.000000000
-183.222000000 -159.217000000 6.000000000 6.000000000 4.000000000
-172.969000000 -170.300000000 6.000000000 6.000000000 4.000000000
-162.047000000 -180.724000000 6.000000000 6.000000000 4.000000000
-150.498000000 -190.449000000 6.000000000 6.000000000 4.000000000
-138.367000000 -199.437000000 6.000000000 6.000000000 4.000000000
-125.700000000 -207.653000000 6.000000000 6.000000000 4.000000000
-112.547000000 -215.066000000 6.000000000 6.000000000 4.000000000
-98.959000000 -221.647000000 6.000000000 6.000000000 4.000000000
-84.988000000 -227.371000000 6.000000000 6.000000000 4.000000000
-70.688000000 -232.214000000 6.000000000 6.000000000 4.000000000
-56.115000000 -236.160000000 6.000000000 6.000000000 4.000000000
-41.324000000 -239.192000000 6.000000000 6.000000000 4.000000000
-26.374000000 -241.298000000 6.000000000 6.000000000 4.000000000
-11.321000000 -242.471000000 6.000000000 6.000000000 4.000000000
3.775000000 -242.706000000 6.000000000 6.000000000 4.000000000
18.857000000 -242.002000000 6.000000000 6.000000000 4.000000000
33.865000000 -240.361000000 6.000000000 6.000000000 4.000000000
48.743000000 -237.791000000 6.000000000 6.000000000 4.000000000
63.432000000 -234.300000000 6.000000000 6.000000000 4.000000000
77.876000000 -229.904000000 6.000000000 6.000000000 4.000000000
92.018000000 -224.617000000 6.000000000 6.000000000 4.000000000
105.804000000 -218.462000000 6.000000000 6.000000000 4.000000000
119.181000000 -211.462000000 6.000000000 6.000000000 4.000000000
132.097000000 -203.643000000 6.000000000 6.000000000 4.000000000
144.502000000 -195.037000000 6.000000000 6.000000000 4.000000000
156.348000000 -185.676000000 6.000000000 6.000000000 4.000000000
167.589000000 -175.597000000 6.000000000 6.000000000 4.000000000
178.182000000 -164.838000000 6.000000000 6.000000000 4.000000000
188.085000000 -153.442000000 6.000000000 6.000000000 4.000000000
197.261000000 -141.452000000 6.000000000 6.000000000 4.000000000
205.673000000 -128.914000000 6.000000000 6.000000000 4.000000000
213.290000000 -115.878000000 6.000000000 6.000000000 4.000000000
220.081000000 -102.394000000 6.000000000 6.000000000 4.000000000
226.021000000 -88.514000000 6.000000000 6.000000000 4.000000000
231.087000000 -74.291000000 6.000000000 6.000000000 4.000000000
235.259000000 -59.781000000 6.000000000 6.000000000 4.000000000
238.520000000 -45.039000000 6.000000000 6.000000000 4.000000000
240.859000000 -30.123000000 6.000000000 6.000000000 4.000000000
242.266000000 -15.091000000 6.000000000 6.000000000 4.000000000
242.735000000 0.000000000 6.000000000 6.000000000 4.000000000
256.121000000 7.122000000 6.000000000 6.000000000 4.000000000
255.330000000 21.345000000 6.000000000 6.000000000 4.000000000
253.749000000 35.502000000 6.000000000 6.000000000 4.000000000
251.384000000 49.549000000 6.000000000 6.000000000 4.000000000
248.241000000 63.443000000 6.000000000 6.000000000 4.000000000
244.332000000 77.141000000 6.000000000 6.000000000 4.000000000
239.667000000 90.601000000 6.000000000 6.000000000 4.000000000
234.262000000 103.780000000 6.000000000 6.000000000 4.000000000
228.132000000 116.639000000 6.000000000 6.000000000 4.000000000
221.297000000 129.137000000 6.000000000 6.000000000 4.000000000
213.779000000 141.236000000 6.000000000 6.000000000 4.000000000
205.599000000 152.898000000 6.000000000 6.000000000 4.000000000
196.784000000 164.088000000 6.000000000 6.000000000 4.000000000
187.361000000 174.771000000 6.000000000 6.000000000 4.000000000
177.358000000 184.913000000 6.000000000 6.000000000 4.000000000
166.808000000 194.484000000 6.000000000 6.000000000 4.000000000
155.741000000 203.454000000 6.000000000 6.000000000 4.000000000
144.194000000 211.795000000 6.000000000 6.000000000 4.000000000
132.201000000 219.481000000 6.000000000 6.000000000 4.000000000
119.799000000 226.489000000 6.000000000 6.000000000 4.000000000
107.026000000 232.796000000 6.000000000 6.000000000 4.000000000
93.923000000 238.385000000 6.000000000 6.000000000 4.000000000
80.530000000 243.236000000 6.000000000 6.000000000 4.000000000
66.888000000 247.336000000 6.000000000 6.000000000 4.000000000
53.039000000 250.671000000 6.000000000 6.000000000 4.000000000
39.026000000 253.231000000 6.000000000 6.000000000 4.000000000
24.892000000 255.008000000 6.000000000 6.000000000 4.000000000
10.682000000 255.998000000 6.000000000 6.000000000 4.000000000
-3.562000000 256.196000000 6.000000000 6.000000000 4.000000000
-17.794000000 255.602000000 6.000000000 6.000000000 4.000000000
-31.972000000 254.218000000 6.000000000 6.000000000 4.000000000
-46.050000000 252.048000000 6.000000000 6.000000000 4.000000000
-59.987000000 249.099000000 6.000000000 6.000000000 4.000000000
-73.738000000 245.381000000 6.000000000 6.000000000 4.000000000
-87.261000000 240.903000000 6.000000000 6.000000000 4.000000000
-100.514000000 235.682000000 6.000000000 6.000000000 4.000000000
-113.456000000 229.731000000 6.000000000 6.000000000 4.000000000
-126.048000000 223.071000000 6.000000000 6.000000000 4.000000000
-138.251000000 215.721000000 6.000000000 6.000000000 4.000000000
-150.026000000 207.705000000 6.000000000 6.000000000 4.000000000
-161.337000000 199.046000000 6.000000000 6.000000000 4.000000000
-172.150000000 189.772000000 6.000000000 6.000000000 4.000000000
-182.430000000 179.912000000 6.000000000 6.000000000 4.000000000
-192.147000000 169.495000000 6.000000000 6.000000000 4.000000000
-201.269000000 158.555000000 6.000000000 6.000000000 4.000000000
-209.770000000 147.124000000 6.000000000 6.000000000 4.000000000
-217.622000000 135.239000000 6.000000000 6.000000000 4.000000000
-224.802000000 122.935000000 6.000000000 6.000000000 4.000000000
-231.286000000 110.252000000 6.000000000 6.000000000 4.000000000
-237.056000000 97.228000000 6.000000000 6.000000000 4.000000000
-242.093000000 83.903000000 6.000000000 6.000000000 4.000000000
-246.382000000 70.320000000 6.000000000 6.000000000 4.000000000
-249.909000000 56.518000000 6.000000000 6.000000000 4.000000000
-252.664000000 42.542000000 6.000000000 6.000000000 4.000000000
-254.638000000 28.435000000 6.000000000 6.000000000 4.000000000
-255.824000000 14.239000000 6.000000000 6.000000000 4.000000000
-256.220000000 0.000000000 6.000000000 6.000000000 4.000000000
-255.824000000 -14.239000000 6.000000000 6.000000000 4.000000000
-254.638000000 -28.435000000 6.000000000 6.000000000 4.000000000
-252.664000000 -42.542000000 6.000000000 6.000000000 4.000000000
-249.909000000 -56.518000000 6.000000000 6.000000000 4.000000000
-246.382000000 -70.320000000 6.000000000 6.000000000 4.000000000
-242.093000000 -83.903000000 6.000000000 6.000000000 4.000000000
-237.056000000 -97.228000000 6.000000000 6.000000000 4.000000000
-231.286000000 -110.252000000 6.000000000 6.000000000 4.000000000
-224.802000000 -122.935000000 6.000000000 6.000000000 4.000000000
-217.622000000 -135.239000000 6.000000000 6.000000000 4.000000000
-209.770000000 -147.124000000 6.000000000 6.000000000 4.000000000
-201.269000000 -158.555000000 6.000000000 6.000000000 4.000000000
-192.147000000 -169.495000000 6.000000000 6.000000000 4.000000000
-182.430000000 -179.912000000 6.000000000 6.000000000 4.000000000
-172.150000000 -189.772000000 6.000000000 6.000000000 4.000000000
-161.337000000 -199.046000000 6.000000000 6.000000000 4.000000000
-150.026000000 -207.705000000 6.000000000 6.000000000 4.000000000
-138.251000000 -215.721000000 6.000000000 6.000000000 4.000000000
-126.048000000 -223.071000000 6.000000000 6.000000000 4.000000000
-113.456000000 -229.731000000 6.000000000 6.000000000 4.000000000
-100.514000000 -235.682000000 6.000000000 6.000000000 4.000000000
-87.261000000 -240.903000000 6.000000000 6.000000000 4.000000000
-73.738000000 -245.381000000 6.000000000 6.000000000 4.000000000
-59.987000000 -249.099000000 6.000000000 6.000000000 4.000000000
-46.050000000 -252.048000000 6.000000000 6.000000000 4.000000000
-31.972000000 -254.218000000 6.000000000 6.000000000 4.000000000
-17.794000000 -255.602000000 6.000000000 6.000000000 4.000000000
-3.562000000 -256.196000000 6.000000000 6.000000000 4.000000000
10.682000000 -255.998000000 6.000000000 6.000000000 4.000000000
24.892000000 -255.008000000 6.000000000 6.000000000 4.000000000
39.026000000 -253.231000000 6.000000000 6.000000000 4.000000000
53.039000000 -250.671000000 6.000000000 6.000000000 4.000000000
66.888000000 -247.336000000 6.000000000 6.000000000 4.000000000
80.530000000 -243.236000000 6.000000000 6.000000000 4.000000000
93.923000000 -238.385000000 6.000000000 6.000000000 4.000000000
107.026000000 -232.796000000 6.000000000 6.000000000 4.000000000
119.799000000 -226.489000000 6.000000000 6.000000000 4.000000000
132.201000000 -219.481000000 6.000000000 6.000000000 4.000000000
144.194000000 -211.795000000 6.000000000 6.000000000 4.000000000
155.741000000 -203.454000000 6.000000000 6.000000000 4.000000000
166.808000000 -194.484000000 6.000000000 6.000000000 4.000000000
177.358000000 -184.913000000 6.000000000 6.000000000 4.000000000
187.361000000 -174.771000000 6.000000000 6.000000000 4.000000000
196.784000000 -164.088000000 6.000000000 6.000000000 4.000000000
205.599000000 -152.898000000 6.000000000 6.000000000 4.000000000
213.779000000 -141.236000000 6.000000000 6.000000000 4.000000000
221.297000000 -129.137000000 6.000000000 6.000000000 4.000000000
228.132000000 -116.639000000 6.000000000 6.000000000 4.000000000
234.262000000 -103.780000000 6.000000000 6.000000000 4.000000000
239.667000000 -90.601000000 6.000000000 6.000000000 4.000000000
244.332000000 -77.141000000 6.000000000 6.000000000 4.000000000
248.241000000 -63.443000000 6.000000000 6.000000000 4.000000000
251.384000000 -49.549000000 6.000000000 6.000000000 4.000000000
253.749000000 -35.502000000 6.000000000 6.000000000 4.000000000
255.330000000 -21.345000000 6.000000000 6.000000000 4.000000000
256.121000000 -7.122000000 6.000000000 6.000000000 4.000000000
269.281000000 15.123000000 6.000000000 6.000000000 4.000000000
268.010000000 30.197000000 6.000000000 6.000000000 4.000000000
265.895000000 45.177000000 6.000000000 6.000000000 4.000000000
262.944000000 60.015000000 6.000000000 6.000000000 4.000000000
259.165000000 74.664000000 6.000000000 6.000000000 4.000000000
254.571000000 89.078000000 6.000000000 6.000000000 4.000000000
249.176000000 103.212000000 6.000000000 6.000000000 4.000000000
242.996000000 117.021000000 6.000000000 6.000000000 4.000000000
236.053000000 130.462000000 6.000000000 6.000000000 4.000000000
228.366000000 143.492000000 6.000000000 6.000000000 4.000000000
219.961000000 156.071000000 6.000000000 6.000000000 4.000000000
210.864000000 168.159000000 6.000000000 6.000000000 4.000000000
201.104000000 179.717000000 6.000000000 6.000000000 4.000000000
190.711000000 190.711000000 6.000000000 6.000000000 4.000000000
179.717000000 201.104000000 6.000000000 6.000000000 4.000000000
168.159000000 210.864000000 6.000000000 6.000000000 4.000000000
156.071000000 219.961000000 6.000000000 6.000000000 4.000000000
143.492000000 228.366000000 6.000000000 6.000000000 4.000000000
130.462000000 236.053000000 6.000000000 6.000000000 4.000000000
117.021000000 242.996000000 6.000000000 6.000000000 4.000000000
103.212000000 249.176000000 6.000000000 6.000000000 4.000000000
89.078000000 254.571000000 6.000000000 6.000000000 4.000000000
74.664000000 259.165000000 6.000000000 6.000000000 4.000000000
60.015000000 262.944000000 6.000000000 6.000000000 4.000000000
45.177000000 265.895000000 6.000000000 6.000000000 4.000000000
30.197000000 268.010000000 6.000000000 6.000000000 4.000000000
15.123000000 269.281000000 6.000000000 6.000000000 4.000000000
0.000000000 269.706000000 6.000000000 6.000000000 4.000000000
-15.123000000 269.281000000 6.000000000 6.000000000 4.000000000
-30.197000000 268.010000000 6.000000000 6.000000000 4.000000000
-45.177000000 265.895000000 6.000000000 6.000000000 4.000000000
-60.015000000 262.944000000 6.000000000 6.000000000 4.000000000
-74.664000000 259.165000000 6.000000000 6.000000000 4.000000000
-89.078000000 254.571000000 6.000000000 6.000000000 4.000000000
-103.212000000 249.176000000 6.000000000 6.000000000 4.000000000
-117.021000000 242.996000000 6.000000000 6.000000000 4.000000000
-130.462000000 236.053000000 6.000000000 6.000000000 4.000000000
-143.492000000 228.366000000 6.000000000 6.000000000 4.000000000
-156.071000000 219.961000000 6.000000000 6.000000000 4.000000000
-168.159000000 210.864000000 6.000000000 6.000000000 4.000000000
-179.717000000 201.104000000 6.000000000 6.000000000 4.000000000
-190.711000000 190.711000000 6.000000000 6.000000000 4.000000000
-201.104000000 179.717000000 6.000000000 6.000000000 4.000000000
-210.864000000 168.159000000 6.000000000 6.000000000 4.000000000
-219.961000000 156.071000000 6.000000000 6.000000000 4.000000000
-228.366000000 143.492000000 6.000000000 6.000000000 4.000000000
-236.053000000 130.462000000 6.000000000 6.000000000 4.000000000
-242.996000000 117.021000000 6.000000000 6.000000000 4.000000000
-249.176000000 103.212000000 6.000000000 6.000000000 4.000000000
-254.571000000 89.078000000 6.000000000 6.000000000 4.000000000
-259.165000000 74.664000000 6.000000000 6.000000000 4.000000000
-262.944000000 60.015000000 6.000000000 6.000000000 4.000000000
-265.895000000 45.177000000 6.000000000 6.000000000 4.000000000
-268.010000000 30.197000000 6.000000000 6.000000000 4.000000000
-269.281000000 15.123000000 6.000000000 6.000000000 4.000000000
-269.706000000 0.000000000 6.000000000 6.000000000 4.000000000
-269.281000000 -15.123000000 6.000000000 6.000000000 4.000000000
-268.010000000 -30.197000000 6.000000000 6.000000000 4.000000000
-265.895000000 -45.177000000 6.000000000 6.000000000 4.000000000
-262.944000000 -60.015000000 6.000000000 6.000000000 4.000000000
-259.165000000 -74.664000000 6.000000000 6.000000000 4.000000000
-254.571000000 -89.078000000 6.000000000 6.000000000 4.000000000
-249.176000000 -103.212000000 6.000000000 6.000000000 4.000000000
-242.996000000 -117.021000000 6.000000000 6.000000000 4.000000000
-236.053000000 -130.462000000 6.000000000 6.000000000 4.000000000
-228.366000000 -143.492000000 6.000000000 6.000000000 4.000000000
-219.961000000 -156.071000000 6.000000000 6.000000000 4.000000000
-210.864000000 -168.159000000 6.000000000 6.000000000 4.000000000
-201.104000000 -179.717000000 6.000000000 6.000000000 4.000000000
-190.711000000 -190.711000000 6.000000000 6.000000000 4.000000000
-179.717000000 -201.104000000 6.000000000 6.000000000 4.000000000
-168.159000000 -210.864000000 6.000000000 6.000000000 4.000000000
-156.071000000 -219.961000000 6.000000000 6.000000000 4.000000000
-143.492000000 -228.366000000 6.000000000 6.000000000 4.000000000
-130.462000000 -236.053000000 6.000000000 6.000000000 4.000000000
-117.021000000 -242.996000000 6.000000000 6.000000000 4.000000000
-103.212000000 -249.176000000 6.000000000 6.000000000 4.000000000
-89.078000000 -254.571000000 6.000000000 6.000000000 4.000000000
-74.664000000 -259.165000000 6.000000000 6.000000000 4.000000000
-60.015000000 -262.944000000 6.000000000 6.000000000 4.000000000
-45.177000000 -265.895000000 6.000000000 6.000000000 4.000000000
-30.197000000 -268.010000000 6.000000000 6.000000000 4.000000000
-15.123000000 -269.281000000 6.000000000 6.000000000 4.000000000
0.000000000 -269.706000000 6.000000000 6.000000000 4.000000000
15.123000000 -269.281000000 6.000000000 6.000000000 4.000000000
30.197000000 -268.010000000 6.000000000 6.000000000 4.000000000
45.177000000 -265.895000000 6.000000000 6.000000000 4.000000000
60.015000000 -262.944000000 6.000000000 6.000000000 4.000000000
74.664000000 -259.165000000 6.000000000 6.000000000 4.000000000
89.078000000 -254.571000000 6.000000000 6.000000000 4.000000000
103.212000000 -249.176000000 6.000000000 6.000000000 4.000000000
117.021000000 -242.996000000 6.000000000 6.000000000 4.000000000
130.462000000 -236.053000000 6.000000000 6.000000000 4.000000000
143.492000000 -228.366000000 6.000000000 6.000000000 4.000000000
156.071000000 -219.961000000 6.000000000 6.000000000 4.000000000
168.159000000 -210.864000000 6.000000000 6.000000000 4.000000000
179.717000000 -201.104000000 6.000000000 6.000000000 4.000000000
190.711000000 -190.711000000 6.000000000 6.000000000 4.000000000
201.104000000 -179.717000000 6.000000000 6.000000000 4.000000000
210.864000000 -168.159000000 6.000000000 6.000000000 4.000000000
219.961000000 -156.071000000 6.000000000 6.000000000 4.000000000
228.366000000 -143.492000000 6.000000000 6.000000000 4.000000000
236.053000000 -130.462000000 6.000000000 6.000000000 4.000000000
242.996000000 -117.021000000 6.000000000 6.000000000 4.000000000
249.176000000 -103.212000000 6.000000000 6.000000000 4.000000000
254.571000000 -89.078000000 6.000000000 6.000000000 4.000000000
259.165000000 -74.664000000 6.000000000 6.000000000 4.000000000
262.944000000 -60.015000000 6.000000000 6.000000000 4.000000000
265.895000000 -45.177000000 6.000000000 6.000000000 4.000000000
268.010000000 -30.197000000 6.000000000 6.000000000 4.000000000
269.281000000 -15.123000000 6.000000000 6.000000000 4.000000000
269.706000000 0.000000000 6.000000000 6.000000000 4.000000000
283.067000000 8.392000000 6.000000000 6.000000000 4.000000000
282.072000000 25.146000000 6.000000000 6.000000000 4.000000000
280.087000000 41.812000000 6.000000000 6.000000000 4.000000000
277.118000000 58.331000000 6.000000000 6.000000000 4.000000000
273.176000000 74.645000000 6.000000000 6.000000000 4.000000000
268.274000000 90.698000000 6.000000000 6.000000000 4.000000000
262.430000000 106.431000000 6.000000000 6.000000000 4.000000000
255.664000000 121.791000000 6.000000000 6.000000000 4.000000000
248.000000000 136.722000000 6.000000000 6.000000000 4.000000000
239.465000000 151.174000000 6.000000000 6.000000000 4.000000000
230.089000000 165.094000000 6.000000000 6.000000000 4.000000000
219.904000000 178.435000000 6.000000000 6.000000000 4.000000000
208.948000000 191.149000000 6.000000000 6.000000000 4.000000000
197.257000000 203.192000000 6.000000000 6.000000000 4.000000000
184.873000000 214.520000000 6.000000000 6.000000000 4.000000000
171.840000000 225.096000000 6.000000000 6.000000000 4.000000000
158.204000000 234.880000000 6.000000000 6.000000000 4.000000000
144.011000000 243.840000000 6.000000000 6.000000000 4.000000000
129.313000000 251.943000000 6.000000000 6.000000000 4.000000000
114.161000000 259.161000000 6.000000000 6.000000000 4.000000000
98.608000000 265.469000000 6.000000000 6.000000000 4.000000000
82.708000000 270.844000000 6.000000000 6.000000000 4.000000000
66.518000000 275.268000000 6.000000000 6.000000000 4.000000000
50.094000000 278.725000000 6.000000000 6.000000000 4.000000000
33.494000000 281.203000000 6.000000000 6.000000000 4.000000000
16.776000000 282.694000000 6.000000000 6.000000000 4.000000000
0.000000000 283.191000000 6.000000000 6.000000000 4.000000000
-16.776000000 282.694000000 6.000000000 6.000000000 4.000000000
-33.494000000 281.203000000 6.000000000 6.000000000 4.000000000
-50.094000000 278.725000000 6.000000000 6.000000000 4.000000000
-66.518000000 275.268000000 6.000000000 6.000000000 4.000000000
-82.708000000 270.844000000 6.000000000 6.000000000 4.000000000
-98.608000000 265.469000000 6.000000000 6.000000000 4.000000000
-114.161000000 259.161000000 6.000000000 6.000000000 4.000000000
-129.313000000 251.943000000 6.000000000 6.000000000 4.000000000
-144.011000000 243.840000000 6.000000000 6.000000000 4.000000000
-158.204000000 234.880000000 6.000000000 6.000000000 4.000000000
-171.840000000 225.096000000 6.000000000 6.000000000 4.000000000
-184.873000000 214.520000000 6.000000000 6.000000000 4.000000000
-197.257000000 203.192000000 6.000000000 6.000000000 4.000000000
-208.948000000 191.149000000 6.000000000 6.000000000 4.000000000
-219.904000000 178.435000000 6.000000000 6.000000000 4.000000000
-230.089000000 165.094000000 6.000000000 6.000000000 4.000000000
-239.465000000 151.174000000 6.000000000 6.000000000 4.000000000
-248.000000000 136.722000000 6.000000000 6.000000000 4.000000000
-255.664000000 121.791000000 6.000000000 6.000000000 4.000000000
-262.430000000 106.431000000 6.000000000 6.000000000 4.000000000
-268.274000000 90.698000000 6.000000000 6.000000000 4.000000000
-273.176000000 74.645000000 6.000000000 6.000000000 4.000000000
-277.118000000 58.331000000 6.000000000 6.000000000 4.000000000
-280.087000000 41.812000000 6.000000000 6.000000000 4.000000000
-282.072000000 25.146000000 6.000000000 6.000000000 4.000000000
-283.067000000 8.392000000 6.000000000 6.000000000 4.000000000
-283.067000000 -8.392000000 6.000000000 6.000000000 4.000000000
-282.072000000 -25.146000000 6.000000000 6.000000000 4.000000000
-280.087000000 -41.812000000 6.000000000 6.000000000 4.000000000
-277.118000000 -58.331000000 6.000000000 6.000000000 4.000000000
-273.176000000 -74.645000000 6.000000000 6.000000000 4.000000000
-268.274000000 -90.698000000 6.000000000 6.000000000 4.000000000
-262.430000000 -106.431000000 6.000000000 6.000000000 4.000000000
-255.664000000 -121.791000000 6.000000000 6.000000000 4.000000000
-248.000000000 -136.722000000 6.000000000 6.000000000 4.000000000
-239.465000000 -151.174000000 6.000000000 6.000000000 4.000000000
-230.089000000 -165.094000000 6.000000000 6.000000000 4.000000000
-219.904000000 -178.435000000 6.000000000 6.000000000 4.000000000
-208.948000000 -191.149000000 6.000000000 6.000000000 4.000000000
-197.257000000 -203.192000000 6.000000000 6.000000000 4.000000000
-184.873000000 -214.520000000 6.000000000 6.000000000 4.000000000
-171.840000000 -225.096000000 6.000000000 6.000000000 4.000000000
-158.204000000 -234.880000000 6.000000000 6.000000000 4.000000000
-144.011000000 -243.840000000 6.000000000 6.000000000 4.000000000
-129.313000000 -251.943000000 6.000000000 6.000000000 4.000000000
-114.161000000 -259.161000000 6.000000000 6.000000000 4.000000000
-98.608000000 -265.469000000 6.000000000 6.000000000 4.000000000
-82.708000000 -270.844000000 6.000000000 6.000000000 4.000000000
-66.518000000 -275.268000000 6.000000000 6.000000000 4.000000000
-50.094000000 -278.725000000 6.000000000 6.000000000 4.000000000
-33.494000000 -281.203000000 6.000000000 6.000000000 4.000000000
-16.776000000 -282.694000000 6.000000000 6.000000000 4.000000000
0.000000000 -283.191000000 6.000000000 6.000000000 4.000000000
16.776000000 -282.694000000 6.000000000 6.000000000 4.000000000
33.494000000 -281.203000000 6.000000000 6.000000000 4.000000000
50.094000000 -278.725000000 6.000000000 6.000000000 4.000000000
66.518000000 -275.268000000 6.000000000 6.000000000 4.000000000
82.708000000 -270.844000000 6.000000000 6.000000000 4.000000000
98.608000000 -265.469000000 6.000000000 6.000000000 4.000000000
114.161000000 -259.161000000 6.000000000 6.000000000 4.000000000
129.313000000 -251.943000000 6.000000000 6.000000000 4.000000000
144.011000000 -243.840000000 6.000000000 6.000000000 4.000000000
158.204000000 -234.880000000 6.000000000 6.000000000 4.000000000
171.840000000 -225.096000000 6.000000000 6.000000000 4.000000000
184.873000000 -214.520000000 6.000000000 6.000000000 4.000000000
197.257000000 -203.192000000 6.000000000 6.000000000 4.000000000
208.948000000 -191.149000000 6.000000000 6.000000000 4.000000000
219.904000000 -178.435000000 6.000000000 6.000000000 4.000000000
230.089000000 -165.094000000 6.000000000 6.000000000 4.000000000
239.465000000 -151.174000000 6.000000000 6.000000000 4.000000000
248.000000000 -136.722000000 6.000000000 6.000000000 4.000000000
255.664000000 -121.791000000 6.000000000 6.000000000 4.000000000
262.430000000 -106.431000000 6.000000000 6.000000000 4.000000000
268.274000000 -90.698000000 6.000000000 6.000000000 4.000000000
273.176000000 -74.645000000 6.000000000 6.000000000 4.000000000
277.118000000 -58.331000000 6.000000000 6.000000000 4.000000000
280.087000000 -41.812000000 6.000000000 6.000000000 4.000000000
282.072000000 -25.146000000 6.000000000 6.000000000 4.000000000
283.067000000 -8.392000000 6.000000000 6.000000000 4.000000000
296.174000000 17.250000000 6.000000000 6.000000000 4.000000000
294.670000000 34.442000000 6.000000000 6.000000000 4.000000000
292.169000000 51.517000000 6.000000000 6.000000000 4.000000000
288.679000000 68.418000000 6.000000000 6.000000000 4.000000000
284.213000000 85.088000000 6.000000000 6.000000000 4.000000000
278.784000000 101.469000000 6.000000000 6.000000000 4.000000000
272.413000000 117.507000000 6.000000000 6.000000000 4.000000000
265.120000000 133.148000000 6.000000000 6.000000000 4.000000000
256.929000000 148.338000000 6.000000000 6.000000000 4.000000000
247.869000000 163.026000000 6.000000000 6.000000000 4.000000000
237.971000000 177.163000000 6.000000000 6.000000000 4.000000000
227.267000000 190.700000000 6.000000000 6.000000000 4.000000000
215.794000000 203.592000000 6.000000000 6.000000000 4.000000000
203.592000000 215.794000000 6.000000000 6.000000000 4.000000000
190.700000000 227.267000000 6.000000000 6.000000000 4.000000000
177.163000000 237.971000000 6.000000000 6.000000000 4.000000000
163.026000000 247.869000000 6.000000000 6.000000000 4.000000000
148.338000000 256.929000000 6.000000000 6.000000000 4.000000000
133.148000000 265.120000000 6.000000000 6.000000000 4.000000000
117.507000000 272.413000000 6.000000000 6.000000000 4.000000000
101.469000000 278.784000000 6.000000000 6.000000000 4.000000000
85.088000000 284.213000000 6.000000000 6.000000000 4.000000000
68.418000000 288.679000000 6.000000000 6.000000000 4.000000000
51.517000000 292.169000000 6.000000000 6.000000000 4.000000000
34.442000000 294.670000000 6.000000000 6.000000000 4.000000000
17.250000000 296.174000000 6.000000000 6.000000000 4.000000000
0.000000000 296.676000000 6.000000000 6.000000000 4.000000000
-17.250000000 296.174000000 6.000000000 6.000000000 4.000000000
-34.442000000 294.670000000 6.000000000 6.000000000 4.000000000
-51.517000000 292.169000000 6.000000000 6.000000000 4.000000000
-68.418000000 288.679000000 6.000000000 6.000000000 4.000000000
-85.088000000 284.213000000 6.000000000 6.000000000 4.000000000
-101.469000000 278.784000000 6.000000000 6.000000000 4.000000000
-117.507000000 272.413000000 6.000000000 6.000000000 4.000000000
-133.148000000 265.120000000 6.000000000 6.000000000 4.000000000
-148.338000000 256.929000000 6.000000000 6.000000000 4.000000000
-163.026000000 247.869000000 6.000000000 6.000000000 4.000000000
-177.163000000 237.971000000 6.000000000 6.000000000 4.000000000
-190.700000000 227.267000000 6.000000000 6.000000000 4.000000000
-203.592000000 215.794000000 6.000000000 6.000000000 4.000000000
-215.794000000 203.592000000 6.000000000 6.000000000 4.000000000
-227.267000000 190.700000000 6.000000000 6.000000000 4.000000000
-237.971000000 177.163000000 6.000000000 6.000000000 4.000000000
-247.869000000 163.026000000 6.000000000 6.000000000 4.000000000
-256.929000000 148.338000000 6.000000000 6.000000000 4.000000000
-265.120000000 133.148000000 6.000000000 6.000000000 4.000000000
-272.413000000 117.507000000 6.000000000 6.000000000 4.000000000
-278.784000000 101.469000000 6.000000000 6.000000000 4.000000000
-284.213000000 85.088000000 6.000000000 6.000000000 4.000000000
-288.679000000 68.418000000 6.000000000 6.000000000 4.000000000
-292.169000000 51.517000000 6.000000000 6.000000000 4.000000000
-294.670000000 34.442000000 6.000000000 6.000000000 4.000000000
-296.174000000 17.250000000 6.000000000 6.000000000 4.000000000
-296.676000000 0.000000000 6.000000000 6.000000000 4.000000000
-296.174000000 -17.250000000 6.000000000 6.000000000 4.000000000
-294.670000000 -34.442000000 6.000000000 6.000000000 4.000000000
-292.169000000 -51.517000000 6.000000000 6.000000000 4.000000000
-288.679000000 -68.418000000 6.000000000 6.000000000 4.000000000
-284.213000000 -85.088000000 6.000000000 6.000000000 4.000000000
-278.784000000 -101.469000000 6.000000000 6.000000000 4.000000000
-272.413000000 -117.507000000 6.000000000 6.000000000 4.000000000
-265.120000000 -133.148000000 6.000000000 6.000000000 4.000000000
-256.929000000 -148.338000000 6.000000000 6.000000000 4.000000000
-247.869000000 -163.026000000 6.000000000 6.000000000 4.000000000
-237.971000000 -177.163000000 6.000000000 6.000000000 4.000000000
-227.267000000 -190.700000000 6.000000000 6.000000000 4.000000000
-215.794000000 -203.592000000 6.000000000 6.000000000 4.000000000
-203.592000000 -215.794000000 6.000000000 6.000000000 4.000000000
-190.700000000 -227.267000000 6.000000000 6.000000000 4.000000000
-177.163000000 -237.971000000 6.000000000 6.000000000 4.000000000
-163.026000000 -247.869000000 6.000000000 6.000000000 4.000000000
-148.338000000 -256.929000000 6.000000000 6.000000000 4.000000000
-133.148000000 -265.120000000 6.000000000 6.000000000 4.000000000
-117.507000000 -272.413000000 6.000000000 6.000000000 4.000000000
-101.469000000 -278.784000000 6.000000000 6.000000000 4.000000000
-85.088000000 -284.213000000 6.000000000 6.000000000 4.000000000
-68.418000000 -288.679000000 6.000000000 6.000000000 4.000000000
-51.517000000 -292.169000000 6.000000000 6.000000000 4.000000000
-34.442000000 -294.670000000 6.000000000 6.000000000 4.000000000
-17.250000000 -296.174000000 6.000000000 6.000000000 4.000000000
0.000000000 -296.676000000 6.000000000 6.000000000 4.000000000
17.250000000 -296.174000000 6.000000000 6.000000000 4.000000000
34.442000000 -294.670000000 6.000000000 6.000000000 4.000000000
51.517000000 -292.169000000 6.000000000 6.000000000 4.000000000
68.418000000 -288.679000000 6.000000000 6.000000000 4.000000000
85.088000000 -284.213000000 6.000000000 6.000000000 4.000000000
101.469000000 -278.784000000 6.000000000 6.000000000 4.000000000
117.507000000 -272.413000000 6.000000000 6.000000000 4.000000000
133.148000000 -265.120000000 6.000000000 6.000000000 4.000000000
148.338000000 -256.929000000 6.000000000 6.000000000 4.000000000
163.026000000 -247.869000000 6.000000000 6.000000000 4.000000000
177.163000000 -237.971000000 6.000000000 6.000000000 4.000000000
190.700000000 -227.267000000 6.000000000 6.000000000 4.000000000
203.592000000 -215.794000000 6.000000000 6.000000000 4.000000000
215.794000000 -203.592000000 6.000000000 6.000000000 4.000000000
227.267000000 -190.700000000 6.000000000 6.000000000 4.000000000
237.971000000 -177.163000000 6.000000000 6.000000000 4.000000000
247.869000000 -163.026000000 6.000000000 6.000000000 4.000000000
256.929000000 -148.338000000 6.000000000 6.000000000 4.000000000
265.120000000 -133.148000000 6.000000000 6.000000000 4.000000000
272.413000000 -117.507000000 6.000000000 6.000000000 4.000000000
278.784000000 -101.469000000 6.000000000 6.000000000 4.000000000
284.213000000 -85.088000000 6.000000000 6.000000000 4.000000000
288.679000000 -68.418000000 6.000000000 6.000000000 4.000000000
292.169000000 -51.517000000 6.000000000 6.000000000 4.000000000
294.670000000 -34.442000000 6.000000000 6.000000000 4.000000000
296.174000000 -17.250000000 6.000000000 6.000000000 4.000000000
296.676000000 0.000000000 6.000000000 6.000000000 4.000000000
310.046000000 8.472000000 6.000000000 6.000000000 4.000000000
309.120000000 25.391000000 6.000000000 6.000000000 4.000000000
307.273000000 42.234000000 6.000000000 6.000000000 4.000000000
304.508000000 58.951000000 6.000000000 6.000000000 4.000000000
300.834000000 75.492000000 6.000000000 6.000000000 4.000000000
296.263000000 91.807000000 6.000000000 6.000000000 4.000000000
290.807000000 107.849000000 6.000000000 6.000000000 4.000000000
284.484000000 123.569000000 6.000000000 6.000000000 4.000000000
277.311000000 138.920000000 6.000000000 6.000000000 4.000000000
269.311000000 153.856000000 6.000000000 6.000000000 4.000000000
260.507000000 168.333000000 6.000000000 6.000000000 4.000000000
250.926000000 182.308000000 6.000000000 6.000000000 4.000000000
240.596000000 195.739000000 6.000000000 6.000000000 4.000000000
229.548000000 208.586000000 6.000000000 6.000000000 4.000000000
217.814000000 220.810000000 6.000000000 6.000000000 4.000000000
205.431000000 232.375000000 6.000000000 6.000000000 4.000000000
192.435000000 243.247000000 6.000000000 6.000000000 4.000000000
178.864000000 253.393000000 6.000000000 6.000000000 4.000000000
164.760000000 262.782000000 6.000000000 6.000000000 4.000000000
150.163000000 271.387000000 6.000000000 6.000000000 4.000000000
135.119000000 279.183000000 6.000000000 6.000000000 4.000000000
119.671000000 286.145000000 6.000000000 6.000000000 4.000000000
103.867000000 292.253000000 6.000000000 6.000000000 4.000000000
87.752000000 297.489000000 6.000000000 6.000000000 4.000000000
71.375000000 301.837000000 6.000000000 6.000000000 4.000000000
54.786000000 305.285000000 6.000000000 6.000000000 4.000000000
38.033000000 307.821000000 6.000000000 6.000000000 4.000000000
21.166000000 309.438000000 6.000000000 6.000000000 4.000000000
4.236000000 310.133000000 6.000000000 6.000000000 4.000000000
-12.706000000 309.901000000 6.000000000 6.000000000 4.000000000
-29.611000000 308.745000000 6.000000000 6.000000000 4.000000000
-46.427000000 306.667000000 6.000000000 6.000000000 4.000000000
-63.104000000 303.674000000 6.000000000 6.000000000 4.000000000
-79.593000000 299.775000000 6.000000000 6.000000000 4.000000000
-95.845000000 294.981000000 6.000000000 6.000000000 4.000000000
-111.811000000 289.307000000 6.000000000 6.000000000 4.000000000
-127.443000000 282.769000000 6.000000000 6.000000000 4.000000000
-142.694000000 275.388000000 6.000000000 6.000000000 4.000000000
-157.520000000 267.184000000 6.000000000 6.000000000 4.000000000
-171.876000000 258.184000000 6.000000000 6.000000000 4.000000000
-185.719000000 248.412000000 6.000000000 6.000000000 4.000000000
-199.007000000 237.900000000 6.000000000 6.000000000 4.000000000
-211.702000000 226.677000000 6.000000000 6.000000000 4.000000000
-223.764000000 214.778000000 6.000000000 6.000000000 4.000000000
-235.159000000 202.238000000 6.000000000 6.000000000 4.000000000
-245.853000000 189.094000000 6.000000000 6.000000000 4.000000000
-255.812000000 175.386000000 6.000000000 6.000000000 4.000000000
-265.008000000 161.155000000 6.000000000 6.000000000 4.000000000
-273.413000000 146.443000000 6.000000000 6.000000000 4.000000000
-281.002000000 131.293000000 6.000000000 6.000000000 4.000000000
-287.753000000 115.752000000 6.000000000 6.000000000 4.000000000
-293.644000000 99.865000000 6.000000000 6.000000000 4.000000000
-298.660000000 83.681000000 6.000000000 6.000000000 4.000000000
-302.784000000 67.246000000 6.000000000 6.000000000 4.000000000
-306.004000000 50.611000000 6.000000000 6.000000000 4.000000000
-308.312000000 33.825000000 6.000000000 6.000000000 4.000000000
-309.699000000 16.938000000 6.000000000 6.000000000 4.000000000
-310.161000000 0.000000000 6.000000000 6.000000000 4.000000000
-309.699000000 -16.938000000 6.000000000 6.000000000 4.000000000
-308.312000000 -33.825000000 6.000000000 6.000000000 4.000000000
-306.004000000 -50.611000000 6.000000000 6.000000000 4.000000000
-302.784000000 -67.246000000 6.000000000 6.000000000 4.000000000
-298.660000000 -83.681000000 6.000000000 6.000000000 4.000000000
-293.644000000 -99.865000000 6.000000000 6.000000000 4.000000000
-287.753000000 -115.752000000 6.000000000 6.000000000 4.000000000
-281.002000000 -131.293000000 6.000000000 6.000000000 4.000000000
-273.413000000 -146.443000000 6.000000000 6.000000000 4.000000000
-265.008000000 -161.155000000 6.000000000 6.000000000 4.000000000
-255.812000000 -175.386000000 6.000000000 6.000000000 4.000000000
-245.853000000 -189.094000000 6.000000000 6.000000000 4.000000000
-235.159000000 -202.238000000 6.000000000 6.000000000 4.000000000
-223.764000000 -214.778000000 6.000000000 6.000000000 4.000000000
-211.702000000 -226.677000000 6.000000000 6.000000000 4.000000000
-199.007000000 -237.900000000 6.000000000 6.000000000 4.000000000
-185.719000000 -248.412000000 6.000000000 6.000000000 4.000000000
-171.876000000 -258.184000000 6.000000000 6.000000000 4.000000000
-157.520000000 -267.184000000 6.000000000 6.000000000 4.000000000
-142.694000000 -275.388000000 6.000000000 6.000000000 4.000000000
-127.443000000 -282.769000000 6.000000000 6.000000000 4.000000000
-111.811000000 -289.307000000 6.000000000 6.000000000 4.000000000
-95.845000000 -294.981000000 6.000000000 6.000000000 4.000000000
-79.593000000 -299.775000000 6.000000000 6.000000000 4.000000000
-63.104000000 -303.674000000 6.000000000 6.000000000 4.000000000
-46.427000000 -306.667000000 6.000000000 6.000000000 4.000000000
-29.611000000 -308.745000000 6.000000000 6.000000000 4.000000000
-12.706000000 -309.901000000 6.000000000 6.000000000 4.000000000
4.236000000 -310.133000000 6.000000000 6.000000000 4.000000000
21.166000000 -309.438000000 6.000000000 6.000000000 4.000000000
38.033000000 -307.821000000 6.000000000 6.000000000 4.000000000
54.786000000 -305.285000000 6.000000000 6.000000000 4.000000000
71.375000000 -301.837000000 6.000000000 6.000000000 4.000000000
87.752000000 -297.489000000 6.000000000 6.000000000 4.000000000
103.867000000 -292.253000000 6.000000000 6.000000000 4.000000000
119.671000000 -286.145000000 6.000000000 6.000000000 4.000000000
135.119000000 -279.183000000 6.000000000 6.000000000 4.000000000
150.163000000 -271.387000000 6.000000000 6.000000000 4.000000000
164.760000000 -262.782000000 6.000000000 6.000000000 4.000000000
178.864000000 -253.393000000 6.000000000 6.000000000 4.000000000
192.435000000 -243.247000000 6.000000000 6.000000000 4.000000000
205.431000000 -232.375000000 6.000000000 6.000000000 4.000000000
217.814000000 -220.810000000 6.000000000 6.000000000 4.000000000
229.548000000 -208.586000000 6.000000000 6.000000000 4.000000000
240.596000000 -195.739000000 6.000000000 6.000000000 4.000000000
250.926000000 -182.308000000 6.000000000 6.000000000 4.000000000
260.507000000 -168.333000000 6.000000000 6.000000000 4.000000000
269.311000000 -153.856000000 6.000000000 6.000000000 4.000000000
277.311000000 -138.920000000 6.000000000 6.000000000 4.000000000
284.484000000 -123.569000000 6.000000000 6.000000000 4.000000000
290.807000000 -107.849000000 6.000000000 6.000000000 4.000000000
296.263000000 -91.807000000 6.000000000 6.000000000 4.000000000
300.834000000 -75.492000000 6.000000000 6.000000000 4.000000000
304.508000000 -58.951000000 6.000000000 6.000000000 4.000000000
307.273000000 -42.234000000 6.000000000 6.000000000 4.000000000
309.120000000 -25.391000000 6.000000000 6.000000000 4.000000000
310.046000000 -8.472000000 6.000000000 6.000000000 4.000000000
323.275000000 15.517000000 6.000000000 6.000000000 4.000000000
322.159000000 30.999000000 6.000000000 6.000000000 4.000000000
320.302000000 46.409000000 6.000000000 6.000000000 4.000000000
317.709000000 61.712000000 6.000000000 6.000000000 4.000000000
314.385000000 76.874000000 6.000000000 6.000000000 4.000000000
310.337000000 91.859000000 6.000000000 6.000000000 4.000000000
305.576000000 106.632000000 6.000000000 6.000000000 4.000000000
300.112000000 121.160000000 6.000000000 6.000000000 4.000000000
293.958000000 135.410000000 6.000000000 6.000000000 4.000000000
287.128000000 149.348000000 6.000000000 6.000000000 4.000000000
279.637000000 162.942000000 6.000000000 6.000000000 4.000000000
271.503000000 176.162000000 6.000000000 6.000000000 4.000000000
262.745000000 188.977000000 6.000000000 6.000000000 4.000000000
253.383000000 201.357000000 6.000000000 6.000000000 4.000000000
243.437000000 213.274000000 6.000000000 6.000000000 4.000000000
232.932000000 224.700000000 6.000000000 6.000000000 4.000000000
221.891000000 235.609000000 6.000000000 6.000000000 4.000000000
210.339000000 245.977000000 6.000000000 6.000000000 4.000000000
198.304000000 255.779000000 6.000000000 6.000000000 4.000000000
185.813000000 264.992000000 6.000000000 6.000000000 4.000000000
172.894000000 273.596000000 6.000000000 6.000000000 4.000000000
159.578000000 281.571000000 6.000000000 6.000000000 4.000000000
145.894000000 288.898000000 6.000000000 6.000000000 4.000000000
131.875000000 295.561000000 6.000000000 6.000000000 4.000000000
117.553000000 301.544000000 6.000000000 6.000000000 4.000000000
102.960000000 306.833000000 6.000000000 6.000000000 4.000000000
88.131000000 311.416000000 6.000000000 6.000000000 4.000000000
73.099000000 315.284000000 6.000000000 6.000000000 4.000000000
57.898000000 318.426000000 6.000000000 6.000000000 4.000000000
42.565000000 320.836000000 6.000000000 6.000000000 4.000000000
27.134000000 322.507000000 6.000000000 6.000000000 4.000000000
11.640000000 323.437000000 6.000000000 6.000000000 4.000000000
-3.881000000 323.623000000 6.000000000 6.000000000 4.000000000
-19.392000000 323.065000000 6.000000000 6.000000000 4.000000000
-34.859000000 321.764000000 6.000000000 6.000000000 4.000000000
-50.246000000 319.723000000 6.000000000 6.000000000 4.000000000
-65.517000000 316.946000000 6.000000000 6.000000000 4.000000000
-80.638000000 313.440000000 6.000000000 6.000000000 4.000000000
-95.573000000 309.214000000 6.000000000 6.000000000 4.000000000
-110.288000000 304.276000000 6.000000000 6.000000000 4.000000000
-124.750000000 298.638000000 6.000000000 6.000000000 4.000000000
-138.925000000 292.313000000 6.000000000 6.000000000 4.000000000
-152.780000000 285.317000000 6.000000000 6.000000000 4.000000000
-166.284000000 277.663000000 6.000000000 6.000000000 4.000000000
-179.405000000 269.372000000 6.000000000 6.000000000 4.000000000
-192.114000000 260.460000000 6.000000000 6.000000000 4.000000000
-204.380000000 250.950000000 6.000000000 6.000000000 4.000000000
-216.177000000 240.862000000 6.000000000 6.000000000 4.000000000
-227.477000000 230.221000000 6.000000000 6.000000000 4.000000000
-238.253000000 219.050000000 6.000000000 6.000000000 4.000000000
-248.481000000 207.375000000 6.000000000 6.000000000 4.000000000
-258.138000000 195.223000000 6.000000000 6.000000000 4.000000000
-267.201000000 182.622000000 6.000000000 6.000000000 4.000000000
-275.650000000 169.601000000 6.000000000 6.000000000 4.000000000
-283.464000000 156.190000000 6.000000000 6.000000000 4.000000000
-290.627000000 142.420000000 6.000000000 6.000000000 4.000000000
-297.121000000 128.322000000 6.000000000 6.000000000 4.000000000
-302.931000000 113.929000000 6.000000000 6.000000000 4.000000000
-308.045000000 99.274000000 6.000000000 6.000000000 4.000000000
-312.451000000 84.391000000 6.000000000 6.000000000 4.000000000
-316.137000000 69.313000000 6.000000000 6.000000000 4.000000000
-319.097000000 54.076000000 6.000000000 6.000000000 4.000000000
-321.323000000 38.715000000 6.000000000 6.000000000 4.000000000
-322.810000000 23.265000000 6.000000000 6.000000000 4.000000000
-323.554000000 7.761000000 6.000000000 6.000000000 4.000000000
-323.554000000 -7.761000000 6.000000000 6.000000000 4.000000000
-322.810000000 -23.265000000 6.000000000 6.000000000 4.000000000
-321.323000000 -38.715000000 6.000000000 6.000000000 4.000000000
-319.097000000 -54.076000000 6.000000000 6.000000000 4.000000000
-316.137000000 -69.313000000 6.000000000 6.000000000 4.000000000
-312.451000000 -84.391000000 6.000000000 6.000000000 4.000000000
-308.045000000 -99.274000000 6.000000000 6.000000000 4.000000000
-302.931000000 -113.929000000 6.000000000 6.000000000 4.000000000
-297.121000000 -128.322000000 6.000000000 6.000000000 4.000000000
-290.627000000 -142.420000000 6.000000000 6.000000000 4.000000000
-283.464000000 -156.190000000 6.000000000 6.000000000 4.000000000
-275.650000000 -169.601000000 6.000000000 6.000000000 4.000000000
-267.201000000 -182.622000000 6.000000000 6.000000000 4.000000000
-258.138000000 -195.223000000 6.000000000 6.000000000 4.000000000
-248.481000000 -207.375000000 6.000000000 6.000000000 4.000000000
-238.253000000 -219.050000000 6.000000000 6.000000000 4.000000000
-227.477000000 -230.221000000 6.000000000 6.000000000 4.000000000
-216.177000000 -240.862000000 6.000000000 6.000000000 4.000000000
-204.380000000 -250.950000000 6.000000000 6.000000000 4.000000000
-192.114000000 -260.460000000 6.000000000 6.000000000 4.000000000
-179.405000000 -269.372000000 6.000000000 6.000000000 4.000000000
-166.284000000 -277.663000000 6.000000000 6.000000000 4.000000000
-152.780000000 -285.317000000 6.000000000 6.000000000 4.000000000
-138.925000000 -292.313000000 6.000000000 6.000000000 4.000000000
-124.750000000 -298.638000000 6.000000000 6.000000000 4.000000000
-110.288000000 -304.276000000 6.000000000 6.000000000 4.000000000
-95.573000000 -309.214000000 6.000000000 6.000000000 4.000000000
-80.638000000 -313.440000000 6.000000000 6.000000000 4.000000000
-65.517000000 -316.946000000 6.000000000 6.000000000 4.000000000
-50.246000000 -319.723000000 6.000000000 6.000000000 4.000000000
-34.859000000 -321.764000000 6.000000000 6.000000000 4.000000000
-19.392000000 -323.065000000 6.000000000 6.000000000 4.000000000
-3.881000000 -323.623000000 6.000000000 6.000000000 4.000000000
11.640000000 -323.437000000 6.000000000 6.000000000 4.000000000
27.134000000 -322.507000000 6.000000000 6.000000000 4.000000000
42.565000000 -320.836000000 6.000000000 6.000000000 4.000000000
57.898000000 -318.426000000 6.000000000 6.000000000 4.000000000
73.099000000 -315.284000000 6.000000000 6.000000000 4.000000000
88.131000000 -311.416000000 6.000000000 6.000000000 4.000000000
102.960000000 -306.833000000 6.000000000 6.000000000 4.000000000
117.553000000 -301.544000000 6.000000000 6.000000000 4.000000000
131.875000000 -295.561000000 6.000000000 6.000000000 4.000000000
145.894000000 -288.898000000 6.000000000 6.000000000 4.000000000
159.578000000 -281.571000000 6.000000000 6.000000000 4.000000000
172.894000000 -273.596000000 6.000000000 6.000000000 4.000000000
185.813000000 -264.992000000 6.000000000 6.000000000 4.000000000
198.304000000 -255.779000000 6.000000000 6.000000000 4.000000000
210.339000000 -245.977000000 6.000000000 6.000000000 4.000000000
221.891000000 -235.609000000 6.000000000 6.000000000 4.000000000
232.932000000 -224.700000000 6.000000000 6.000000000 4.000000000
243.437000000 -213.274000000 6.000000000 6.000000000 4.000000000
253.383000000 -201.357000000 6.000000000 6.000000000 4.000000000
262.745000000 -188.977000000 6.000000000 6.000000000 4.000000000
271.503000000 -176.162000000 6.000000000 6.000000000 4.000000000
279.637000000 -162.942000000 6.000000000 6.000000000 4.000000000
287.128000000 -149.348000000 6.000000000 6.000000000 4.000000000
293.958000000 -135.410000000 6.000000000 6.000000000 4.000000000
300.112000000 -121.160000000 6.000000000 6.000000000 4.000000000
305.576000000 -106.632000000 6.000000000 6.000000000 4.000000000
310.337000000 -91.859000000 6.000000000 6.000000000 4.000000000
314.385000000 -76.874000000 6.000000000 6.000000000 4.000000000
317.709000000 -61.712000000 6.000000000 6.000000000 4.000000000
320.302000000 -46.409000000 6.000000000 6.000000000 4.000000000
322.159000000 -30.999000000 6.000000000 6.000000000 4.000000000
323.275000000 -15.517000000 6.000000000 6.000000000 4.000000000
323.647000000 0.000000000 6.000000000 6.000000000 4.000000000
337.032000000 8.210000000 6.000000000 6.000000000 4.000000000
336.233000000 24.609000000 6.000000000 6.000000000 4.000000000
334.636000000 40.950000000 6.000000000 6.000000000 4.000000000
332.245000000 57.194000000 6.000000000 6.000000000 4.000000000
329.066000000 73.303000000 6.000000000 6.000000000 4.000000000
325.107000000 89.237000000 6.000000000 6.000000000 4.000000000
320.377000000 104.960000000 6.000000000 6.000000000 4.000000000
314.887000000 120.434000000 6.000000000 6.000000000 4.000000000
308.650000000 135.622000000 6.000000000 6.000000000 4.000000000
301.681000000 150.489000000 6.000000000 6.000000000 4.000000000
293.996000000 164.998000000 6.000000000 6.000000000 4.000000000
285.614000000 179.117000000 6.000000000 6.000000000 4.000000000
276.554000000 192.810000000 6.000000000 6.000000000 4.000000000
266.839000000 206.046000000 6.000000000 6.000000000 4.000000000
256.490000000 218.794000000 6.000000000 6.000000000 4.000000000
245.534000000 231.022000000 6.000000000 6.000000000 4.000000000
233.995000000 242.703000000 6.000000000 6.000000000 4.000000000
221.901000000 253.807000000 6.000000000 6.000000000 4.000000000
209.280000000 264.310000000 6.000000000 6.000000000 4.000000000
196.163000000 274.186000000 6.000000000 6.000000000 4.000000000
182.581000000 283.412000000 6.000000000 6.000000000 4.000000000
168.566000000 291.965000000 6.000000000 6.000000000 4.000000000
154.151000000 299.826000000 6.000000000 6.000000000 4.000000000
139.370000000 306.975000000 6.000000000 6.000000000 4.000000000
124.259000000 313.397000000 6.000000000 6.000000000 4.000000000
108.853000000 319.075000000 6.000000000 6.000000000 4.000000000
93.189000000 323.997000000 6.000000000 6.000000000 4.000000000
77.304000000 328.149000000 6.000000000 6.000000000 4.000000000
61.236000000 331.524000000 6.000000000 6.000000000 4.000000000
45.022000000 334.112000000 6.000000000 6.000000000 4.000000000
28.701000000 335.908000000 6.000000000 6.000000000 4.000000000
12.313000000 336.907000000 6.000000000 6.000000000 4.000000000
-4.105000000 337.107000000 6.000000000 6.000000000 4.000000000
-20.513000000 336.507000000 6.000000000 6.000000000 4.000000000
-36.873000000 335.110000000 6.000000000 6.000000000 4.000000000
-53.144000000 332.917000000 6.000000000 6.000000000 4.000000000
-69.290000000 329.935000000 6.000000000 6.000000000 4.000000000
-85.272000000 326.170000000 6.000000000 6.000000000 4.000000000
-101.051000000 321.631000000 6.000000000 6.000000000 4.000000000
-116.591000000 316.330000000 6.000000000 6.000000000 4.000000000
-131.854000000 310.278000000 6.000000000 6.000000000 4.000000000
-146.804000000 303.491000000 6.000000000 6.000000000 4.000000000
-161.406000000 295.983000000 6.000000000 6.000000000 4.000000000
-175.626000000 287.774000000 6.000000000 6.000000000 4.000000000
-189.428000000 278.881000000 6.000000000 6.000000000 4.000000000
-202.782000000 269.328000000 6.000000000 6.000000000 4.000000000
-215.654000000 259.136000000 6.000000000 6.000000000 4.000000000
-228.015000000 248.329000000 6.000000000 6.000000000 4.000000000
-239.835000000 236.933000000 6.000000000 6.000000000 4.000000000
-251.087000000 224.975000000 6.000000000 6.000000000 4.000000000
-261.742000000 212.483000000 6.000000000 6.000000000 4.000000000
-271.777000000 199.487000000 6.000000000 6.000000000 4.000000000
-281.167000000 186.019000000 6.000000000 6.000000000 4.000000000
-289.891000000 172.109000000 6.000000000 6.000000000 4.000000000
-297.926000000 157.790000000 6.000000000 6.000000000 4.000000000
-305.256000000 143.098000000 6.000000000 6.000000000 4.000000000
-311.861000000 128.066000000 6.000000000 6.000000000 4.000000000
-317.726000000 112.730000000 6.000000000 6.000000000 4.000000000
-322.838000000 97.127000000 6.000000000 6.000000000 4.000000000
-327.184000000 81.294000000 6.000000000 6.000000000 4.000000000
-330.754000000 65.268000000 6.000000000 6.000000000 4.000000000
-333.539000000 49.087000000 6.000000000 6.000000000 4.000000000
-335.534000000 32.789000000 6.000000000 6.000000000 4.000000000
-336.732000000 16.414000000 6.000000000 6.000000000 4.000000000
-337.132000000 0.000000000 6.000000000 6.000000000 4.000000000
-336.732000000 -16.414000000 6.000000000 6.000000000 4.000000000
-335.534000000 -32.789000000 6.000000000 6.000000000 4.000000000
-333.539000000 -49.087000000 6.000000000 6.000000000 4.000000000
-330.754000000 -65.268000000 6.000000000 6.000000000 4.000000000
-327.184000000 -81.294000000 6.000000000 6.000000000 4.000000000
-322.838000000 -97.127000000 6.000000000 6.000000000 4.000000000
-317.726000000 -112.730000000 6.000000000 6.000000000 4.000000000
-311.861000000 -128.066000000 6.000000000 6.000000000 4.000000000
-305.256000000 -143.098000000 6.000000000 6.000000000 4.000000000
-297.926000000 -157.790000000 6.000000000 6.000000000 4.000000000
-289.891000000 -172.109000000 6.000000000 6.000000000 4.000000000
-281.167000000 -186.019000000 6.000000000 6.000000000 4.000000000
-271.777000000 -199.487000000 6.000000000 6.000000000 4.000000000
-261.742000000 -212.483000000 6.000000000 6.000000000 4.000000000
-251.087000000 -224.975000000 6.000000000 6.000000000 4.000000000
-239.835000000 -236.933000000 6.000000000 6.000000000 4.000000000
-228.015000000 -248.329000000 6.000000000 6.000000000 4.000000000
-215.654000000 -259.136000000 6.000000000 6.000000000 4.000000000
-202.782000000 -269.328000000 6.000000000 6.000000000 4.000000000
-189.428000000 -278.881000000 6.000000000 6.000000000 4.000000000
-175.626000000 -287.774000000 6.000000000 6.000000000 4.000000000
-161.406000000 -295.983000000 6.000000000 6.000000000 4.000000000
-146.804000000 -303.491000000 6.000000000 6.000000000 4.000000000
-131.854000000 -310.278000000 6.000000000 6.000000000 4.000000000
-116.591000000 -316.330000000 6.000000000 6.000000000 4.000000000
-101.051000000 -321.631000000 6.000000000 6.000000000 4.000000000
-85.272000000 -326.170000000 6.000000000 6.000000000 4.000000000
-69.290000000 -329.935000000 6.000000000 6.000000000 4.000000000
-53.144000000 -332.917000000 6.000000000 6.000000000 4.000000000
-36.873000000 -335.110000000 6.000000000 6.000000000 4.000000000
-20.513000000 -336.507000000 6.000000000 6.000000000 4.000000000
-4.105000000 -337.107000000 6.000000000 6.000000000 4.000000000
12.313000000 -336.907000000 6.000000000 6.000000000 4.000000000
28.701000000 -335.908000000 6.000000000 6.000000000 4.000000000
45.022000000 -334.112000000 6.000000000 6.000000000 4.000000000
61.236000000 -331.524000000 6.000000000 6.000000000 4.000000000
77.304000000 -328.149000000 6.000000000 6.000000000 4.000000000
93.189000000 -323.997000000 6.000000000 6.000000000 4.000000000
108.853000000 -319.075000000 6.000000000 6.000000000 4.000000000
124.259000000 -313.397000000 6.000000000 6.000000000 4.000000000
139.370000000 -306.975000000 6.000000000 6.000000000 4.000000000
154.151000000 -299.826000000 6.000000000 6.000000000 4.000000000
168.566000000 -291.965000000 6.000000000 6.000000000 4.000000000
182.581000000 -283.412000000 6.000000000 6.000000000 4.000000000
196.163000000 -274.186000000 6.000000000 6.000000000 4.000000000
209.280000000 -264.310000000 6.000000000 6.000000000 4.000000000
221.901000000 -253.807000000 6.000000000 6.000000000 4.000000000
233.995000000 -242.703000000 6.000000000 6.000000000 4.000000000
245.534000000 -231.022000000 6.000000000 6.000000000 4.000000000
256.490000000 -218.794000000 6.000000000 6.000000000 4.000000000
266.839000000 -206.046000000 6.000000000 6.000000000 4.000000000
276.554000000 -192.810000000 6.000000000 6.000000000 4.000000000
285.614000000 -179.117000000 6.000000000 6.000000000 4.000000000
293.996000000 -164.998000000 6.000000000 6.000000000 4.000000000
301.681000000 -150.489000000 6.000000000 6.000000000 4.000000000
308.650000000 -135.622000000 6.000000000 6.000000000 4.000000000
314.887000000 -120.434000000 6.000000000 6.000000000 4.000000000
320.377000000 -104.960000000 6.000000000 6.000000000 4.000000000
325.107000000 -89.237000000 6.000000000 6.000000000 4.000000000
329.066000000 -73.303000000 6.000000000 6.000000000 4.000000000
332.245000000 -57.194000000 6.000000000 6.000000000 4.000000000
334.636000000 -40.950000000 6.000000000 6.000000000 4.000000000
336.233000000 -24.609000000 6.000000000 6.000000000 4.000000000
337.032000000 -8.210000000 6.000000000 6.000000000 4.000000000
