3219 0.000000000 -60.000000000
0.000000000 40.020000000 5.750000000 5.750000000 2.925000000
10.814064223 39.433678475 5.750000000 5.750000000 2.925000000
21.501343430 37.681587982 5.750000000 5.750000000 2.925000000
31.936539044 34.784270182 5.750000000 5.750000000 2.925000000
41.997307938 30.775693475 5.750000000 5.750000000 2.925000000
51.565696795 25.702854760 5.750000000 5.750000000 2.925000000
60.529525004 19.625228432 5.750000000 5.750000000 2.925000000
68.783699875 12.614069102 5.750000000 5.750000000 2.925000000
76.231448754 4.751576204 5.750000000 5.750000000 2.925000000
82.785453596 -3.870069722 5.750000000 5.750000000 2.925000000
88.368874685 -13.149787761 5.750000000 5.750000000 2.925000000
92.916251516 -22.978781703 5.750000000 5.750000000 2.925000000
96.374270252 -33.241815580 5.750000000 5.750000000 2.925000000
98.702388785 -43.818564705 5.750000000 5.750000000 2.925000000
99.873312053 -54.585026363 5.750000000 5.750000000 2.925000000
99.873312053 -65.414973637 5.750000000 5.750000000 2.925000000
98.702388785 -76.181435295 5.750000000 5.750000000 2.925000000
96.374270252 -86.758184420 5.750000000 5.750000000 2.925000000
92.916251516 -97.021218297 5.750000000 5.750000000 2.925000000
88.368874685 -106.850212239 5.750000000 5.750000000 2.925000000
82.785453596 -116.129930278 5.750000000 5.750000000 2.925000000
76.231448754 -124.751576204 5.750000000 5.750000000 2.925000000
68.783699875 -132.614069102 5.750000000 5.750000000 2.925000000
60.529525004 -139.625228432 5.750000000 5.750000000 2.925000000
51.565696795 -145.702854760 5.750000000 5.750000000 2.925000000
41.997307938 -150.775693475 5.750000000 5.750000000 2.925000000
31.936539044 -154.784270182 5.750000000 5.750000000 2.925000000
21.501343430 -157.681587982 5.750000000 5.750000000 2.925000000
10.814064223 -159.433678475 5.750000000 5.750000000 2.925000000
0.000000000 -160.020000000 5.750000000 5.750000000 2.925000000
-10.814064223 -159.433678475 5.750000000 5.750000000 2.925000000
-21.501343430 -157.681587982 5.750000000 5.750000000 2.925000000
-31.936539044 -154.784270182 5.750000000 5.750000000 2.925000000
-41.997307938 -150.775693475 5.750000000 5.750000000 2.925000000
-51.565696795 -145.702854760 5.750000000 5.750000000 2.925000000
-60.529525004 -139.625228432 5.750000000 5.750000000 2.925000000
-68.783699875 -132.614069102 5.750000000 5.750000000 2.925000000
-76.231448754 -124.751576204 5.750000000 5.750000000 2.925000000
-82.785453596 -116.129930278 5.750000000 5.750000000 2.925000000
-88.368874685 -106.850212239 5.750000000 5.750000000 2.925000000
-92.916251516 -97.021218297 5.750000000 5.750000000 2.925000000
-96.374270252 -86.758184420 5.750000000 5.750000000 2.925000000
-98.702388785 -76.181435295 5.750000000 5.750000000 2.925000000
-99.873312053 -65.414973637 5.750000000 5.750000000 2.925000000
-99.873312053 -54.585026363 5.750000000 5.750000000 2.925000000
-98.702388785 -43.818564705 5.750000000 5.750000000 2.925000000
-96.374270252 -33.241815580 5.750000000 5.750000000 2.925000000
-92.916251516 -22.978781703 5.750000000 5.750000000 2.925000000
-88.368874685 -13.149787761 5.750000000 5.750000000 2.925000000
-82.785453596 -3.870069722 5.750000000 5.750000000 2.925000000
-76.231448754 4.751576204 5.750000000 5.750000000 2.925000000
-68.783699875 12.614069102 5.750000000 5.750000000 2.925000000
-60.529525004 19.625228432 5.750000000 5.750000000 2.925000000
-51.565696795 25.702854760 5.750000000 5.750000000 2.925000000
-41.997307938 30.775693475 5.750000000 5.750000000 2.925000000
-31.936539044 34.784270182 5.750000000 5.750000000 2.925000000
-21.501343430 37.681587982 5.750000000 5.750000000 2.925000000
-10.814064223 39.433678475 5.750000000 5.750000000 2.925000000
5.911050948 49.022919687 5.750000000 5.750000000 2.925000000
17.663851176 47.744725634 5.750000000 5.750000000 2.925000000
29.209558900 45.203323185 5.750000000 5.750000000 2.925000000
40.412811252 41.428507960 5.750000000 5.750000000 2.925000000
51.142260342 36.464536216 5.750000000 5.750000000 2.925000000
61.272113189 30.369605984 5.750000000 5.750000000 2.925000000
70.683606530 23.215174747 5.750000000 5.750000000 2.925000000
79.266399212 15.085121671 5.750000000 5.750000000 2.925000000
86.919865837 6.074764193 5.750000000 5.750000000 2.925000000
93.554276506 -3.710259481 5.750000000 5.750000000 2.925000000
99.091848821 -14.155228897 5.750000000 5.750000000 2.925000000
103.467659809 -25.137686338 5.750000000 5.750000000 2.925000000
106.630407088 -36.528872531 5.750000000 5.750000000 2.925000000
108.543010336 -48.195236235 5.750000000 5.750000000 2.925000000
109.183046030 -60.000000000 5.750000000 5.750000000 2.925000000
108.543010336 -71.804763765 5.750000000 5.750000000 2.925000000
106.630407088 -83.471127469 5.750000000 5.750000000 2.925000000
103.467659809 -94.862313662 5.750000000 5.750000000 2.925000000
99.091848821 -105.844771103 5.750000000 5.750000000 2.925000000
93.554276506 -116.289740519 5.750000000 5.750000000 2.925000000
86.919865837 -126.074764193 5.750000000 5.750000000 2.925000000
79.266399212 -135.085121671 5.750000000 5.750000000 2.925000000
70.683606530 -143.215174747 5.750000000 5.750000000 2.925000000
61.272113189 -150.369605984 5.750000000 5.750000000 2.925000000
51.142260342 -156.464536216 5.750000000 5.750000000 2.925000000
40.412811252 -161.428507960 5.750000000 5.750000000 2.925000000
29.209558900 -165.203323185 5.750000000 5.750000000 2.925000000
17.663851176 -167.744725634 5.750000000 5.750000000 2.925000000
5.911050948 -169.022919687 5.750000000 5.750000000 2.925000000
-5.911050948 -169.022919687 5.750000000 5.750000000 2.925000000
-17.663851176 -167.744725634 5.750000000 5.750000000 2.925000000
-29.209558900 -165.203323185 5.750000000 5.750000000 2.925000000
-40.412811252 -161.428507960 5.750000000 5.750000000 2.925000000
-51.142260342 -156.464536216 5.750000000 5.750000000 2.925000000
-61.272113189 -150.369605984 5.750000000 5.750000000 2.925000000
-70.683606530 -143.215174747 5.750000000 5.750000000 2.925000000
-79.266399212 -135.085121671 5.750000000 5.750000000 2.925000000
-86.919865837 -126.074764193 5.750000000 5.750000000 2.925000000
-93.554276506 -116.289740519 5.750000000 5.750000000 2.925000000
-99.091848821 -105.844771103 5.750000000 5.750000000 2.925000000
-103.467659809 -94.862313662 5.750000000 5.750000000 2.925000000
-106.630407088 -83.471127469 5.750000000 5.750000000 2.925000000
-108.543010336 -71.804763765 5.750000000 5.750000000 2.925000000
-109.183046030 -60.000000000 5.750000000 5.750000000 2.925000000
-108.543010336 -48.195236235 5.750000000 5.750000000 2.925000000
-106.630407088 -36.528872531 5.750000000 5.750000000 2.925000000
-103.467659809 -25.137686338 5.750000000 5.750000000 2.925000000
-99.091848821 -14.155228897 5.750000000 5.750000000 2.925000000
-93.554276506 -3.710259481 5.750000000 5.750000000 2.925000000
-86.919865837 6.074764193 5.750000000 5.750000000 2.925000000
-79.266399212 15.085121671 5.750000000 5.750000000 2.925000000
-70.683606530 23.215174747 5.750000000 5.750000000 2.925000000
-61.272113189 30.369605984 5.750000000 5.750000000 2.925000000
-51.142260342 36.464536216 5.750000000 5.750000000 2.925000000
-40.412811252 41.428507960 5.750000000 5.750000000 2.925000000
-29.209558900 45.203323185 5.750000000 5.750000000 2.925000000
-17.663851176 47.744725634 5.750000000 5.750000000 2.925000000
-5.911050948 49.022919687 5.750000000 5.750000000 2.925000000
0.000000000 58.025839032 5.750000000 5.750000000 2.925000000
12.760837865 57.333966507 5.750000000 5.750000000 2.925000000
25.372066573 55.266460504 5.750000000 5.750000000 2.925000000
37.685830999 51.847560641 5.750000000 5.750000000 2.925000000
49.557763512 47.117350392 5.750000000 5.750000000 2.925000000
60.848676560 41.131287148 5.750000000 5.750000000 2.925000000
71.426194509 33.959552028 5.750000000 5.750000000 2.925000000
81.166305633 25.686227068 5.750000000 5.750000000 2.925000000
89.954816035 16.408309439 5.750000000 5.750000000 2.925000000
97.688688465 6.234574244 5.750000000 5.750000000 2.925000000
104.277250341 -4.715700777 5.750000000 5.750000000 2.925000000
109.643256798 -16.314133658 5.750000000 5.750000000 2.925000000
113.723796317 -28.424743380 5.750000000 5.750000000 2.925000000
116.471028302 -40.905544117 5.750000000 5.750000000 2.925000000
117.852743972 -53.610209890 5.750000000 5.750000000 2.925000000
117.852743972 -66.389790110 5.750000000 5.750000000 2.925000000
116.471028302 -79.094455883 5.750000000 5.750000000 2.925000000
113.723796317 -91.575256620 5.750000000 5.750000000 2.925000000
109.643256798 -103.685866342 5.750000000 5.750000000 2.925000000
104.277250341 -115.284299223 5.750000000 5.750000000 2.925000000
97.688688465 -126.234574244 5.750000000 5.750000000 2.925000000
89.954816035 -136.408309439 5.750000000 5.750000000 2.925000000
81.166305633 -145.686227068 5.750000000 5.750000000 2.925000000
71.426194509 -153.959552028 5.750000000 5.750000000 2.925000000
60.848676560 -161.131287148 5.750000000 5.750000000 2.925000000
49.557763512 -167.117350392 5.750000000 5.750000000 2.925000000
37.685830999 -171.847560641 5.750000000 5.750000000 2.925000000
25.372066573 -175.266460504 5.750000000 5.750000000 2.925000000
12.760837865 -177.333966507 5.750000000 5.750000000 2.925000000
0.000000000 -178.025839032 5.750000000 5.750000000 2.925000000
-12.760837865 -177.333966507 5.750000000 5.750000000 2.925000000
-25.372066573 -175.266460504 5.750000000 5.750000000 2.925000000
-37.685830999 -171.847560641 5.750000000 5.750000000 2.925000000
-49.557763512 -167.117350392 5.750000000 5.750000000 2.925000000
-60.848676560 -161.131287148 5.750000000 5.750000000 2.925000000
-71.426194509 -153.959552028 5.750000000 5.750000000 2.925000000
-81.166305633 -145.686227068 5.750000000 5.750000000 2.925000000
-89.954816035 -136.408309439 5.750000000 5.750000000 2.925000000
-97.688688465 -126.234574244 5.750000000 5.750000000 2.925000000
-104.277250341 -115.284299223 5.750000000 5.750000000 2.925000000
-109.643256798 -103.685866342 5.750000000 5.750000000 2.925000000
-113.723796317 -91.575256620 5.750000000 5.750000000 2.925000000
-116.471028302 -79.094455883 5.750000000 5.750000000 2.925000000
-117.852743972 -66.389790110 5.750000000 5.750000000 2.925000000
-117.852743972 -53.610209890 5.750000000 5.750000000 2.925000000
-116.471028302 -40.905544117 5.750000000 5.750000000 2.925000000
-113.723796317 -28.424743380 5.750000000 5.750000000 2.925000000
-109.643256798 -16.314133658 5.750000000 5.750000000 2.925000000
-104.277250341 -4.715700777 5.750000000 5.750000000 2.925000000
-97.688688465 6.234574244 5.750000000 5.750000000 2.925000000
-89.954816035 16.408309439 5.750000000 5.750000000 2.925000000
-81.166305633 25.686227068 5.750000000 5.750000000 2.925000000
-71.426194509 33.959552028 5.750000000 5.750000000 2.925000000
-60.848676560 41.131287148 5.750000000 5.750000000 2.925000000
-49.557763512 47.117350392 5.750000000 5.750000000 2.925000000
-37.685830999 51.847560641 5.750000000 5.750000000 2.925000000
-25.372066573 55.266460504 5.750000000 5.750000000 2.925000000
-12.760837865 57.333966507 5.750000000 5.750000000 2.925000000
6.849786896 66.336885469 5.750000000 5.750000000 2.925000000
20.469053199 64.855700998 5.750000000 5.750000000 2.925000000
33.848338569 61.910697589 5.750000000 5.750000000 2.925000000
46.830783117 57.536402715 5.750000000 5.750000000 2.925000000
59.264179550 51.784100984 5.750000000 5.750000000 2.925000000
71.002757664 44.721232874 5.750000000 5.750000000 2.925000000
81.908893363 36.430604056 5.750000000 5.750000000 2.925000000
91.854722178 27.009414573 5.750000000 5.750000000 2.925000000
100.723638358 16.568119257 5.750000000 5.750000000 2.925000000
108.411661971 5.229132750 5.750000000 5.750000000 2.925000000
114.828657969 -6.874605699 5.750000000 5.750000000 2.925000000
119.899392941 -19.601190823 5.750000000 5.750000000 2.925000000
123.564417156 -32.801415048 5.750000000 5.750000000 2.925000000
125.780761556 -46.320517813 5.750000000 5.750000000 2.925000000
126.522441529 -60.000000000 5.750000000 5.750000000 2.925000000
125.780761556 -73.679482187 5.750000000 5.750000000 2.925000000
123.564417156 -87.198584952 5.750000000 5.750000000 2.925000000
119.899392941 -100.398809177 5.750000000 5.750000000 2.925000000
114.828657969 -113.125394301 5.750000000 5.750000000 2.925000000
108.411661971 -125.229132750 5.750000000 5.750000000 2.925000000
100.723638358 -136.568119257 5.750000000 5.750000000 2.925000000
91.854722178 -147.009414573 5.750000000 5.750000000 2.925000000
81.908893363 -156.430604056 5.750000000 5.750000000 2.925000000
71.002757664 -164.721232874 5.750000000 5.750000000 2.925000000
59.264179550 -171.784100984 5.750000000 5.750000000 2.925000000
46.830783117 -177.536402715 5.750000000 5.750000000 2.925000000
33.848338569 -181.910697589 5.750000000 5.750000000 2.925000000
20.469053199 -184.855700998 5.750000000 5.750000000 2.925000000
6.849786896 -186.336885469 5.750000000 5.750000000 2.925000000
-6.849786896 -186.336885469 5.750000000 5.750000000 2.925000000
-20.469053199 -184.855700998 5.750000000 5.750000000 2.925000000
-33.848338569 -181.910697589 5.750000000 5.750000000 2.925000000
-46.830783117 -177.536402715 5.750000000 5.750000000 2.925000000
-59.264179550 -171.784100984 5.750000000 5.750000000 2.925000000
-71.002757664 -164.721232874 5.750000000 5.750000000 2.925000000
-81.908893363 -156.430604056 5.750000000 5.750000000 2.925000000
-91.854722178 -147.009414573 5.750000000 5.750000000 2.925000000
-100.723638358 -136.568119257 5.750000000 5.750000000 2.925000000
-108.411661971 -125.229132750 5.750000000 5.750000000 2.925000000
-114.828657969 -113.125394301 5.750000000 5.750000000 2.925000000
-119.899392941 -100.398809177 5.750000000 5.750000000 2.925000000
-123.564417156 -87.198584952 5.750000000 5.750000000 2.925000000
-125.780761556 -73.679482187 5.750000000 5.750000000 2.925000000
-126.522441529 -60.000000000 5.750000000 5.750000000 2.925000000
-125.780761556 -46.320517813 5.750000000 5.750000000 2.925000000
-123.564417156 -32.801415048 5.750000000 5.750000000 2.925000000
-119.899392941 -19.601190823 5.750000000 5.750000000 2.925000000
-114.828657969 -6.874605699 5.750000000 5.750000000 2.925000000
-108.411661971 5.229132750 5.750000000 5.750000000 2.925000000
-100.723638358 16.568119257 5.750000000 5.750000000 2.925000000
-91.854722178 27.009414573 5.750000000 5.750000000 2.925000000
-81.908893363 36.430604056 5.750000000 5.750000000 2.925000000
-71.002757664 44.721232874 5.750000000 5.750000000 2.925000000
-59.264179550 51.784100984 5.750000000 5.750000000 2.925000000
-46.830783117 57.536402715 5.750000000 5.750000000 2.925000000
-33.848338569 61.910697589 5.750000000 5.750000000 2.925000000
-20.469053199 64.855700998 5.750000000 5.750000000 2.925000000
-6.849786896 66.336885469 5.750000000 5.750000000 2.925000000
0.000000000 74.647931474 5.750000000 5.750000000 2.925000000
14.558002184 73.858619531 5.750000000 5.750000000 2.925000000
28.945325103 71.499937662 5.750000000 5.750000000 2.925000000
42.993290549 67.599539255 5.750000000 5.750000000 2.925000000
56.537198974 62.203152916 5.750000000 5.750000000 2.925000000
69.418260433 55.374046340 5.750000000 5.750000000 2.925000000
81.485456257 47.192284558 5.750000000 5.750000000 2.925000000
92.597309611 37.753791247 5.750000000 5.750000000 2.925000000
102.623544171 27.169224111 5.750000000 5.750000000 2.925000000
111.446611506 15.562677521 5.750000000 5.750000000 2.925000000
118.963069217 3.070227625 5.750000000 5.750000000 2.925000000
125.084793711 -10.161663024 5.750000000 5.750000000 2.925000000
129.740013365 -23.977862606 5.750000000 5.750000000 2.925000000
132.874149984 -38.216388814 5.750000000 5.750000000 2.925000000
134.450458683 -52.710307947 5.750000000 5.750000000 2.925000000
134.450458683 -67.289692053 5.750000000 5.750000000 2.925000000
132.874149984 -81.783611186 5.750000000 5.750000000 2.925000000
129.740013365 -96.022137394 5.750000000 5.750000000 2.925000000
125.084793711 -109.838336976 5.750000000 5.750000000 2.925000000
118.963069217 -123.070227625 5.750000000 5.750000000 2.925000000
111.446611506 -135.562677521 5.750000000 5.750000000 2.925000000
102.623544171 -147.169224111 5.750000000 5.750000000 2.925000000
92.597309611 -157.753791247 5.750000000 5.750000000 2.925000000
81.485456257 -167.192284558 5.750000000 5.750000000 2.925000000
69.418260433 -175.374046340 5.750000000 5.750000000 2.925000000
56.537198974 -182.203152916 5.750000000 5.750000000 2.925000000
42.993290549 -187.599539255 5.750000000 5.750000000 2.925000000
28.945325103 -191.499937662 5.750000000 5.750000000 2.925000000
14.558002184 -193.858619531 5.750000000 5.750000000 2.925000000
0.000000000 -194.647931474 5.750000000 5.750000000 2.925000000
-14.558002184 -193.858619531 5.750000000 5.750000000 2.925000000
-28.945325103 -191.499937662 5.750000000 5.750000000 2.925000000
-42.993290549 -187.599539255 5.750000000 5.750000000 2.925000000
-56.537198974 -182.203152916 5.750000000 5.750000000 2.925000000
-69.418260433 -175.374046340 5.750000000 5.750000000 2.925000000
-81.485456257 -167.192284558 5.750000000 5.750000000 2.925000000
-92.597309611 -157.753791247 5.750000000 5.750000000 2.925000000
-102.623544171 -147.169224111 5.750000000 5.750000000 2.925000000
-111.446611506 -135.562677521 5.750000000 5.750000000 2.925000000
-118.963069217 -123.070227625 5.750000000 5.750000000 2.925000000
-125.084793711 -109.838336976 5.750000000 5.750000000 2.925000000
-129.740013365 -96.022137394 5.750000000 5.750000000 2.925000000
-132.874149984 -81.783611186 5.750000000 5.750000000 2.925000000
-134.450458683 -67.289692053 5.750000000 5.750000000 2.925000000
-134.450458683 -52.710307947 5.750000000 5.750000000 2.925000000
-132.874149984 -38.216388814 5.750000000 5.750000000 2.925000000
-129.740013365 -23.977862606 5.750000000 5.750000000 2.925000000
-125.084793711 -10.161663024 5.750000000 5.750000000 2.925000000
-118.963069217 3.070227625 5.750000000 5.750000000 2.925000000
-111.446611506 15.562677521 5.750000000 5.750000000 2.925000000
-102.623544171 27.169224111 5.750000000 5.750000000 2.925000000
-92.597309611 37.753791247 5.750000000 5.750000000 2.925000000
-81.485456257 47.192284558 5.750000000 5.750000000 2.925000000
-69.418260433 55.374046340 5.750000000 5.750000000 2.925000000
-56.537198974 62.203152916 5.750000000 5.750000000 2.925000000
-42.993290549 67.599539255 5.750000000 5.750000000 2.925000000
-28.945325103 71.499937662 5.750000000 5.750000000 2.925000000
-14.558002184 73.858619531 5.750000000 5.750000000 2.925000000
0.000000000 85.417941474 5.750000000 5.750000000 2.925000000
10.867096376 85.011323417 5.750000000 5.750000000 2.925000000
21.673419540 83.793743216 5.750000000 5.750000000 2.925000000
32.358536151 81.772010075 5.750000000 5.750000000 2.925000000
42.862690702 78.957430346 5.750000000 5.750000000 2.925000000
53.127139700 75.365744300 5.750000000 5.750000000 2.925000000
63.094480182 71.017038103 5.750000000 5.750000000 2.925000000
72.708970737 65.935631483 5.750000000 5.750000000 2.925000000
81.916843235 60.149941727 5.750000000 5.750000000 2.925000000
90.666603517 53.692324760 5.750000000 5.750000000 2.925000000
98.909319374 46.598894195 5.750000000 5.750000000 2.925000000
106.598894195 38.909319374 5.750000000 5.750000000 2.925000000
113.692324760 30.666603517 5.750000000 5.750000000 2.925000000
120.149941727 21.916843235 5.750000000 5.750000000 2.925000000
125.935631483 12.708970737 5.750000000 5.750000000 2.925000000
131.017038103 3.094480182 5.750000000 5.750000000 2.925000000
135.365744300 -6.872860300 5.750000000 5.750000000 2.925000000
138.957430346 -17.137309298 5.750000000 5.750000000 2.925000000
141.772010075 -27.641463849 5.750000000 5.750000000 2.925000000
143.793743216 -38.326580460 5.750000000 5.750000000 2.925000000
145.011323417 -49.132903624 5.750000000 5.750000000 2.925000000
145.417941474 -60.000000000 5.750000000 5.750000000 2.925000000
145.011323417 -70.867096376 5.750000000 5.750000000 2.925000000
143.793743216 -81.673419540 5.750000000 5.750000000 2.925000000
141.772010075 -92.358536151 5.750000000 5.750000000 2.925000000
138.957430346 -102.862690702 5.750000000 5.750000000 2.925000000
135.365744300 -113.127139700 5.750000000 5.750000000 2.925000000
131.017038103 -123.094480182 5.750000000 5.750000000 2.925000000
125.935631483 -132.708970737 5.750000000 5.750000000 2.925000000
120.149941727 -141.916843235 5.750000000 5.750000000 2.925000000
113.692324760 -150.666603517 5.750000000 5.750000000 2.925000000
106.598894195 -158.909319374 5.750000000 5.750000000 2.925000000
98.909319374 -166.598894195 5.750000000 5.750000000 2.925000000
90.666603517 -173.692324760 5.750000000 5.750000000 2.925000000
81.916843235 -180.149941727 5.750000000 5.750000000 2.925000000
72.708970737 -185.935631483 5.750000000 5.750000000 2.925000000
63.094480182 -191.017038103 5.750000000 5.750000000 2.925000000
53.127139700 -195.365744300 5.750000000 5.750000000 2.925000000
42.862690702 -198.957430346 5.750000000 5.750000000 2.925000000
32.358536151 -201.772010075 5.750000000 5.750000000 2.925000000
21.673419540 -203.793743216 5.750000000 5.750000000 2.925000000
10.867096376 -205.011323417 5.750000000 5.750000000 2.925000000
0.000000000 -205.417941474 5.750000000 5.750000000 2.925000000
-10.867096376 -205.011323417 5.750000000 5.750000000 2.925000000
-21.673419540 -203.793743216 5.750000000 5.750000000 2.925000000
-32.358536151 -201.772010075 5.750000000 5.750000000 2.925000000
-42.862690702 -198.957430346 5.750000000 5.750000000 2.925000000
-53.127139700 -195.365744300 5.750000000 5.750000000 2.925000000
-63.094480182 -191.017038103 5.750000000 5.750000000 2.925000000
-72.708970737 -185.935631483 5.750000000 5.750000000 2.925000000
-81.916843235 -180.149941727 5.750000000 5.750000000 2.925000000
-90.666603517 -173.692324760 5.750000000 5.750000000 2.925000000
-98.909319374 -166.598894195 5.750000000 5.750000000 2.925000000
-106.598894195 -158.909319374 5.750000000 5.750000000 2.925000000
-113.692324760 -150.666603517 5.750000000 5.750000000 2.925000000
-120.149941727 -141.916843235 5.750000000 5.750000000 2.925000000
-125.935631483 -132.708970737 5.750000000 5.750000000 2.925000000
-131.017038103 -123.094480182 5.750000000 5.750000000 2.925000000
-135.365744300 -113.127139700 5.750000000 5.750000000 2.925000000
-138.957430346 -102.862690702 5.750000000 5.750000000 2.925000000
-141.772010075 -92.358536151 5.750000000 5.750000000 2.925000000
-143.793743216 -81.673419540 5.750000000 5.750000000 2.925000000
-145.011323417 -70.867096376 5.750000000 5.750000000 2.925000000
-145.417941474 -60.000000000 5.750000000 5.750000000 2.925000000
-145.011323417 -49.132903624 5.750000000 5.750000000 2.925000000
-143.793743216 -38.326580460 5.750000000 5.750000000 2.925000000
-141.772010075 -27.641463849 5.750000000 5.750000000 2.925000000
-138.957430346 -17.137309298 5.750000000 5.750000000 2.925000000
-135.365744300 -6.872860300 5.750000000 5.750000000 2.925000000
-131.017038103 3.094480182 5.750000000 5.750000000 2.925000000
-125.935631483 12.708970737 5.750000000 5.750000000 2.925000000
-120.149941727 21.916843235 5.750000000 5.750000000 2.925000000
-113.692324760 30.666603517 5.750000000 5.750000000 2.925000000
-106.598894195 38.909319374 5.750000000 5.750000000 2.925000000
-98.909319374 46.598894195 5.750000000 5.750000000 2.925000000
-90.666603517 53.692324760 5.750000000 5.750000000 2.925000000
-81.916843235 60.149941727 5.750000000 5.750000000 2.925000000
-72.708970737 65.935631483 5.750000000 5.750000000 2.925000000
-63.094480182 71.017038103 5.750000000 5.750000000 2.925000000
-53.127139700 75.365744300 5.750000000 5.750000000 2.925000000
-42.862690702 78.957430346 5.750000000 5.750000000 2.925000000
-32.358536151 81.772010075 5.750000000 5.750000000 2.925000000
-21.673419540 83.793743216 5.750000000 5.750000000 2.925000000
-10.867096376 85.011323417 5.750000000 5.750000000 2.925000000
5.781162249 94.504813818 5.750000000 5.750000000 2.925000000
17.311156143 93.640760226 5.750000000 5.750000000 2.925000000
28.744339030 91.917485180 5.750000000 5.750000000 2.925000000
40.016771913 89.344625934 5.750000000 5.750000000 2.925000000
51.065414775 85.936570960 5.750000000 5.750000000 2.925000000
61.828479124 81.712379484 5.750000000 5.750000000 2.925000000
72.245773538 76.695674898 5.750000000 5.750000000 2.925000000
82.259040280 70.914512648 5.750000000 5.750000000 2.925000000
91.812281102 64.401223341 5.750000000 5.750000000 2.925000000
100.852070405 57.192231930 5.750000000 5.750000000 2.925000000
109.327854021 49.327854021 5.750000000 5.750000000 2.925000000
117.192231930 40.852070405 5.750000000 5.750000000 2.925000000
124.401223341 31.812281102 5.750000000 5.750000000 2.925000000
130.914512648 22.259040280 5.750000000 5.750000000 2.925000000
136.695674898 12.245773538 5.750000000 5.750000000 2.925000000
141.712379484 1.828479124 5.750000000 5.750000000 2.925000000
145.936570960 -8.934585225 5.750000000 5.750000000 2.925000000
149.344625934 -19.983228087 5.750000000 5.750000000 2.925000000
151.917485180 -31.255660970 5.750000000 5.750000000 2.925000000
153.640760226 -42.688843857 5.750000000 5.750000000 2.925000000
154.504813818 -54.218837751 5.750000000 5.750000000 2.925000000
154.504813818 -65.781162249 5.750000000 5.750000000 2.925000000
153.640760226 -77.311156143 5.750000000 5.750000000 2.925000000
151.917485180 -88.744339030 5.750000000 5.750000000 2.925000000
149.344625934 -100.016771913 5.750000000 5.750000000 2.925000000
145.936570960 -111.065414775 5.750000000 5.750000000 2.925000000
141.712379484 -121.828479124 5.750000000 5.750000000 2.925000000
136.695674898 -132.245773538 5.750000000 5.750000000 2.925000000
130.914512648 -142.259040280 5.750000000 5.750000000 2.925000000
124.401223341 -151.812281102 5.750000000 5.750000000 2.925000000
117.192231930 -160.852070405 5.750000000 5.750000000 2.925000000
109.327854021 -169.327854021 5.750000000 5.750000000 2.925000000
100.852070405 -177.192231930 5.750000000 5.750000000 2.925000000
91.812281102 -184.401223341 5.750000000 5.750000000 2.925000000
82.259040280 -190.914512648 5.750000000 5.750000000 2.925000000
72.245773538 -196.695674898 5.750000000 5.750000000 2.925000000
61.828479124 -201.712379484 5.750000000 5.750000000 2.925000000
51.065414775 -205.936570960 5.750000000 5.750000000 2.925000000
40.016771913 -209.344625934 5.750000000 5.750000000 2.925000000
28.744339030 -211.917485180 5.750000000 5.750000000 2.925000000
17.311156143 -213.640760226 5.750000000 5.750000000 2.925000000
5.781162249 -214.504813818 5.750000000 5.750000000 2.925000000
-5.781162249 -214.504813818 5.750000000 5.750000000 2.925000000
-17.311156143 -213.640760226 5.750000000 5.750000000 2.925000000
-28.744339030 -211.917485180 5.750000000 5.750000000 2.925000000
-40.016771913 -209.344625934 5.750000000 5.750000000 2.925000000
-51.065414775 -205.936570960 5.750000000 5.750000000 2.925000000
-61.828479124 -201.712379484 5.750000000 5.750000000 2.925000000
-72.245773538 -196.695674898 5.750000000 5.750000000 2.925000000
-82.259040280 -190.914512648 5.750000000 5.750000000 2.925000000
-91.812281102 -184.401223341 5.750000000 5.750000000 2.925000000
-100.852070405 -177.192231930 5.750000000 5.750000000 2.925000000
-109.327854021 -169.327854021 5.750000000 5.750000000 2.925000000
-117.192231930 -160.852070405 5.750000000 5.750000000 2.925000000
-124.401223341 -151.812281102 5.750000000 5.750000000 2.925000000
-130.914512648 -142.259040280 5.750000000 5.750000000 2.925000000
-136.695674898 -132.245773538 5.750000000 5.750000000 2.925000000
-141.712379484 -121.828479124 5.750000000 5.750000000 2.925000000
-145.936570960 -111.065414775 5.750000000 5.750000000 2.925000000
-149.344625934 -100.016771913 5.750000000 5.750000000 2.925000000
-151.917485180 -88.744339030 5.750000000 5.750000000 2.925000000
-153.640760226 -77.311156143 5.750000000 5.750000000 2.925000000
-154.504813818 -65.781162249 5.750000000 5.750000000 2.925000000
-154.504813818 -54.218837751 5.750000000 5.750000000 2.925000000
-153.640760226 -42.688843857 5.750000000 5.750000000 2.925000000
-151.917485180 -31.255660970 5.750000000 5.750000000 2.925000000
-149.344625934 -19.983228087 5.750000000 5.750000000 2.925000000
-145.936570960 -8.934585225 5.750000000 5.750000000 2.925000000
-141.712379484 1.828479124 5.750000000 5.750000000 2.925000000
-136.695674898 12.245773538 5.750000000 5.750000000 2.925000000
-130.914512648 22.259040280 5.750000000 5.750000000 2.925000000
-124.401223341 31.812281102 5.750000000 5.750000000 2.925000000
-117.192231930 40.852070405 5.750000000 5.750000000 2.925000000
-109.327854021 49.327854021 5.750000000 5.750000000 2.925000000
-100.852070405 57.192231930 5.750000000 5.750000000 2.925000000
-91.812281102 64.401223341 5.750000000 5.750000000 2.925000000
-82.259040280 70.914512648 5.750000000 5.750000000 2.925000000
-72.245773538 76.695674898 5.750000000 5.750000000 2.925000000
-61.828479124 81.712379484 5.750000000 5.750000000 2.925000000
-51.065414775 85.936570960 5.750000000 5.750000000 2.925000000
-40.016771913 89.344625934 5.750000000 5.750000000 2.925000000
-28.744339030 91.917485180 5.750000000 5.750000000 2.925000000
-17.311156143 93.640760226 5.750000000 5.750000000 2.925000000
-5.781162249 94.504813818 5.750000000 5.750000000 2.925000000
0.000000000 103.591685930 5.750000000 5.750000000 2.925000000
12.225222000 103.134250397 5.750000000 5.750000000 2.925000000
24.382075599 101.764501962 5.750000000 5.750000000 2.925000000
36.402574741 99.490100814 5.750000000 5.750000000 2.925000000
48.219495918 96.323766327 5.750000000 5.750000000 2.925000000
59.766754115 92.283205929 5.750000000 5.750000000 2.925000000
70.979772380 87.391016071 5.750000000 5.750000000 2.925000000
81.795842965 81.674555863 5.750000000 5.750000000 2.925000000
92.154478017 75.165794071 5.750000000 5.750000000 2.925000000
101.997747846 67.901130330 5.750000000 5.750000000 2.925000000
111.270604896 59.921191587 5.750000000 5.750000000 2.925000000
119.921191587 51.270604896 5.750000000 5.750000000 2.925000000
127.901130330 41.997747846 5.750000000 5.750000000 2.925000000
135.165794071 32.154478017 5.750000000 5.750000000 2.925000000
141.674555863 21.795842965 5.750000000 5.750000000 2.925000000
147.391016071 10.979772380 5.750000000 5.750000000 2.925000000
152.283205929 -0.233245885 5.750000000 5.750000000 2.925000000
156.323766327 -11.780504082 5.750000000 5.750000000 2.925000000
159.490100814 -23.597425259 5.750000000 5.750000000 2.925000000
161.764501962 -35.617924401 5.750000000 5.750000000 2.925000000
163.134250397 -47.774778000 5.750000000 5.750000000 2.925000000
163.591685930 -60.000000000 5.750000000 5.750000000 2.925000000
163.134250397 -72.225222000 5.750000000 5.750000000 2.925000000
161.764501962 -84.382075599 5.750000000 5.750000000 2.925000000
159.490100814 -96.402574741 5.750000000 5.750000000 2.925000000
156.323766327 -108.219495918 5.750000000 5.750000000 2.925000000
152.283205929 -119.766754115 5.750000000 5.750000000 2.925000000
147.391016071 -130.979772380 5.750000000 5.750000000 2.925000000
141.674555863 -141.795842965 5.750000000 5.750000000 2.925000000
135.165794071 -152.154478017 5.750000000 5.750000000 2.925000000
127.901130330 -161.997747846 5.750000000 5.750000000 2.925000000
119.921191587 -171.270604896 5.750000000 5.750000000 2.925000000
111.270604896 -179.921191587 5.750000000 5.750000000 2.925000000
101.997747846 -187.901130330 5.750000000 5.750000000 2.925000000
92.154478017 -195.165794071 5.750000000 5.750000000 2.925000000
81.795842965 -201.674555863 5.750000000 5.750000000 2.925000000
70.979772380 -207.391016071 5.750000000 5.750000000 2.925000000
59.766754115 -212.283205929 5.750000000 5.750000000 2.925000000
48.219495918 -216.323766327 5.750000000 5.750000000 2.925000000
36.402574741 -219.490100814 5.750000000 5.750000000 2.925000000
24.382075599 -221.764501962 5.750000000 5.750000000 2.925000000
12.225222000 -223.134250397 5.750000000 5.750000000 2.925000000
0.000000000 -223.591685930 5.750000000 5.750000000 2.925000000
-12.225222000 -223.134250397 5.750000000 5.750000000 2.925000000
-24.382075599 -221.764501962 5.750000000 5.750000000 2.925000000
-36.402574741 -219.490100814 5.750000000 5.750000000 2.925000000
-48.219495918 -216.323766327 5.750000000 5.750000000 2.925000000
-59.766754115 -212.283205929 5.750000000 5.750000000 2.925000000
-70.979772380 -207.391016071 5.750000000 5.750000000 2.925000000
-81.795842965 -201.674555863 5.750000000 5.750000000 2.925000000
-92.154478017 -195.165794071 5.750000000 5.750000000 2.925000000
-101.997747846 -187.901130330 5.750000000 5.750000000 2.925000000
-111.270604896 -179.921191587 5.750000000 5.750000000 2.925000000
-119.921191587 -171.270604896 5.750000000 5.750000000 2.925000000
-127.901130330 -161.997747846 5.750000000 5.750000000 2.925000000
-135.165794071 -152.154478017 5.750000000 5.750000000 2.925000000
-141.674555863 -141.795842965 5.750000000 5.750000000 2.925000000
-147.391016071 -130.979772380 5.750000000 5.750000000 2.925000000
-152.283205929 -119.766754115 5.750000000 5.750000000 2.925000000
-156.323766327 -108.219495918 5.750000000 5.750000000 2.925000000
-159.490100814 -96.402574741 5.750000000 5.750000000 2.925000000
-161.764501962 -84.382075599 5.750000000 5.750000000 2.925000000
-163.134250397 -72.225222000 5.750000000 5.750000000 2.925000000
-163.591685930 -60.000000000 5.750000000 5.750000000 2.925000000
-163.134250397 -47.774778000 5.750000000 5.750000000 2.925000000
-161.764501962 -35.617924401 5.750000000 5.750000000 2.925000000
-159.490100814 -23.597425259 5.750000000 5.750000000 2.925000000
-156.323766327 -11.780504082 5.750000000 5.750000000 2.925000000
-152.283205929 -0.233245885 5.750000000 5.750000000 2.925000000
-147.391016071 10.979772380 5.750000000 5.750000000 2.925000000
-141.674555863 21.795842965 5.750000000 5.750000000 2.925000000
-135.165794071 32.154478017 5.750000000 5.750000000 2.925000000
-127.901130330 41.997747846 5.750000000 5.750000000 2.925000000
-119.921191587 51.270604896 5.750000000 5.750000000 2.925000000
-111.270604896 59.921191587 5.750000000 5.750000000 2.925000000
-101.997747846 67.901130330 5.750000000 5.750000000 2.925000000
-92.154478017 75.165794071 5.750000000 5.750000000 2.925000000
-81.795842965 81.674555863 5.750000000 5.750000000 2.925000000
-70.979772380 87.391016071 5.750000000 5.750000000 2.925000000
-59.766754115 92.283205929 5.750000000 5.750000000 2.925000000
-48.219495918 96.323766327 5.750000000 5.750000000 2.925000000
-36.402574741 99.490100814 5.750000000 5.750000000 2.925000000
-24.382075599 101.764501962 5.750000000 5.750000000 2.925000000
-12.225222000 103.134250397 5.750000000 5.750000000 2.925000000
6.444059741 112.221122258 5.750000000 5.750000000 2.925000000
19.296141427 111.257991883 5.750000000 5.750000000 2.925000000
32.040311263 109.337117349 5.750000000 5.750000000 2.925000000
44.605298681 106.469240965 5.750000000 5.750000000 2.925000000
56.920835176 102.670401059 5.750000000 5.750000000 2.925000000
68.918047271 97.961842285 5.750000000 5.750000000 2.925000000
80.529841690 92.369896814 5.750000000 5.750000000 2.925000000
91.691280568 85.925837073 5.750000000 5.750000000 2.925000000
102.339944612 78.665700858 5.750000000 5.750000000 2.925000000
112.416282173 70.630089796 5.750000000 5.750000000 2.925000000
121.863942284 61.863942284 5.750000000 5.750000000 2.925000000
130.630089796 52.416282173 5.750000000 5.750000000 2.925000000
138.665700858 42.339944612 5.750000000 5.750000000 2.925000000
145.925837073 31.691280568 5.750000000 5.750000000 2.925000000
152.369896814 20.529841690 5.750000000 5.750000000 2.925000000
157.961842285 8.918047271 5.750000000 5.750000000 2.925000000
162.670401059 -3.079164824 5.750000000 5.750000000 2.925000000
166.469240965 -15.394701319 5.750000000 5.750000000 2.925000000
169.337117349 -27.959688737 5.750000000 5.750000000 2.925000000
171.257991883 -40.703858573 5.750000000 5.750000000 2.925000000
172.221122258 -53.555940259 5.750000000 5.750000000 2.925000000
172.221122258 -66.444059741 5.750000000 5.750000000 2.925000000
171.257991883 -79.296141427 5.750000000 5.750000000 2.925000000
169.337117349 -92.040311263 5.750000000 5.750000000 2.925000000
166.469240965 -104.605298681 5.750000000 5.750000000 2.925000000
162.670401059 -116.920835176 5.750000000 5.750000000 2.925000000
157.961842285 -128.918047271 5.750000000 5.750000000 2.925000000
152.369896814 -140.529841690 5.750000000 5.750000000 2.925000000
145.925837073 -151.691280568 5.750000000 5.750000000 2.925000000
138.665700858 -162.339944612 5.750000000 5.750000000 2.925000000
130.630089796 -172.416282173 5.750000000 5.750000000 2.925000000
121.863942284 -181.863942284 5.750000000 5.750000000 2.925000000
112.416282173 -190.630089796 5.750000000 5.750000000 2.925000000
102.339944612 -198.665700858 5.750000000 5.750000000 2.925000000
91.691280568 -205.925837073 5.750000000 5.750000000 2.925000000
80.529841690 -212.369896814 5.750000000 5.750000000 2.925000000
68.918047271 -217.961842285 5.750000000 5.750000000 2.925000000
56.920835176 -222.670401059 5.750000000 5.750000000 2.925000000
44.605298681 -226.469240965 5.750000000 5.750000000 2.925000000
32.040311263 -229.337117349 5.750000000 5.750000000 2.925000000
19.296141427 -231.257991883 5.750000000 5.750000000 2.925000000
6.444059741 -232.221122258 5.750000000 5.750000000 2.925000000
-6.444059741 -232.221122258 5.750000000 5.750000000 2.925000000
-19.296141427 -231.257991883 5.750000000 5.750000000 2.925000000
-32.040311263 -229.337117349 5.750000000 5.750000000 2.925000000
-44.605298681 -226.469240965 5.750000000 5.750000000 2.925000000
-56.920835176 -222.670401059 5.750000000 5.750000000 2.925000000
-68.918047271 -217.961842285 5.750000000 5.750000000 2.925000000
-80.529841690 -212.369896814 5.750000000 5.750000000 2.925000000
-91.691280568 -205.925837073 5.750000000 5.750000000 2.925000000
-102.339944612 -198.665700858 5.750000000 5.750000000 2.925000000
-112.416282173 -190.630089796 5.750000000 5.750000000 2.925000000
-121.863942284 -181.863942284 5.750000000 5.750000000 2.925000000
-130.630089796 -172.416282173 5.750000000 5.750000000 2.925000000
-138.665700858 -162.339944612 5.750000000 5.750000000 2.925000000
-145.925837073 -151.691280568 5.750000000 5.750000000 2.925000000
-152.369896814 -140.529841690 5.750000000 5.750000000 2.925000000
-157.961842285 -128.918047271 5.750000000 5.750000000 2.925000000
-162.670401059 -116.920835176 5.750000000 5.750000000 2.925000000
-166.469240965 -104.605298681 5.750000000 5.750000000 2.925000000
-169.337117349 -92.040311263 5.750000000 5.750000000 2.925000000
-171.257991883 -79.296141427 5.750000000 5.750000000 2.925000000
-172.221122258 -66.444059741 5.750000000 5.750000000 2.925000000
-172.221122258 -53.555940259 5.750000000 5.750000000 2.925000000
-171.257991883 -40.703858573 5.750000000 5.750000000 2.925000000
-169.337117349 -27.959688737 5.750000000 5.750000000 2.925000000
-166.469240965 -15.394701319 5.750000000 5.750000000 2.925000000
-162.670401059 -3.079164824 5.750000000 5.750000000 2.925000000
-157.961842285 8.918047271 5.750000000 5.750000000 2.925000000
-152.369896814 20.529841690 5.750000000 5.750000000 2.925000000
-145.925837073 31.691280568 5.750000000 5.750000000 2.925000000
-138.665700858 42.339944612 5.750000000 5.750000000 2.925000000
-130.630089796 52.416282173 5.750000000 5.750000000 2.925000000
-121.863942284 61.863942284 5.750000000 5.750000000 2.925000000
-112.416282173 70.630089796 5.750000000 5.750000000 2.925000000
-102.339944612 78.665700858 5.750000000 5.750000000 2.925000000
-91.691280568 85.925837073 5.750000000 5.750000000 2.925000000
-80.529841690 92.369896814 5.750000000 5.750000000 2.925000000
-68.918047271 97.961842285 5.750000000 5.750000000 2.925000000
-56.920835176 102.670401059 5.750000000 5.750000000 2.925000000
-44.605298681 106.469240965 5.750000000 5.750000000 2.925000000
-32.040311263 109.337117349 5.750000000 5.750000000 2.925000000
-19.296141427 111.257991883 5.750000000 5.750000000 2.925000000
-6.444059741 112.221122258 5.750000000 5.750000000 2.925000000
0.000000000 120.850558314 5.750000000 5.750000000 2.925000000
13.514979148 120.344863473 5.750000000 5.750000000 2.925000000
26.954377050 118.830607001 5.750000000 5.750000000 2.925000000
40.243035143 116.316257234 5.750000000 5.750000000 2.925000000
53.306637858 112.815875436 5.750000000 5.750000000 2.925000000
66.072128232 108.349037162 5.750000000 5.750000000 2.925000000
78.468116463 102.940722784 5.750000000 5.750000000 2.925000000
90.425279157 96.621177789 5.750000000 5.750000000 2.925000000
101.876747010 89.425743636 5.750000000 5.750000000 2.925000000
112.758478769 81.394660112 5.750000000 5.750000000 2.925000000
123.009619376 72.572840294 5.750000000 5.750000000 2.925000000
132.572840294 63.009619376 5.750000000 5.750000000 2.925000000
141.394660112 52.758478769 5.750000000 5.750000000 2.925000000
149.425743636 41.876747010 5.750000000 5.750000000 2.925000000
156.621177789 30.425279157 5.750000000 5.750000000 2.925000000
162.940722784 18.468116463 5.750000000 5.750000000 2.925000000
168.349037162 6.072128232 5.750000000 5.750000000 2.925000000
172.815875436 -6.693362142 5.750000000 5.750000000 2.925000000
176.316257234 -19.756964857 5.750000000 5.750000000 2.925000000
178.830607001 -33.045622950 5.750000000 5.750000000 2.925000000
180.344863473 -46.485020852 5.750000000 5.750000000 2.925000000
180.850558314 -60.000000000 5.750000000 5.750000000 2.925000000
180.344863473 -73.514979148 5.750000000 5.750000000 2.925000000
178.830607001 -86.954377050 5.750000000 5.750000000 2.925000000
176.316257234 -100.243035143 5.750000000 5.750000000 2.925000000
172.815875436 -113.306637858 5.750000000 5.750000000 2.925000000
168.349037162 -126.072128232 5.750000000 5.750000000 2.925000000
162.940722784 -138.468116463 5.750000000 5.750000000 2.925000000
156.621177789 -150.425279157 5.750000000 5.750000000 2.925000000
149.425743636 -161.876747010 5.750000000 5.750000000 2.925000000
141.394660112 -172.758478769 5.750000000 5.750000000 2.925000000
132.572840294 -183.009619376 5.750000000 5.750000000 2.925000000
123.009619376 -192.572840294 5.750000000 5.750000000 2.925000000
112.758478769 -201.394660112 5.750000000 5.750000000 2.925000000
101.876747010 -209.425743636 5.750000000 5.750000000 2.925000000
90.425279157 -216.621177789 5.750000000 5.750000000 2.925000000
78.468116463 -222.940722784 5.750000000 5.750000000 2.925000000
66.072128232 -228.349037162 5.750000000 5.750000000 2.925000000
53.306637858 -232.815875436 5.750000000 5.750000000 2.925000000
40.243035143 -236.316257234 5.750000000 5.750000000 2.925000000
26.954377050 -238.830607001 5.750000000 5.750000000 2.925000000
13.514979148 -240.344863473 5.750000000 5.750000000 2.925000000
0.000000000 -240.850558314 5.750000000 5.750000000 2.925000000
-13.514979148 -240.344863473 5.750000000 5.750000000 2.925000000
-26.954377050 -238.830607001 5.750000000 5.750000000 2.925000000
-40.243035143 -236.316257234 5.750000000 5.750000000 2.925000000
-53.306637858 -232.815875436 5.750000000 5.750000000 2.925000000
-66.072128232 -228.349037162 5.750000000 5.750000000 2.925000000
-78.468116463 -222.940722784 5.750000000 5.750000000 2.925000000
-90.425279157 -216.621177789 5.750000000 5.750000000 2.925000000
-101.876747010 -209.425743636 5.750000000 5.750000000 2.925000000
-112.758478769 -201.394660112 5.750000000 5.750000000 2.925000000
-123.009619376 -192.572840294 5.750000000 5.750000000 2.925000000
-132.572840294 -183.009619376 5.750000000 5.750000000 2.925000000
-141.394660112 -172.758478769 5.750000000 5.750000000 2.925000000
-149.425743636 -161.876747010 5.750000000 5.750000000 2.925000000
-156.621177789 -150.425279157 5.750000000 5.750000000 2.925000000
-162.940722784 -138.468116463 5.750000000 5.750000000 2.925000000
-168.349037162 -126.072128232 5.750000000 5.750000000 2.925000000
-172.815875436 -113.306637858 5.750000000 5.750000000 2.925000000
-176.316257234 -100.243035143 5.750000000 5.750000000 2.925000000
-178.830607001 -86.954377050 5.750000000 5.750000000 2.925000000
-180.344863473 -73.514979148 5.750000000 5.750000000 2.925000000
-180.850558314 -60.000000000 5.750000000 5.750000000 2.925000000
-180.344863473 -46.485020852 5.750000000 5.750000000 2.925000000
-178.830607001 -33.045622950 5.750000000 5.750000000 2.925000000
-176.316257234 -19.756964857 5.750000000 5.750000000 2.925000000
-172.815875436 -6.693362142 5.750000000 5.750000000 2.925000000
-168.349037162 6.072128232 5.750000000 5.750000000 2.925000000
-162.940722784 18.468116463 5.750000000 5.750000000 2.925000000
-156.621177789 30.425279157 5.750000000 5.750000000 2.925000000
-149.425743636 41.876747010 5.750000000 5.750000000 2.925000000
-141.394660112 52.758478769 5.750000000 5.750000000 2.925000000
-132.572840294 63.009619376 5.750000000 5.750000000 2.925000000
-123.009619376 72.572840294 5.750000000 5.750000000 2.925000000
-112.758478769 81.394660112 5.750000000 5.750000000 2.925000000
-101.876747010 89.425743636 5.750000000 5.750000000 2.925000000
-90.425279157 96.621177789 5.750000000 5.750000000 2.925000000
-78.468116463 102.940722784 5.750000000 5.750000000 2.925000000
-66.072128232 108.349037162 5.750000000 5.750000000 2.925000000
-53.306637858 112.815875436 5.750000000 5.750000000 2.925000000
-40.243035143 116.316257234 5.750000000 5.750000000 2.925000000
-26.954377050 118.830607001 5.750000000 5.750000000 2.925000000
-13.514979148 120.344863473 5.750000000 5.750000000 2.925000000
0.000000000 131.620568314 5.750000000 5.750000000 2.925000000
10.840943077 131.313659090 5.750000000 5.750000000 2.925000000
21.647159345 130.393914539 5.750000000 5.750000000 2.925000000
32.384033236 128.864280880 5.750000000 5.750000000 2.925000000
43.017171305 126.729657992 5.750000000 5.750000000 2.925000000
53.512512406 123.996883716 5.750000000 5.750000000 2.925000000
63.836436797 120.674711950 5.750000000 5.750000000 2.925000000
73.955873835 116.773784613 5.750000000 5.750000000 2.925000000
83.838407914 112.306597550 5.750000000 5.750000000 2.925000000
93.452382297 107.287460510 5.750000000 5.750000000 2.925000000
102.767000527 101.732451301 5.750000000 5.750000000 2.925000000
111.752425071 95.659364292 5.750000000 5.750000000 2.925000000
120.379872908 89.087653411 5.750000000 5.750000000 2.925000000
128.621707720 82.038369831 5.750000000 5.750000000 2.925000000
136.451528426 74.534094530 5.750000000 5.750000000 2.925000000
143.844253750 66.598865967 5.750000000 5.750000000 2.925000000
150.776202564 58.258103069 5.750000000 5.750000000 2.925000000
157.225169745 49.538523815 5.750000000 5.750000000 2.925000000
163.170497308 40.468059646 5.750000000 5.750000000 2.925000000
168.593140577 31.075765994 5.750000000 5.750000000 2.925000000
173.475729190 21.391729206 5.750000000 5.750000000 2.925000000
177.802622743 11.446970172 5.750000000 5.750000000 2.925000000
181.559960893 1.273344953 5.750000000 5.750000000 2.925000000
184.735707752 -9.096557263 5.750000000 5.750000000 2.925000000
187.319690446 -19.629518551 5.750000000 5.750000000 2.925000000
189.303631699 -30.291798663 5.750000000 5.750000000 2.925000000
190.681176349 -41.049243099 5.750000000 5.750000000 2.925000000
191.447911706 -51.867392524 5.750000000 5.750000000 2.925000000
191.601381685 -62.711593141 5.750000000 5.750000000 2.925000000
191.141094676 -73.547107709 5.750000000 5.750000000 2.925000000
190.068525115 -84.339226806 5.750000000 5.750000000 2.925000000
188.387108768 -95.053380022 5.750000000 5.750000000 2.925000000
186.102231718 -105.655246694 5.750000000 5.750000000 2.925000000
183.221213114 -116.110865847 5.750000000 5.750000000 2.925000000
179.753281728 -126.386744981 5.750000000 5.750000000 2.925000000
175.709546389 -136.449967357 5.750000000 5.750000000 2.925000000
171.102960401 -146.268297439 5.750000000 5.750000000 2.925000000
165.948280048 -155.810284157 5.750000000 5.750000000 2.925000000
160.262017324 -165.045361650 5.750000000 5.750000000 2.925000000
154.062387044 -173.943947182 5.750000000 5.750000000 2.925000000
147.369248492 -182.477535899 5.750000000 5.750000000 2.925000000
140.204041809 -190.618792145 5.750000000 5.750000000 2.925000000
132.589719312 -198.341637021 5.750000000 5.750000000 2.925000000
124.550671972 -205.621331928 5.750000000 5.750000000 2.925000000
116.112651280 -212.434557807 5.750000000 5.750000000 2.925000000
107.302686761 -218.759489842 5.750000000 5.750000000 2.925000000
98.148999388 -224.575867369 5.750000000 5.750000000 2.925000000
88.680911180 -229.865058777 5.750000000 5.750000000 2.925000000
78.928751278 -234.610121192 5.750000000 5.750000000 2.925000000
68.923758791 -238.795854748 5.750000000 5.750000000 2.925000000
58.697982725 -242.408851279 5.750000000 5.750000000 2.925000000
48.284179325 -245.437537268 5.750000000 5.750000000 2.925000000
37.715707142 -247.872210919 5.750000000 5.750000000 2.925000000
27.026420179 -249.705073241 5.750000000 5.750000000 2.925000000
16.250559444 -250.930253021 5.750000000 5.750000000 2.925000000
5.422643269 -251.543825641 5.750000000 5.750000000 2.925000000
-5.422643269 -251.543825641 5.750000000 5.750000000 2.925000000
-16.250559444 -250.930253021 5.750000000 5.750000000 2.925000000
-27.026420179 -249.705073241 5.750000000 5.750000000 2.925000000
-37.715707142 -247.872210919 5.750000000 5.750000000 2.925000000
-48.284179325 -245.437537268 5.750000000 5.750000000 2.925000000
-58.697982725 -242.408851279 5.750000000 5.750000000 2.925000000
-68.923758791 -238.795854748 5.750000000 5.750000000 2.925000000
-78.928751278 -234.610121192 5.750000000 5.750000000 2.925000000
-88.680911180 -229.865058777 5.750000000 5.750000000 2.925000000
-98.148999388 -224.575867369 5.750000000 5.750000000 2.925000000
-107.302686761 -218.759489842 5.750000000 5.750000000 2.925000000
-116.112651280 -212.434557807 5.750000000 5.750000000 2.925000000
-124.550671972 -205.621331928 5.750000000 5.750000000 2.925000000
-132.589719312 -198.341637021 5.750000000 5.750000000 2.925000000
-140.204041809 -190.618792145 5.750000000 5.750000000 2.925000000
-147.369248492 -182.477535899 5.750000000 5.750000000 2.925000000
-154.062387044 -173.943947182 5.750000000 5.750000000 2.925000000
-160.262017324 -165.045361650 5.750000000 5.750000000 2.925000000
-165.948280048 -155.810284157 5.750000000 5.750000000 2.925000000
-171.102960401 -146.268297439 5.750000000 5.750000000 2.925000000
-175.709546389 -136.449967357 5.750000000 5.750000000 2.925000000
-179.753281728 -126.386744981 5.750000000 5.750000000 2.925000000
-183.221213114 -116.110865847 5.750000000 5.750000000 2.925000000
-186.102231718 -105.655246694 5.750000000 5.750000000 2.925000000
-188.387108768 -95.053380022 5.750000000 5.750000000 2.925000000
-190.068525115 -84.339226806 5.750000000 5.750000000 2.925000000
-191.141094676 -73.547107709 5.750000000 5.750000000 2.925000000
-191.601381685 -62.711593141 5.750000000 5.750000000 2.925000000
-191.447911706 -51.867392524 5.750000000 5.750000000 2.925000000
-190.681176349 -41.049243099 5.750000000 5.750000000 2.925000000
-189.303631699 -30.291798663 5.750000000 5.750000000 2.925000000
-187.319690446 -19.629518551 5.750000000 5.750000000 2.925000000
-184.735707752 -9.096557263 5.750000000 5.750000000 2.925000000
-181.559960893 1.273344953 5.750000000 5.750000000 2.925000000
-177.802622743 11.446970172 5.750000000 5.750000000 2.925000000
-173.475729190 21.391729206 5.750000000 5.750000000 2.925000000
-168.593140577 31.075765994 5.750000000 5.750000000 2.925000000
-163.170497308 40.468059646 5.750000000 5.750000000 2.925000000
-157.225169745 49.538523815 5.750000000 5.750000000 2.925000000
-150.776202564 58.258103069 5.750000000 5.750000000 2.925000000
-143.844253750 66.598865967 5.750000000 5.750000000 2.925000000
-136.451528426 74.534094530 5.750000000 5.750000000 2.925000000
-128.621707720 82.038369831 5.750000000 5.750000000 2.925000000
-120.379872908 89.087653411 5.750000000 5.750000000 2.925000000
-111.752425071 95.659364292 5.750000000 5.750000000 2.925000000
-102.767000527 101.732451301 5.750000000 5.750000000 2.925000000
-93.452382297 107.287460510 5.750000000 5.750000000 2.925000000
-83.838407914 112.306597550 5.750000000 5.750000000 2.925000000
-73.955873835 116.773784613 5.750000000 5.750000000 2.925000000
-63.836436797 120.674711950 5.750000000 5.750000000 2.925000000
-53.512512406 123.996883716 5.750000000 5.750000000 2.925000000
-43.017171305 126.729657992 5.750000000 5.750000000 2.925000000
-32.384033236 128.864280880 5.750000000 5.750000000 2.925000000
-21.647159345 130.393914539 5.750000000 5.750000000 2.925000000
-10.840943077 131.313659090 5.750000000 5.750000000 2.925000000
5.683800018 140.768655735 5.750000000 5.750000000 2.925000000
17.033193128 140.125533204 5.750000000 5.750000000 2.925000000
28.328023786 138.841348257 5.750000000 5.750000000 2.925000000
39.532111243 136.920214526 5.750000000 5.750000000 2.925000000
50.609565430 134.368285982 5.750000000 5.750000000 2.925000000
61.524901921 131.193737220 5.750000000 5.750000000 2.925000000
72.243155603 127.406737277 5.750000000 5.750000000 2.925000000
82.729992679 123.019417057 5.750000000 5.750000000 2.925000000
92.951820647 118.045830468 5.750000000 5.750000000 2.925000000
102.875895910 112.501909407 5.750000000 5.750000000 2.925000000
112.470428665 106.405412726 5.750000000 5.750000000 2.925000000
121.704684729 99.775869340 5.750000000 5.750000000 2.925000000
130.549083997 92.634515677 5.750000000 5.750000000 2.925000000
138.975295192 85.004227644 5.750000000 5.750000000 2.925000000
146.956326619 76.909447355 5.750000000 5.750000000 2.925000000
154.466612628 68.376104831 5.750000000 5.750000000 2.925000000
161.482095509 59.431534942 5.750000000 5.750000000 2.925000000
167.980302555 50.104389840 5.750000000 5.750000000 2.925000000
173.940418050 40.424547184 5.750000000 5.750000000 2.925000000
179.343349947 30.423014428 5.750000000 5.750000000 2.925000000
184.171791027 20.131829496 5.750000000 5.750000000 2.925000000
188.410274337 9.583958156 5.750000000 5.750000000 2.925000000
192.045222737 -1.186811579 5.750000000 5.750000000 2.925000000
195.064992392 -12.145977687 5.750000000 5.750000000 2.925000000
197.459910069 -23.258434656 5.750000000 5.750000000 2.925000000
199.222304125 -34.488585935 5.750000000 5.750000000 2.925000000
200.346529080 -45.800457965 5.750000000 5.750000000 2.925000000
200.828983703 -57.157815408 5.750000000 5.750000000 2.925000000
200.668122546 -68.524277226 5.750000000 5.750000000 2.925000000
199.864460896 -79.863433214 5.750000000 5.750000000 2.925000000
198.420573124 -91.138960636 5.750000000 5.750000000 2.925000000
196.341084437 -102.314740581 5.750000000 5.750000000 2.925000000
193.632656065 -113.354973654 5.750000000 5.750000000 2.925000000
190.303963920 -124.224294662 5.750000000 5.750000000 2.925000000
186.365670806 -134.887885891 5.750000000 5.750000000 2.925000000
181.830392265 -145.311588646 5.750000000 5.750000000 2.925000000
176.712656159 -155.462012662 5.750000000 5.750000000 2.925000000
171.028856142 -165.306643073 5.750000000 5.750000000 2.925000000
164.797199137 -174.813944558 5.750000000 5.750000000 2.925000000
158.037647021 -183.953462366 5.750000000 5.750000000 2.925000000
150.771852677 -192.695919865 5.750000000 5.750000000 2.925000000
143.023090635 -201.013312327 5.750000000 5.750000000 2.925000000
134.816182516 -208.878996639 5.750000000 5.750000000 2.925000000
126.177417521 -216.267776641 5.750000000 5.750000000 2.925000000
117.134468217 -223.155983843 5.750000000 5.750000000 2.925000000
107.716301899 -229.521553242 5.750000000 5.750000000 2.925000000
97.953087793 -235.344093999 5.750000000 5.750000000 2.925000000
87.876100415 -240.604954761 5.750000000 5.750000000 2.925000000
77.517619396 -245.287283405 5.750000000 5.750000000 2.925000000
66.910826072 -249.376081021 5.750000000 5.750000000 2.925000000
56.089697200 -252.858249957 5.750000000 5.750000000 2.925000000
45.088896118 -255.722635776 5.750000000 5.750000000 2.925000000
33.943661709 -257.960062988 5.750000000 5.750000000 2.925000000
22.689695518 -259.563364438 5.750000000 5.750000000 2.925000000
11.363047392 -260.527404268 5.750000000 5.750000000 2.925000000
0.000000000 -260.849094368 5.750000000 5.750000000 2.925000000
-11.363047392 -260.527404268 5.750000000 5.750000000 2.925000000
-22.689695518 -259.563364438 5.750000000 5.750000000 2.925000000
-33.943661709 -257.960062988 5.750000000 5.750000000 2.925000000
-45.088896118 -255.722635776 5.750000000 5.750000000 2.925000000
-56.089697200 -252.858249957 5.750000000 5.750000000 2.925000000
-66.910826072 -249.376081021 5.750000000 5.750000000 2.925000000
-77.517619396 -245.287283405 5.750000000 5.750000000 2.925000000
-87.876100415 -240.604954761 5.750000000 5.750000000 2.925000000
-97.953087793 -235.344093999 5.750000000 5.750000000 2.925000000
-107.716301899 -229.521553242 5.750000000 5.750000000 2.925000000
-117.134468217 -223.155983843 5.750000000 5.750000000 2.925000000
-126.177417521 -216.267776641 5.750000000 5.750000000 2.925000000
-134.816182516 -208.878996639 5.750000000 5.750000000 2.925000000
-143.023090635 -201.013312327 5.750000000 5.750000000 2.925000000
-150.771852677 -192.695919865 5.750000000 5.750000000 2.925000000
-158.037647021 -183.953462366 5.750000000 5.750000000 2.925000000
-164.797199137 -174.813944558 5.750000000 5.750000000 2.925000000
-171.028856142 -165.306643073 5.750000000 5.750000000 2.925000000
-176.712656159 -155.462012662 5.750000000 5.750000000 2.925000000
-181.830392265 -145.311588646 5.750000000 5.750000000 2.925000000
-186.365670806 -134.887885891 5.750000000 5.750000000 2.925000000
-190.303963920 -124.224294662 5.750000000 5.750000000 2.925000000
-193.632656065 -113.354973654 5.750000000 5.750000000 2.925000000
-196.341084437 -102.314740581 5.750000000 5.750000000 2.925000000
-198.420573124 -91.138960636 5.750000000 5.750000000 2.925000000
-199.864460896 -79.863433214 5.750000000 5.750000000 2.925000000
-200.668122546 -68.524277226 5.750000000 5.750000000 2.925000000
-200.828983703 -57.157815408 5.750000000 5.750000000 2.925000000
-200.346529080 -45.800457965 5.750000000 5.750000000 2.925000000
-199.222304125 -34.488585935 5.750000000 5.750000000 2.925000000
-197.459910069 -23.258434656 5.750000000 5.750000000 2.925000000
-195.064992392 -12.145977687 5.750000000 5.750000000 2.925000000
-192.045222737 -1.186811579 5.750000000 5.750000000 2.925000000
-188.410274337 9.583958156 5.750000000 5.750000000 2.925000000
-184.171791027 20.131829496 5.750000000 5.750000000 2.925000000
-179.343349947 30.423014428 5.750000000 5.750000000 2.925000000
-173.940418050 40.424547184 5.750000000 5.750000000 2.925000000
-167.980302555 50.104389840 5.750000000 5.750000000 2.925000000
-161.482095509 59.431534942 5.750000000 5.750000000 2.925000000
-154.466612628 68.376104831 5.750000000 5.750000000 2.925000000
-146.956326619 76.909447355 5.750000000 5.750000000 2.925000000
-138.975295192 85.004227644 5.750000000 5.750000000 2.925000000
-130.549083997 92.634515677 5.750000000 5.750000000 2.925000000
-121.704684729 99.775869340 5.750000000 5.750000000 2.925000000
-112.470428665 106.405412726 5.750000000 5.750000000 2.925000000
-102.875895910 112.501909407 5.750000000 5.750000000 2.925000000
-92.951820647 118.045830468 5.750000000 5.750000000 2.925000000
-82.729992679 123.019417057 5.750000000 5.750000000 2.925000000
-72.243155603 127.406737277 5.750000000 5.750000000 2.925000000
-61.524901921 131.193737220 5.750000000 5.750000000 2.925000000
-50.609565430 134.368285982 5.750000000 5.750000000 2.925000000
-39.532111243 136.920214526 5.750000000 5.750000000 2.925000000
-28.328023786 138.841348257 5.750000000 5.750000000 2.925000000
-17.033193128 140.125533204 5.750000000 5.750000000 2.925000000
-5.683800018 140.768655735 5.750000000 5.750000000 2.925000000
0.000000000 149.916742985 5.750000000 5.750000000 2.925000000
11.876050059 149.580529678 5.750000000 5.750000000 2.925000000
23.714057549 148.572966752 5.750000000 5.750000000 2.925000000
35.476101764 146.897281734 5.750000000 5.750000000 2.925000000
47.124505329 144.558842348 5.750000000 5.750000000 2.925000000
58.621954897 141.565139320 5.750000000 5.750000000 2.925000000
69.931620671 137.925762385 5.750000000 5.750000000 2.925000000
81.017274381 133.652369563 5.750000000 5.750000000 2.925000000
91.843405336 128.758649819 5.750000000 5.750000000 2.925000000
102.375334175 123.260279214 5.750000000 5.750000000 2.925000000
112.579323956 117.174870687 5.750000000 5.750000000 2.925000000
122.422688222 110.521917635 5.750000000 5.750000000 2.925000000
131.873895710 103.322731472 5.750000000 5.750000000 2.925000000
140.902671354 95.600373363 5.750000000 5.750000000 2.925000000
149.480093262 87.379580348 5.750000000 5.750000000 2.925000000
157.578685367 78.686686106 5.750000000 5.750000000 2.925000000
165.172505437 69.549536598 5.750000000 5.750000000 2.925000000
172.237228177 59.997400868 5.750000000 5.750000000 2.925000000
178.750223149 50.060877287 5.750000000 5.750000000 2.925000000
184.690627268 39.771795536 5.750000000 5.750000000 2.925000000
190.039411629 29.163114644 5.750000000 5.750000000 2.925000000
194.779442461 18.268817416 5.750000000 5.750000000 2.925000000
198.895536018 7.123801570 5.750000000 5.750000000 2.925000000
202.374507212 -4.236232049 5.750000000 5.750000000 2.925000000
205.205211847 -15.774893828 5.750000000 5.750000000 2.925000000
207.378582325 -27.455221955 5.750000000 5.750000000 2.925000000
208.887656685 -39.239800818 5.750000000 5.750000000 2.925000000
209.727600905 -51.090880857 5.750000000 5.750000000 2.925000000
209.895724392 -62.970499490 5.750000000 5.750000000 2.925000000
209.391488595 -74.840602719 5.750000000 5.750000000 2.925000000
208.216508735 -86.663167022 5.750000000 5.750000000 2.925000000
206.374548624 -98.400321164 5.750000000 5.750000000 2.925000000
203.871508617 -110.014467500 5.750000000 5.750000000 2.925000000
200.715406707 -121.468402418 5.750000000 5.750000000 2.925000000
196.916352837 -132.725435512 5.750000000 5.750000000 2.925000000
192.486516525 -143.749507112 5.750000000 5.750000000 2.925000000
187.440087869 -154.505303792 5.750000000 5.750000000 2.925000000
181.793232104 -164.958371492 5.750000000 5.750000000 2.925000000
175.564037811 -175.075225887 5.750000000 5.750000000 2.925000000
168.772458976 -184.823459640 5.750000000 5.750000000 2.925000000
161.440251074 -194.171846222 5.750000000 5.750000000 2.925000000
153.590901377 -203.090439930 5.750000000 5.750000000 2.925000000
145.249553720 -211.550671821 5.750000000 5.750000000 2.925000000
136.442927953 -219.525441221 5.750000000 5.750000000 2.925000000
127.199234354 -226.989202540 5.750000000 5.750000000 2.925000000
117.548083259 -233.918047101 5.750000000 5.750000000 2.925000000
107.520390217 -240.289779724 5.750000000 5.750000000 2.925000000
97.148276949 -246.083989830 5.750000000 5.750000000 2.925000000
86.464968463 -251.282116817 5.750000000 5.750000000 2.925000000
75.504686615 -255.867509517 5.750000000 5.750000000 2.925000000
64.302540494 -259.825479535 5.750000000 5.750000000 2.925000000
52.894413950 -263.143348299 5.750000000 5.750000000 2.925000000
41.316850651 -265.810487676 5.750000000 5.750000000 2.925000000
29.606937024 -267.818354015 5.750000000 5.750000000 2.925000000
17.802183452 -269.160515513 5.750000000 5.750000000 2.925000000
5.940404119 -269.832672823 5.750000000 5.750000000 2.925000000
-5.940404119 -269.832672823 5.750000000 5.750000000 2.925000000
-17.802183452 -269.160515513 5.750000000 5.750000000 2.925000000
-29.606937024 -267.818354015 5.750000000 5.750000000 2.925000000
-41.316850651 -265.810487676 5.750000000 5.750000000 2.925000000
-52.894413950 -263.143348299 5.750000000 5.750000000 2.925000000
-64.302540494 -259.825479535 5.750000000 5.750000000 2.925000000
-75.504686615 -255.867509517 5.750000000 5.750000000 2.925000000
-86.464968463 -251.282116817 5.750000000 5.750000000 2.925000000
-97.148276949 -246.083989830 5.750000000 5.750000000 2.925000000
-107.520390217 -240.289779724 5.750000000 5.750000000 2.925000000
-117.548083259 -233.918047101 5.750000000 5.750000000 2.925000000
-127.199234354 -226.989202540 5.750000000 5.750000000 2.925000000
-136.442927953 -219.525441221 5.750000000 5.750000000 2.925000000
-145.249553720 -211.550671821 5.750000000 5.750000000 2.925000000
-153.590901377 -203.090439930 5.750000000 5.750000000 2.925000000
-161.440251074 -194.171846222 5.750000000 5.750000000 2.925000000
-168.772458976 -184.823459640 5.750000000 5.750000000 2.925000000
-175.564037811 -175.075225887 5.750000000 5.750000000 2.925000000
-181.793232104 -164.958371492 5.750000000 5.750000000 2.925000000
-187.440087869 -154.505303792 5.750000000 5.750000000 2.925000000
-192.486516525 -143.749507112 5.750000000 5.750000000 2.925000000
-196.916352837 -132.725435512 5.750000000 5.750000000 2.925000000
-200.715406707 -121.468402418 5.750000000 5.750000000 2.925000000
-203.871508617 -110.014467500 5.750000000 5.750000000 2.925000000
-206.374548624 -98.400321164 5.750000000 5.750000000 2.925000000
-208.216508735 -86.663167022 5.750000000 5.750000000 2.925000000
-209.391488595 -74.840602719 5.750000000 5.750000000 2.925000000
-209.895724392 -62.970499490 5.750000000 5.750000000 2.925000000
-209.727600905 -51.090880857 5.750000000 5.750000000 2.925000000
-208.887656685 -39.239800818 5.750000000 5.750000000 2.925000000
-207.378582325 -27.455221955 5.750000000 5.750000000 2.925000000
-205.205211847 -15.774893828 5.750000000 5.750000000 2.925000000
-202.374507212 -4.236232049 5.750000000 5.750000000 2.925000000
-198.895536018 7.123801570 5.750000000 5.750000000 2.925000000
-194.779442461 18.268817416 5.750000000 5.750000000 2.925000000
-190.039411629 29.163114644 5.750000000 5.750000000 2.925000000
-184.690627268 39.771795536 5.750000000 5.750000000 2.925000000
-178.750223149 50.060877287 5.750000000 5.750000000 2.925000000
-172.237228177 59.997400868 5.750000000 5.750000000 2.925000000
-165.172505437 69.549536598 5.750000000 5.750000000 2.925000000
-157.578685367 78.686686106 5.750000000 5.750000000 2.925000000
-149.480093262 87.379580348 5.750000000 5.750000000 2.925000000
-140.902671354 95.600373363 5.750000000 5.750000000 2.925000000
-131.873895710 103.322731472 5.750000000 5.750000000 2.925000000
-122.422688222 110.521917635 5.750000000 5.750000000 2.925000000
-112.579323956 117.174870687 5.750000000 5.750000000 2.925000000
-102.375334175 123.260279214 5.750000000 5.750000000 2.925000000
-91.843405336 128.758649819 5.750000000 5.750000000 2.925000000
-81.017274381 133.652369563 5.750000000 5.750000000 2.925000000
-69.931620671 137.925762385 5.750000000 5.750000000 2.925000000
-58.621954897 141.565139320 5.750000000 5.750000000 2.925000000
-47.124505329 144.558842348 5.750000000 5.750000000 2.925000000
-35.476101764 146.897281734 5.750000000 5.750000000 2.925000000
-23.714057549 148.572966752 5.750000000 5.750000000 2.925000000
-11.876050059 149.580529678 5.750000000 5.750000000 2.925000000
6.192250036 158.728616745 5.750000000 5.750000000 2.925000000
18.556914464 158.027963044 5.750000000 5.750000000 2.925000000
30.862135501 156.628900048 5.750000000 5.750000000 2.925000000
43.068495814 154.535909376 5.750000000 5.750000000 2.925000000
55.136894751 151.755695510 5.750000000 5.750000000 2.925000000
67.028673591 148.297164311 5.750000000 5.750000000 2.925000000
78.705739382 144.171394499 5.750000000 5.750000000 2.925000000
90.130686962 139.391602158 5.750000000 5.750000000 2.925000000
101.266918780 133.973098404 5.750000000 5.750000000 2.925000000
112.078762127 127.933240337 5.750000000 5.750000000 2.925000000
122.531583411 121.291375444 5.750000000 5.750000000 2.925000000
132.591899092 114.068779621 5.750000000 5.750000000 2.925000000
142.227482947 106.288589019 5.750000000 5.750000000 2.925000000
151.407469297 97.975725935 5.750000000 5.750000000 2.925000000
160.102451877 89.156818974 5.750000000 5.750000000 2.925000000
168.284578036 79.860117756 5.750000000 5.750000000 2.925000000
175.927637958 70.115402416 5.750000000 5.750000000 2.925000000
183.007148619 59.953888215 5.750000000 5.750000000 2.925000000
189.500432210 49.408125548 5.750000000 5.750000000 2.925000000
195.386688787 38.511895670 5.750000000 5.750000000 2.925000000
200.647062895 27.300102492 5.750000000 5.750000000 2.925000000
205.264703971 15.808660766 5.750000000 5.750000000 2.925000000
209.224820318 4.074381046 5.750000000 5.750000000 2.925000000
212.514726489 -7.865148233 5.750000000 5.750000000 2.925000000
215.123883924 -19.971681161 5.750000000 5.750000000 2.925000000
217.043934703 -32.206436861 5.750000000 5.750000000 2.925000000
218.268728327 -44.530223722 5.750000000 5.750000000 2.925000000
218.794341411 -56.903564941 5.750000000 5.750000000 2.925000000
218.619090258 -69.286824975 5.750000000 5.750000000 2.925000000
217.743536251 -81.640336509 5.750000000 5.750000000 2.925000000
216.170484054 -93.924527521 5.750000000 5.750000000 2.925000000
213.904972625 -106.100048044 5.750000000 5.750000000 2.925000000
210.954259083 -118.127896215 5.750000000 5.750000000 2.925000000
207.327795451 -129.969543210 5.750000000 5.750000000 2.925000000
203.037198386 -141.587056665 5.750000000 5.750000000 2.925000000
198.096211964 -152.943222180 5.750000000 5.750000000 2.925000000
192.520663653 -164.001662535 5.750000000 5.750000000 2.925000000
186.328413617 -174.726954210 5.750000000 5.750000000 2.925000000
179.539297499 -185.084740864 5.750000000 5.750000000 2.925000000
172.175062884 -195.041843383 5.750000000 5.750000000 2.925000000
164.259299637 -204.566366166 5.750000000 5.750000000 2.925000000
155.817364332 -213.627799295 5.750000000 5.750000000 2.925000000
146.876299034 -222.197116267 5.750000000 5.750000000 2.925000000
137.464744671 -230.246866978 5.750000000 5.750000000 2.925000000
127.612849289 -237.751265649 5.750000000 5.750000000 2.925000000
117.352171478 -244.686273428 5.750000000 5.750000000 2.925000000
106.715579284 -251.029675395 5.750000000 5.750000000 2.925000000
95.737144916 -256.761151722 5.750000000 5.750000000 2.925000000
84.452035611 -261.862342760 5.750000000 5.750000000 2.925000000
72.896400976 -266.316907858 5.750000000 5.750000000 2.925000000
61.107257192 -270.110577701 5.750000000 5.750000000 2.925000000
49.122368441 -273.231200021 5.750000000 5.750000000 2.925000000
36.980125935 -275.668778522 5.750000000 5.750000000 2.925000000
24.719424937 -277.415504908 5.750000000 5.750000000 2.925000000
12.379540168 -278.465783886 5.750000000 5.750000000 2.925000000
0.000000000 -278.816251096 5.750000000 5.750000000 2.925000000
-12.379540168 -278.465783886 5.750000000 5.750000000 2.925000000
-24.719424937 -277.415504908 5.750000000 5.750000000 2.925000000
-36.980125935 -275.668778522 5.750000000 5.750000000 2.925000000
-49.122368441 -273.231200021 5.750000000 5.750000000 2.925000000
-61.107257192 -270.110577701 5.750000000 5.750000000 2.925000000
-72.896400976 -266.316907858 5.750000000 5.750000000 2.925000000
-84.452035611 -261.862342760 5.750000000 5.750000000 2.925000000
-95.737144916 -256.761151722 5.750000000 5.750000000 2.925000000
-106.715579284 -251.029675395 5.750000000 5.750000000 2.925000000
-117.352171478 -244.686273428 5.750000000 5.750000000 2.925000000
-127.612849289 -237.751265649 5.750000000 5.750000000 2.925000000
-137.464744671 -230.246866978 5.750000000 5.750000000 2.925000000
-146.876299034 -222.197116267 5.750000000 5.750000000 2.925000000
-155.817364332 -213.627799295 5.750000000 5.750000000 2.925000000
-164.259299637 -204.566366166 5.750000000 5.750000000 2.925000000
-172.175062884 -195.041843383 5.750000000 5.750000000 2.925000000
-179.539297499 -185.084740864 5.750000000 5.750000000 2.925000000
-186.328413617 -174.726954210 5.750000000 5.750000000 2.925000000
-192.520663653 -164.001662535 5.750000000 5.750000000 2.925000000
-198.096211964 -152.943222180 5.750000000 5.750000000 2.925000000
-203.037198386 -141.587056665 5.750000000 5.750000000 2.925000000
-207.327795451 -129.969543210 5.750000000 5.750000000 2.925000000
-210.954259083 -118.127896215 5.750000000 5.750000000 2.925000000
-213.904972625 -106.100048044 5.750000000 5.750000000 2.925000000
-216.170484054 -93.924527521 5.750000000 5.750000000 2.925000000
-217.743536251 -81.640336509 5.750000000 5.750000000 2.925000000
-218.619090258 -69.286824975 5.750000000 5.750000000 2.925000000
-218.794341411 -56.903564941 5.750000000 5.750000000 2.925000000
-218.268728327 -44.530223722 5.750000000 5.750000000 2.925000000
-217.043934703 -32.206436861 5.750000000 5.750000000 2.925000000
-215.123883924 -19.971681161 5.750000000 5.750000000 2.925000000
-212.514726489 -7.865148233 5.750000000 5.750000000 2.925000000
-209.224820318 4.074381046 5.750000000 5.750000000 2.925000000
-205.264703971 15.808660766 5.750000000 5.750000000 2.925000000
-200.647062895 27.300102492 5.750000000 5.750000000 2.925000000
-195.386688787 38.511895670 5.750000000 5.750000000 2.925000000
-189.500432210 49.408125548 5.750000000 5.750000000 2.925000000
-183.007148619 59.953888215 5.750000000 5.750000000 2.925000000
-175.927637958 70.115402416 5.750000000 5.750000000 2.925000000
-168.284578036 79.860117756 5.750000000 5.750000000 2.925000000
-160.102451877 89.156818974 5.750000000 5.750000000 2.925000000
-151.407469297 97.975725935 5.750000000 5.750000000 2.925000000
-142.227482947 106.288589019 5.750000000 5.750000000 2.925000000
-132.591899092 114.068779621 5.750000000 5.750000000 2.925000000
-122.531583411 121.291375444 5.750000000 5.750000000 2.925000000
-112.078762127 127.933240337 5.750000000 5.750000000 2.925000000
-101.266918780 133.973098404 5.750000000 5.750000000 2.925000000
-90.130686962 139.391602158 5.750000000 5.750000000 2.925000000
-78.705739382 144.171394499 5.750000000 5.750000000 2.925000000
-67.028673591 148.297164311 5.750000000 5.750000000 2.925000000
-55.136894751 151.755695510 5.750000000 5.750000000 2.925000000
-43.068495814 154.535909376 5.750000000 5.750000000 2.925000000
-30.862135501 156.628900048 5.750000000 5.750000000 2.925000000
-18.556914464 158.027963044 5.750000000 5.750000000 2.925000000
-6.192250036 158.728616745 5.750000000 5.750000000 2.925000000
0.000000000 167.540490310 5.750000000 5.750000000 2.925000000
12.873114431 167.176049916 5.750000000 5.750000000 2.925000000
25.704992395 166.083896146 5.750000000 5.750000000 2.925000000
38.454529519 164.267527498 5.750000000 5.750000000 2.925000000
51.080885192 161.732762348 5.750000000 5.750000000 2.925000000
63.543613390 158.487720313 5.750000000 5.750000000 2.925000000
75.802792237 154.542796242 5.750000000 5.750000000 2.925000000
87.819151889 149.910626915 5.750000000 5.750000000 2.925000000
99.554200321 144.606050567 5.750000000 5.750000000 2.925000000
110.970346637 138.646059356 5.750000000 5.750000000 2.925000000
122.031021478 132.049744930 5.750000000 5.750000000 2.925000000
132.700794167 124.838237272 5.750000000 5.750000000 2.925000000
142.945486207 117.034637016 5.750000000 5.750000000 2.925000000
152.732280760 108.663941446 5.750000000 5.750000000 2.925000000
162.029827773 99.752964424 5.750000000 5.750000000 2.925000000
170.808344399 90.330250495 5.750000000 5.750000000 2.925000000
179.039710404 80.425983453 5.750000000 5.750000000 2.925000000
186.697558240 70.071889652 5.750000000 5.750000000 2.925000000
193.757357513 59.301136374 5.750000000 5.750000000 2.925000000
200.196493556 48.148225590 5.750000000 5.750000000 2.925000000
205.994339877 36.648883435 5.750000000 5.750000000 2.925000000
211.132324224 24.839945769 5.750000000 5.750000000 2.925000000
215.593988086 12.759240180 5.750000000 5.750000000 2.925000000
219.365039408 0.445464810 5.750000000 5.750000000 2.925000000
222.433398375 -12.061935607 5.750000000 5.750000000 2.925000000
224.789236109 -24.722896096 5.750000000 5.750000000 2.925000000
226.425006152 -37.496859785 5.750000000 5.750000000 2.925000000
227.335468638 -50.342907815 5.750000000 5.750000000 2.925000000
227.517707082 -63.219890424 5.750000000 5.750000000 2.925000000
226.971137720 -76.086558752 5.750000000 5.750000000 2.925000000
225.697511377 -88.901696983 5.750000000 5.750000000 2.925000000
223.700907863 -101.624254366 5.750000000 5.750000000 2.925000000
220.987722901 -114.213476713 5.750000000 5.750000000 2.925000000
217.566647640 -126.629036950 5.750000000 5.750000000 2.925000000
213.448640816 -138.831164295 5.750000000 5.750000000 2.925000000
208.646893646 -150.780771655 5.750000000 5.750000000 2.925000000
203.176787574 -162.439580835 5.750000000 5.750000000 2.925000000
197.055844998 -173.770245155 5.750000000 5.750000000 2.925000000
190.303673143 -184.736469081 5.750000000 5.750000000 2.925000000
182.941901251 -195.303124491 5.750000000 5.750000000 2.925000000
174.994111297 -205.436363203 5.750000000 5.750000000 2.925000000
166.485762449 -215.103725398 5.750000000 5.750000000 2.925000000
157.444109512 -224.274243601 5.750000000 5.750000000 2.925000000
147.898115626 -232.918541876 5.750000000 5.750000000 2.925000000
137.878359489 -241.008929932 5.750000000 5.750000000 2.925000000
127.416937399 -248.519491815 5.750000000 5.750000000 2.925000000
116.547360446 -255.426168932 5.750000000 5.750000000 2.925000000
105.304447161 -261.706837114 5.750000000 5.750000000 2.925000000
93.724211985 -267.341377487 5.750000000 5.750000000 2.925000000
81.843749902 -272.311740920 5.750000000 5.750000000 2.925000000
69.701117615 -276.602005839 5.750000000 5.750000000 2.925000000
57.335211635 -280.198429234 5.750000000 5.750000000 2.925000000
44.785643687 -283.089490676 5.750000000 5.750000000 2.925000000
32.092613820 -285.265929223 5.750000000 5.750000000 2.925000000
19.296781636 -286.720773086 5.750000000 5.750000000 2.925000000
6.439136043 -287.449361963 5.750000000 5.750000000 2.925000000
-6.439136043 -287.449361963 5.750000000 5.750000000 2.925000000
-19.296781636 -286.720773086 5.750000000 5.750000000 2.925000000
-32.092613820 -285.265929223 5.750000000 5.750000000 2.925000000
-44.785643687 -283.089490676 5.750000000 5.750000000 2.925000000
-57.335211635 -280.198429234 5.750000000 5.750000000 2.925000000
-69.701117615 -276.602005839 5.750000000 5.750000000 2.925000000
-81.843749902 -272.311740920 5.750000000 5.750000000 2.925000000
-93.724211985 -267.341377487 5.750000000 5.750000000 2.925000000
-105.304447161 -261.706837114 5.750000000 5.750000000 2.925000000
-116.547360446 -255.426168932 5.750000000 5.750000000 2.925000000
-127.416937399 -248.519491815 5.750000000 5.750000000 2.925000000
-137.878359489 -241.008929932 5.750000000 5.750000000 2.925000000
-147.898115626 -232.918541876 5.750000000 5.750000000 2.925000000
-157.444109512 -224.274243601 5.750000000 5.750000000 2.925000000
-166.485762449 -215.103725398 5.750000000 5.750000000 2.925000000
-174.994111297 -205.436363203 5.750000000 5.750000000 2.925000000
-182.941901251 -195.303124491 5.750000000 5.750000000 2.925000000
-190.303673143 -184.736469081 5.750000000 5.750000000 2.925000000
-197.055844998 -173.770245155 5.750000000 5.750000000 2.925000000
-203.176787574 -162.439580835 5.750000000 5.750000000 2.925000000
-208.646893646 -150.780771655 5.750000000 5.750000000 2.925000000
-213.448640816 -138.831164295 5.750000000 5.750000000 2.925000000
-217.566647640 -126.629036950 5.750000000 5.750000000 2.925000000
-220.987722901 -114.213476713 5.750000000 5.750000000 2.925000000
-223.700907863 -101.624254366 5.750000000 5.750000000 2.925000000
-225.697511377 -88.901696983 5.750000000 5.750000000 2.925000000
-226.971137720 -76.086558752 5.750000000 5.750000000 2.925000000
-227.517707082 -63.219890424 5.750000000 5.750000000 2.925000000
-227.335468638 -50.342907815 5.750000000 5.750000000 2.925000000
-226.425006152 -37.496859785 5.750000000 5.750000000 2.925000000
-224.789236109 -24.722896096 5.750000000 5.750000000 2.925000000
-222.433398375 -12.061935607 5.750000000 5.750000000 2.925000000
-219.365039408 0.445464810 5.750000000 5.750000000 2.925000000
-215.593988086 12.759240180 5.750000000 5.750000000 2.925000000
-211.132324224 24.839945769 5.750000000 5.750000000 2.925000000
-205.994339877 36.648883435 5.750000000 5.750000000 2.925000000
-200.196493556 48.148225590 5.750000000 5.750000000 2.925000000
-193.757357513 59.301136374 5.750000000 5.750000000 2.925000000
-186.697558240 70.071889652 5.750000000 5.750000000 2.925000000
-179.039710404 80.425983453 5.750000000 5.750000000 2.925000000
-170.808344399 90.330250495 5.750000000 5.750000000 2.925000000
-162.029827773 99.752964424 5.750000000 5.750000000 2.925000000
-152.732280760 108.663941446 5.750000000 5.750000000 2.925000000
-142.945486207 117.034637016 5.750000000 5.750000000 2.925000000
-132.700794167 124.838237272 5.750000000 5.750000000 2.925000000
-122.031021478 132.049744930 5.750000000 5.750000000 2.925000000
-110.970346637 138.646059356 5.750000000 5.750000000 2.925000000
-99.554200321 144.606050567 5.750000000 5.750000000 2.925000000
-87.819151889 149.910626915 5.750000000 5.750000000 2.925000000
-75.802792237 154.542796242 5.750000000 5.750000000 2.925000000
-63.543613390 158.487720313 5.750000000 5.750000000 2.925000000
-51.080885192 161.732762348 5.750000000 5.750000000 2.925000000
-38.454529519 164.267527498 5.750000000 5.750000000 2.925000000
-25.704992395 166.083896146 5.750000000 5.750000000 2.925000000
-12.873114431 167.176049916 5.750000000 5.750000000 2.925000000
0.000000000 178.310500310 5.750000000 5.750000000 2.925000000
10.768627096 178.067072961 5.750000000 5.750000000 2.925000000
21.515254504 177.337288224 5.750000000 5.750000000 2.925000000
32.217927479 176.122637006 5.750000000 5.750000000 2.925000000
42.854781075 174.425600771 5.750000000 5.750000000 2.925000000
53.404084809 172.249646466 5.750000000 5.750000000 2.925000000
63.844287057 169.599219441 5.750000000 5.750000000 2.925000000
74.154059085 166.479734367 5.750000000 5.750000000 2.925000000
84.312338620 162.897564173 5.750000000 5.750000000 2.925000000
94.298372878 158.860027027 5.750000000 5.750000000 2.925000000
104.091760963 154.375371387 5.750000000 5.750000000 2.925000000
113.672495546 149.452759147 5.750000000 5.750000000 2.925000000
123.021003733 144.102246922 5.750000000 5.750000000 2.925000000
132.118187059 138.334765501 5.750000000 5.750000000 2.925000000
140.945460499 132.162097519 5.750000000 5.750000000 2.925000000
149.484790439 125.596853382 5.750000000 5.750000000 2.925000000
157.718731518 118.652445509 5.750000000 5.750000000 2.925000000
165.630462266 111.343060926 5.750000000 5.750000000 2.925000000
173.203819470 103.683632288 5.750000000 5.750000000 2.925000000
180.423331195 95.689807368 5.750000000 5.750000000 2.925000000
187.274248393 87.377917093 5.750000000 5.750000000 2.925000000
193.742575033 78.764942178 5.750000000 5.750000000 2.925000000
199.815096693 69.868478437 5.750000000 5.750000000 2.925000000
205.479407560 60.706700836 5.750000000 5.750000000 2.925000000
210.723935771 51.298326362 5.750000000 5.750000000 2.925000000
215.537967056 41.662575785 5.750000000 5.750000000 2.925000000
219.911666625 31.819134390 5.750000000 5.750000000 2.925000000
223.836099260 21.788111766 5.750000000 5.750000000 2.925000000
227.303247569 11.590000715 5.750000000 5.750000000 2.925000000
230.306028369 1.245635395 5.750000000 5.750000000 2.925000000
232.838307149 -9.223851249 5.750000000 5.750000000 2.925000000
234.894910609 -19.797070655 5.750000000 5.750000000 2.925000000
236.471637226 -30.452422342 5.750000000 5.750000000 2.925000000
237.565265838 -41.168138037 5.750000000 5.750000000 2.925000000
238.173562225 -51.922326148 5.750000000 5.750000000 2.925000000
238.295283672 -62.693016483 5.750000000 5.750000000 2.925000000
237.930181508 -73.458205139 5.750000000 5.750000000 2.925000000
237.079001617 -84.195899454 5.750000000 5.750000000 2.925000000
235.743482910 -94.884162932 5.750000000 5.750000000 2.925000000
233.926353775 -105.501160065 5.750000000 5.750000000 2.925000000
231.631326504 -116.025200935 5.750000000 5.750000000 2.925000000
228.863089706 -126.434785529 5.750000000 5.750000000 2.925000000
225.627298729 -136.708647663 5.750000000 5.750000000 2.925000000
221.930564109 -146.825798426 5.750000000 5.750000000 2.925000000
217.780438063 -156.765569058 5.750000000 5.750000000 2.925000000
213.185399061 -166.507653176 5.750000000 5.750000000 2.925000000
208.154834504 -176.032148262 5.750000000 5.750000000 2.925000000
202.699021548 -185.319596318 5.750000000 5.750000000 2.925000000
196.829106106 -194.351023619 5.750000000 5.750000000 2.925000000
190.557080077 -203.107979478 5.750000000 5.750000000 2.925000000
183.895756854 -211.572573934 5.750000000 5.750000000 2.925000000
176.858745136 -219.727514307 5.750000000 5.750000000 2.925000000
169.460421136 -227.556140521 5.750000000 5.750000000 2.925000000
161.715899206 -235.042459141 5.750000000 5.750000000 2.925000000
153.641000960 -242.171176046 5.750000000 5.750000000 2.925000000
145.252222952 -248.927727677 5.750000000 5.750000000 2.925000000
136.566702976 -255.298310786 5.750000000 5.750000000 2.925000000
127.602185052 -261.269910637 5.750000000 5.750000000 2.925000000
118.376983174 -266.830327594 5.750000000 5.750000000 2.925000000
108.909943903 -271.968202042 5.750000000 5.750000000 2.925000000
99.220407858 -276.673037599 5.750000000 5.750000000 2.925000000
89.328170204 -280.935222556 5.750000000 5.750000000 2.925000000
79.253440217 -284.746049513 5.750000000 5.750000000 2.925000000
69.016799993 -288.097733168 5.750000000 5.750000000 2.925000000
58.639162401 -290.983426225 5.750000000 5.750000000 2.925000000
48.141728361 -293.397233378 5.750000000 5.750000000 2.925000000
37.545943528 -295.334223356 5.750000000 5.750000000 2.925000000
26.873454484 -296.790439000 5.750000000 5.750000000 2.925000000
16.146064512 -297.762905346 5.750000000 5.750000000 2.925000000
5.385689055 -298.249635700 5.750000000 5.750000000 2.925000000
-5.385689055 -298.249635700 5.750000000 5.750000000 2.925000000
-16.146064512 -297.762905346 5.750000000 5.750000000 2.925000000
-26.873454484 -296.790439000 5.750000000 5.750000000 2.925000000
-37.545943528 -295.334223356 5.750000000 5.750000000 2.925000000
-48.141728361 -293.397233378 5.750000000 5.750000000 2.925000000
-58.639162401 -290.983426225 5.750000000 5.750000000 2.925000000
-69.016799993 -288.097733168 5.750000000 5.750000000 2.925000000
-79.253440217 -284.746049513 5.750000000 5.750000000 2.925000000
-89.328170204 -280.935222556 5.750000000 5.750000000 2.925000000
-99.220407858 -276.673037599 5.750000000 5.750000000 2.925000000
-108.909943903 -271.968202042 5.750000000 5.750000000 2.925000000
-118.376983174 -266.830327594 5.750000000 5.750000000 2.925000000
-127.602185052 -261.269910637 5.750000000 5.750000000 2.925000000
-136.566702976 -255.298310786 5.750000000 5.750000000 2.925000000
-145.252222952 -248.927727677 5.750000000 5.750000000 2.925000000
-153.641000960 -242.171176046 5.750000000 5.750000000 2.925000000
-161.715899206 -235.042459141 5.750000000 5.750000000 2.925000000
-169.460421136 -227.556140521 5.750000000 5.750000000 2.925000000
-176.858745136 -219.727514307 5.750000000 5.750000000 2.925000000
-183.895756854 -211.572573934 5.750000000 5.750000000 2.925000000
-190.557080077 -203.107979478 5.750000000 5.750000000 2.925000000
-196.829106106 -194.351023619 5.750000000 5.750000000 2.925000000
-202.699021548 -185.319596318 5.750000000 5.750000000 2.925000000
-208.154834504 -176.032148262 5.750000000 5.750000000 2.925000000
-213.185399061 -166.507653176 5.750000000 5.750000000 2.925000000
-217.780438063 -156.765569058 5.750000000 5.750000000 2.925000000
-221.930564109 -146.825798426 5.750000000 5.750000000 2.925000000
-225.627298729 -136.708647663 5.750000000 5.750000000 2.925000000
-228.863089706 -126.434785529 5.750000000 5.750000000 2.925000000
-231.631326504 -116.025200935 5.750000000 5.750000000 2.925000000
-233.926353775 -105.501160065 5.750000000 5.750000000 2.925000000
-235.743482910 -94.884162932 5.750000000 5.750000000 2.925000000
-237.079001617 -84.195899454 5.750000000 5.750000000 2.925000000
-237.930181508 -73.458205139 5.750000000 5.750000000 2.925000000
-238.295283672 -62.693016483 5.750000000 5.750000000 2.925000000
-238.173562225 -51.922326148 5.750000000 5.750000000 2.925000000
-237.565265838 -41.168138037 5.750000000 5.750000000 2.925000000
-236.471637226 -30.452422342 5.750000000 5.750000000 2.925000000
-234.894910609 -19.797070655 5.750000000 5.750000000 2.925000000
-232.838307149 -9.223851249 5.750000000 5.750000000 2.925000000
-230.306028369 1.245635395 5.750000000 5.750000000 2.925000000
-227.303247569 11.590000715 5.750000000 5.750000000 2.925000000
-223.836099260 21.788111766 5.750000000 5.750000000 2.925000000
-219.911666625 31.819134390 5.750000000 5.750000000 2.925000000
-215.537967056 41.662575785 5.750000000 5.750000000 2.925000000
-210.723935771 51.298326362 5.750000000 5.750000000 2.925000000
-205.479407560 60.706700836 5.750000000 5.750000000 2.925000000
-199.815096693 69.868478437 5.750000000 5.750000000 2.925000000
-193.742575033 78.764942178 5.750000000 5.750000000 2.925000000
-187.274248393 87.377917093 5.750000000 5.750000000 2.925000000
-180.423331195 95.689807368 5.750000000 5.750000000 2.925000000
-173.203819470 103.683632288 5.750000000 5.750000000 2.925000000
-165.630462266 111.343060926 5.750000000 5.750000000 2.925000000
-157.718731518 118.652445509 5.750000000 5.750000000 2.925000000
-149.484790439 125.596853382 5.750000000 5.750000000 2.925000000
-140.945460499 132.162097519 5.750000000 5.750000000 2.925000000
-132.118187059 138.334765501 5.750000000 5.750000000 2.925000000
-123.021003733 144.102246922 5.750000000 5.750000000 2.925000000
-113.672495546 149.452759147 5.750000000 5.750000000 2.925000000
-104.091760963 154.375371387 5.750000000 5.750000000 2.925000000
-94.298372878 158.860027027 5.750000000 5.750000000 2.925000000
-84.312338620 162.897564173 5.750000000 5.750000000 2.925000000
-74.154059085 166.479734367 5.750000000 5.750000000 2.925000000
-63.844287057 169.599219441 5.750000000 5.750000000 2.925000000
-53.404084809 172.249646466 5.750000000 5.750000000 2.925000000
-42.854781075 174.425600771 5.750000000 5.750000000 2.925000000
-32.217927479 176.122637006 5.750000000 5.750000000 2.925000000
-21.515254504 177.337288224 5.750000000 5.750000000 2.925000000
-10.768627096 178.067072961 5.750000000 5.750000000 2.925000000
5.595092078 187.513110329 5.750000000 5.750000000 2.925000000
16.773845782 187.007455227 5.750000000 5.750000000 2.925000000
27.918331480 185.997178048 5.750000000 5.750000000 2.925000000
39.005781627 184.484342729 5.750000000 5.750000000 2.925000000
50.013545197 182.472039908 5.750000000 5.750000000 2.925000000
60.919133960 179.964380602 5.750000000 5.750000000 2.925000000
71.700268423 176.966487817 5.750000000 5.750000000 2.925000000
82.334923345 173.484486075 5.750000000 5.750000000 2.925000000
92.801372738 169.525488907 5.750000000 5.750000000 2.925000000
103.078234243 165.097584318 5.750000000 5.750000000 2.925000000
113.144512822 160.209818261 5.750000000 5.750000000 2.925000000
122.979643645 154.872176164 5.750000000 5.750000000 2.925000000
132.563534102 149.095562523 5.750000000 5.750000000 2.925000000
141.876604855 142.891778628 5.750000000 5.750000000 2.925000000
150.899829834 136.273498456 5.750000000 5.750000000 2.925000000
159.614775107 129.254242773 5.750000000 5.750000000 2.925000000
168.003636541 121.848351517 5.750000000 5.750000000 2.925000000
176.049276171 114.070954498 5.750000000 5.750000000 2.925000000
183.735257218 105.937940493 5.750000000 5.750000000 2.925000000
191.045877663 97.465924784 5.750000000 5.750000000 2.925000000
197.966202326 88.672215214 5.750000000 5.750000000 2.925000000
204.482093382 79.574776827 5.750000000 5.750000000 2.925000000
210.580239238 70.192195168 5.750000000 5.750000000 2.925000000
216.248181731 60.543638315 5.750000000 5.750000000 2.925000000
221.474341580 50.648817716 5.750000000 5.750000000 2.925000000
226.248042039 40.527947922 5.750000000 5.750000000 2.925000000
230.559530713 30.201705292 5.750000000 5.750000000 2.925000000
234.399999477 19.691185745 5.750000000 5.750000000 2.925000000
237.761602473 9.017861673 5.750000000 5.750000000 2.925000000
240.637472138 -1.796461936 5.750000000 5.750000000 2.925000000
243.021733237 -12.729692039 5.750000000 5.750000000 2.925000000
244.909514860 -23.759492671 5.750000000 5.750000000 2.925000000
246.296960377 -34.863330584 5.750000000 5.750000000 2.925000000
247.181235317 -46.018521272 5.750000000 5.750000000 2.925000000
247.560533157 -57.202275320 5.750000000 5.750000000 2.925000000
247.434079012 -68.391744959 5.750000000 5.750000000 2.925000000
246.802131223 -79.564070744 5.750000000 5.750000000 2.925000000
245.665980821 -90.696428254 5.750000000 5.750000000 2.925000000
244.027948897 -101.766074719 5.750000000 5.750000000 2.925000000
241.891381856 -112.750395487 5.750000000 5.750000000 2.925000000
239.260644582 -123.626950220 5.750000000 5.750000000 2.925000000
236.141111521 -134.373518739 5.750000000 5.750000000 2.925000000
232.539155701 -144.968146421 5.750000000 5.750000000 2.925000000
228.462135709 -155.389189049 5.750000000 5.750000000 2.925000000
223.918380665 -165.615357029 5.750000000 5.750000000 2.925000000
218.917173200 -175.625758887 5.750000000 5.750000000 2.925000000
213.468730495 -185.399943944 5.750000000 5.750000000 2.925000000
207.584183404 -194.917944102 5.750000000 5.750000000 2.925000000
201.275553722 -204.160314630 5.750000000 5.750000000 2.925000000
194.555729616 -213.108173896 5.750000000 5.750000000 2.925000000
187.438439303 -221.743241936 5.750000000 5.750000000 2.925000000
179.938222998 -230.047877800 5.750000000 5.750000000 2.925000000
172.070403215 -238.005115594 5.750000000 5.750000000 2.925000000
163.851053457 -245.598699137 5.750000000 5.750000000 2.925000000
155.296965386 -252.813115172 5.750000000 5.750000000 2.925000000
146.425614513 -259.633625061 5.750000000 5.750000000 2.925000000
137.255124499 -266.046294892 5.750000000 5.750000000 2.925000000
127.804230131 -272.038023950 5.750000000 5.750000000 2.925000000
118.092239044 -277.596571475 5.750000000 5.750000000 2.925000000
108.138992280 -282.710581672 5.750000000 5.750000000 2.925000000
97.964823751 -287.369606913 5.750000000 5.750000000 2.925000000
87.590518700 -291.564129075 5.750000000 5.750000000 2.925000000
77.037271238 -295.285578990 5.750000000 5.750000000 2.925000000
66.326641045 -298.526353948 5.750000000 5.750000000 2.925000000
55.480509326 -301.279833233 5.750000000 5.750000000 2.925000000
44.521034104 -303.540391645 5.750000000 5.750000000 2.925000000
33.470604961 -305.303410991 5.750000000 5.750000000 2.925000000
22.351797290 -306.565289524 5.750000000 5.750000000 2.925000000
11.187326178 -307.323449299 5.750000000 5.750000000 2.925000000
0.000000000 -307.576341439 5.750000000 5.750000000 2.925000000
-11.187326178 -307.323449299 5.750000000 5.750000000 2.925000000
-22.351797290 -306.565289524 5.750000000 5.750000000 2.925000000
-33.470604961 -305.303410991 5.750000000 5.750000000 2.925000000
-44.521034104 -303.540391645 5.750000000 5.750000000 2.925000000
-55.480509326 -301.279833233 5.750000000 5.750000000 2.925000000
-66.326641045 -298.526353948 5.750000000 5.750000000 2.925000000
-77.037271238 -295.285578990 5.750000000 5.750000000 2.925000000
-87.590518700 -291.564129075 5.750000000 5.750000000 2.925000000
-97.964823751 -287.369606913 5.750000000 5.750000000 2.925000000
-108.138992280 -282.710581672 5.750000000 5.750000000 2.925000000
-118.092239044 -277.596571475 5.750000000 5.750000000 2.925000000
-127.804230131 -272.038023950 5.750000000 5.750000000 2.925000000
-137.255124499 -266.046294892 5.750000000 5.750000000 2.925000000
-146.425614513 -259.633625061 5.750000000 5.750000000 2.925000000
-155.296965386 -252.813115172 5.750000000 5.750000000 2.925000000
-163.851053457 -245.598699137 5.750000000 5.750000000 2.925000000
-172.070403215 -238.005115594 5.750000000 5.750000000 2.925000000
-179.938222998 -230.047877800 5.750000000 5.750000000 2.925000000
-187.438439303 -221.743241936 5.750000000 5.750000000 2.925000000
-194.555729616 -213.108173896 5.750000000 5.750000000 2.925000000
-201.275553722 -204.160314630 5.750000000 5.750000000 2.925000000
-207.584183404 -194.917944102 5.750000000 5.750000000 2.925000000
-213.468730495 -185.399943944 5.750000000 5.750000000 2.925000000
-218.917173200 -175.625758887 5.750000000 5.750000000 2.925000000
-223.918380665 -165.615357029 5.750000000 5.750000000 2.925000000
-228.462135709 -155.389189049 5.750000000 5.750000000 2.925000000
-232.539155701 -144.968146421 5.750000000 5.750000000 2.925000000
-236.141111521 -134.373518739 5.750000000 5.750000000 2.925000000
-239.260644582 -123.626950220 5.750000000 5.750000000 2.925000000
-241.891381856 -112.750395487 5.750000000 5.750000000 2.925000000
-244.027948897 -101.766074719 5.750000000 5.750000000 2.925000000
-245.665980821 -90.696428254 5.750000000 5.750000000 2.925000000
-246.802131223 -79.564070744 5.750000000 5.750000000 2.925000000
-247.434079012 -68.391744959 5.750000000 5.750000000 2.925000000
-247.560533157 -57.202275320 5.750000000 5.750000000 2.925000000
-247.181235317 -46.018521272 5.750000000 5.750000000 2.925000000
-246.296960377 -34.863330584 5.750000000 5.750000000 2.925000000
-244.909514860 -23.759492671 5.750000000 5.750000000 2.925000000
-243.021733237 -12.729692039 5.750000000 5.750000000 2.925000000
-240.637472138 -1.796461936 5.750000000 5.750000000 2.925000000
-237.761602473 9.017861673 5.750000000 5.750000000 2.925000000
-234.399999477 19.691185745 5.750000000 5.750000000 2.925000000
-230.559530713 30.201705292 5.750000000 5.750000000 2.925000000
-226.248042039 40.527947922 5.750000000 5.750000000 2.925000000
-221.474341580 50.648817716 5.750000000 5.750000000 2.925000000
-216.248181731 60.543638315 5.750000000 5.750000000 2.925000000
-210.580239238 70.192195168 5.750000000 5.750000000 2.925000000
-204.482093382 79.574776827 5.750000000 5.750000000 2.925000000
-197.966202326 88.672215214 5.750000000 5.750000000 2.925000000
-191.045877663 97.465924784 5.750000000 5.750000000 2.925000000
-183.735257218 105.937940493 5.750000000 5.750000000 2.925000000
-176.049276171 114.070954498 5.750000000 5.750000000 2.925000000
-168.003636541 121.848351517 5.750000000 5.750000000 2.925000000
-159.614775107 129.254242773 5.750000000 5.750000000 2.925000000
-150.899829834 136.273498456 5.750000000 5.750000000 2.925000000
-141.876604855 142.891778628 5.750000000 5.750000000 2.925000000
-132.563534102 149.095562523 5.750000000 5.750000000 2.925000000
-122.979643645 154.872176164 5.750000000 5.750000000 2.925000000
-113.144512822 160.209818261 5.750000000 5.750000000 2.925000000
-103.078234243 165.097584318 5.750000000 5.750000000 2.925000000
-92.801372738 169.525488907 5.750000000 5.750000000 2.925000000
-82.334923345 173.484486075 5.750000000 5.750000000 2.925000000
-71.700268423 176.966487817 5.750000000 5.750000000 2.925000000
-60.919133960 179.964380602 5.750000000 5.750000000 2.925000000
-50.013545197 182.472039908 5.750000000 5.750000000 2.925000000
-39.005781627 184.484342729 5.750000000 5.750000000 2.925000000
-27.918331480 185.997178048 5.750000000 5.750000000 2.925000000
-16.773845782 187.007455227 5.750000000 5.750000000 2.925000000
-5.595092078 187.513110329 5.750000000 5.750000000 2.925000000
0.000000000 196.715720214 5.750000000 5.750000000 2.925000000
11.600310759 196.453492461 5.750000000 5.750000000 2.925000000
23.176922747 195.667344917 5.750000000 5.750000000 2.925000000
34.706185610 194.358883637 5.750000000 5.750000000 2.925000000
46.164545725 192.530781733 5.750000000 5.750000000 2.925000000
57.528594318 190.186773912 5.750000000 5.750000000 2.925000000
68.775115289 187.331648848 5.750000000 5.750000000 2.925000000
79.881132641 183.971239397 5.750000000 5.750000000 2.925000000
90.823957415 180.112410684 5.750000000 5.750000000 2.925000000
101.581234049 175.763046074 5.750000000 5.750000000 2.925000000
112.130986043 170.932031070 5.750000000 5.750000000 2.925000000
122.451660857 165.629235159 5.750000000 5.750000000 2.925000000
132.522173944 159.865491649 5.750000000 5.750000000 2.925000000
142.321951823 153.652575538 5.750000000 5.750000000 2.925000000
151.830974110 147.003179458 5.750000000 5.750000000 2.925000000
161.029814417 139.930887743 5.750000000 5.750000000 2.925000000
169.899680040 132.450148680 5.750000000 5.750000000 2.925000000
178.422450352 124.576244992 5.750000000 5.750000000 2.925000000
186.580713822 116.325262611 5.750000000 5.750000000 2.925000000
194.357803584 107.714057822 5.750000000 5.750000000 2.925000000
201.737831490 98.760222822 5.750000000 5.750000000 2.925000000
208.705720566 89.482049785 5.750000000 5.750000000 2.925000000
215.247235814 79.898493485 5.750000000 5.750000000 2.925000000
221.349013293 70.029132579 5.750000000 5.750000000 2.925000000
226.998587420 59.894129606 5.750000000 5.750000000 2.925000000
232.184416441 49.514189796 5.750000000 5.750000000 2.925000000
236.895906003 38.910518772 5.750000000 5.750000000 2.925000000
241.123430804 28.104779225 5.750000000 5.750000000 2.925000000
244.858354251 17.119046663 5.750000000 5.750000000 2.925000000
248.093046112 5.975764307 5.750000000 5.750000000 2.925000000
250.820898095 -5.302302755 5.750000000 5.750000000 2.925000000
253.036337355 -16.692114078 5.750000000 5.750000000 2.925000000
254.734837876 -28.170400930 5.750000000 5.750000000 2.925000000
255.912929721 -39.713713830 5.750000000 5.750000000 2.925000000
256.568206114 -51.298470449 5.750000000 5.750000000 2.925000000
256.699328363 -62.901003795 5.750000000 5.750000000 2.925000000
256.306028593 -74.497610557 5.750000000 5.750000000 2.925000000
255.389110293 -86.064599531 5.750000000 5.750000000 2.925000000
253.950446674 -97.578340021 5.750000000 5.750000000 2.925000000
251.992976845 -109.015310116 5.750000000 5.750000000 2.925000000
249.520699803 -120.352144741 5.750000000 5.750000000 2.925000000
246.538666268 -131.565683393 5.750000000 5.750000000 2.925000000
243.052968366 -142.633017454 5.750000000 5.750000000 2.925000000
239.070727175 -153.531536995 5.750000000 5.750000000 2.925000000
234.600078188 -164.238976966 5.750000000 5.750000000 2.925000000
229.650154684 -174.733462679 5.750000000 5.750000000 2.925000000
224.231069073 -184.993554503 5.750000000 5.750000000 2.925000000
218.353892236 -194.998291657 5.750000000 5.750000000 2.925000000
212.030630909 -204.727235036 5.750000000 5.750000000 2.925000000
205.274203152 -214.160508967 5.750000000 5.750000000 2.925000000
198.098411961 -223.278841812 5.750000000 5.750000000 2.925000000
190.517917065 -232.063605339 5.750000000 5.750000000 2.925000000
182.548204981 -240.496852779 5.750000000 5.750000000 2.925000000
174.205557374 -248.561355492 5.750000000 5.750000000 2.925000000
165.507017796 -256.240638159 5.750000000 5.750000000 2.925000000
156.470356864 -263.519012448 5.750000000 5.750000000 2.925000000
147.114035958 -270.381609056 5.750000000 5.750000000 2.925000000
137.457169507 -276.814408091 5.750000000 5.750000000 2.925000000
127.519485935 -282.804267715 5.750000000 5.750000000 2.925000000
117.321287359 -288.338950986 5.750000000 5.750000000 2.925000000
106.883408117 -293.407150864 5.750000000 5.750000000 2.925000000
96.227172196 -297.998513307 5.750000000 5.750000000 2.925000000
85.374349675 -302.103658424 5.750000000 5.750000000 2.925000000
74.347112251 -305.714199640 5.750000000 5.750000000 2.925000000
63.167987936 -308.822760826 5.750000000 5.750000000 2.925000000
51.859815042 -311.422991369 5.750000000 5.750000000 2.925000000
40.445695516 -313.509579147 5.750000000 5.750000000 2.925000000
28.948947753 -315.078261380 5.750000000 5.750000000 2.925000000
17.393058948 -316.125833342 5.750000000 5.750000000 2.925000000
5.801637120 -316.650154903 5.750000000 5.750000000 2.925000000
-5.801637120 -316.650154903 5.750000000 5.750000000 2.925000000
-17.393058948 -316.125833342 5.750000000 5.750000000 2.925000000
-28.948947753 -315.078261380 5.750000000 5.750000000 2.925000000
-40.445695516 -313.509579147 5.750000000 5.750000000 2.925000000
-51.859815042 -311.422991369 5.750000000 5.750000000 2.925000000
-63.167987936 -308.822760826 5.750000000 5.750000000 2.925000000
-74.347112251 -305.714199640 5.750000000 5.750000000 2.925000000
-85.374349675 -302.103658424 5.750000000 5.750000000 2.925000000
-96.227172196 -297.998513307 5.750000000 5.750000000 2.925000000
-106.883408117 -293.407150864 5.750000000 5.750000000 2.925000000
-117.321287359 -288.338950986 5.750000000 5.750000000 2.925000000
-127.519485935 -282.804267715 5.750000000 5.750000000 2.925000000
-137.457169507 -276.814408091 5.750000000 5.750000000 2.925000000
-147.114035958 -270.381609056 5.750000000 5.750000000 2.925000000
-156.470356864 -263.519012448 5.750000000 5.750000000 2.925000000
-165.507017796 -256.240638159 5.750000000 5.750000000 2.925000000
-174.205557374 -248.561355492 5.750000000 5.750000000 2.925000000
-182.548204981 -240.496852779 5.750000000 5.750000000 2.925000000
-190.517917065 -232.063605339 5.750000000 5.750000000 2.925000000
-198.098411961 -223.278841812 5.750000000 5.750000000 2.925000000
-205.274203152 -214.160508967 5.750000000 5.750000000 2.925000000
-212.030630909 -204.727235036 5.750000000 5.750000000 2.925000000
-218.353892236 -194.998291657 5.750000000 5.750000000 2.925000000
-224.231069073 -184.993554503 5.750000000 5.750000000 2.925000000
-229.650154684 -174.733462679 5.750000000 5.750000000 2.925000000
-234.600078188 -164.238976966 5.750000000 5.750000000 2.925000000
-239.070727175 -153.531536995 5.750000000 5.750000000 2.925000000
-243.052968366 -142.633017454 5.750000000 5.750000000 2.925000000
-246.538666268 -131.565683393 5.750000000 5.750000000 2.925000000
-249.520699803 -120.352144741 5.750000000 5.750000000 2.925000000
-251.992976845 -109.015310116 5.750000000 5.750000000 2.925000000
-253.950446674 -97.578340021 5.750000000 5.750000000 2.925000000
-255.389110293 -86.064599531 5.750000000 5.750000000 2.925000000
-256.306028593 -74.497610557 5.750000000 5.750000000 2.925000000
-256.699328363 -62.901003795 5.750000000 5.750000000 2.925000000
-256.568206114 -51.298470449 5.750000000 5.750000000 2.925000000
-255.912929721 -39.713713830 5.750000000 5.750000000 2.925000000
-254.734837876 -28.170400930 5.750000000 5.750000000 2.925000000
-253.036337355 -16.692114078 5.750000000 5.750000000 2.925000000
-250.820898095 -5.302302755 5.750000000 5.750000000 2.925000000
-248.093046112 5.975764307 5.750000000 5.750000000 2.925000000
-244.858354251 17.119046663 5.750000000 5.750000000 2.925000000
-241.123430804 28.104779225 5.750000000 5.750000000 2.925000000
-236.895906003 38.910518772 5.750000000 5.750000000 2.925000000
-232.184416441 49.514189796 5.750000000 5.750000000 2.925000000
-226.998587420 59.894129606 5.750000000 5.750000000 2.925000000
-221.349013293 70.029132579 5.750000000 5.750000000 2.925000000
-215.247235814 79.898493485 5.750000000 5.750000000 2.925000000
-208.705720566 89.482049785 5.750000000 5.750000000 2.925000000
-201.737831490 98.760222822 5.750000000 5.750000000 2.925000000
-194.357803584 107.714057822 5.750000000 5.750000000 2.925000000
-186.580713822 116.325262611 5.750000000 5.750000000 2.925000000
-178.422450352 124.576244992 5.750000000 5.750000000 2.925000000
-169.899680040 132.450148680 5.750000000 5.750000000 2.925000000
-161.029814417 139.930887743 5.750000000 5.750000000 2.925000000
-151.830974110 147.003179458 5.750000000 5.750000000 2.925000000
-142.321951823 153.652575538 5.750000000 5.750000000 2.925000000
-132.522173944 159.865491649 5.750000000 5.750000000 2.925000000
-122.451660857 165.629235159 5.750000000 5.750000000 2.925000000
-112.130986043 170.932031070 5.750000000 5.750000000 2.925000000
-101.581234049 175.763046074 5.750000000 5.750000000 2.925000000
-90.823957415 180.112410684 5.750000000 5.750000000 2.925000000
-79.881132641 183.971239397 5.750000000 5.750000000 2.925000000
-68.775115289 187.331648848 5.750000000 5.750000000 2.925000000
-57.528594318 190.186773912 5.750000000 5.750000000 2.925000000
-46.164545725 192.530781733 5.750000000 5.750000000 2.925000000
-34.706185610 194.358883637 5.750000000 5.750000000 2.925000000
-23.176922747 195.667344917 5.750000000 5.750000000 2.925000000
-11.600310759 196.453492461 5.750000000 5.750000000 2.925000000
6.005218677 205.656102203 5.750000000 5.750000000 2.925000000
18.003387714 205.113382009 5.750000000 5.750000000 2.925000000
29.964776861 204.029050365 5.750000000 5.750000000 2.925000000
41.864949686 202.405322501 5.750000000 5.750000000 2.925000000
53.679594817 200.245515599 5.750000000 5.750000000 2.925000000
65.384575612 197.554042021 5.750000000 5.750000000 2.925000000
76.955979466 194.336400292 5.750000000 5.750000000 2.925000000
88.370166663 190.599163871 5.750000000 5.750000000 2.925000000
99.603818674 186.349967718 5.750000000 5.750000000 2.925000000
110.633985790 181.597492697 5.750000000 5.750000000 2.925000000
121.438134012 176.351447841 5.750000000 5.750000000 2.925000000
131.994191085 170.622550521 5.750000000 5.750000000 2.925000000
142.280591589 164.422504545 5.750000000 5.750000000 2.925000000
152.276320998 157.763976251 5.750000000 5.750000000 2.925000000
161.960958607 150.660568632 5.750000000 5.750000000 2.925000000
171.314719259 143.126793541 5.750000000 5.750000000 2.925000000
180.318493756 135.178042051 5.750000000 5.750000000 2.925000000
188.953887902 126.830553005 5.750000000 5.750000000 2.925000000
197.203260082 118.101379844 5.750000000 5.750000000 2.925000000
205.049757301 109.008355769 5.750000000 5.750000000 2.925000000
212.477349616 99.570057308 5.750000000 5.750000000 2.925000000
219.470862881 89.805766363 5.750000000 5.750000000 2.925000000
226.016009748 79.735430821 5.750000000 5.750000000 2.925000000
232.099418858 69.379623801 5.750000000 5.750000000 2.925000000
237.708662155 58.759501623 5.750000000 5.750000000 2.925000000
242.832280275 47.896760588 5.750000000 5.750000000 2.925000000
247.459805962 36.813592654 5.750000000 5.750000000 2.925000000
251.581785444 25.532640097 5.750000000 5.750000000 2.925000000
255.189797754 14.076949257 5.750000000 5.750000000 2.925000000
258.276471930 2.469923455 5.750000000 5.750000000 2.925000000
260.835502073 -9.264724821 5.750000000 5.750000000 2.925000000
262.861660231 -21.103022357 5.750000000 5.750000000 2.925000000
264.350807079 -33.020784190 5.750000000 5.750000000 2.925000000
265.299900376 -44.993663015 5.750000000 5.750000000 2.925000000
265.707001178 -56.997198926 5.750000000 5.750000000 2.925000000
265.571277801 -69.006869388 5.750000000 5.750000000 2.925000000
264.893007521 -80.998139332 5.750000000 5.750000000 2.925000000
263.673576006 -92.946511280 5.750000000 5.750000000 2.925000000
261.915474483 -104.827575394 5.750000000 5.750000000 2.925000000
259.622294653 -116.617059340 5.750000000 5.750000000 2.925000000
256.798721352 -128.290877877 5.750000000 5.750000000 2.925000000
253.450522977 -139.825182065 5.750000000 5.750000000 2.925000000
249.584539707 -151.196407979 5.750000000 5.750000000 2.925000000
245.208669524 -162.381324857 5.750000000 5.750000000 2.925000000
240.331852079 -173.357082556 5.750000000 5.750000000 2.925000000
234.964050431 -184.101258229 5.750000000 5.750000000 2.925000000
229.116230692 -194.591902144 5.750000000 5.750000000 2.925000000
222.800339622 -204.807582514 5.750000000 5.750000000 2.925000000
216.029280224 -214.727429291 5.750000000 5.750000000 2.925000000
208.816885386 -224.331176795 5.750000000 5.750000000 2.925000000
201.177889616 -233.599205122 5.750000000 5.750000000 2.925000000
193.127898944 -242.512580220 5.750000000 5.750000000 2.925000000
184.683359042 -251.053092574 5.750000000 5.750000000 2.925000000
175.861521619 -259.203294408 5.750000000 5.750000000 2.925000000
166.680409185 -266.946535325 5.750000000 5.750000000 2.925000000
157.158778225 -274.266996329 5.750000000 5.750000000 2.925000000
147.316080887 -281.149722137 5.750000000 5.750000000 2.925000000
137.172425237 -287.580651734 5.750000000 5.750000000 2.925000000
126.748534182 -293.546647101 5.750000000 5.750000000 2.925000000
116.065703134 -299.035520049 5.750000000 5.750000000 2.925000000
105.145756505 -304.036057127 5.750000000 5.750000000 2.925000000
94.011003121 -308.538042523 5.750000000 5.750000000 2.925000000
82.684190644 -312.532278940 5.750000000 5.750000000 2.925000000
71.188459104 -316.010606381 5.750000000 5.750000000 2.925000000
59.547293620 -318.965918823 5.750000000 5.750000000 2.925000000
47.784476428 -321.392178731 5.750000000 5.750000000 2.925000000
35.924038289 -323.284429396 5.750000000 5.750000000 2.925000000
23.990209397 -324.638805057 5.750000000 5.750000000 2.925000000
12.007369883 -325.452538804 5.750000000 5.750000000 2.925000000
0.000000000 -325.723968225 5.750000000 5.750000000 2.925000000
-12.007369883 -325.452538804 5.750000000 5.750000000 2.925000000
-23.990209397 -324.638805057 5.750000000 5.750000000 2.925000000
-35.924038289 -323.284429396 5.750000000 5.750000000 2.925000000
-47.784476428 -321.392178731 5.750000000 5.750000000 2.925000000
-59.547293620 -318.965918823 5.750000000 5.750000000 2.925000000
-71.188459104 -316.010606381 5.750000000 5.750000000 2.925000000
-82.684190644 -312.532278940 5.750000000 5.750000000 2.925000000
-94.011003121 -308.538042523 5.750000000 5.750000000 2.925000000
-105.145756505 -304.036057127 5.750000000 5.750000000 2.925000000
-116.065703134 -299.035520049 5.750000000 5.750000000 2.925000000
-126.748534182 -293.546647101 5.750000000 5.750000000 2.925000000
-137.172425237 -287.580651734 5.750000000 5.750000000 2.925000000
-147.316080887 -281.149722137 5.750000000 5.750000000 2.925000000
-157.158778225 -274.266996329 5.750000000 5.750000000 2.925000000
-166.680409185 -266.946535325 5.750000000 5.750000000 2.925000000
-175.861521619 -259.203294408 5.750000000 5.750000000 2.925000000
-184.683359042 -251.053092574 5.750000000 5.750000000 2.925000000
-193.127898944 -242.512580220 5.750000000 5.750000000 2.925000000
-201.177889616 -233.599205122 5.750000000 5.750000000 2.925000000
-208.816885386 -224.331176795 5.750000000 5.750000000 2.925000000
-216.029280224 -214.727429291 5.750000000 5.750000000 2.925000000
-222.800339622 -204.807582514 5.750000000 5.750000000 2.925000000
-229.116230692 -194.591902144 5.750000000 5.750000000 2.925000000
-234.964050431 -184.101258229 5.750000000 5.750000000 2.925000000
-240.331852079 -173.357082556 5.750000000 5.750000000 2.925000000
-245.208669524 -162.381324857 5.750000000 5.750000000 2.925000000
-249.584539707 -151.196407979 5.750000000 5.750000000 2.925000000
-253.450522977 -139.825182065 5.750000000 5.750000000 2.925000000
-256.798721352 -128.290877877 5.750000000 5.750000000 2.925000000
-259.622294653 -116.617059340 5.750000000 5.750000000 2.925000000
-261.915474483 -104.827575394 5.750000000 5.750000000 2.925000000
-263.673576006 -92.946511280 5.750000000 5.750000000 2.925000000
-264.893007521 -80.998139332 5.750000000 5.750000000 2.925000000
-265.571277801 -69.006869388 5.750000000 5.750000000 2.925000000
-265.707001178 -56.997198926 5.750000000 5.750000000 2.925000000
-265.299900376 -44.993663015 5.750000000 5.750000000 2.925000000
-264.350807079 -33.020784190 5.750000000 5.750000000 2.925000000
-262.861660231 -21.103022357 5.750000000 5.750000000 2.925000000
-260.835502073 -9.264724821 5.750000000 5.750000000 2.925000000
-258.276471930 2.469923455 5.750000000 5.750000000 2.925000000
-255.189797754 14.076949257 5.750000000 5.750000000 2.925000000
-251.581785444 25.532640097 5.750000000 5.750000000 2.925000000
-247.459805962 36.813592654 5.750000000 5.750000000 2.925000000
-242.832280275 47.896760588 5.750000000 5.750000000 2.925000000
-237.708662155 58.759501623 5.750000000 5.750000000 2.925000000
-232.099418858 69.379623801 5.750000000 5.750000000 2.925000000
-226.016009748 79.735430821 5.750000000 5.750000000 2.925000000
-219.470862881 89.805766363 5.750000000 5.750000000 2.925000000
-212.477349616 99.570057308 5.750000000 5.750000000 2.925000000
-205.049757301 109.008355769 5.750000000 5.750000000 2.925000000
-197.203260082 118.101379844 5.750000000 5.750000000 2.925000000
-188.953887902 126.830553005 5.750000000 5.750000000 2.925000000
-180.318493756 135.178042051 5.750000000 5.750000000 2.925000000
-171.314719259 143.126793541 5.750000000 5.750000000 2.925000000
-161.960958607 150.660568632 5.750000000 5.750000000 2.925000000
-152.276320998 157.763976251 5.750000000 5.750000000 2.925000000
-142.280591589 164.422504545 5.750000000 5.750000000 2.925000000
-131.994191085 170.622550521 5.750000000 5.750000000 2.925000000
-121.438134012 176.351447841 5.750000000 5.750000000 2.925000000
-110.633985790 181.597492697 5.750000000 5.750000000 2.925000000
-99.603818674 186.349967718 5.750000000 5.750000000 2.925000000
-88.370166663 190.599163871 5.750000000 5.750000000 2.925000000
-76.955979466 194.336400292 5.750000000 5.750000000 2.925000000
-65.384575612 197.554042021 5.750000000 5.750000000 2.925000000
-53.679594817 200.245515599 5.750000000 5.750000000 2.925000000
-41.864949686 202.405322501 5.750000000 5.750000000 2.925000000
-29.964776861 204.029050365 5.750000000 5.750000000 2.925000000
-18.003387714 205.113382009 5.750000000 5.750000000 2.925000000
-6.005218677 205.656102203 5.750000000 5.750000000 2.925000000
0.000000000 214.596484043 5.750000000 5.750000000 2.925000000
12.408295625 214.315991602 5.750000000 5.750000000 2.925000000
24.791241814 213.475087308 5.750000000 5.750000000 2.925000000
37.123540916 212.075489081 5.750000000 5.750000000 2.925000000
49.379998751 210.120056220 5.750000000 5.750000000 2.925000000
61.535576078 207.612783562 5.750000000 5.750000000 2.925000000
73.565439749 204.558793321 5.750000000 5.750000000 2.925000000
85.445013442 200.964324625 5.750000000 5.750000000 2.925000000
97.150027869 196.836720766 5.750000000 5.750000000 2.925000000
108.656570355 192.184414204 5.750000000 5.750000000 2.925000000
119.941133694 187.016909334 5.750000000 5.750000000 2.925000000
130.980664170 181.344763073 5.750000000 5.750000000 2.925000000
141.752608654 175.179563289 5.750000000 5.750000000 2.925000000
152.234960681 168.533905133 5.750000000 5.750000000 2.925000000
162.406305406 161.421365304 5.750000000 5.750000000 2.925000000
172.245863355 153.856474314 5.750000000 5.750000000 2.925000000
181.733532876 145.854686800 5.750000000 5.750000000 2.925000000
190.849931201 137.432349957 5.750000000 5.750000000 2.925000000
199.576434053 128.606670135 5.750000000 5.750000000 2.925000000
207.895213686 119.395677694 5.750000000 5.750000000 2.925000000
215.789275310 109.818190162 5.750000000 5.750000000 2.925000000
223.242491809 99.893773799 5.750000000 5.750000000 2.925000000
230.239636690 89.642703618 5.750000000 5.750000000 2.925000000
236.766415185 79.085921967 5.750000000 5.750000000 2.925000000
242.809493461 68.244995748 5.750000000 5.750000000 2.925000000
248.356525854 57.142072351 5.750000000 5.750000000 2.925000000
253.396180096 45.799834412 5.750000000 5.750000000 2.925000000
257.918160462 34.241453474 5.750000000 5.750000000 2.925000000
261.913228805 22.490542647 5.750000000 5.750000000 2.925000000
265.373223428 10.571108367 5.750000000 5.750000000 2.925000000
268.291075763 -1.492498643 5.750000000 5.750000000 2.925000000
270.660824802 -13.675633126 5.750000000 5.750000000 2.925000000
272.477629286 -25.953405636 5.750000000 5.750000000 2.925000000
273.737777585 -38.300733387 5.750000000 5.750000000 2.925000000
274.438695291 -50.692391497 5.750000000 5.750000000 2.925000000
274.578950467 -63.103064517 5.750000000 5.750000000 2.925000000
274.158256581 -75.507398155 5.750000000 5.750000000 2.925000000
273.177473086 -87.880051066 5.750000000 5.750000000 2.925000000
271.638603666 -100.195746631 5.750000000 5.750000000 2.925000000
269.544792144 -112.429324589 5.750000000 5.750000000 2.925000000
266.900316057 -124.555792441 5.750000000 5.750000000 2.925000000
263.710577917 -136.550376508 5.750000000 5.750000000 2.925000000
259.982094178 -148.388572542 5.750000000 5.750000000 2.925000000
255.722481917 -160.046195787 5.750000000 5.750000000 2.925000000
250.940443278 -171.499430387 5.750000000 5.750000000 2.925000000
245.645747692 -182.724878039 5.750000000 5.750000000 2.925000000
239.849211920 -193.699605797 5.750000000 5.750000000 2.925000000
233.562677951 -204.401192922 5.750000000 5.750000000 2.925000000
226.798988814 -214.807776684 5.750000000 5.750000000 2.925000000
219.571962338 -224.898097029 5.750000000 5.750000000 2.925000000
211.896362925 -234.651540010 5.750000000 5.750000000 2.925000000
203.787871384 -244.048179903 5.750000000 5.750000000 2.925000000
195.263052899 -253.068819910 5.750000000 5.750000000 2.925000000
186.339323186 -261.695031381 5.750000000 5.750000000 2.925000000
177.034912912 -269.909191459 5.750000000 5.750000000 2.925000000
167.368830456 -277.694519088 5.750000000 5.750000000 2.925000000
157.360823069 -285.035109288 5.750000000 5.750000000 2.925000000
147.031336537 -291.915965654 5.750000000 5.750000000 2.925000000
136.401473410 -298.323030991 5.750000000 5.750000000 2.925000000
125.492949888 -304.243216031 5.750000000 5.750000000 2.925000000
114.328051461 -309.664426177 5.750000000 5.750000000 2.925000000
102.929587375 -314.575586205 5.750000000 5.750000000 2.925000000
91.320844040 -318.966662898 5.750000000 5.750000000 2.925000000
79.525537454 -322.828685538 5.750000000 5.750000000 2.925000000
67.567764751 -326.153764233 5.750000000 5.750000000 2.925000000
55.471954977 -328.935106039 5.750000000 5.750000000 2.925000000
43.262819177 -331.167028832 5.750000000 5.750000000 2.925000000
30.965299916 -332.844972924 5.750000000 5.750000000 2.925000000
18.604520323 -333.965510370 5.750000000 5.750000000 2.925000000
6.205732760 -334.526351977 5.750000000 5.750000000 2.925000000
-6.205732760 -334.526351977 5.750000000 5.750000000 2.925000000
-18.604520323 -333.965510370 5.750000000 5.750000000 2.925000000
-30.965299916 -332.844972924 5.750000000 5.750000000 2.925000000
-43.262819177 -331.167028832 5.750000000 5.750000000 2.925000000
-55.471954977 -328.935106039 5.750000000 5.750000000 2.925000000
-67.567764751 -326.153764233 5.750000000 5.750000000 2.925000000
-79.525537454 -322.828685538 5.750000000 5.750000000 2.925000000
-91.320844040 -318.966662898 5.750000000 5.750000000 2.925000000
-102.929587375 -314.575586205 5.750000000 5.750000000 2.925000000
-114.328051461 -309.664426177 5.750000000 5.750000000 2.925000000
-125.492949888 -304.243216031 5.750000000 5.750000000 2.925000000
-136.401473410 -298.323030991 5.750000000 5.750000000 2.925000000
-147.031336537 -291.915965654 5.750000000 5.750000000 2.925000000
-157.360823069 -285.035109288 5.750000000 5.750000000 2.925000000
-167.368830456 -277.694519088 5.750000000 5.750000000 2.925000000
-177.034912912 -269.909191459 5.750000000 5.750000000 2.925000000
-186.339323186 -261.695031381 5.750000000 5.750000000 2.925000000
-195.263052899 -253.068819910 5.750000000 5.750000000 2.925000000
-203.787871384 -244.048179903 5.750000000 5.750000000 2.925000000
-211.896362925 -234.651540010 5.750000000 5.750000000 2.925000000
-219.571962338 -224.898097029 5.750000000 5.750000000 2.925000000
-226.798988814 -214.807776684 5.750000000 5.750000000 2.925000000
-233.562677951 -204.401192922 5.750000000 5.750000000 2.925000000
-239.849211920 -193.699605797 5.750000000 5.750000000 2.925000000
-245.645747692 -182.724878039 5.750000000 5.750000000 2.925000000
-250.940443278 -171.499430387 5.750000000 5.750000000 2.925000000
-255.722481917 -160.046195787 5.750000000 5.750000000 2.925000000
-259.982094178 -148.388572542 5.750000000 5.750000000 2.925000000
-263.710577917 -136.550376508 5.750000000 5.750000000 2.925000000
-266.900316057 -124.555792441 5.750000000 5.750000000 2.925000000
-269.544792144 -112.429324589 5.750000000 5.750000000 2.925000000
-271.638603666 -100.195746631 5.750000000 5.750000000 2.925000000
-273.177473086 -87.880051066 5.750000000 5.750000000 2.925000000
-274.158256581 -75.507398155 5.750000000 5.750000000 2.925000000
-274.578950467 -63.103064517 5.750000000 5.750000000 2.925000000
-274.438695291 -50.692391497 5.750000000 5.750000000 2.925000000
-273.737777585 -38.300733387 5.750000000 5.750000000 2.925000000
-272.477629286 -25.953405636 5.750000000 5.750000000 2.925000000
-270.660824802 -13.675633126 5.750000000 5.750000000 2.925000000
-268.291075763 -1.492498643 5.750000000 5.750000000 2.925000000
-265.373223428 10.571108367 5.750000000 5.750000000 2.925000000
-261.913228805 22.490542647 5.750000000 5.750000000 2.925000000
-257.918160462 34.241453474 5.750000000 5.750000000 2.925000000
-253.396180096 45.799834412 5.750000000 5.750000000 2.925000000
-248.356525854 57.142072351 5.750000000 5.750000000 2.925000000
-242.809493461 68.244995748 5.750000000 5.750000000 2.925000000
-236.766415185 79.085921967 5.750000000 5.750000000 2.925000000
-230.239636690 89.642703618 5.750000000 5.750000000 2.925000000
-223.242491809 99.893773799 5.750000000 5.750000000 2.925000000
-215.789275310 109.818190162 5.750000000 5.750000000 2.925000000
-207.895213686 119.395677694 5.750000000 5.750000000 2.925000000
-199.576434053 128.606670135 5.750000000 5.750000000 2.925000000
-190.849931201 137.432349957 5.750000000 5.750000000 2.925000000
-181.733532876 145.854686800 5.750000000 5.750000000 2.925000000
-172.245863355 153.856474314 5.750000000 5.750000000 2.925000000
-162.406305406 161.421365304 5.750000000 5.750000000 2.925000000
-152.234960681 168.533905133 5.750000000 5.750000000 2.925000000
-141.752608654 175.179563289 5.750000000 5.750000000 2.925000000
-130.980664170 181.344763073 5.750000000 5.750000000 2.925000000
-119.941133694 187.016909334 5.750000000 5.750000000 2.925000000
-108.656570355 192.184414204 5.750000000 5.750000000 2.925000000
-97.150027869 196.836720766 5.750000000 5.750000000 2.925000000
-85.445013442 200.964324625 5.750000000 5.750000000 2.925000000
-73.565439749 204.558793321 5.750000000 5.750000000 2.925000000
-61.535576078 207.612783562 5.750000000 5.750000000 2.925000000
-49.379998751 210.120056220 5.750000000 5.750000000 2.925000000
-37.123540916 212.075489081 5.750000000 5.750000000 2.925000000
-24.791241814 213.475087308 5.750000000 5.750000000 2.925000000
-12.408295625 214.315991602 5.750000000 5.750000000 2.925000000
0.000000000 225.366494043 5.750000000 5.750000000 2.925000000
10.798689540 225.162101666 5.750000000 5.750000000 2.925000000
21.581910062 224.549217326 5.750000000 5.750000000 2.925000000
32.334214705 223.528718972 5.750000000 5.750000000 2.925000000
43.040200897 222.102068460 5.750000000 5.750000000 2.925000000
53.684532417 220.271309452 5.750000000 5.750000000 2.925000000
64.251961360 218.039064493 5.750000000 5.750000000 2.925000000
74.727349988 215.408531252 5.750000000 5.750000000 2.925000000
85.095692406 212.383477943 5.750000000 5.750000000 2.925000000
95.342136065 208.968237926 5.750000000 5.750000000 2.925000000
105.452003033 205.167703499 5.750000000 5.750000000 2.925000000
115.410811022 200.987318891 5.750000000 5.750000000 2.925000000
125.204294136 196.433072462 5.750000000 5.750000000 2.925000000
134.818423304 191.511488128 5.750000000 5.750000000 2.925000000
144.239426380 186.229616009 5.750000000 5.750000000 2.925000000
153.453807867 180.595022338 5.750000000 5.750000000 2.925000000
162.448368253 174.615778614 5.750000000 5.750000000 2.925000000
171.210222915 168.300450048 5.750000000 5.750000000 2.925000000
179.726820583 161.658083285 5.750000000 5.750000000 2.925000000
187.985961311 154.698193454 5.750000000 5.750000000 2.925000000
195.975813961 147.430750529 5.750000000 5.750000000 2.925000000
203.684933144 139.866165052 5.750000000 5.750000000 2.925000000
211.102275624 132.015273218 5.750000000 5.750000000 2.925000000
218.217216126 123.889321356 5.750000000 5.750000000 2.925000000
225.019562569 115.499949812 5.750000000 5.750000000 2.925000000
231.499570656 106.859176280 5.750000000 5.750000000 2.925000000
237.647957838 97.979378585 5.750000000 5.750000000 2.925000000
243.455916609 88.873276953 5.750000000 5.750000000 2.925000000
248.915127125 79.553915785 5.750000000 5.750000000 2.925000000
254.017769119 70.034644977 5.750000000 5.750000000 2.925000000
258.756533106 60.329100793 5.750000000 5.750000000 2.925000000
263.124630851 50.451186331 5.750000000 5.750000000 2.925000000
267.115805098 40.415051609 5.750000000 5.750000000 2.925000000
270.724338526 30.235073292 5.750000000 5.750000000 2.925000000
273.945061948 19.925834102 5.750000000 5.750000000 2.925000000
276.773361707 9.502101925 5.750000000 5.750000000 2.925000000
279.205186292 -1.021191344 5.750000000 5.750000000 2.925000000
281.237052136 -11.628971188 5.750000000 5.750000000 2.925000000
282.866048613 -22.306042065 5.750000000 5.750000000 2.925000000
284.089842199 -33.037109174 5.750000000 5.750000000 2.925000000
284.906679824 -43.806800364 5.750000000 5.750000000 2.925000000
285.315391373 -54.599688156 5.750000000 5.750000000 2.925000000
285.315391373 -65.400311844 5.750000000 5.750000000 2.925000000
284.906679824 -76.193199636 5.750000000 5.750000000 2.925000000
284.089842199 -86.962890826 5.750000000 5.750000000 2.925000000
282.866048613 -97.693957935 5.750000000 5.750000000 2.925000000
281.237052136 -108.371028812 5.750000000 5.750000000 2.925000000
279.205186292 -118.978808656 5.750000000 5.750000000 2.925000000
276.773361707 -129.502101925 5.750000000 5.750000000 2.925000000
273.945061948 -139.925834102 5.750000000 5.750000000 2.925000000
270.724338526 -150.235073292 5.750000000 5.750000000 2.925000000
267.115805098 -160.415051609 5.750000000 5.750000000 2.925000000
263.124630851 -170.451186331 5.750000000 5.750000000 2.925000000
258.756533106 -180.329100793 5.750000000 5.750000000 2.925000000
254.017769119 -190.034644977 5.750000000 5.750000000 2.925000000
248.915127125 -199.553915785 5.750000000 5.750000000 2.925000000
243.455916609 -208.873276953 5.750000000 5.750000000 2.925000000
237.647957838 -217.979378585 5.750000000 5.750000000 2.925000000
231.499570656 -226.859176280 5.750000000 5.750000000 2.925000000
225.019562569 -235.499949812 5.750000000 5.750000000 2.925000000
218.217216126 -243.889321356 5.750000000 5.750000000 2.925000000
211.102275624 -252.015273218 5.750000000 5.750000000 2.925000000
195.975813961 -267.430750529 5.750000000 5.750000000 2.925000000
187.985961311 -274.698193454 5.750000000 5.750000000 2.925000000
179.726820583 -281.658083285 5.750000000 5.750000000 2.925000000
171.210222915 -288.300450048 5.750000000 5.750000000 2.925000000
162.448368253 -294.615778614 5.750000000 5.750000000 2.925000000
153.453807867 -300.595022338 5.750000000 5.750000000 2.925000000
144.239426380 -306.229616009 5.750000000 5.750000000 2.925000000
134.818423304 -311.511488128 5.750000000 5.750000000 2.925000000
125.204294136 -316.433072462 5.750000000 5.750000000 2.925000000
115.410811022 -320.987318891 5.750000000 5.750000000 2.925000000
105.452003033 -325.167703499 5.750000000 5.750000000 2.925000000
95.342136065 -328.968237926 5.750000000 5.750000000 2.925000000
85.095692406 -332.383477943 5.750000000 5.750000000 2.925000000
74.727349988 -335.408531252 5.750000000 5.750000000 2.925000000
64.251961360 -338.039064493 5.750000000 5.750000000 2.925000000
53.684532417 -340.271309452 5.750000000 5.750000000 2.925000000
43.040200897 -342.102068460 5.750000000 5.750000000 2.925000000
32.334214705 -343.528718972 5.750000000 5.750000000 2.925000000
21.581910062 -344.549217326 5.750000000 5.750000000 2.925000000
10.798689540 -345.162101666 5.750000000 5.750000000 2.925000000
-0.000000000 -345.366494043 5.750000000 5.750000000 2.925000000
-10.798689540 -345.162101666 5.750000000 5.750000000 2.925000000
-21.581910062 -344.549217326 5.750000000 5.750000000 2.925000000
-32.334214705 -343.528718972 5.750000000 5.750000000 2.925000000
-43.040200897 -342.102068460 5.750000000 5.750000000 2.925000000
-53.684532417 -340.271309452 5.750000000 5.750000000 2.925000000
-64.251961360 -338.039064493 5.750000000 5.750000000 2.925000000
-74.727349988 -335.408531252 5.750000000 5.750000000 2.925000000
-85.095692406 -332.383477943 5.750000000 5.750000000 2.925000000
-95.342136065 -328.968237926 5.750000000 5.750000000 2.925000000
-105.452003033 -325.167703499 5.750000000 5.750000000 2.925000000
-115.410811022 -320.987318891 5.750000000 5.750000000 2.925000000
-125.204294136 -316.433072462 5.750000000 5.750000000 2.925000000
-134.818423304 -311.511488128 5.750000000 5.750000000 2.925000000
-144.239426380 -306.229616009 5.750000000 5.750000000 2.925000000
-153.453807867 -300.595022338 5.750000000 5.750000000 2.925000000
-162.448368253 -294.615778614 5.750000000 5.750000000 2.925000000
-171.210222915 -288.300450048 5.750000000 5.750000000 2.925000000
-179.726820583 -281.658083285 5.750000000 5.750000000 2.925000000
-187.985961311 -274.698193454 5.750000000 5.750000000 2.925000000
-195.975813961 -267.430750529 5.750000000 5.750000000 2.925000000
-211.102275624 -252.015273218 5.750000000 5.750000000 2.925000000
-218.217216126 -243.889321356 5.750000000 5.750000000 2.925000000
-225.019562569 -235.499949812 5.750000000 5.750000000 2.925000000
-231.499570656 -226.859176280 5.750000000 5.750000000 2.925000000
-237.647957838 -217.979378585 5.750000000 5.750000000 2.925000000
-243.455916609 -208.873276953 5.750000000 5.750000000 2.925000000
-248.915127125 -199.553915785 5.750000000 5.750000000 2.925000000
-254.017769119 -190.034644977 5.750000000 5.750000000 2.925000000
-258.756533106 -180.329100793 5.750000000 5.750000000 2.925000000
-263.124630851 -170.451186331 5.750000000 5.750000000 2.925000000
-267.115805098 -160.415051609 5.750000000 5.750000000 2.925000000
-270.724338526 -150.235073292 5.750000000 5.750000000 2.925000000
-273.945061948 -139.925834102 5.750000000 5.750000000 2.925000000
-276.773361707 -129.502101925 5.750000000 5.750000000 2.925000000
-279.205186292 -118.978808656 5.750000000 5.750000000 2.925000000
-281.237052136 -108.371028812 5.750000000 5.750000000 2.925000000
-282.866048613 -97.693957935 5.750000000 5.750000000 2.925000000
-284.089842199 -86.962890826 5.750000000 5.750000000 2.925000000
-284.906679824 -76.193199636 5.750000000 5.750000000 2.925000000
-285.315391373 -65.400311844 5.750000000 5.750000000 2.925000000
-285.315391373 -54.599688156 5.750000000 5.750000000 2.925000000
-284.906679824 -43.806800364 5.750000000 5.750000000 2.925000000
-284.089842199 -33.037109174 5.750000000 5.750000000 2.925000000
-282.866048613 -22.306042065 5.750000000 5.750000000 2.925000000
-281.237052136 -11.628971188 5.750000000 5.750000000 2.925000000
-279.205186292 -1.021191344 5.750000000 5.750000000 2.925000000
-276.773361707 9.502101925 5.750000000 5.750000000 2.925000000
-273.945061948 19.925834102 5.750000000 5.750000000 2.925000000
-270.724338526 30.235073292 5.750000000 5.750000000 2.925000000
-267.115805098 40.415051609 5.750000000 5.750000000 2.925000000
-263.124630851 50.451186331 5.750000000 5.750000000 2.925000000
-258.756533106 60.329100793 5.750000000 5.750000000 2.925000000
-254.017769119 70.034644977 5.750000000 5.750000000 2.925000000
-248.915127125 79.553915785 5.750000000 5.750000000 2.925000000
-243.455916609 88.873276953 5.750000000 5.750000000 2.925000000
-237.647957838 97.979378585 5.750000000 5.750000000 2.925000000
-231.499570656 106.859176280 5.750000000 5.750000000 2.925000000
-225.019562569 115.499949812 5.750000000 5.750000000 2.925000000
-218.217216126 123.889321356 5.750000000 5.750000000 2.925000000
-211.102275624 132.015273218 5.750000000 5.750000000 2.925000000
-203.684933144 139.866165052 5.750000000 5.750000000 2.925000000
-195.975813961 147.430750529 5.750000000 5.750000000 2.925000000
-187.985961311 154.698193454 5.750000000 5.750000000 2.925000000
-179.726820583 161.658083285 5.750000000 5.750000000 2.925000000
-171.210222915 168.300450048 5.750000000 5.750000000 2.925000000
-162.448368253 174.615778614 5.750000000 5.750000000 2.925000000
-153.453807867 180.595022338 5.750000000 5.750000000 2.925000000
-144.239426380 186.229616009 5.750000000 5.750000000 2.925000000
-134.818423304 191.511488128 5.750000000 5.750000000 2.925000000
-125.204294136 196.433072462 5.750000000 5.750000000 2.925000000
-115.410811022 200.987318891 5.750000000 5.750000000 2.925000000
-105.452003033 205.167703499 5.750000000 5.750000000 2.925000000
-95.342136065 208.968237926 5.750000000 5.750000000 2.925000000
-85.095692406 212.383477943 5.750000000 5.750000000 2.925000000
-74.727349988 215.408531252 5.750000000 5.750000000 2.925000000
-64.251961360 218.039064493 5.750000000 5.750000000 2.925000000
-53.684532417 220.271309452 5.750000000 5.750000000 2.925000000
-43.040200897 222.102068460 5.750000000 5.750000000 2.925000000
-32.334214705 223.528718972 5.750000000 5.750000000 2.925000000
-21.581910062 224.549217326 5.750000000 5.750000000 2.925000000
-10.798689540 225.162101666 5.750000000 5.750000000 2.925000000
5.575684453 234.580875696 5.750000000 5.750000000 2.925000000
16.719066245 234.158891429 5.750000000 5.750000000 2.925000000
27.838498136 233.315527384 5.750000000 5.750000000 2.925000000
38.918051646 232.051991671 5.750000000 5.750000000 2.925000000
49.941855422 230.370094294 5.750000000 5.750000000 2.925000000
60.894117971 228.272244553 5.750000000 5.750000000 2.925000000
71.759150283 225.761447599 5.750000000 5.750000000 2.925000000
82.521388304 222.841300123 5.750000000 5.750000000 2.925000000
93.165415230 219.515985210 5.750000000 5.750000000 2.925000000
103.675983597 215.790266341 5.750000000 5.750000000 2.925000000
114.038037116 211.669480571 5.750000000 5.750000000 2.925000000
124.236732245 207.159530888 5.750000000 5.750000000 2.925000000
134.257459452 202.266877750 5.750000000 5.750000000 2.925000000
144.085864141 196.998529836 5.750000000 5.750000000 2.925000000
153.707867218 191.362034003 5.750000000 5.750000000 2.925000000
163.109685256 185.365464479 5.750000000 5.750000000 2.925000000
172.277850241 179.017411289 5.750000000 5.750000000 2.925000000
181.199228865 172.326967961 5.750000000 5.750000000 2.925000000
189.861041339 165.303718489 5.750000000 5.750000000 2.925000000
198.250879700 157.957723610 5.750000000 5.750000000 2.925000000
206.356725586 150.299506392 5.750000000 5.750000000 2.925000000
214.166967450 142.340037156 5.750000000 5.750000000 2.925000000
221.670417196 134.090717767 5.750000000 5.750000000 2.925000000
228.856326205 125.563365294 5.750000000 5.750000000 2.925000000
235.714400731 116.770195087 5.750000000 5.750000000 2.925000000
242.234816648 107.723803279 5.750000000 5.750000000 2.925000000
248.408233524 98.437148739 5.750000000 5.750000000 2.925000000
254.225807999 88.923534509 5.750000000 5.750000000 2.925000000
259.679206452 79.196588750 5.750000000 5.750000000 2.925000000
264.760616943 69.270245218 5.750000000 5.750000000 2.925000000
269.462760401 59.158723306 5.750000000 5.750000000 2.925000000
273.778901051 48.876507670 5.750000000 5.750000000 2.925000000
277.702856062 38.438327486 5.750000000 5.750000000 2.925000000
281.229004406 27.859135346 5.750000000 5.750000000 2.925000000
284.352294911 17.154085841 5.750000000 5.750000000 2.925000000
287.068253492 6.338513851 5.750000000 5.750000000 2.925000000
289.372989566 -4.572087421 5.750000000 5.750000000 2.925000000
291.263201619 -15.562088643 5.750000000 5.750000000 2.925000000
292.736181942 -26.615746746 5.750000000 5.750000000 2.925000000
293.789820503 -37.717227470 5.750000000 5.750000000 2.925000000
294.422607977 -48.850628051 5.750000000 5.750000000 2.925000000
294.633637901 -60.000000000 5.750000000 5.750000000 2.925000000
294.422607977 -71.149371949 5.750000000 5.750000000 2.925000000
293.789820503 -82.282772530 5.750000000 5.750000000 2.925000000
292.736181942 -93.384253254 5.750000000 5.750000000 2.925000000
291.263201619 -104.437911357 5.750000000 5.750000000 2.925000000
289.372989566 -115.427912579 5.750000000 5.750000000 2.925000000
287.068253492 -126.338513851 5.750000000 5.750000000 2.925000000
284.352294911 -137.154085841 5.750000000 5.750000000 2.925000000
281.229004406 -147.859135346 5.750000000 5.750000000 2.925000000
277.702856062 -158.438327486 5.750000000 5.750000000 2.925000000
273.778901051 -168.876507670 5.750000000 5.750000000 2.925000000
269.462760401 -179.158723306 5.750000000 5.750000000 2.925000000
264.760616943 -189.270245218 5.750000000 5.750000000 2.925000000
259.679206452 -199.196588750 5.750000000 5.750000000 2.925000000
254.225807999 -208.923534509 5.750000000 5.750000000 2.925000000
248.408233524 -218.437148739 5.750000000 5.750000000 2.925000000
242.234816648 -227.723803279 5.750000000 5.750000000 2.925000000
235.714400731 -236.770195087 5.750000000 5.750000000 2.925000000
228.856326205 -245.563365294 5.750000000 5.750000000 2.925000000
221.670417196 -254.090717767 5.750000000 5.750000000 2.925000000
214.166967450 -262.340037156 5.750000000 5.750000000 2.925000000
206.356725586 -270.299506392 5.750000000 5.750000000 2.925000000
198.250879700 -277.957723610 5.750000000 5.750000000 2.925000000
189.861041339 -285.303718489 5.750000000 5.750000000 2.925000000
181.199228865 -292.326967961 5.750000000 5.750000000 2.925000000
172.277850241 -299.017411289 5.750000000 5.750000000 2.925000000
163.109685256 -305.365464479 5.750000000 5.750000000 2.925000000
153.707867218 -311.362034003 5.750000000 5.750000000 2.925000000
144.085864141 -316.998529836 5.750000000 5.750000000 2.925000000
134.257459452 -322.266877750 5.750000000 5.750000000 2.925000000
124.236732245 -327.159530888 5.750000000 5.750000000 2.925000000
-124.236732245 -327.159530888 5.750000000 5.750000000 2.925000000
-134.257459452 -322.266877750 5.750000000 5.750000000 2.925000000
-144.085864141 -316.998529836 5.750000000 5.750000000 2.925000000
-153.707867218 -311.362034003 5.750000000 5.750000000 2.925000000
-163.109685256 -305.365464479 5.750000000 5.750000000 2.925000000
-172.277850241 -299.017411289 5.750000000 5.750000000 2.925000000
-181.199228865 -292.326967961 5.750000000 5.750000000 2.925000000
-189.861041339 -285.303718489 5.750000000 5.750000000 2.925000000
-198.250879700 -277.957723610 5.750000000 5.750000000 2.925000000
-206.356725586 -270.299506392 5.750000000 5.750000000 2.925000000
-214.166967450 -262.340037156 5.750000000 5.750000000 2.925000000
-221.670417196 -254.090717767 5.750000000 5.750000000 2.925000000
-228.856326205 -245.563365294 5.750000000 5.750000000 2.925000000
-235.714400731 -236.770195087 5.750000000 5.750000000 2.925000000
-242.234816648 -227.723803279 5.750000000 5.750000000 2.925000000
-248.408233524 -218.437148739 5.750000000 5.750000000 2.925000000
-254.225807999 -208.923534509 5.750000000 5.750000000 2.925000000
-259.679206452 -199.196588750 5.750000000 5.750000000 2.925000000
-264.760616943 -189.270245218 5.750000000 5.750000000 2.925000000
-269.462760401 -179.158723306 5.750000000 5.750000000 2.925000000
-273.778901051 -168.876507670 5.750000000 5.750000000 2.925000000
-277.702856062 -158.438327486 5.750000000 5.750000000 2.925000000
-281.229004406 -147.859135346 5.750000000 5.750000000 2.925000000
-284.352294911 -137.154085841 5.750000000 5.750000000 2.925000000
-287.068253492 -126.338513851 5.750000000 5.750000000 2.925000000
-289.372989566 -115.427912579 5.750000000 5.750000000 2.925000000
-291.263201619 -104.437911357 5.750000000 5.750000000 2.925000000
-292.736181942 -93.384253254 5.750000000 5.750000000 2.925000000
-293.789820503 -82.282772530 5.750000000 5.750000000 2.925000000
-294.422607977 -71.149371949 5.750000000 5.750000000 2.925000000
-294.633637901 -60.000000000 5.750000000 5.750000000 2.925000000
-294.422607977 -48.850628051 5.750000000 5.750000000 2.925000000
-293.789820503 -37.717227470 5.750000000 5.750000000 2.925000000
-292.736181942 -26.615746746 5.750000000 5.750000000 2.925000000
-291.263201619 -15.562088643 5.750000000 5.750000000 2.925000000
-289.372989566 -4.572087421 5.750000000 5.750000000 2.925000000
-287.068253492 6.338513851 5.750000000 5.750000000 2.925000000
-284.352294911 17.154085841 5.750000000 5.750000000 2.925000000
-281.229004406 27.859135346 5.750000000 5.750000000 2.925000000
-277.702856062 38.438327486 5.750000000 5.750000000 2.925000000
-273.778901051 48.876507670 5.750000000 5.750000000 2.925000000
-269.462760401 59.158723306 5.750000000 5.750000000 2.925000000
-264.760616943 69.270245218 5.750000000 5.750000000 2.925000000
-259.679206452 79.196588750 5.750000000 5.750000000 2.925000000
-254.225807999 88.923534509 5.750000000 5.750000000 2.925000000
-248.408233524 98.437148739 5.750000000 5.750000000 2.925000000
-242.234816648 107.723803279 5.750000000 5.750000000 2.925000000
-235.714400731 116.770195087 5.750000000 5.750000000 2.925000000
-228.856326205 125.563365294 5.750000000 5.750000000 2.925000000
-221.670417196 134.090717767 5.750000000 5.750000000 2.925000000
-214.166967450 142.340037156 5.750000000 5.750000000 2.925000000
-206.356725586 150.299506392 5.750000000 5.750000000 2.925000000
-198.250879700 157.957723610 5.750000000 5.750000000 2.925000000
-189.861041339 165.303718489 5.750000000 5.750000000 2.925000000
-181.199228865 172.326967961 5.750000000 5.750000000 2.925000000
-172.277850241 179.017411289 5.750000000 5.750000000 2.925000000
-163.109685256 185.365464479 5.750000000 5.750000000 2.925000000
-153.707867218 191.362034003 5.750000000 5.750000000 2.925000000
-144.085864141 196.998529836 5.750000000 5.750000000 2.925000000
-134.257459452 202.266877750 5.750000000 5.750000000 2.925000000
-124.236732245 207.159530888 5.750000000 5.750000000 2.925000000
-114.038037116 211.669480571 5.750000000 5.750000000 2.925000000
-103.675983597 215.790266341 5.750000000 5.750000000 2.925000000
-93.165415230 219.515985210 5.750000000 5.750000000 2.925000000
-82.521388304 222.841300123 5.750000000 5.750000000 2.925000000
-71.759150283 225.761447599 5.750000000 5.750000000 2.925000000
-60.894117971 228.272244553 5.750000000 5.750000000 2.925000000
-49.941855422 230.370094294 5.750000000 5.750000000 2.925000000
-38.918051646 232.051991671 5.750000000 5.750000000 2.925000000
-27.838498136 233.315527384 5.750000000 5.750000000 2.925000000
-16.719066245 234.158891429 5.750000000 5.750000000 2.925000000
-5.575684453 234.580875696 5.750000000 5.750000000 2.925000000
0.000000000 243.795257236 5.750000000 5.750000000 2.925000000
11.496061154 243.577665346 5.750000000 5.750000000 2.925000000
22.975654310 242.925201375 5.750000000 5.750000000 2.925000000
34.422335064 241.838799971 5.750000000 5.750000000 2.925000000
45.819706154 240.320017394 5.750000000 5.750000000 2.925000000
57.151440956 238.371029284 5.750000000 5.750000000 2.925000000
68.401306869 235.994627549 5.750000000 5.750000000 2.925000000
79.553188570 233.194216361 5.750000000 5.750000000 2.925000000
90.591111094 229.973807283 5.750000000 5.750000000 2.925000000
101.499262724 226.338013519 5.750000000 5.750000000 2.925000000
112.262017638 222.292043308 5.750000000 5.750000000 2.925000000
122.863958293 217.841692465 5.750000000 5.750000000 2.925000000
133.289897511 212.993336074 5.750000000 5.750000000 2.925000000
143.524900235 207.753919358 5.750000000 5.750000000 2.925000000
153.554304922 202.130947733 5.750000000 5.750000000 2.925000000
163.363744546 196.132476049 5.750000000 5.750000000 2.925000000
172.939167180 189.767097061 5.750000000 5.750000000 2.925000000
182.266856123 183.043929112 5.750000000 5.750000000 2.925000000
191.333449550 175.972603076 5.750000000 5.750000000 2.925000000
200.125959653 168.563248560 5.750000000 5.750000000 2.925000000
208.631791247 160.826479391 5.750000000 5.750000000 2.925000000
216.838759810 152.773378417 5.750000000 5.750000000 2.925000000
224.735108939 144.415481629 5.750000000 5.750000000 2.925000000
232.309527188 135.764761632 5.750000000 5.750000000 2.925000000
239.551164277 126.833610500 5.750000000 5.750000000 2.925000000
246.449646632 117.634822021 5.750000000 5.750000000 2.925000000
252.995092241 108.181573370 5.750000000 5.750000000 2.925000000
259.178124818 98.487406236 5.750000000 5.750000000 2.925000000
264.989887227 88.566207418 5.750000000 5.750000000 2.925000000
270.422054176 78.432188940 5.750000000 5.750000000 2.925000000
275.466844137 68.099867684 5.750000000 5.750000000 2.925000000
280.117030497 57.584044602 5.750000000 5.750000000 2.925000000
284.365951909 46.899783509 5.750000000 5.750000000 2.925000000
288.207521834 36.062389505 5.750000000 5.750000000 2.925000000
291.636237261 25.087387054 5.750000000 5.750000000 2.925000000
294.647186587 13.990497740 5.750000000 5.750000000 2.925000000
297.236056656 2.787617752 5.750000000 5.750000000 2.925000000
299.399138937 -8.505204895 5.750000000 5.750000000 2.925000000
301.133334836 -19.871793339 5.750000000 5.750000000 2.925000000
302.436160133 -31.295865053 5.750000000 5.750000000 2.925000000
303.305748545 -42.761055164 5.750000000 5.750000000 2.925000000
303.740854393 -54.250939897 5.750000000 5.750000000 2.925000000
303.740854393 -65.749060103 5.750000000 5.750000000 2.925000000
303.305748545 -77.238944836 5.750000000 5.750000000 2.925000000
302.436160133 -88.704134947 5.750000000 5.750000000 2.925000000
301.133334836 -100.128206661 5.750000000 5.750000000 2.925000000
299.399138937 -111.494795105 5.750000000 5.750000000 2.925000000
297.236056656 -122.787617752 5.750000000 5.750000000 2.925000000
294.647186587 -133.990497740 5.750000000 5.750000000 2.925000000
291.636237261 -145.087387054 5.750000000 5.750000000 2.925000000
288.207521834 -156.062389505 5.750000000 5.750000000 2.925000000
284.365951909 -166.899783509 5.750000000 5.750000000 2.925000000
280.117030497 -177.584044602 5.750000000 5.750000000 2.925000000
275.466844137 -188.099867684 5.750000000 5.750000000 2.925000000
270.422054176 -198.432188940 5.750000000 5.750000000 2.925000000
264.989887227 -208.566207418 5.750000000 5.750000000 2.925000000
259.178124818 -218.487406236 5.750000000 5.750000000 2.925000000
252.995092241 -228.181573370 5.750000000 5.750000000 2.925000000
246.449646632 -237.634822021 5.750000000 5.750000000 2.925000000
239.551164277 -246.833610500 5.750000000 5.750000000 2.925000000
232.309527188 -255.764761632 5.750000000 5.750000000 2.925000000
224.735108939 -264.415481629 5.750000000 5.750000000 2.925000000
216.838759810 -272.773378417 5.750000000 5.750000000 2.925000000
208.631791247 -280.826479391 5.750000000 5.750000000 2.925000000
-208.631791247 -280.826479391 5.750000000 5.750000000 2.925000000
-216.838759810 -272.773378417 5.750000000 5.750000000 2.925000000
-224.735108939 -264.415481629 5.750000000 5.750000000 2.925000000
-232.309527188 -255.764761632 5.750000000 5.750000000 2.925000000
-239.551164277 -246.833610500 5.750000000 5.750000000 2.925000000
-246.449646632 -237.634822021 5.750000000 5.750000000 2.925000000
-252.995092241 -228.181573370 5.750000000 5.750000000 2.925000000
-259.178124818 -218.487406236 5.750000000 5.750000000 2.925000000
-264.989887227 -208.566207418 5.750000000 5.750000000 2.925000000
-270.422054176 -198.432188940 5.750000000 5.750000000 2.925000000
-275.466844137 -188.099867684 5.750000000 5.750000000 2.925000000
-280.117030497 -177.584044602 5.750000000 5.750000000 2.925000000
-284.365951909 -166.899783509 5.750000000 5.750000000 2.925000000
-288.207521834 -156.062389505 5.750000000 5.750000000 2.925000000
-291.636237261 -145.087387054 5.750000000 5.750000000 2.925000000
-294.647186587 -133.990497740 5.750000000 5.750000000 2.925000000
-297.236056656 -122.787617752 5.750000000 5.750000000 2.925000000
-299.399138937 -111.494795105 5.750000000 5.750000000 2.925000000
-301.133334836 -100.128206661 5.750000000 5.750000000 2.925000000
-302.436160133 -88.704134947 5.750000000 5.750000000 2.925000000
-303.305748545 -77.238944836 5.750000000 5.750000000 2.925000000
-303.740854393 -65.749060103 5.750000000 5.750000000 2.925000000
-303.740854393 -54.250939897 5.750000000 5.750000000 2.925000000
-303.305748545 -42.761055164 5.750000000 5.750000000 2.925000000
-302.436160133 -31.295865053 5.750000000 5.750000000 2.925000000
-301.133334836 -19.871793339 5.750000000 5.750000000 2.925000000
-299.399138937 -8.505204895 5.750000000 5.750000000 2.925000000
-297.236056656 2.787617752 5.750000000 5.750000000 2.925000000
-294.647186587 13.990497740 5.750000000 5.750000000 2.925000000
-291.636237261 25.087387054 5.750000000 5.750000000 2.925000000
-288.207521834 36.062389505 5.750000000 5.750000000 2.925000000
-284.365951909 46.899783509 5.750000000 5.750000000 2.925000000
-280.117030497 57.584044602 5.750000000 5.750000000 2.925000000
-275.466844137 68.099867684 5.750000000 5.750000000 2.925000000
-270.422054176 78.432188940 5.750000000 5.750000000 2.925000000
-264.989887227 88.566207418 5.750000000 5.750000000 2.925000000
-259.178124818 98.487406236 5.750000000 5.750000000 2.925000000
-252.995092241 108.181573370 5.750000000 5.750000000 2.925000000
-246.449646632 117.634822021 5.750000000 5.750000000 2.925000000
-239.551164277 126.833610500 5.750000000 5.750000000 2.925000000
-232.309527188 135.764761632 5.750000000 5.750000000 2.925000000
-224.735108939 144.415481629 5.750000000 5.750000000 2.925000000
-216.838759810 152.773378417 5.750000000 5.750000000 2.925000000
-208.631791247 160.826479391 5.750000000 5.750000000 2.925000000
-200.125959653 168.563248560 5.750000000 5.750000000 2.925000000
-191.333449550 175.972603076 5.750000000 5.750000000 2.925000000
-182.266856123 183.043929112 5.750000000 5.750000000 2.925000000
-172.939167180 189.767097061 5.750000000 5.750000000 2.925000000
-163.363744546 196.132476049 5.750000000 5.750000000 2.925000000
-153.554304922 202.130947733 5.750000000 5.750000000 2.925000000
-143.524900235 207.753919358 5.750000000 5.750000000 2.925000000
-133.289897511 212.993336074 5.750000000 5.750000000 2.925000000
-122.863958293 217.841692465 5.750000000 5.750000000 2.925000000
-112.262017638 222.292043308 5.750000000 5.750000000 2.925000000
-101.499262724 226.338013519 5.750000000 5.750000000 2.925000000
-90.591111094 229.973807283 5.750000000 5.750000000 2.925000000
-79.553188570 233.194216361 5.750000000 5.750000000 2.925000000
-68.401306869 235.994627549 5.750000000 5.750000000 2.925000000
-57.151440956 238.371029284 5.750000000 5.750000000 2.925000000
-45.819706154 240.320017394 5.750000000 5.750000000 2.925000000
-34.422335064 241.838799971 5.750000000 5.750000000 2.925000000
-22.975654310 242.925201375 5.750000000 5.750000000 2.925000000
-11.496061154 243.577665346 5.750000000 5.750000000 2.925000000
5.920376698 252.792046769 5.750000000 5.750000000 2.925000000
17.752649212 252.343975175 5.750000000 5.750000000 2.925000000
29.559491227 251.448473845 5.750000000 5.750000000 2.925000000
41.323989556 250.106825577 5.750000000 5.750000000 2.925000000
53.029291667 248.320952268 5.750000000 5.750000000 2.925000000
64.658629829 246.093412165 5.750000000 5.750000000 2.925000000
76.195345127 243.427396197 5.750000000 5.750000000 2.925000000
87.622911327 240.326723408 5.750000000 5.750000000 2.925000000
98.924958550 236.795835480 5.750000000 5.750000000 2.925000000
110.085296723 232.839790376 5.750000000 5.750000000 2.925000000
121.087938769 228.464255094 5.750000000 5.750000000 2.925000000
131.917123509 223.675497545 5.750000000 5.750000000 2.925000000
142.557338241 218.480377578 5.750000000 5.750000000 2.925000000
152.993340958 212.886337153 5.750000000 5.750000000 2.925000000
163.210182188 206.901389678 5.750000000 5.750000000 2.925000000
173.193226405 200.534108534 5.750000000 5.750000000 2.925000000
182.928172993 193.793614789 5.750000000 5.750000000 2.925000000
192.401076735 186.689564135 5.750000000 5.750000000 2.925000000
201.598367788 179.232133057 5.750000000 5.750000000 2.925000000
210.506871122 171.432004253 5.750000000 5.750000000 2.925000000
219.113825390 163.300351332 5.750000000 5.750000000 2.925000000
227.406901214 154.848822809 5.750000000 5.750000000 2.925000000
235.374218842 146.089525417 5.750000000 5.750000000 2.925000000
243.004365169 137.035006765 5.750000000 5.750000000 2.925000000
250.286410084 127.698237363 5.750000000 5.750000000 2.925000000
257.209922128 118.092592045 5.750000000 5.750000000 2.925000000
263.764983435 108.231830804 5.750000000 5.750000000 2.925000000
269.942203945 98.130079086 5.750000000 5.750000000 2.925000000
275.732734847 87.801807552 5.750000000 5.750000000 2.925000000
281.128281263 77.261811354 5.750000000 5.750000000 2.925000000
286.121114124 66.525188932 5.750000000 5.750000000 2.925000000
290.704081246 55.607320397 5.750000000 5.750000000 2.925000000
294.870617571 44.523845488 5.750000000 5.750000000 2.925000000
298.614754577 33.290641177 5.750000000 5.750000000 2.925000000
301.931128823 21.923798922 5.750000000 5.750000000 2.925000000
304.814989636 10.439601614 5.750000000 5.750000000 2.925000000
307.262205912 -1.145499745 5.750000000 5.750000000 2.925000000
309.269272038 -12.814909608 5.750000000 5.750000000 2.925000000
310.833312911 -24.551911659 5.750000000 5.750000000 2.925000000
311.952088057 -36.339692756 5.750000000 5.750000000 2.925000000
312.623994842 -48.161367014 5.750000000 5.750000000 2.925000000
312.848070766 -60.000000000 5.750000000 5.750000000 2.925000000
312.623994842 -71.838632986 5.750000000 5.750000000 2.925000000
311.952088057 -83.660307244 5.750000000 5.750000000 2.925000000
310.833312911 -95.448088341 5.750000000 5.750000000 2.925000000
309.269272038 -107.185090392 5.750000000 5.750000000 2.925000000
307.262205912 -118.854500255 5.750000000 5.750000000 2.925000000
304.814989636 -130.439601614 5.750000000 5.750000000 2.925000000
301.931128823 -141.923798922 5.750000000 5.750000000 2.925000000
298.614754577 -153.290641177 5.750000000 5.750000000 2.925000000
294.870617571 -164.523845488 5.750000000 5.750000000 2.925000000
290.704081246 -175.607320397 5.750000000 5.750000000 2.925000000
286.121114124 -186.525188932 5.750000000 5.750000000 2.925000000
281.128281263 -197.261811354 5.750000000 5.750000000 2.925000000
275.732734847 -207.801807552 5.750000000 5.750000000 2.925000000
269.942203945 -218.130079086 5.750000000 5.750000000 2.925000000
263.764983435 -228.231830804 5.750000000 5.750000000 2.925000000
-263.764983435 -228.231830804 5.750000000 5.750000000 2.925000000
-269.942203945 -218.130079086 5.750000000 5.750000000 2.925000000
-275.732734847 -207.801807552 5.750000000 5.750000000 2.925000000
-281.128281263 -197.261811354 5.750000000 5.750000000 2.925000000
-286.121114124 -186.525188932 5.750000000 5.750000000 2.925000000
-290.704081246 -175.607320397 5.750000000 5.750000000 2.925000000
-294.870617571 -164.523845488 5.750000000 5.750000000 2.925000000
-298.614754577 -153.290641177 5.750000000 5.750000000 2.925000000
-301.931128823 -141.923798922 5.750000000 5.750000000 2.925000000
-304.814989636 -130.439601614 5.750000000 5.750000000 2.925000000
-307.262205912 -118.854500255 5.750000000 5.750000000 2.925000000
-309.269272038 -107.185090392 5.750000000 5.750000000 2.925000000
-310.833312911 -95.448088341 5.750000000 5.750000000 2.925000000
-311.952088057 -83.660307244 5.750000000 5.750000000 2.925000000
-312.623994842 -71.838632986 5.750000000 5.750000000 2.925000000
-312.848070766 -60.000000000 5.750000000 5.750000000 2.925000000
-312.623994842 -48.161367014 5.750000000 5.750000000 2.925000000
-311.952088057 -36.339692756 5.750000000 5.750000000 2.925000000
-310.833312911 -24.551911659 5.750000000 5.750000000 2.925000000
-309.269272038 -12.814909608 5.750000000 5.750000000 2.925000000
-307.262205912 -1.145499745 5.750000000 5.750000000 2.925000000
-304.814989636 10.439601614 5.750000000 5.750000000 2.925000000
-301.931128823 21.923798922 5.750000000 5.750000000 2.925000000
-298.614754577 33.290641177 5.750000000 5.750000000 2.925000000
-294.870617571 44.523845488 5.750000000 5.750000000 2.925000000
-290.704081246 55.607320397 5.750000000 5.750000000 2.925000000
-286.121114124 66.525188932 5.750000000 5.750000000 2.925000000
-281.128281263 77.261811354 5.750000000 5.750000000 2.925000000
-275.732734847 87.801807552 5.750000000 5.750000000 2.925000000
-269.942203945 98.130079086 5.750000000 5.750000000 2.925000000
-263.764983435 108.231830804 5.750000000 5.750000000 2.925000000
-257.209922128 118.092592045 5.750000000 5.750000000 2.925000000
-250.286410084 127.698237363 5.750000000 5.750000000 2.925000000
-243.004365169 137.035006765 5.750000000 5.750000000 2.925000000
-235.374218842 146.089525417 5.750000000 5.750000000 2.925000000
-227.406901214 154.848822809 5.750000000 5.750000000 2.925000000
-219.113825390 163.300351332 5.750000000 5.750000000 2.925000000
-210.506871122 171.432004253 5.750000000 5.750000000 2.925000000
-201.598367788 179.232133057 5.750000000 5.750000000 2.925000000
-192.401076735 186.689564135 5.750000000 5.750000000 2.925000000
-182.928172993 193.793614789 5.750000000 5.750000000 2.925000000
-173.193226405 200.534108534 5.750000000 5.750000000 2.925000000
-163.210182188 206.901389678 5.750000000 5.750000000 2.925000000
-152.993340958 212.886337153 5.750000000 5.750000000 2.925000000
-142.557338241 218.480377578 5.750000000 5.750000000 2.925000000
-131.917123509 223.675497545 5.750000000 5.750000000 2.925000000
-121.087938769 228.464255094 5.750000000 5.750000000 2.925000000
-110.085296723 232.839790376 5.750000000 5.750000000 2.925000000
-98.924958550 236.795835480 5.750000000 5.750000000 2.925000000
-87.622911327 240.326723408 5.750000000 5.750000000 2.925000000
-76.195345127 243.427396197 5.750000000 5.750000000 2.925000000
-64.658629829 246.093412165 5.750000000 5.750000000 2.925000000
-53.029291667 248.320952268 5.750000000 5.750000000 2.925000000
-41.323989556 250.106825577 5.750000000 5.750000000 2.925000000
-29.559491227 251.448473845 5.750000000 5.750000000 2.925000000
-17.752649212 252.343975175 5.750000000 5.750000000 2.925000000
-5.920376698 252.792046769 5.750000000 5.750000000 2.925000000
0.000000000 261.788836179 5.750000000 5.750000000 2.925000000
12.176964752 261.558356475 5.750000000 5.750000000 2.925000000
24.336486120 260.867247523 5.750000000 5.750000000 2.925000000
36.461145705 259.716499329 5.750000000 5.750000000 2.925000000
48.533575051 258.107760330 5.750000000 5.750000000 2.925000000
60.536480518 256.043335028 5.750000000 5.750000000 2.925000000
72.452668060 253.526180694 5.750000000 5.750000000 2.925000000
84.265067852 250.559903125 5.750000000 5.750000000 2.925000000
95.956758747 247.148751487 5.750000000 5.750000000 2.925000000
107.510992509 243.297612221 5.750000000 5.750000000 2.925000000
118.911217809 239.012002047 5.750000000 5.750000000 2.925000000
130.141103936 234.298060061 5.750000000 5.750000000 2.925000000
141.184564185 229.162538938 5.750000000 5.750000000 2.925000000
152.025778906 223.612795264 5.750000000 5.750000000 2.925000000
162.649218163 217.656778992 5.750000000 5.750000000 2.925000000
173.039663981 211.303022059 5.750000000 5.750000000 2.925000000
183.182232148 204.560626161 5.750000000 5.750000000 2.925000000
193.062393532 197.439249714 5.750000000 5.750000000 2.925000000
202.665994897 189.949094021 5.750000000 5.750000000 2.925000000
211.979279176 182.100888659 5.750000000 5.750000000 2.925000000
220.988905180 173.905876106 5.750000000 5.750000000 2.925000000
229.681966705 165.375795638 5.750000000 5.750000000 2.925000000
238.046011026 156.522866515 5.750000000 5.750000000 2.925000000
246.069056730 147.359770470 5.750000000 5.750000000 2.925000000
253.739610879 137.899633552 5.750000000 5.750000000 2.925000000
261.046685481 128.156007316 5.750000000 5.750000000 2.925000000
267.979813220 118.142849411 5.750000000 5.750000000 2.925000000
274.529062457 107.874503590 5.750000000 5.750000000 2.925000000
280.685051458 97.365679160 5.750000000 5.750000000 2.925000000
286.438961826 86.631429911 5.750000000 5.750000000 2.925000000
291.782551140 75.687132550 5.750000000 5.750000000 2.925000000
296.708164760 64.548464679 5.750000000 5.750000000 2.925000000
301.208746793 53.231382333 5.750000000 5.750000000 2.925000000
305.277850197 41.752097122 5.750000000 5.750000000 2.925000000
308.909646021 30.127053011 5.750000000 5.750000000 2.925000000
312.098931753 18.372902766 5.750000000 5.750000000 2.925000000
314.841138772 6.506484092 5.750000000 5.750000000 2.925000000
317.132338892 -5.455204479 5.750000000 5.750000000 2.925000000
318.969249991 -17.495027945 5.750000000 5.750000000 2.925000000
320.349240713 -29.595739374 5.750000000 5.750000000 2.925000000
321.270334232 -41.740004613 5.750000000 5.750000000 2.925000000
321.731211093 -53.910427119 5.750000000 5.750000000 2.925000000
321.731211093 -66.089572881 5.750000000 5.750000000 2.925000000
321.270334232 -78.259995387 5.750000000 5.750000000 2.925000000
320.349240713 -90.404260626 5.750000000 5.750000000 2.925000000
318.969249991 -102.504972055 5.750000000 5.750000000 2.925000000
317.132338892 -114.544795521 5.750000000 5.750000000 2.925000000
314.841138772 -126.506484092 5.750000000 5.750000000 2.925000000
312.098931753 -138.372902766 5.750000000 5.750000000 2.925000000
308.909646021 -150.127053011 5.750000000 5.750000000 2.925000000
305.277850197 -161.752097122 5.750000000 5.750000000 2.925000000
301.208746793 -173.231382333 5.750000000 5.750000000 2.925000000
296.708164760 -184.548464679 5.750000000 5.750000000 2.925000000
-296.708164760 -184.548464679 5.750000000 5.750000000 2.925000000
-301.208746793 -173.231382333 5.750000000 5.750000000 2.925000000
-305.277850197 -161.752097122 5.750000000 5.750000000 2.925000000
-308.909646021 -150.127053011 5.750000000 5.750000000 2.925000000
-312.098931753 -138.372902766 5.750000000 5.750000000 2.925000000
-314.841138772 -126.506484092 5.750000000 5.750000000 2.925000000
-317.132338892 -114.544795521 5.750000000 5.750000000 2.925000000
-318.969249991 -102.504972055 5.750000000 5.750000000 2.925000000
-320.349240713 -90.404260626 5.750000000 5.750000000 2.925000000
-321.270334232 -78.259995387 5.750000000 5.750000000 2.925000000
-321.731211093 -66.089572881 5.750000000 5.750000000 2.925000000
-321.731211093 -53.910427119 5.750000000 5.750000000 2.925000000
-321.270334232 -41.740004613 5.750000000 5.750000000 2.925000000
-320.349240713 -29.595739374 5.750000000 5.750000000 2.925000000
-318.969249991 -17.495027945 5.750000000 5.750000000 2.925000000
-317.132338892 -5.455204479 5.750000000 5.750000000 2.925000000
-314.841138772 6.506484092 5.750000000 5.750000000 2.925000000
-312.098931753 18.372902766 5.750000000 5.750000000 2.925000000
-308.909646021 30.127053011 5.750000000 5.750000000 2.925000000
-305.277850197 41.752097122 5.750000000 5.750000000 2.925000000
-301.208746793 53.231382333 5.750000000 5.750000000 2.925000000
-296.708164760 64.548464679 5.750000000 5.750000000 2.925000000
-291.782551140 75.687132550 5.750000000 5.750000000 2.925000000
-286.438961826 86.631429911 5.750000000 5.750000000 2.925000000
-280.685051458 97.365679160 5.750000000 5.750000000 2.925000000
-274.529062457 107.874503590 5.750000000 5.750000000 2.925000000
-267.979813220 118.142849411 5.750000000 5.750000000 2.925000000
-261.046685481 128.156007316 5.750000000 5.750000000 2.925000000
-253.739610879 137.899633552 5.750000000 5.750000000 2.925000000
-246.069056730 147.359770470 5.750000000 5.750000000 2.925000000
-238.046011026 156.522866515 5.750000000 5.750000000 2.925000000
-229.681966705 165.375795638 5.750000000 5.750000000 2.925000000
-220.988905180 173.905876106 5.750000000 5.750000000 2.925000000
-211.979279176 182.100888659 5.750000000 5.750000000 2.925000000
-202.665994897 189.949094021 5.750000000 5.750000000 2.925000000
-193.062393532 197.439249714 5.750000000 5.750000000 2.925000000
-183.182232148 204.560626161 5.750000000 5.750000000 2.925000000
-173.039663981 211.303022059 5.750000000 5.750000000 2.925000000
-162.649218163 217.656778992 5.750000000 5.750000000 2.925000000
-152.025778906 223.612795264 5.750000000 5.750000000 2.925000000
-141.184564185 229.162538938 5.750000000 5.750000000 2.925000000
-130.141103936 234.298060061 5.750000000 5.750000000 2.925000000
-118.911217809 239.012002047 5.750000000 5.750000000 2.925000000
-107.510992509 243.297612221 5.750000000 5.750000000 2.925000000
-95.956758747 247.148751487 5.750000000 5.750000000 2.925000000
-84.265067852 250.559903125 5.750000000 5.750000000 2.925000000
-72.452668060 253.526180694 5.750000000 5.750000000 2.925000000
-60.536480518 256.043335028 5.750000000 5.750000000 2.925000000
-48.533575051 258.107760330 5.750000000 5.750000000 2.925000000
-36.461145705 259.716499329 5.750000000 5.750000000 2.925000000
-24.336486120 260.867247523 5.750000000 5.750000000 2.925000000
-12.176964752 261.558356475 5.750000000 5.750000000 2.925000000
10.768884392 272.384442026 5.750000000 5.750000000 2.925000000
21.526473712 271.861412492 5.750000000 5.750000000 2.925000000
32.261484733 270.990306164 5.750000000 5.750000000 2.925000000
42.962657912 269.772036712 5.750000000 5.750000000 2.925000000
53.618769196 268.207881931 5.750000000 5.750000000 2.925000000
64.218641795 266.299482405 5.750000000 5.750000000 2.925000000
85.205270376 261.458314672 5.750000000 5.750000000 2.925000000
95.570014283 258.530624182 5.750000000 5.750000000 2.925000000
105.834518442 255.268839053 5.750000000 5.750000000 2.925000000
115.988016806 251.676380448 5.750000000 5.750000000 2.925000000
126.019859758 247.757016359 5.750000000 5.750000000 2.925000000
135.919525279 243.514857659 5.750000000 5.750000000 2.925000000
155.280940027 234.080288078 5.750000000 5.750000000 2.925000000
164.722381803 228.897772758 5.750000000 5.750000000 2.925000000
173.991052548 223.412243569 5.750000000 5.750000000 2.925000000
183.077230706 217.629454073 5.750000000 5.750000000 2.925000000
191.971386129 211.555469618 5.750000000 5.750000000 2.925000000
200.664190078 205.196660974 5.750000000 5.750000000 2.925000000
217.409494102 191.651540917 5.750000000 5.750000000 2.925000000
225.444430666 184.479436464 5.750000000 5.750000000 2.925000000
233.242907153 177.050906842 5.750000000 5.750000000 2.925000000
240.796744039 169.373743554 5.750000000 5.750000000 2.925000000
248.098018393 161.455998883 5.750000000 5.750000000 2.925000000
255.139072186 153.305977450 5.750000000 5.750000000 2.925000000
268.411258396 136.343531948 5.750000000 5.750000000 2.925000000
274.628470124 127.548899142 5.750000000 5.750000000 2.925000000
280.557634510 118.557553439 5.750000000 5.750000000 2.925000000
286.192532680 109.378925520 5.750000000 5.750000000 2.925000000
291.527254403 100.022642497 5.750000000 5.750000000 2.925000000
296.556204295 90.498517821 5.750000000 5.750000000 2.925000000
305.676016128 70.986867036 5.750000000 5.750000000 2.925000000
309.757312647 61.019805955 5.750000000 5.750000000 2.925000000
313.513716520 50.925811810 5.750000000 5.750000000 2.925000000
316.941287797 40.715471806 5.750000000 5.750000000 2.925000000
320.036431431 30.399495180 5.750000000 5.750000000 2.925000000
322.795901042 19.988701966 5.750000000 5.750000000 2.925000000
327.296596098 -1.073568287 5.750000000 5.750000000 2.925000000
329.033100935 -11.702953914 5.750000000 5.750000000 2.925000000
330.424495486 -22.382996474 5.750000000 5.750000000 2.925000000
331.469320370 -33.102494075 5.750000000 5.750000000 2.925000000
332.166479710 -43.850203446 5.750000000 5.750000000 2.925000000
332.515242282 -54.614851723 5.750000000 5.750000000 2.925000000
332.166479710 -76.149796554 5.750000000 5.750000000 2.925000000
331.469320370 -86.897505925 5.750000000 5.750000000 2.925000000
330.424495486 -97.617003526 5.750000000 5.750000000 2.925000000
329.033100935 -108.297046086 5.750000000 5.750000000 2.925000000
327.296596098 -118.926431713 5.750000000 5.750000000 2.925000000
-327.296596098 -118.926431713 5.750000000 5.750000000 2.925000000
-329.033100935 -108.297046086 5.750000000 5.750000000 2.925000000
-330.424495486 -97.617003526 5.750000000 5.750000000 2.925000000
-331.469320370 -86.897505925 5.750000000 5.750000000 2.925000000
-332.166479710 -76.149796554 5.750000000 5.750000000 2.925000000
-332.515242282 -54.614851723 5.750000000 5.750000000 2.925000000
-332.166479710 -43.850203446 5.750000000 5.750000000 2.925000000
-331.469320370 -33.102494075 5.750000000 5.750000000 2.925000000
-330.424495486 -22.382996474 5.750000000 5.750000000 2.925000000
-329.033100935 -11.702953914 5.750000000 5.750000000 2.925000000
-327.296596098 -1.073568287 5.750000000 5.750000000 2.925000000
-322.795901042 19.988701966 5.750000000 5.750000000 2.925000000
-320.036431431 30.399495180 5.750000000 5.750000000 2.925000000
-316.941287797 40.715471806 5.750000000 5.750000000 2.925000000
-313.513716520 50.925811810 5.750000000 5.750000000 2.925000000
-309.757312647 61.019805955 5.750000000 5.750000000 2.925000000
-305.676016128 70.986867036 5.750000000 5.750000000 2.925000000
-296.556204295 90.498517821 5.750000000 5.750000000 2.925000000
-291.527254403 100.022642497 5.750000000 5.750000000 2.925000000
-286.192532680 109.378925520 5.750000000 5.750000000 2.925000000
-280.557634510 118.557553439 5.750000000 5.750000000 2.925000000
-274.628470124 127.548899142 5.750000000 5.750000000 2.925000000
-268.411258396 136.343531948 5.750000000 5.750000000 2.925000000
-255.139072186 153.305977450 5.750000000 5.750000000 2.925000000
-248.098018393 161.455998883 5.750000000 5.750000000 2.925000000
-240.796744039 169.373743554 5.750000000 5.750000000 2.925000000
-233.242907153 177.050906842 5.750000000 5.750000000 2.925000000
-225.444430666 184.479436464 5.750000000 5.750000000 2.925000000
-217.409494102 191.651540917 5.750000000 5.750000000 2.925000000
-200.664190078 205.196660974 5.750000000 5.750000000 2.925000000
-191.971386129 211.555469618 5.750000000 5.750000000 2.925000000
-183.077230706 217.629454073 5.750000000 5.750000000 2.925000000
-173.991052548 223.412243569 5.750000000 5.750000000 2.925000000
-164.722381803 228.897772758 5.750000000 5.750000000 2.925000000
-155.280940027 234.080288078 5.750000000 5.750000000 2.925000000
-135.919525279 243.514857659 5.750000000 5.750000000 2.925000000
-126.019859758 247.757016359 5.750000000 5.750000000 2.925000000
-115.988016806 251.676380448 5.750000000 5.750000000 2.925000000
-105.834518442 255.268839053 5.750000000 5.750000000 2.925000000
-95.570014283 258.530624182 5.750000000 5.750000000 2.925000000
-85.205270376 261.458314672 5.750000000 5.750000000 2.925000000
-64.218641795 266.299482405 5.750000000 5.750000000 2.925000000
-53.618769196 268.207881931 5.750000000 5.750000000 2.925000000
-42.962657912 269.772036712 5.750000000 5.750000000 2.925000000
-32.261484733 270.990306164 5.750000000 5.750000000 2.925000000
-21.526473712 271.861412492 5.750000000 5.750000000 2.925000000
-10.768884392 272.384442026 5.750000000 5.750000000 2.925000000
5.535475240 281.797439167 5.750000000 5.750000000 2.925000000
16.600619771 281.438940853 5.750000000 5.750000000 2.925000000
27.648352545 280.722320239 5.750000000 5.750000000 2.925000000
38.667086015 279.648328962 5.750000000 5.750000000 2.925000000
49.645263051 278.218093490 5.750000000 5.750000000 2.925000000
60.571369061 276.433113943 5.750000000 5.750000000 2.925000000
71.433944070 274.295262518 5.750000000 5.750000000 2.925000000
82.221594736 271.806781526 5.750000000 5.750000000 2.925000000
92.923006303 268.970281039 5.750000000 5.750000000 2.925000000
103.526954468 265.788736156 5.750000000 5.750000000 2.925000000
114.022317155 262.265483876 5.750000000 5.750000000 2.925000000
124.398086176 258.404219607 5.750000000 5.750000000 2.925000000
134.643378782 254.208993279 5.750000000 5.750000000 2.925000000
144.747449078 249.684205107 5.750000000 5.750000000 2.925000000
154.699699288 244.834600969 5.750000000 5.750000000 2.925000000
164.489690876 239.665267429 5.750000000 5.750000000 2.925000000
174.107155492 234.181626404 5.750000000 5.750000000 2.925000000
183.542005745 228.389429478 5.750000000 5.750000000 2.925000000
192.784345780 222.294751863 5.750000000 5.750000000 2.925000000
201.824481658 215.903986037 5.750000000 5.750000000 2.925000000
210.652931525 209.223835029 5.750000000 5.750000000 2.925000000
219.260435555 202.261305395 5.750000000 5.750000000 2.925000000
227.637965667 195.023699868 5.750000000 5.750000000 2.925000000
235.776734988 187.518609696 5.750000000 5.750000000 2.925000000
243.668207072 179.753906683 5.750000000 5.750000000 2.925000000
251.304104855 171.737734930 5.750000000 5.750000000 2.925000000
258.676419335 163.478502293 5.750000000 5.750000000 2.925000000
265.777417973 154.984871568 5.750000000 5.750000000 2.925000000
272.599652800 146.265751400 5.750000000 5.750000000 2.925000000
279.135968235 137.330286943 5.750000000 5.750000000 2.925000000
285.379508585 128.187850264 5.750000000 5.750000000 2.925000000
291.323725240 118.848030517 5.750000000 5.750000000 2.925000000
296.962383536 109.320623883 5.750000000 5.750000000 2.925000000
302.289569299 99.615623297 5.750000000 5.750000000 2.925000000
307.299695047 89.743207963 5.750000000 5.750000000 2.925000000
311.987505851 79.713732683 5.750000000 5.750000000 2.925000000
316.348084844 69.537716990 5.750000000 5.750000000 2.925000000
320.376858381 59.225834119 5.750000000 5.750000000 2.925000000
324.069600834 48.788899813 5.750000000 5.750000000 2.925000000
327.422439027 38.237860974 5.750000000 5.750000000 2.925000000
330.431856296 27.583784184 5.750000000 5.750000000 2.925000000
333.094696177 16.837844099 5.750000000 5.750000000 2.925000000
335.408165720 6.011311727 5.750000000 5.750000000 2.925000000
337.369838413 -4.884457396 5.750000000 5.750000000 2.925000000
338.977656734 -15.838035113 5.750000000 5.750000000 2.925000000
340.229934302 -26.837932632 5.750000000 5.750000000 2.925000000
341.125357652 -37.872612580 5.750000000 5.750000000 2.925000000
341.662987609 -48.930501102 5.750000000 5.750000000 2.925000000
341.842260271 -60.000000000 5.750000000 5.750000000 2.925000000
341.662987609 -71.069498898 5.750000000 5.750000000 2.925000000
-341.662987609 -71.069498898 5.750000000 5.750000000 2.925000000
-341.842260271 -60.000000000 5.750000000 5.750000000 2.925000000
-341.662987609 -48.930501102 5.750000000 5.750000000 2.925000000
-341.125357652 -37.872612580 5.750000000 5.750000000 2.925000000
-340.229934302 -26.837932632 5.750000000 5.750000000 2.925000000
-338.977656734 -15.838035113 5.750000000 5.750000000 2.925000000
-337.369838413 -4.884457396 5.750000000 5.750000000 2.925000000
-335.408165720 6.011311727 5.750000000 5.750000000 2.925000000
-333.094696177 16.837844099 5.750000000 5.750000000 2.925000000
-330.431856296 27.583784184 5.750000000 5.750000000 2.925000000
-327.422439027 38.237860974 5.750000000 5.750000000 2.925000000
-324.069600834 48.788899813 5.750000000 5.750000000 2.925000000
-320.376858381 59.225834119 5.750000000 5.750000000 2.925000000
-316.348084844 69.537716990 5.750000000 5.750000000 2.925000000
-311.987505851 79.713732683 5.750000000 5.750000000 2.925000000
-307.299695047 89.743207963 5.750000000 5.750000000 2.925000000
-302.289569299 99.615623297 5.750000000 5.750000000 2.925000000
-296.962383536 109.320623883 5.750000000 5.750000000 2.925000000
-291.323725240 118.848030517 5.750000000 5.750000000 2.925000000
-285.379508585 128.187850264 5.750000000 5.750000000 2.925000000
-279.135968235 137.330286943 5.750000000 5.750000000 2.925000000
-272.599652800 146.265751400 5.750000000 5.750000000 2.925000000
-265.777417973 154.984871568 5.750000000 5.750000000 2.925000000
-258.676419335 163.478502293 5.750000000 5.750000000 2.925000000
-251.304104855 171.737734930 5.750000000 5.750000000 2.925000000
-243.668207072 179.753906683 5.750000000 5.750000000 2.925000000
-235.776734988 187.518609696 5.750000000 5.750000000 2.925000000
-227.637965667 195.023699868 5.750000000 5.750000000 2.925000000
-219.260435555 202.261305395 5.750000000 5.750000000 2.925000000
-210.652931525 209.223835029 5.750000000 5.750000000 2.925000000
-201.824481658 215.903986037 5.750000000 5.750000000 2.925000000
-192.784345780 222.294751863 5.750000000 5.750000000 2.925000000
-183.542005745 228.389429478 5.750000000 5.750000000 2.925000000
-174.107155492 234.181626404 5.750000000 5.750000000 2.925000000
-164.489690876 239.665267429 5.750000000 5.750000000 2.925000000
-154.699699288 244.834600969 5.750000000 5.750000000 2.925000000
-144.747449078 249.684205107 5.750000000 5.750000000 2.925000000
-134.643378782 254.208993279 5.750000000 5.750000000 2.925000000
-124.398086176 258.404219607 5.750000000 5.750000000 2.925000000
-114.022317155 262.265483876 5.750000000 5.750000000 2.925000000
-103.526954468 265.788736156 5.750000000 5.750000000 2.925000000
-92.923006303 268.970281039 5.750000000 5.750000000 2.925000000
-82.221594736 271.806781526 5.750000000 5.750000000 2.925000000
-71.433944070 274.295262518 5.750000000 5.750000000 2.925000000
-60.571369061 276.433113943 5.750000000 5.750000000 2.925000000
-49.645263051 278.218093490 5.750000000 5.750000000 2.925000000
-38.667086015 279.648328962 5.750000000 5.750000000 2.925000000
-27.648352545 280.722320239 5.750000000 5.750000000 2.925000000
-16.600619771 281.438940853 5.750000000 5.750000000 2.925000000
-5.535475240 281.797439167 5.750000000 5.750000000 2.925000000
0.000000000 291.036032060 5.750000000 5.750000000 2.925000000
11.367210616 290.851937899 5.750000000 5.750000000 2.925000000
22.722498598 290.299848504 5.750000000 5.750000000 2.925000000
34.053953817 289.380342941 5.750000000 5.750000000 2.925000000
45.349691141 288.094385645 5.750000000 5.750000000 2.925000000
56.597862901 286.443325408 5.750000000 5.750000000 2.925000000
67.786671318 284.428893962 5.750000000 5.750000000 2.925000000
78.904380878 282.053204170 5.750000000 5.750000000 2.925000000
89.939330639 279.318747800 5.750000000 5.750000000 2.925000000
100.879946461 276.228392921 5.750000000 5.750000000 2.925000000
111.714753150 272.785380888 5.750000000 5.750000000 2.925000000
122.432386490 268.993322945 5.750000000 5.750000000 2.925000000
133.021605164 264.856196438 5.750000000 5.750000000 2.925000000
143.471302542 260.378340640 5.750000000 5.750000000 2.925000000
153.770518337 255.564452204 5.750000000 5.750000000 2.925000000
163.908450092 250.419580234 5.750000000 5.750000000 2.925000000
173.874464517 244.949120991 5.750000000 5.750000000 2.925000000
183.658108639 239.158812231 5.750000000 5.750000000 2.925000000
193.249120767 233.054727188 5.750000000 5.750000000 2.925000000
202.637441253 226.643268204 5.750000000 5.750000000 2.925000000
211.813223046 219.931160015 5.750000000 5.750000000 2.925000000
220.766842018 212.925442695 5.750000000 5.750000000 2.925000000
229.488907057 205.633464274 5.750000000 5.750000000 2.925000000
237.970269924 198.062873030 5.750000000 5.750000000 2.925000000
246.202034839 190.221609469 5.750000000 5.750000000 2.925000000
254.175567818 182.117897993 5.750000000 5.750000000 2.925000000
261.882505726 173.760238276 5.750000000 5.750000000 2.925000000
269.314765049 165.157396350 5.750000000 5.750000000 2.925000000
276.464550373 156.318395407 5.750000000 5.750000000 2.925000000
283.324362561 147.252506339 5.750000000 5.750000000 2.925000000
289.887006618 137.969238011 5.750000000 5.750000000 2.925000000
296.145599235 128.478327291 5.750000000 5.750000000 2.925000000
302.093576013 118.789728832 5.750000000 5.750000000 2.925000000
307.724698347 108.913604637 5.750000000 5.750000000 2.925000000
313.033059967 98.860313396 5.750000000 5.750000000 2.925000000
318.013093133 88.640399624 5.750000000 5.750000000 2.925000000
322.659574480 78.264582598 5.750000000 5.750000000 2.925000000
326.967630489 67.743745119 5.750000000 5.750000000 2.925000000
330.932742605 57.088922091 5.750000000 5.750000000 2.925000000
334.550751973 46.311288952 5.750000000 5.750000000 2.925000000
337.817863801 35.422149952 5.750000000 5.750000000 2.925000000
340.730651339 24.432926294 5.750000000 5.750000000 2.925000000
343.286059476 13.355144156 5.750000000 5.750000000 2.925000000
345.481407941 2.200422601 5.750000000 5.750000000 2.925000000
347.314394117 -9.019538608 5.750000000 5.750000000 2.925000000
348.783095454 -20.292971281 5.750000000 5.750000000 2.925000000
-348.783095454 -20.292971281 5.750000000 5.750000000 2.925000000
-347.314394117 -9.019538608 5.750000000 5.750000000 2.925000000
-345.481407941 2.200422601 5.750000000 5.750000000 2.925000000
-343.286059476 13.355144156 5.750000000 5.750000000 2.925000000
-340.730651339 24.432926294 5.750000000 5.750000000 2.925000000
-337.817863801 35.422149952 5.750000000 5.750000000 2.925000000
-334.550751973 46.311288952 5.750000000 5.750000000 2.925000000
-330.932742605 57.088922091 5.750000000 5.750000000 2.925000000
-326.967630489 67.743745119 5.750000000 5.750000000 2.925000000
-322.659574480 78.264582598 5.750000000 5.750000000 2.925000000
-318.013093133 88.640399624 5.750000000 5.750000000 2.925000000
-313.033059967 98.860313396 5.750000000 5.750000000 2.925000000
-307.724698347 108.913604637 5.750000000 5.750000000 2.925000000
-302.093576013 118.789728832 5.750000000 5.750000000 2.925000000
-296.145599235 128.478327291 5.750000000 5.750000000 2.925000000
-289.887006618 137.969238011 5.750000000 5.750000000 2.925000000
-283.324362561 147.252506339 5.750000000 5.750000000 2.925000000
-276.464550373 156.318395407 5.750000000 5.750000000 2.925000000
-269.314765049 165.157396350 5.750000000 5.750000000 2.925000000
-261.882505726 173.760238276 5.750000000 5.750000000 2.925000000
-254.175567818 182.117897993 5.750000000 5.750000000 2.925000000
-246.202034839 190.221609469 5.750000000 5.750000000 2.925000000
-237.970269924 198.062873030 5.750000000 5.750000000 2.925000000
-229.488907057 205.633464274 5.750000000 5.750000000 2.925000000
-220.766842018 212.925442695 5.750000000 5.750000000 2.925000000
-211.813223046 219.931160015 5.750000000 5.750000000 2.925000000
-202.637441253 226.643268204 5.750000000 5.750000000 2.925000000
-193.249120767 233.054727188 5.750000000 5.750000000 2.925000000
-183.658108639 239.158812231 5.750000000 5.750000000 2.925000000
-173.874464517 244.949120991 5.750000000 5.750000000 2.925000000
-163.908450092 250.419580234 5.750000000 5.750000000 2.925000000
-153.770518337 255.564452204 5.750000000 5.750000000 2.925000000
-143.471302542 260.378340640 5.750000000 5.750000000 2.925000000
-133.021605164 264.856196438 5.750000000 5.750000000 2.925000000
-122.432386490 268.993322945 5.750000000 5.750000000 2.925000000
-111.714753150 272.785380888 5.750000000 5.750000000 2.925000000
-100.879946461 276.228392921 5.750000000 5.750000000 2.925000000
-89.939330639 279.318747800 5.750000000 5.750000000 2.925000000
-78.904380878 282.053204170 5.750000000 5.750000000 2.925000000
-67.786671318 284.428893962 5.750000000 5.750000000 2.925000000
-56.597862901 286.443325408 5.750000000 5.750000000 2.925000000
-45.349691141 288.094385645 5.750000000 5.750000000 2.925000000
-34.053953817 289.380342941 5.750000000 5.750000000 2.925000000
-22.722498598 290.299848504 5.750000000 5.750000000 2.925000000
-11.367210616 290.851937899 5.750000000 5.750000000 2.925000000
5.831735374 300.090530692 5.750000000 5.750000000 2.925000000
17.489089438 299.712845451 5.750000000 5.750000000 2.925000000
29.128099862 298.957871107 5.750000000 5.750000000 2.925000000
40.736558932 297.826399526 5.750000000 5.750000000 2.925000000
52.302290976 296.319617465 5.750000000 5.750000000 2.925000000
63.813165140 294.439105329 5.750000000 5.750000000 2.925000000
75.257108105 292.186835517 5.750000000 5.750000000 2.925000000
86.622116757 289.565170347 5.750000000 5.750000000 2.925000000
97.896270770 286.576859587 5.750000000 5.750000000 2.925000000
109.067745113 283.225037559 5.750000000 5.750000000 2.925000000
120.124822453 279.513219864 5.750000000 5.750000000 2.925000000
131.055905443 275.445299684 5.750000000 5.750000000 2.925000000
141.849528885 271.025543707 5.750000000 5.750000000 2.925000000
152.494371759 266.258587647 5.750000000 5.750000000 2.925000000
162.979269096 261.149431381 5.750000000 5.750000000 2.925000000
173.293223685 255.703433710 5.750000000 5.750000000 2.925000000
183.425417613 249.926306733 5.750000000 5.750000000 2.925000000
193.365223608 243.824109857 5.750000000 5.750000000 2.925000000
203.102216185 237.403243446 5.750000000 5.750000000 2.925000000
212.626182583 230.670442102 5.750000000 5.750000000 2.925000000
221.927133478 223.632767602 5.750000000 5.750000000 2.925000000
230.995313456 216.297601497 5.750000000 5.750000000 2.925000000
239.821211248 208.672637362 5.750000000 5.750000000 2.925000000
248.395569708 200.765872731 5.750000000 5.750000000 2.925000000
256.709395515 192.585600709 5.750000000 5.750000000 2.925000000
264.753968616 184.140401272 5.750000000 5.750000000 2.925000000
272.520851364 175.439132268 5.750000000 5.750000000 2.925000000
280.001897372 166.490920126 5.750000000 5.750000000 2.925000000
287.189260055 157.305150285 5.750000000 5.750000000 2.925000000
294.075400863 147.891457350 5.750000000 5.750000000 2.925000000
300.653097184 138.259714983 5.750000000 5.750000000 2.925000000
306.915449924 128.420025554 5.750000000 5.750000000 2.925000000
312.855890739 118.382709536 5.750000000 5.750000000 2.925000000
318.468188927 108.158294690 5.750000000 5.750000000 2.925000000
323.746457963 97.757505014 5.750000000 5.750000000 2.925000000
328.685161671 87.191249499 5.750000000 5.750000000 2.925000000
333.279120032 76.470610690 5.750000000 5.750000000 2.925000000
337.523514620 65.606833055 5.750000000 5.750000000 2.925000000
341.413893650 54.611311198 5.750000000 5.750000000 2.925000000
344.946176651 43.495577902 5.750000000 5.750000000 2.925000000
348.116658747 32.271292037 5.750000000 5.750000000 2.925000000
-348.116658747 32.271292037 5.750000000 5.750000000 2.925000000
-344.946176651 43.495577902 5.750000000 5.750000000 2.925000000
-341.413893650 54.611311198 5.750000000 5.750000000 2.925000000
-337.523514620 65.606833055 5.750000000 5.750000000 2.925000000
-333.279120032 76.470610690 5.750000000 5.750000000 2.925000000
-328.685161671 87.191249499 5.750000000 5.750000000 2.925000000
-323.746457963 97.757505014 5.750000000 5.750000000 2.925000000
-318.468188927 108.158294690 5.750000000 5.750000000 2.925000000
-312.855890739 118.382709536 5.750000000 5.750000000 2.925000000
-306.915449924 128.420025554 5.750000000 5.750000000 2.925000000
-300.653097184 138.259714983 5.750000000 5.750000000 2.925000000
-294.075400863 147.891457350 5.750000000 5.750000000 2.925000000
-287.189260055 157.305150285 5.750000000 5.750000000 2.925000000
-280.001897372 166.490920126 5.750000000 5.750000000 2.925000000
-272.520851364 175.439132268 5.750000000 5.750000000 2.925000000
-264.753968616 184.140401272 5.750000000 5.750000000 2.925000000
-256.709395515 192.585600709 5.750000000 5.750000000 2.925000000
-248.395569708 200.765872731 5.750000000 5.750000000 2.925000000
-239.821211248 208.672637362 5.750000000 5.750000000 2.925000000
-230.995313456 216.297601497 5.750000000 5.750000000 2.925000000
-221.927133478 223.632767602 5.750000000 5.750000000 2.925000000
-212.626182583 230.670442102 5.750000000 5.750000000 2.925000000
-203.102216185 237.403243446 5.750000000 5.750000000 2.925000000
-193.365223608 243.824109857 5.750000000 5.750000000 2.925000000
-183.425417613 249.926306733 5.750000000 5.750000000 2.925000000
-173.293223685 255.703433710 5.750000000 5.750000000 2.925000000
-162.979269096 261.149431381 5.750000000 5.750000000 2.925000000
-152.494371759 266.258587647 5.750000000 5.750000000 2.925000000
-141.849528885 271.025543707 5.750000000 5.750000000 2.925000000
-131.055905443 275.445299684 5.750000000 5.750000000 2.925000000
-120.124822453 279.513219864 5.750000000 5.750000000 2.925000000
-109.067745113 283.225037559 5.750000000 5.750000000 2.925000000
-97.896270770 286.576859587 5.750000000 5.750000000 2.925000000
-86.622116757 289.565170347 5.750000000 5.750000000 2.925000000
-75.257108105 292.186835517 5.750000000 5.750000000 2.925000000
-63.813165140 294.439105329 5.750000000 5.750000000 2.925000000
-52.302290976 296.319617465 5.750000000 5.750000000 2.925000000
-40.736558932 297.826399526 5.750000000 5.750000000 2.925000000
-29.128099862 298.957871107 5.750000000 5.750000000 2.925000000
-17.489089438 299.712845451 5.750000000 5.750000000 2.925000000
-5.831735374 300.090530692 5.750000000 5.750000000 2.925000000
0.000000000 309.145029221 5.750000000 5.750000000 2.925000000
11.953614193 308.951438141 5.750000000 5.750000000 2.925000000
23.894690695 308.370867951 5.750000000 5.750000000 2.925000000
35.810704967 307.403927590 5.750000000 5.750000000 2.925000000
47.689158754 306.051631243 5.750000000 5.750000000 2.925000000
59.517593199 304.315397284 5.750000000 5.750000000 2.925000000
71.283601907 302.197046782 5.750000000 5.750000000 2.925000000
82.974843961 299.698801594 5.750000000 5.750000000 2.925000000
94.579056862 296.823282034 5.750000000 5.750000000 2.925000000
106.084069392 293.573504126 5.750000000 5.750000000 2.925000000
117.477814383 289.952876437 5.750000000 5.750000000 2.925000000
128.748341369 285.965196506 5.750000000 5.750000000 2.925000000
139.883829125 281.614646858 5.750000000 5.750000000 2.925000000
150.872598060 276.905790620 5.750000000 5.750000000 2.925000000
161.703122473 271.843566731 5.750000000 5.750000000 2.925000000
172.364042642 266.433284766 5.750000000 5.750000000 2.925000000
182.844176731 260.680619362 5.750000000 5.750000000 2.925000000
193.132532528 254.591604271 5.750000000 5.750000000 2.925000000
203.218318968 248.172626030 5.750000000 5.750000000 2.925000000
213.090957455 241.430417260 5.750000000 5.750000000 2.925000000
222.740092953 234.372049607 5.750000000 5.750000000 2.925000000
232.155604852 227.004926325 5.750000000 5.750000000 2.925000000
241.327617580 219.336774507 5.750000000 5.750000000 2.925000000
250.246510962 211.375636987 5.750000000 5.750000000 2.925000000
258.902930311 203.129863898 5.750000000 5.750000000 2.925000000
267.287796238 194.608103918 5.750000000 5.750000000 2.925000000
275.392314178 185.819295196 5.750000000 5.750000000 2.925000000
283.207983608 176.772655978 5.750000000 5.750000000 2.925000000
290.726606973 167.477674941 5.750000000 5.750000000 2.925000000
297.940298273 157.944101235 5.750000000 5.750000000 2.925000000
304.841491344 148.181934264 5.750000000 5.750000000 2.925000000
311.422947786 138.201413191 5.750000000 5.750000000 2.925000000
317.677764560 128.013006206 5.750000000 5.750000000 2.925000000
323.599381228 117.627399540 5.750000000 5.750000000 2.925000000
329.181586831 107.055486261 5.750000000 5.750000000 2.925000000
334.418526407 96.308354845 5.750000000 5.750000000 2.925000000
339.304707129 85.397277550 5.750000000 5.750000000 2.925000000
-339.304707129 85.397277550 5.750000000 5.750000000 2.925000000
-334.418526407 96.308354845 5.750000000 5.750000000 2.925000000
-329.181586831 107.055486261 5.750000000 5.750000000 2.925000000
-323.599381228 117.627399540 5.750000000 5.750000000 2.925000000
-317.677764560 128.013006206 5.750000000 5.750000000 2.925000000
-311.422947786 138.201413191 5.750000000 5.750000000 2.925000000
-304.841491344 148.181934264 5.750000000 5.750000000 2.925000000
-297.940298273 157.944101235 5.750000000 5.750000000 2.925000000
-290.726606973 167.477674941 5.750000000 5.750000000 2.925000000
-283.207983608 176.772655978 5.750000000 5.750000000 2.925000000
-275.392314178 185.819295196 5.750000000 5.750000000 2.925000000
-267.287796238 194.608103918 5.750000000 5.750000000 2.925000000
-258.902930311 203.129863898 5.750000000 5.750000000 2.925000000
-250.246510962 211.375636987 5.750000000 5.750000000 2.925000000
-241.327617580 219.336774507 5.750000000 5.750000000 2.925000000
-232.155604852 227.004926325 5.750000000 5.750000000 2.925000000
-222.740092953 234.372049607 5.750000000 5.750000000 2.925000000
-213.090957455 241.430417260 5.750000000 5.750000000 2.925000000
-203.218318968 248.172626030 5.750000000 5.750000000 2.925000000
-193.132532528 254.591604271 5.750000000 5.750000000 2.925000000
-182.844176731 260.680619362 5.750000000 5.750000000 2.925000000
-172.364042642 266.433284766 5.750000000 5.750000000 2.925000000
-161.703122473 271.843566731 5.750000000 5.750000000 2.925000000
-150.872598060 276.905790620 5.750000000 5.750000000 2.925000000
-139.883829125 281.614646858 5.750000000 5.750000000 2.925000000
-128.748341369 285.965196506 5.750000000 5.750000000 2.925000000
-117.477814383 289.952876437 5.750000000 5.750000000 2.925000000
-106.084069392 293.573504126 5.750000000 5.750000000 2.925000000
-94.579056862 296.823282034 5.750000000 5.750000000 2.925000000
-82.974843961 299.698801594 5.750000000 5.750000000 2.925000000
-71.283601907 302.197046782 5.750000000 5.750000000 2.925000000
-59.517593199 304.315397284 5.750000000 5.750000000 2.925000000
-47.689158754 306.051631243 5.750000000 5.750000000 2.925000000
-35.810704967 307.403927590 5.750000000 5.750000000 2.925000000
-23.894690695 308.370867951 5.750000000 5.750000000 2.925000000
-11.953614193 308.951438141 5.750000000 5.750000000 2.925000000
10.799796491 319.761505977 5.750000000 5.750000000 2.925000000
21.590864042 319.301030339 5.750000000 5.750000000 2.925000000
32.364480768 318.533984486 5.750000000 5.750000000 2.925000000
43.111938889 317.460988384 5.750000000 5.750000000 2.925000000
53.824551767 316.082909281 5.750000000 5.750000000 2.925000000
64.493660930 314.400861012 5.750000000 5.750000000 2.925000000
75.110643064 312.416203091 5.750000000 5.750000000 2.925000000
106.563267729 304.663827377 5.750000000 5.750000000 2.925000000
116.886455058 301.487197076 5.750000000 5.750000000 2.925000000
127.115168862 298.018394599 5.750000000 5.750000000 2.925000000
137.241141778 294.260223607 5.750000000 5.750000000 2.925000000
147.256189484 290.215721642 5.750000000 5.750000000 2.925000000
157.152217314 285.888157675 5.750000000 5.750000000 2.925000000
186.046716556 271.243198096 5.750000000 5.750000000 2.925000000
195.387738643 265.820608026 5.750000000 5.750000000 2.925000000
204.570838510 260.134673314 5.750000000 5.750000000 2.925000000
213.588593911 254.189989620 5.750000000 5.750000000 2.925000000
222.433716243 247.991361737 5.750000000 5.750000000 2.925000000
231.099056432 241.543799708 5.750000000 5.750000000 2.925000000
255.947106879 220.760601771 5.750000000 5.750000000 2.925000000
263.824818112 213.371363486 5.750000000 5.750000000 2.925000000
271.489292827 205.761172684 5.750000000 5.750000000 2.925000000
278.934336209 197.936180304 5.750000000 5.750000000 2.925000000
286.153930798 189.902710900 5.750000000 5.750000000 2.925000000
293.142241354 181.667257526 5.750000000 5.750000000 2.925000000
-293.142241354 181.667257526 5.750000000 5.750000000 2.925000000
-286.153930798 189.902710900 5.750000000 5.750000000 2.925000000
-278.934336209 197.936180304 5.750000000 5.750000000 2.925000000
-271.489292827 205.761172684 5.750000000 5.750000000 2.925000000
-263.824818112 213.371363486 5.750000000 5.750000000 2.925000000
-255.947106879 220.760601771 5.750000000 5.750000000 2.925000000
-231.099056432 241.543799708 5.750000000 5.750000000 2.925000000
-222.433716243 247.991361737 5.750000000 5.750000000 2.925000000
-213.588593911 254.189989620 5.750000000 5.750000000 2.925000000
-204.570838510 260.134673314 5.750000000 5.750000000 2.925000000
-195.387738643 265.820608026 5.750000000 5.750000000 2.925000000
-186.046716556 271.243198096 5.750000000 5.750000000 2.925000000
-157.152217314 285.888157675 5.750000000 5.750000000 2.925000000
-147.256189484 290.215721642 5.750000000 5.750000000 2.925000000
-137.241141778 294.260223607 5.750000000 5.750000000 2.925000000
-127.115168862 298.018394599 5.750000000 5.750000000 2.925000000
-116.886455058 301.487197076 5.750000000 5.750000000 2.925000000
-106.563267729 304.663827377 5.750000000 5.750000000 2.925000000
-75.110643064 312.416203091 5.750000000 5.750000000 2.925000000
-64.493660930 314.400861012 5.750000000 5.750000000 2.925000000
-53.824551767 316.082909281 5.750000000 5.750000000 2.925000000
-43.111938889 317.460988384 5.750000000 5.750000000 2.925000000
-32.364480768 318.533984486 5.750000000 5.750000000 2.925000000
-21.590864042 319.301030339 5.750000000 5.750000000 2.925000000
-10.799796491 319.761505977 5.750000000 5.750000000 2.925000000
5.532354845 329.155501127 5.750000000 5.750000000 2.925000000
16.592593007 328.840966032 5.750000000 5.750000000 2.925000000
27.639420199 328.212150066 5.750000000 5.750000000 2.925000000
38.663907818 327.269561468 5.750000000 5.750000000 2.925000000
49.657145317 326.013962087 5.750000000 5.750000000 2.925000000
60.610247408 324.446366762 5.750000000 5.750000000 2.925000000
71.514361242 322.568042502 5.750000000 5.750000000 2.925000000
82.360673563 320.380507463 5.750000000 5.750000000 2.925000000
93.140417836 317.885529721 5.750000000 5.750000000 2.925000000
103.844881328 315.085125844 5.750000000 5.750000000 2.925000000
114.465412152 311.981559258 5.750000000 5.750000000 2.925000000
124.993426259 308.577338424 5.750000000 5.750000000 2.925000000
135.420414377 304.875214803 5.750000000 5.750000000 2.925000000
145.737948889 300.878180639 5.750000000 5.750000000 2.925000000
155.937690644 296.589466535 5.750000000 5.750000000 2.925000000
166.011395696 292.012538848 5.750000000 5.750000000 2.925000000
175.950921968 287.151096881 5.750000000 5.750000000 2.925000000
185.748235836 282.009069896 5.750000000 5.750000000 2.925000000
195.395418614 276.590613939 5.750000000 5.750000000 2.925000000
204.884672965 270.900108479 5.750000000 5.750000000 2.925000000
214.208329194 264.942152869 5.750000000 5.750000000 2.925000000
223.358851452 258.721562630 5.750000000 5.750000000 2.925000000
232.328843826 252.243365556 5.750000000 5.750000000 2.925000000
241.111056316 245.512797653 5.750000000 5.750000000 2.925000000
249.698390695 238.535298904 5.750000000 5.750000000 2.925000000
258.083906247 231.316508876 5.750000000 5.750000000 2.925000000
266.260825374 223.862262160 5.750000000 5.750000000 2.925000000
274.222539079 216.178583653 5.750000000 5.750000000 2.925000000
-274.222539079 216.178583653 5.750000000 5.750000000 2.925000000
-266.260825374 223.862262160 5.750000000 5.750000000 2.925000000
-258.083906247 231.316508876 5.750000000 5.750000000 2.925000000
-249.698390695 238.535298904 5.750000000 5.750000000 2.925000000
-241.111056316 245.512797653 5.750000000 5.750000000 2.925000000
-232.328843826 252.243365556 5.750000000 5.750000000 2.925000000
-223.358851452 258.721562630 5.750000000 5.750000000 2.925000000
-214.208329194 264.942152869 5.750000000 5.750000000 2.925000000
-204.884672965 270.900108479 5.750000000 5.750000000 2.925000000
-195.395418614 276.590613939 5.750000000 5.750000000 2.925000000
-185.748235836 282.009069896 5.750000000 5.750000000 2.925000000
-175.950921968 287.151096881 5.750000000 5.750000000 2.925000000
-166.011395696 292.012538848 5.750000000 5.750000000 2.925000000
-155.937690644 296.589466535 5.750000000 5.750000000 2.925000000
-145.737948889 300.878180639 5.750000000 5.750000000 2.925000000
-135.420414377 304.875214803 5.750000000 5.750000000 2.925000000
-124.993426259 308.577338424 5.750000000 5.750000000 2.925000000
-114.465412152 311.981559258 5.750000000 5.750000000 2.925000000
-103.844881328 315.085125844 5.750000000 5.750000000 2.925000000
-93.140417836 317.885529721 5.750000000 5.750000000 2.925000000
-82.360673563 320.380507463 5.750000000 5.750000000 2.925000000
-71.514361242 322.568042502 5.750000000 5.750000000 2.925000000
-60.610247408 324.446366762 5.750000000 5.750000000 2.925000000
-49.657145317 326.013962087 5.750000000 5.750000000 2.925000000
-38.663907818 327.269561468 5.750000000 5.750000000 2.925000000
-27.639420199 328.212150066 5.750000000 5.750000000 2.925000000
-16.592593007 328.840966032 5.750000000 5.750000000 2.925000000
-5.532354845 329.155501127 5.750000000 5.750000000 2.925000000
0.000000000 338.395962949 5.750000000 5.750000000 2.925000000
11.325151359 338.234961098 5.750000000 5.750000000 2.925000000
22.641149159 337.752085675 5.750000000 5.750000000 2.925000000
33.938847241 336.947726964 5.750000000 5.750000000 2.925000000
45.209114236 335.822535088 5.750000000 5.750000000 2.925000000
56.442840946 334.377419485 5.750000000 5.750000000 2.925000000
67.630947706 332.613548169 5.750000000 5.750000000 2.925000000
78.764391724 330.532346791 5.750000000 5.750000000 2.925000000
89.834174391 328.135497482 5.750000000 5.750000000 2.925000000
100.831348549 325.424937496 5.750000000 5.750000000 2.925000000
111.747025727 322.402857645 5.750000000 5.750000000 2.925000000
122.572383326 319.071700526 5.750000000 5.750000000 2.925000000
133.298671745 315.434158548 5.750000000 5.750000000 2.925000000
143.917221458 311.493171756 5.750000000 5.750000000 2.925000000
154.419450017 307.251925455 5.750000000 5.750000000 2.925000000
164.796868991 302.713847633 5.750000000 5.750000000 2.925000000
175.041090828 297.882606193 5.750000000 5.750000000 2.925000000
185.143835631 292.762105989 5.750000000 5.750000000 2.925000000
195.096937852 287.356485666 5.750000000 5.750000000 2.925000000
204.892352892 281.670114321 5.750000000 5.750000000 2.925000000
214.522163604 275.707587964 5.750000000 5.750000000 2.925000000
-214.522163604 275.707587964 5.750000000 5.750000000 2.925000000
-204.892352892 281.670114321 5.750000000 5.750000000 2.925000000
-195.096937852 287.356485666 5.750000000 5.750000000 2.925000000
-185.143835631 292.762105989 5.750000000 5.750000000 2.925000000
-175.041090828 297.882606193 5.750000000 5.750000000 2.925000000
-164.796868991 302.713847633 5.750000000 5.750000000 2.925000000
-154.419450017 307.251925455 5.750000000 5.750000000 2.925000000
-143.917221458 311.493171756 5.750000000 5.750000000 2.925000000
-133.298671745 315.434158548 5.750000000 5.750000000 2.925000000
-122.572383326 319.071700526 5.750000000 5.750000000 2.925000000
-111.747025727 322.402857645 5.750000000 5.750000000 2.925000000
-100.831348549 325.424937496 5.750000000 5.750000000 2.925000000
-89.834174391 328.135497482 5.750000000 5.750000000 2.925000000
-78.764391724 330.532346791 5.750000000 5.750000000 2.925000000
-67.630947706 332.613548169 5.750000000 5.750000000 2.925000000
-56.442840946 334.377419485 5.750000000 5.750000000 2.925000000
-45.209114236 335.822535088 5.750000000 5.750000000 2.925000000
-33.938847241 336.947726964 5.750000000 5.750000000 2.925000000
-22.641149159 337.752085675 5.750000000 5.750000000 2.925000000
-11.325151359 338.234961098 5.750000000 5.750000000 2.925000000
5.792796512 347.475422832 5.750000000 5.750000000 2.925000000
17.373707507 347.146080653 5.750000000 5.750000000 2.925000000
28.940576196 346.487662486 5.750000000 5.750000000 2.925000000
40.484053651 345.500700497 5.750000000 5.750000000 2.925000000
51.994809854 344.185992400 5.750000000 5.750000000 2.925000000
63.463541230 342.544600807 5.750000000 5.750000000 2.925000000
74.880978172 340.577852373 5.750000000 5.750000000 2.925000000
86.237892533 338.287336725 5.750000000 5.750000000 2.925000000
97.525105082 335.674905172 5.750000000 5.750000000 2.925000000
-97.525105082 335.674905172 5.750000000 5.750000000 2.925000000
-86.237892533 338.287336725 5.750000000 5.750000000 2.925000000
-74.880978172 340.577852373 5.750000000 5.750000000 2.925000000
-63.463541230 342.544600807 5.750000000 5.750000000 2.925000000
-51.994809854 344.185992400 5.750000000 5.750000000 2.925000000
-40.484053651 345.500700497 5.750000000 5.750000000 2.925000000
-28.940576196 346.487662486 5.750000000 5.750000000 2.925000000
-17.373707507 347.146080653 5.750000000 5.750000000 2.925000000
-5.792796512 347.475422832 5.750000000 5.750000000 2.925000000
