id,unit_kW_m2,optical
1,0.565082377427,0.582571359413
2,0.607996692266,0.628008694162
3,0.606519115738,0.62645335906
4,0.603966594886,0.623643659448
5,0.570950838503,0.587126640981
6,0.591593406785,0.609307475753
7,0.588017535619,0.605255864037
8,0.562843859308,0.573669457256
9,0.559505519247,0.573725372656
10,0.561419561368,0.577852881975
11,0.571915578258,0.589173780477
12,0.56640444771,0.583361290255
13,0.559064751048,0.575510136244
14,0.552691944603,0.568781180902
15,0.546760188943,0.56244057505
16,0.540047129046,0.555158373704
17,0.531823281386,0.545993838753
18,0.523627367135,0.536986412557
19,0.515384539492,0.527723859255
20,0.508776315951,0.520444433996
21,0.502522477496,0.513668722055
22,0.498043392326,0.508975277858
23,0.495005296024,0.506130405528
24,0.492682028378,0.504128095897
25,0.490659572263,0.502324867748
26,0.487251487093,0.498547506397
27,0.483747946584,0.494524134661
28,0.481729708944,0.492288917481
29,0.481177131751,0.491857599885
30,0.482898653568,0.493858982341
31,0.481299370843,0.491995676786
32,0.481488268596,0.492045094912
33,0.483744533374,0.494507709926
34,0.487113020922,0.498432545984
35,0.490840733724,0.502524640437
36,0.492876986727,0.504322380886
37,0.494753646542,0.505877233646
38,0.497907974334,0.508857177047
39,0.502662906892,0.513817089835
40,0.508645072733,0.520315394549
41,0.516016461489,0.528388992205
42,0.523626967984,0.536988966341
43,0.531563387297,0.545751080551
44,0.539533792115,0.554661011575
45,0.546929927597,0.562598277744
46,0.552506724978,0.568609692568
47,0.559053671121,0.575497896119
48,0.566591176147,0.583560830606
49,0.571805914404,0.589077601369
50,0.561612206899,0.57806969283
51,0.559563063895,0.573784000971
52,0.563195230033,0.574032825983
53,0.587635337237,0.604839903915
54,0.591324335847,0.60902427252
55,0.571112899918,0.587314746706
56,0.603751212018,0.623392173875
57,0.606671987717,0.626593775352
58,0.607900302277,0.627926095729
59,0.623343117602,0.641830255908
60,0.623613292308,0.641785975719
61,0.622651680268,0.640909620692
62,0.603714043986,0.620156898823
63,0.595735024348,0.612806912861
64,0.610885142258,0.628213315332
65,0.603473595835,0.61926476662
66,0.596795079272,0.612371833077
67,0.594991641558,0.611485848268
68,0.578928614546,0.59482868889
69,0.585077279082,0.601066824232
70,0.577840897463,0.593120675265
71,0.570845618071,0.585822320027
72,0.566672415832,0.581963625252
73,0.561732380141,0.577001652028
74,0.554483278897,0.569176062097
75,0.546659109865,0.560705539748
76,0.539432763199,0.553091872898
77,0.532160733,0.545045597904
78,0.524422962306,0.536589880795
79,0.517669457931,0.529153594507
80,0.513055606046,0.524402722645
81,0.510801670782,0.522497152503
82,0.508981462862,0.521003449541
83,0.503625446534,0.5155351284
84,0.500018453281,0.51138959917
85,0.496437963364,0.507247271037
86,0.495166510703,0.505799807221
87,0.494255034185,0.504958801514
88,0.494362738477,0.505068911574
89,0.495118923347,0.505754779345
90,0.496263932992,0.507050303431
91,0.499988183458,0.511329735997
92,0.503707605336,0.515616284457
93,0.50897580839,0.520988999108
94,0.510742871284,0.522465415805
95,0.51330849447,0.52466362151
96,0.517249936346,0.528719626295
97,0.52442914847,0.53660448689
98,0.532554392775,0.54545028335
99,0.539656704688,0.553324756954
100,0.546671891899,0.560696063346
101,0.554462183798,0.569164952624
102,0.56173220894,0.577012413663
103,0.566454589695,0.581712700611
104,0.570982373402,0.585974324125
105,0.577511301612,0.592792541689
106,0.585076711012,0.601047930494
107,0.57896863029,0.594866456678
108,0.595417396314,0.611883204681
109,0.596574328543,0.612143197701
110,0.603430466773,0.619225863716
111,0.610994779011,0.628307559633
112,0.595743921772,0.612816599443
113,0.603840505979,0.620270610572
114,0.622460837553,0.640721454883
115,0.623206201691,0.641365588952
116,0.623049119115,0.641502933932
117,0.610960112057,0.62691816379
118,0.642342087286,0.660510676553
119,0.641296186824,0.659639668443
120,0.642380866628,0.661396633651
121,0.620549138402,0.637815450818
122,0.634980069293,0.653550605705
123,0.630627417061,0.648976371097
124,0.606617661219,0.61891090214
125,0.602373053626,0.617730955397
126,0.601700331441,0.618630468182
127,0.607005523499,0.62397400621
128,0.599555956668,0.615737022072
129,0.590802016535,0.606171617965
130,0.583004099737,0.597966376437
131,0.578226754806,0.593549437604
132,0.572046330977,0.58700350671
133,0.564436364435,0.57880907817
134,0.55708306105,0.571174972192
135,0.551525156754,0.565448202394
136,0.543516076071,0.556701150675
137,0.534327705198,0.546563844209
138,0.52753085661,0.53916680958
139,0.523603515794,0.535392758972
140,0.521323966358,0.533416243027
141,0.517306646529,0.529414442938
142,0.51204899006,0.523836930261
143,0.506621356114,0.517586465004
144,0.504698012631,0.515296794412
145,0.503261099362,0.513642320969
146,0.504326508789,0.514611822349
147,0.503442176101,0.513816007683
148,0.50478049717,0.515389881984
149,0.507156175219,0.518164554543
150,0.511956910534,0.523746733371
151,0.517419410114,0.529538320747
152,0.521057504309,0.533178421811
153,0.523292458502,0.535060258895
154,0.527884839938,0.539514841448
155,0.534012868507,0.546235400389
156,0.54306701582,0.556283470967
157,0.551441746247,0.565365673222
158,0.557342926175,0.57145418215
159,0.564263224555,0.578668307475
160,0.571858921354,0.586796487194
161,0.578650199181,0.593957377492
162,0.583033434464,0.598009986778
163,0.590926021023,0.606279206763
164,0.599565209482,0.615727238951
165,0.607021166287,0.623990411499
166,0.602309587458,0.619257289024
167,0.602317737465,0.617667404183
168,0.606060576752,0.618333997464
169,0.630712613481,0.649081882342
170,0.63494640713,0.653517921451
171,0.620970774606,0.638229102438
172,0.642314591617,0.66136329027
173,0.641329551101,0.659710268835
174,0.642486324865,0.660648293584
175,0.656276267994,0.674026341993
176,0.656772314649,0.675015865158
177,0.658072175329,0.677117817229
178,0.643744203688,0.661629803821
179,0.657561727587,0.677604572888
180,0.65146879072,0.67095391271
181,0.643298607118,0.661306575922
182,0.638867887386,0.657213274557
183,0.635604202277,0.654290491911
184,0.621537531893,0.639307412775
185,0.617982265601,0.635102145372
186,0.609141356113,0.625331459065
187,0.599639225444,0.614913742231
188,0.591534089934,0.60636819549
189,0.584379532489,0.599021177666
190,0.577620441744,0.591981941183
191,0.570917323936,0.585061903546
192,0.564968023281,0.579223505674
193,0.558326775756,0.572384180719
194,0.547705430357,0.560723627206
195,0.539163286733,0.551155928063
196,0.532992435932,0.544690740662
197,0.530131842655,0.542178450505
198,0.527173661402,0.539349468406
199,0.521522204298,0.533496291074
200,0.515286980211,0.526586669442
201,0.511265935659,0.521873667075
202,0.509173483161,0.519332458616
203,0.507306194339,0.516926075879
204,0.507471434567,0.517081158983
205,0.508892321807,0.519025813242
206,0.511195992116,0.521809417475
207,0.515268877109,0.526574196806
208,0.521358846563,0.533330262815
209,0.527001760226,0.539166099115
210,0.530313883232,0.542358411359
211,0.53322672509,0.544905865027
212,0.538795947654,0.550773710186
213,0.547939646051,0.56095866215
214,0.558126012166,0.5722032415
215,0.564827130051,0.579097998202
216,0.570779451725,0.584951994026
217,0.577627723461,0.591974370216
218,0.584390237899,0.599026213413
219,0.591198308391,0.606046388461
220,0.599334479072,0.614588807833
221,0.608901708693,0.625115114719
222,0.617928566392,0.635036904899
223,0.620923079551,0.638655318585
224,0.635212171008,0.653900546505
225,0.639030678423,0.657374835408
226,0.643256008712,0.661256412802
227,0.651360486337,0.6708418765
228,0.657449167563,0.677471120651
229,0.643560572212,0.661448729624
230,0.658085921738,0.677120082156
231,0.656657681811,0.674932190437
232,0.656154984546,0.673937186502
233,0.632403907732,0.646620550833
234,0.668359389202,0.686146368617
235,0.67118650344,0.690110345775
236,0.672323317929,0.692147362456
237,0.656050227058,0.674797359187
238,0.670567349521,0.691298432127
239,0.664564876337,0.684745922956
240,0.637029947987,0.650567446056
241,0.632418588768,0.649265457026
242,0.645644315826,0.664891839412
243,0.636119289756,0.654389179656
244,0.625253960764,0.642396857995
245,0.61498672353,0.63105179064
246,0.604460538756,0.61953376732
247,0.595995787852,0.610611055416
248,0.590138337333,0.604994740512
249,0.584639558264,0.599484872744
250,0.578377927651,0.593496412643
251,0.571235652994,0.586180069377
252,0.560410346746,0.57425863903
253,0.550353249658,0.563054791731
254,0.542333848346,0.554276606581
255,0.537513155245,0.549504614991
256,0.533339667479,0.545463143302
257,0.528427213869,0.54042723193
258,0.522602914061,0.534283236251
259,0.518246669922,0.529420025193
260,0.517307453549,0.528535409999
261,0.516295101172,0.527388269244
262,0.514808627269,0.525197905887
263,0.516111640017,0.527185833204
264,0.517196188042,0.528425859621
265,0.51832756599,0.529513960352
266,0.522558115071,0.534237675815
267,0.528302571767,0.540281248781
268,0.533590789086,0.545716472824
269,0.537591594196,0.549576759282
270,0.542129785487,0.554058048917
271,0.550071003673,0.562759729364
272,0.560478927639,0.57430000289
273,0.571261020713,0.586192355646
274,0.578406686401,0.593521672252
275,0.584033256574,0.598867420027
276,0.590580614047,0.605443996275
277,0.596019211305,0.610636882058
278,0.604567516764,0.619662677721
279,0.615179320104,0.631262843275
280,0.625179939849,0.642317113624
281,0.636080708524,0.654371181918
282,0.646047298308,0.665299388964
283,0.631957711154,0.648811642596
284,0.636827023869,0.650365169238
285,0.664459563667,0.684662540881
286,0.670181049397,0.690938212009
287,0.655514980707,0.674295749677
288,0.672906400631,0.692741433101
289,0.671131542881,0.690033131987
290,0.668375964204,0.686171910282
291,0.679054929187,0.700262573291
292,0.699093735796,0.721140122853
293,0.69794233529,0.719379481658
294,0.689109258444,0.711071520703
295,0.696727478354,0.719799522038
296,0.682802706066,0.702867292791
297,0.668533577998,0.686860213886
298,0.677976574369,0.698152568121
299,0.680874341694,0.701287027978
300,0.663812463014,0.681478396873
301,0.64106636887,0.65377519073
302,0.662141628078,0.680443574375
303,0.650741105441,0.668461388475
304,0.638715225653,0.655213445335
305,0.644532190806,0.661784061096
306,0.647803320695,0.667053165693
307,0.635260050224,0.653939305389
308,0.62843518616,0.645371905809
309,0.624475189484,0.641321899963
310,0.616376434683,0.633760868948
311,0.613602823386,0.63099248491
312,0.608338772609,0.625042928688
313,0.598186185112,0.614321890242
314,0.591370758331,0.607276258971
315,0.588173828465,0.603631188613
316,0.578396520809,0.592994162914
317,0.566091790329,0.579371417234
318,0.563014416974,0.575667741137
319,0.555693362106,0.56753661329
320,0.545853900372,0.556903755182
321,0.542390630505,0.552960871825
322,0.536340882292,0.546383370124
323,0.530282426711,0.540253328833
324,0.530335255587,0.540669671561
325,0.529152012728,0.540013746133
326,0.526849565952,0.538028083003
327,0.523325758039,0.534224676998
328,0.520736278164,0.531410205917
329,0.5190701922,0.529648847791
330,0.516879822746,0.527455145023
331,0.517861814484,0.52862189325
332,0.517901387585,0.528729173718
333,0.517835913057,0.528687947568
334,0.517889840104,0.528702648346
335,0.518068592406,0.528838653019
336,0.516822155877,0.527417142272
337,0.519114958883,0.529716184929
338,0.520954009945,0.531616089784
339,0.523368699151,0.534264788057
340,0.527008613829,0.53819910656
341,0.52896683211,0.539823525525
342,0.530150204289,0.540510063236
343,0.530306442685,0.540261696081
344,0.536442449967,0.54646403001
345,0.542353838202,0.552918419208
346,0.545592896847,0.556629256491
347,0.555520780052,0.567372134019
348,0.563066553575,0.575712279208
349,0.565927092445,0.579218044638
350,0.578450879636,0.593035736446
351,0.588048965214,0.603507053745
352,0.59121948123,0.607123672255
353,0.598025959622,0.614147834909
354,0.608286540222,0.624951738999
355,0.613690060202,0.631065710196
356,0.616538363189,0.633930337583
357,0.624661691507,0.641479292676
358,0.628181477097,0.645113226903
359,0.634984125907,0.653663851716
360,0.647757684873,0.666989050313
361,0.644463445575,0.661720423508
362,0.63837085449,0.654832570604
363,0.650745349459,0.668492629946
364,0.662157670629,0.680474547196
365,0.641257782971,0.653989486799
366,0.663518188599,0.681176885184
367,0.680939287203,0.70135177909
368,0.677450886924,0.697585027423
369,0.668551059145,0.686910048864
370,0.682954677439,0.703026210333
371,0.696716949612,0.719815308861
372,0.68917766625,0.711171554764
373,0.698302546844,0.71973553347
374,0.699132547586,0.721166186344
375,0.687569695699,0.707081995267
376,0.686571111979,0.705730194202
377,0.684705095971,0.703551436324
378,0.685666633257,0.705056825313
379,0.68668063737,0.706783899729
380,0.656619459106,0.673707051845
381,0.681047843325,0.700906767699
382,0.67674590943,0.69611850454
383,0.673465978617,0.692655907197
384,0.666301996028,0.683950911571
385,0.654277146851,0.669767249214
386,0.640289423748,0.655763121293
387,0.654530756604,0.672355572759
388,0.648942890823,0.666585069988
389,0.643046432831,0.660391823879
390,0.637286626165,0.654127374029
391,0.630397687539,0.646507949238
392,0.623050421101,0.638553489697
393,0.617716039916,0.633306873683
394,0.613170620604,0.628945470347
395,0.608731371769,0.624640555022
396,0.604010424901,0.619863434271
397,0.598542907927,0.614242958136
398,0.591687015864,0.60697322693
399,0.584672632798,0.599548839849
400,0.577478572423,0.591834442313
401,0.569670342735,0.583122704915
402,0.561975499789,0.574575163872
403,0.555036808671,0.566948921391
404,0.547876600181,0.559064648324
405,0.541232526262,0.551705599468
406,0.535774787813,0.545861141623
407,0.532626956592,0.542881087936
408,0.531388744309,0.542115441088
409,0.530025509138,0.541155241604
410,0.527652810899,0.538752154606
411,0.522811297955,0.533454511592
412,0.520278702308,0.530755614441
413,0.51833039997,0.528705046788
414,0.517371236421,0.527730606754
415,0.51722214342,0.52773282646
416,0.517635093904,0.528230953149
417,0.517723347289,0.528341160845
418,0.51727770747,0.527783941839
419,0.517487367979,0.527843204518
420,0.518193914458,0.528559552541
421,0.520350661778,0.530837772022
422,0.522924646863,0.533585910839
423,0.527438718782,0.538550332193
424,0.530134515686,0.541273102481
425,0.531340767565,0.542067541331
426,0.53267003771,0.542885964543
427,0.53594700715,0.546022381605
428,0.541247939546,0.551720297674
429,0.54779819556,0.558975518184
430,0.555082294809,0.566989867131
431,0.562100641394,0.574718038432
432,0.569769156638,0.583198925387
433,0.577394860189,0.591744924839
434,0.584928725167,0.599822350721
435,0.592006550068,0.607293825682
436,0.598545109885,0.614253246155
437,0.604177842116,0.620038674769
438,0.608954364484,0.624861359884
439,0.613121021934,0.628891127925
440,0.617498223443,0.633081830893
441,0.62333096336,0.638819448061
442,0.630113744755,0.646215161057
443,0.637183584265,0.654034271583
444,0.643037333327,0.660354918418
445,0.648838756,0.666476515558
446,0.654472588182,0.672308741546
447,0.640567654538,0.656002772382
448,0.654020379355,0.669518488699
449,0.666374215758,0.684031849506
450,0.673229070892,0.692412344741
451,0.67671912645,0.696106532746
452,0.681328613091,0.701187798654
453,0.656264169218,0.673358351504
454,0.686886621841,0.706984205577
455,0.685765550232,0.705147659319
456,0.684428327562,0.703261299352
457,0.68653364382,0.705705573424
458,0.68729299083,0.706774567138
459,0.696170141327,0.715191781763
460,0.697572804554,0.716720742444
461,0.694493028103,0.7132210971
462,0.695256853639,0.71449751956
463,0.697457998928,0.7175397128
464,0.692003143766,0.711917433359
465,0.696280398666,0.717173408662
466,0.692543492327,0.712930384358
467,0.687967280197,0.707957807007
468,0.683820064326,0.70357863557
469,0.663550756895,0.67811137554
470,0.67468955111,0.69370594008
471,0.664993494614,0.683005637968
472,0.663450079506,0.681851693989
473,0.657153777477,0.675208955558
474,0.650206469951,0.667812774112
475,0.64279323837,0.659682700543
476,0.635192713192,0.651364631358
477,0.627216209169,0.642735538247
478,0.620846206842,0.636393298737
479,0.615751060131,0.631457742253
480,0.611345475735,0.627263063274
481,0.605374919623,0.621169638929
482,0.598499691787,0.613826867347
483,0.590621336435,0.605557316665
484,0.583983707168,0.598668304025
485,0.576962864241,0.591152064059
486,0.56887754311,0.582199283288
487,0.561150494005,0.573735519268
488,0.553800738351,0.56562222287
489,0.545468030549,0.556454672968
490,0.539064796083,0.549414954113
491,0.534633373372,0.544907550877
492,0.532531963454,0.543152444022
493,0.530919657429,0.541962883073
494,0.528686386232,0.539921631571
495,0.52408393609,0.534888856186
496,0.519908092482,0.530363556017
497,0.517731846791,0.52795015493
498,0.515719066597,0.525791995004
499,0.515593225061,0.525661385001
500,0.515589431438,0.525828878638
501,0.516814336713,0.527199129709
502,0.51565463904,0.525900070023
503,0.515030408363,0.525109376659
504,0.515879757322,0.525974005027
505,0.517683739766,0.527911097083
506,0.520310239373,0.530788678887
507,0.524179540711,0.534989106137
508,0.528792381704,0.540028836428
509,0.530825080724,0.541897317672
510,0.532309056866,0.542943674356
511,0.534850762687,0.545123920087
512,0.538968737431,0.549318370403
513,0.545804351793,0.556784011593
514,0.553707578705,0.56552504299
515,0.561193760095,0.573806260819
516,0.568639762233,0.581964968786
517,0.577026033819,0.591233494805
518,0.584171738529,0.598863397125
519,0.59083042057,0.605757470953
520,0.598365317597,0.613683815154
521,0.605520776905,0.621304905506
522,0.611365796905,0.62728205011
523,0.615663239469,0.631391033473
524,0.621076661525,0.636619919159
525,0.627215552167,0.642750252366
526,0.635213250034,0.651399089856
527,0.642983255206,0.659859678064
528,0.650500018238,0.668111813803
529,0.657332526888,0.675383922352
530,0.663834011851,0.682232396006
531,0.664969085185,0.682971633777
532,0.674998135525,0.694043764561
533,0.663606898265,0.678150155842
534,0.683484851391,0.703232655523
535,0.687523891073,0.707469782743
536,0.692010979555,0.712394086958
537,0.69689470068,0.717765139346
538,0.69215803031,0.712100481512
539,0.697120393607,0.717186958566
540,0.695140136265,0.714335017332
541,0.694613503093,0.713292278034
542,0.697835966401,0.717018017803
543,0.70612312694,0.724999505705
544,0.704474847313,0.723120504137
545,0.704678729467,0.723767065253
546,0.706363698431,0.726260497929
547,0.709255368893,0.730100452968
548,0.703320837428,0.723859929456
549,0.707087584018,0.728490779284
550,0.701790431415,0.72266852263
551,0.697196901457,0.717723640032
552,0.689612058083,0.708721291571
553,0.676771191917,0.69358240745
554,0.663054750294,0.679940238581
555,0.676836136529,0.696065196911
556,0.669893744585,0.688758545016
557,0.662356047894,0.680781748319
558,0.65467528633,0.672383435952
559,0.646829735496,0.663781389717
560,0.63817169118,0.654327917767
561,0.629171254854,0.644581440038
562,0.622790307142,0.638213404995
563,0.6174512299,0.633114291123
564,0.61232388502,0.628048417333
565,0.604821690619,0.620080461661
566,0.597457487658,0.612368717049
567,0.590372121577,0.605056104791
568,0.583621726061,0.598185327045
569,0.576521692959,0.590629227506
570,0.567885551013,0.581124889248
571,0.559841108908,0.572341014593
572,0.550628446356,0.56220466871
573,0.543100774358,0.55385692409
574,0.537165637295,0.547520858652
575,0.533601202761,0.544135468164
576,0.531525213203,0.542491484782
577,0.529035152953,0.540269264985
578,0.52508763691,0.536095880727
579,0.520595827338,0.531207121614
580,0.516750320825,0.52696023233
581,0.514497312954,0.524414739006
582,0.512815578308,0.522571138988
583,0.512517390879,0.522316411044
584,0.512753151682,0.522608929782
585,0.512895463201,0.522756020602
586,0.512420684386,0.522211675743
587,0.512793878275,0.522567291538
588,0.514301982931,0.524225529782
589,0.516882694378,0.52708218963
590,0.520613009901,0.531221886367
591,0.525138812559,0.536138993652
592,0.528863870694,0.540081469199
593,0.53145603597,0.54242109092
594,0.533519026865,0.54405535901
595,0.537014986414,0.547373982908
596,0.542599081452,0.553366426479
597,0.550887224405,0.562447955467
598,0.559988588563,0.572489748184
599,0.567530685418,0.580761494126
600,0.576440686954,0.590530081563
601,0.583671580704,0.598219069849
602,0.590224766159,0.604907089644
603,0.597044076611,0.611940579498
604,0.605052029502,0.62031255958
605,0.612298887726,0.628040714138
606,0.617588254731,0.633237324727
607,0.622822899837,0.638264447484
608,0.62918756612,0.6446117296
609,0.638493666612,0.654660373554
610,0.646614411547,0.663546954215
611,0.654739178257,0.672417091484
612,0.662004186466,0.680389195163
613,0.669878602284,0.688752012179
614,0.677037467239,0.696273618055
615,0.663324020557,0.680211342326
616,0.676809541495,0.693628957588
617,0.689929950757,0.709066392678
618,0.697005010311,0.717517855051
619,0.701798373405,0.722644308037
620,0.707032176934,0.728443153699
621,0.703180677591,0.723754375535
622,0.708986210147,0.729806227204
623,0.706386609098,0.72623938189
624,0.704557738392,0.723690130844
625,0.704677283828,0.723333309224
626,0.705964409712,0.72480523989
627,0.709911599561,0.728027631669
628,0.709691286896,0.72778778451
629,0.710691690402,0.729560322409
630,0.712663053793,0.732328615207
631,0.714258132592,0.734793225355
632,0.710999739297,0.731745602752
633,0.716074302211,0.738146896339
634,0.712381169823,0.734169283969
635,0.706736578376,0.728006250937
636,0.702395082659,0.723356788663
637,0.681664487994,0.697483738473
638,0.691974951323,0.712146938228
639,0.686041095868,0.705850554727
640,0.680104910055,0.699758503047
641,0.672393698811,0.691576713821
642,0.66426898347,0.682809341928
643,0.655613434421,0.673349560366
644,0.646838738159,0.663697250181
645,0.637699926649,0.653679189444
646,0.628434767067,0.64362079008
647,0.621883778642,0.637040867455
648,0.615386192935,0.630460987222
649,0.610557070184,0.625911006051
650,0.604993993496,0.620544087709
651,0.597984840418,0.613426314583
652,0.590638431712,0.605865119961
653,0.583887137985,0.598816759616
654,0.575808628472,0.590174346816
655,0.565907793949,0.579154074602
656,0.556716279596,0.568916144745
657,0.547472092252,0.558727550765
658,0.540332819684,0.550931624656
659,0.535688850301,0.546196853209
660,0.53273431354,0.543611894818
661,0.529521505838,0.540691282962
662,0.526179946387,0.537361967453
663,0.521919168743,0.532821370808
664,0.518353891759,0.529129809274
665,0.515585363798,0.526205078287
666,0.512985019988,0.52328201902
667,0.510967315019,0.520859243394
668,0.511801549708,0.522094052258
669,0.512321455772,0.522675130144
670,0.511636799585,0.52192367911
671,0.510907077378,0.520792757775
672,0.513009057907,0.523311666427
673,0.515471637242,0.526069962326
674,0.518134728585,0.528916282389
675,0.521818534301,0.532734275648
676,0.525968167389,0.53713123765
677,0.529649005978,0.540810625446
678,0.532531236084,0.543407793608
679,0.535301809052,0.545817263597
680,0.540288795626,0.550908269327
681,0.547797328866,0.559055100766
682,0.556747411011,0.568964392369
683,0.566007277331,0.579257447454
684,0.57585328068,0.590219555157
685,0.583790754052,0.598732914173
686,0.590747799475,0.60596615941
687,0.597596758588,0.613003286655
688,0.604817596441,0.620338945527
689,0.610674913121,0.626030935105
690,0.615415527692,0.630498230186
691,0.621912460072,0.63705531203
692,0.628548599204,0.64372796105
693,0.637645458026,0.653632651691
694,0.646915495323,0.66377958962
695,0.655882829791,0.673610926738
696,0.664031223534,0.682582991847
697,0.67254217963,0.691741608404
698,0.679922829107,0.699568093353
699,0.686093843032,0.705906441217
700,0.692184302243,0.712369410519
701,0.681705287902,0.697496495247
702,0.702042596484,0.722976407961
703,0.70699125839,0.728297832133
704,0.71205299981,0.733825115206
705,0.716093390968,0.738141839101
706,0.710701318064,0.731397169547
707,0.714171458561,0.734703320497
708,0.712403649078,0.732075300771
709,0.710639910615,0.729493508858
710,0.709798089473,0.727902270548
711,0.590773549203,0.609760735607
712,0.672563359209,0.693718445386
713,0.73161110067,0.753752600218
714,0.683313845559,0.704267717539
715,0.592973591118,0.611970051599
716,0.659928589178,0.681583217973
717,0.729558826824,0.752721299729
718,0.684612349968,0.704634134574
719,0.589251391445,0.606327139499
720,0.636445925285,0.656322632209
721,0.713416143386,0.735471810882
722,0.684446291756,0.703964956339
723,0.587390461164,0.602276977142
724,0.600433342753,0.614817111899
725,0.682840552595,0.70073083817
726,0.678576252397,0.697639407043
727,0.593786749785,0.609800683069
728,0.579431187554,0.594142641471
729,0.661005812599,0.678917780071
730,0.67114838834,0.690942794177
731,0.599850185376,0.618000687554
732,0.562571212468,0.57798551577
733,0.633606472027,0.650254159748
734,0.648023881602,0.665580361153
735,0.591127356749,0.607824358474
736,0.54398684776,0.559198967469
737,0.612755579686,0.629868527462
738,0.626584038022,0.643503194618
739,0.582158361216,0.59797794744
740,0.527124377721,0.541232128071
741,0.587850144885,0.604152509262
742,0.604120759489,0.62045716694
743,0.570709836827,0.585798983282
744,0.514032873984,0.52667779268
745,0.556030759247,0.569473174092
746,0.572313772308,0.585515173219
747,0.551393676496,0.563546022023
748,0.50091644784,0.511029146326
749,0.527778245622,0.53855155928
750,0.545129207704,0.555541985799
751,0.534208487363,0.544187634481
752,0.490910508774,0.499800507632
753,0.504638655666,0.513466841329
754,0.524211219757,0.533310329932
755,0.52198820106,0.531492496974
756,0.490308247137,0.500141356046
757,0.494813219339,0.50422124865
758,0.517636466138,0.527829366716
759,0.515457207578,0.525594352131
760,0.488281451383,0.498212156068
761,0.485053442447,0.494077618168
762,0.509906424325,0.519884786203
763,0.509393778562,0.519534783188
764,0.487479774123,0.497614426027
765,0.484974198151,0.494561590866
766,0.508667707817,0.518856375371
767,0.508558508553,0.518742323152
768,0.484845604698,0.494434854325
769,0.48754543803,0.497705436869
770,0.509240484296,0.519385230923
771,0.509841336151,0.519819604879
772,0.48509256162,0.494120793247
773,0.48835740775,0.498278340732
774,0.515589394105,0.525726874143
775,0.517604181424,0.527796721337
776,0.494809954132,0.504224783899
777,0.490150820549,0.499994536614
778,0.522033078515,0.531542224763
779,0.524230452196,0.533307142123
780,0.504789005426,0.513641837658
781,0.490859367087,0.499742281956
782,0.534357227094,0.544340115998
783,0.545179988361,0.55559720258
784,0.527651396713,0.538434782069
785,0.50102826467,0.511147012488
786,0.551354148963,0.56353333027
787,0.572389879014,0.585596240038
788,0.555916230356,0.569360178156
789,0.513896129883,0.52654557997
790,0.570540168044,0.585640558089
791,0.603812147003,0.620141516854
792,0.587744878236,0.604044070428
793,0.52703957028,0.541137621683
794,0.581863423317,0.597653876527
795,0.626413959878,0.643333626369
796,0.612525275221,0.629637051541
797,0.544073542419,0.559287722556
798,0.591370772313,0.608062999244
799,0.648255034318,0.66583300244
800,0.633722779378,0.650376115096
801,0.562706952423,0.578112533715
802,0.600217124959,0.618383264023
803,0.670951494521,0.690757820047
804,0.661076850047,0.678986092709
805,0.579497847302,0.59419295226
806,0.593755338748,0.609757703446
807,0.678707835689,0.697747473093
808,0.683021896966,0.700936970612
809,0.600287640131,0.614673551306
810,0.587405456108,0.602256468801
811,0.684750953007,0.704296404513
812,0.7133320893,0.735387759018
813,0.636278419285,0.656135679498
814,0.589167852333,0.606245388152
815,0.684502381408,0.704536368668
816,0.72956301342,0.752756337094
817,0.659721965913,0.681382595671
818,0.593010653967,0.612004933567
819,0.68363507814,0.704634123409
820,0.731558845339,0.753683439215
821,0.672583146412,0.69373448718
822,0.696860210948,0.71665674714
823,0.695312519897,0.714785490185
824,0.693141895765,0.712231846528
825,0.692039123485,0.711059734627
826,0.693731464519,0.713308692399
827,0.695444815783,0.715775132174
828,0.696354279468,0.71722830053
829,0.695236872149,0.716227255563
830,0.691361411235,0.712009953273
831,0.687249849959,0.707525803895
832,0.684133842037,0.704203721728
833,0.681651623017,0.701732839941
834,0.67701566031,0.696447257174
835,0.655788881327,0.670221965209
836,0.670154247125,0.689161012358
837,0.665050243975,0.683416190156
838,0.659969823728,0.678198754723
839,0.655383770911,0.673425430445
840,0.650146964883,0.667937694447
841,0.645010019971,0.662463233337
842,0.639438780954,0.656596760781
843,0.633479410318,0.650053530632
844,0.627116950105,0.64305376919
845,0.621565232764,0.637155179117
846,0.617229387189,0.632944088528
847,0.612780910076,0.628721469474
848,0.609022088045,0.62511218926
849,0.604898416699,0.621023517396
850,0.600444364299,0.616480169065
851,0.59548762111,0.611394741317
852,0.590275410834,0.606042779183
853,0.584440962739,0.599945482419
854,0.578146092427,0.593309100929
855,0.57196646667,0.586692485318
856,0.564285833628,0.578275086098
857,0.556941411937,0.570122158804
858,0.550366448087,0.562818571311
859,0.544164444222,0.555936575764
860,0.537864812578,0.549008704186
861,0.531586570193,0.542129768685
862,0.52585436148,0.535778513132
863,0.520352049952,0.529758340432
864,0.516597012575,0.525943376733
865,0.514318505012,0.52394250842
866,0.512856765508,0.522858015255
867,0.511586796125,0.521866275571
868,0.509644229095,0.520015765741
869,0.507599474513,0.517880900138
870,0.504635589641,0.514729372607
871,0.502139589248,0.512035698727
872,0.500921521069,0.51085491379
873,0.499986400083,0.509994183982
874,0.49927186343,0.509360949715
875,0.499351470879,0.509518406633
876,0.49932367311,0.509555179175
877,0.49973595974,0.50997702634
878,0.499292304562,0.509531938448
879,0.49928857102,0.509450268102
880,0.499278195205,0.509393075643
881,0.499906524218,0.509930106605
882,0.501053527615,0.510993784355
883,0.502192662033,0.512099491048
884,0.504589045036,0.514677155565
885,0.507242975844,0.517548539212
886,0.50979620723,0.520162430313
887,0.511654881012,0.521915843302
888,0.512918391616,0.522917549981
889,0.514390827011,0.524012789373
890,0.516741739351,0.526077566925
891,0.520480000652,0.529877728221
892,0.525784437965,0.535714440557
893,0.531840543024,0.542364529328
894,0.537880209678,0.549011212619
895,0.543929579657,0.555719695886
896,0.550214507749,0.562653582456
897,0.556980796464,0.570163136851
898,0.564371534828,0.578358514629
899,0.571587944905,0.586300532538
900,0.578198857493,0.593383214809
901,0.584544768821,0.600053419996
902,0.590544211522,0.606287716262
903,0.595431128965,0.61130053847
904,0.600231938526,0.616245878479
905,0.60468443374,0.62082417249
906,0.608844801922,0.624934541976
907,0.613007594759,0.628940539834
908,0.617012942236,0.632738862205
909,0.621486511163,0.637053275736
910,0.62709257311,0.643012018606
911,0.633548383359,0.650149111477
912,0.639477096481,0.656609391611
913,0.644792196442,0.662272980398
914,0.650012609096,0.667811093665
915,0.65531489892,0.673326408107
916,0.659869706432,0.678105583171
917,0.664518985467,0.682881219181
918,0.670146019877,0.689147703279
919,0.655635361413,0.670059467219
920,0.676981940714,0.696423697037
921,0.681575212512,0.7016765679
922,0.683790740058,0.70387090223
923,0.687502261905,0.707776938273
924,0.691406050425,0.712039147984
925,0.695167629287,0.716177835345
926,0.696515172214,0.717375082709
927,0.695460462038,0.715802249349
928,0.693353680326,0.712892860653
929,0.691927036082,0.710922672277
930,0.692733467237,0.711827596264
931,0.695078947088,0.714576865882
932,0.696552138734,0.716323551899
933,0.708762067497,0.728446994315
934,0.707992643621,0.727615877952
935,0.705785002899,0.725039572648
936,0.703719026438,0.722767162442
937,0.704212261939,0.723765648543
938,0.705925175527,0.726261507069
939,0.708093157261,0.729244494106
940,0.708796568341,0.730490084867
941,0.705958855989,0.727473166561
942,0.701906411147,0.72302244709
943,0.698273730918,0.719003989642
944,0.694369383464,0.714824436691
945,0.691058358525,0.711304141023
946,0.678589585557,0.695501760305
947,0.679194792395,0.697711607757
948,0.679058440859,0.698257991726
949,0.673716729132,0.692523895102
950,0.668585027447,0.687244821837
951,0.662893224201,0.681342955812
952,0.657451999202,0.675664014332
953,0.651744686828,0.66958268986
954,0.645255520574,0.662500842153
955,0.638884050485,0.65549718969
956,0.632180711877,0.648167936167
957,0.625547206873,0.641216794037
958,0.620801062548,0.636672448362
959,0.615701263935,0.631668241526
960,0.61131917407,0.627444937363
961,0.606601095822,0.622758004599
962,0.601742516202,0.617829458601
963,0.596190729182,0.612115889858
964,0.58960558645,0.605156657506
965,0.583403589213,0.598661544781
966,0.577083464331,0.592082499308
967,0.570407087122,0.584926034762
968,0.563119408553,0.576911718325
969,0.555800334202,0.568809488526
970,0.549282318217,0.561618985876
971,0.542578529592,0.554254391383
972,0.535518808006,0.546526805937
973,0.529117363315,0.53947908136
974,0.523202487705,0.532991755698
975,0.518249187665,0.527711721817
976,0.515072962208,0.524674797302
977,0.512935128617,0.522905932534
978,0.511369419543,0.521668457068
979,0.509380827259,0.519834339983
980,0.506634086907,0.516995732963
981,0.503745103387,0.513869293416
982,0.500289168582,0.510166398612
983,0.498312123855,0.508128365479
984,0.496851204565,0.506622705222
985,0.496037681482,0.505805057193
986,0.495699459013,0.505570435732
987,0.495749972151,0.505735012781
988,0.496346465692,0.506423467941
989,0.496186857267,0.506276643676
990,0.495707419819,0.505695678465
991,0.495677421277,0.505549601734
992,0.495892976211,0.50566913041
993,0.496922205325,0.506707864329
994,0.498345232021,0.508167991399
995,0.500240955239,0.510132682082
996,0.503483838776,0.513609700918
997,0.506716504759,0.517093298682
998,0.509412563613,0.519853092568
999,0.511219809384,0.521514194709
1000,0.513014244725,0.522978225176
1001,0.514917300937,0.524512413684
1002,0.518104356232,0.527588104223
1003,0.522818040833,0.532608752807
1004,0.529221825463,0.539590681211
1005,0.53560918222,0.546608986223
1006,0.542486611604,0.554158877126
1007,0.549079260162,0.561420291756
1008,0.555766586672,0.568791743393
1009,0.562979450276,0.576783302788
1010,0.570116386774,0.584642909038
1011,0.576980478152,0.591989772091
1012,0.583287040568,0.598545103365
1013,0.589657734187,0.605229779735
1014,0.59624917556,0.612145184589
1015,0.601791012398,0.617857801047
1016,0.606480654689,0.622651281345
1017,0.611074604416,0.627196041158
1018,0.615640465713,0.631615173895
1019,0.620636638992,0.636485364623
1020,0.625563773662,0.641235232815
1021,0.631848585654,0.647824656001
1022,0.638674811257,0.655298330873
1023,0.645505034541,0.662742526132
1024,0.651858185376,0.669665293772
1025,0.657573067235,0.675780886027
1026,0.663024573467,0.681478323158
1027,0.668181099773,0.686850036531
1028,0.673568147375,0.692366110765
1029,0.679084624253,0.6982993282
1030,0.67928290788,0.697808388562
1031,0.678751614525,0.695681563141
1032,0.69123291471,0.711495342976
1033,0.694516082057,0.714961258107
1034,0.69809899076,0.718863584008
1035,0.702144781451,0.723256997115
1036,0.706227054901,0.727781109803
1037,0.708743694018,0.73040727888
1038,0.708291597905,0.729456784039
1039,0.706426307015,0.726765396311
1040,0.704311758189,0.723850478225
1041,0.703924164587,0.722965085339
1042,0.705717929298,0.724974062357
1043,0.708273145897,0.727875119973
1044,0.715355173232,0.734778346426
1045,0.714411855971,0.73368022363
1046,0.712528090491,0.731541089117
1047,0.712834417393,0.732280750211
1048,0.714471777967,0.734586010611
1049,0.716913017101,0.737887421842
1050,0.718642942158,0.740366177897
1051,0.717991516961,0.740110394145
1052,0.71433175985,0.736157278476
1053,0.710289243595,0.731724640673
1054,0.705837862817,0.726929174384
1055,0.701709928078,0.722491240474
1056,0.697963620755,0.718283759035
1057,0.6759214352,0.691156908529
1058,0.690072339062,0.710036318354
1059,0.684605017974,0.704015270101
1060,0.679208040861,0.698465486866
1061,0.673675528736,0.692708260279
1062,0.667495011243,0.686268906331
1063,0.661915496686,0.680352248011
1064,0.655153702383,0.673048405353
1065,0.648513854921,0.665751291967
1066,0.641685617856,0.658308634523
1067,0.634167338269,0.650165759929
1068,0.62696897814,0.642625530021
1069,0.621883899706,0.637633651428
1070,0.617300916329,0.633187522218
1071,0.612752079393,0.628834004132
1072,0.60809112127,0.624200874517
1073,0.602503437334,0.618429606731
1074,0.595417865583,0.610925120523
1075,0.58853796077,0.603690437538
1076,0.582327546085,0.597278957912
1077,0.576132716442,0.590872579596
1078,0.5694591678,0.583739571424
1079,0.562111665585,0.575653102563
1080,0.554975539544,0.567833713055
1081,0.548060146778,0.560249746361
1082,0.540674545525,0.552163538831
1083,0.533245993944,0.544033209976
1084,0.526788751454,0.536934685217
1085,0.520865380686,0.530482554341
1086,0.516749405436,0.526335554596
1087,0.514251792459,0.524160401224
1088,0.512231919309,0.522479159094
1089,0.510003797273,0.520488396862
1090,0.507051416954,0.517487375343
1091,0.503288955922,0.513440849028
1092,0.500170746164,0.510094479396
1093,0.49708918092,0.506814584274
1094,0.495133402122,0.50470967231
1095,0.493641651454,0.503154051964
1096,0.492855812809,0.502365090834
1097,0.492648873783,0.502261782659
1098,0.493179967888,0.502992918818
1099,0.493523270934,0.503413944843
1100,0.49313087852,0.502948641796
1101,0.492848998648,0.502478863024
1102,0.492840906743,0.502364122372
1103,0.493660559607,0.503151229071
1104,0.495229437735,0.504812944521
1105,0.497293808294,0.507017422515
1106,0.500194721021,0.510127233427
1107,0.503471390763,0.513629377775
1108,0.507049280725,0.517495491358
1109,0.50992666154,0.520406925259
1110,0.512176209011,0.522430806467
1111,0.514147550285,0.524057399476
1112,0.516727759749,0.526314548134
1113,0.52083298351,0.530456344387
1114,0.526747689364,0.53690424276
1115,0.53340527801,0.544201224548
1116,0.540736527855,0.552231667897
1117,0.548367757114,0.560573630666
1118,0.554996326394,0.567868631228
1119,0.5621485,0.575720126048
1120,0.569528318411,0.583797230134
1121,0.576147093043,0.590881755945
1122,0.582244778815,0.597200107972
1123,0.588546076914,0.603707007982
1124,0.595431666773,0.610914868248
1125,0.602129848284,0.618056810396
1126,0.608093560045,0.624225728123
1127,0.612757421841,0.628841817879
1128,0.617155987604,0.633045165893
1129,0.621903557534,0.637690162435
1130,0.627421047774,0.643068374249
1131,0.633923669242,0.649912609545
1132,0.641520039134,0.658128994238
1133,0.64841558423,0.665651800729
1134,0.655314702419,0.67318806552
1135,0.66189462301,0.680335352231
1136,0.667448368786,0.686207490881
1137,0.673500233111,0.692523184661
1138,0.679262296282,0.6985155806
1139,0.684817701092,0.704230245817
1140,0.690136592543,0.71010823897
1141,0.675827890024,0.691077003878
1142,0.697533805169,0.717833404572
1143,0.701595039319,0.722381280914
1144,0.705914674063,0.726972296124
1145,0.710096880819,0.731520295728
1146,0.714646355364,0.736488101287
1147,0.71793638291,0.740053994567
1148,0.718300537496,0.740002113132
1149,0.716480988894,0.737415446896
1150,0.714100778692,0.734228866201
1151,0.712719808916,0.732143760503
1152,0.712356398592,0.731365889397
1153,0.714305562901,0.733549446724
1154,0.715685541623,0.735109651762
1155,0.716248940731,0.734948668776
1156,0.716400366002,0.735075404355
1157,0.714611963502,0.733190352201
1158,0.715149548959,0.734211159178
1159,0.716052646765,0.735776627669
1160,0.717705986199,0.738186031961
1161,0.719943581058,0.741234366359
1162,0.720951797286,0.742953446131
1163,0.719665524221,0.74187938057
1164,0.715792409086,0.737660495357
1165,0.711171392672,0.732579938943
1166,0.706834329102,0.727902388415
1167,0.702968735957,0.72378851232
1168,0.690588791399,0.708105659451
1169,0.69202731389,0.711429031315
1170,0.690257033264,0.710142437354
1171,0.685041819916,0.704622876015
1172,0.679483964404,0.6989059078
1173,0.672941177198,0.692070930006
1174,0.666595276781,0.685421092007
1175,0.660533937308,0.678865929323
1176,0.653877666614,0.6716270457
1177,0.646847573175,0.663936644462
1178,0.63958234986,0.65601654243
1179,0.631596960399,0.647287215801
1180,0.623957993483,0.639161493798
1181,0.618839281169,0.633988390156
1182,0.613346120891,0.628556693412
1183,0.609996804263,0.625701793912
1184,0.605178777471,0.6209106638
1185,0.59930560274,0.614922902068
1186,0.593215552191,0.608648915487
1187,0.585824430204,0.600774159171
1188,0.580872384381,0.595991693903
1189,0.575573433508,0.590664864801
1190,0.568611899287,0.58312438685
1191,0.560785033482,0.574441131031
1192,0.552724717906,0.565399832284
1193,0.544967020071,0.556906466258
1194,0.537096965996,0.548180229147
1195,0.529801575779,0.540200082937
1196,0.523521455648,0.533353844884
1197,0.518254522729,0.52781586524
1198,0.515209093252,0.524971265232
1199,0.513051245179,0.523190215597
1200,0.510573264727,0.520969806585
1201,0.508047177122,0.518564723386
1202,0.504986668848,0.515475802065
1203,0.501804559229,0.512158997972
1204,0.498423506456,0.508621285542
1205,0.496098673222,0.506069586644
1206,0.493623838546,0.503345906634
1207,0.493320824647,0.503315370812
1208,0.492352781096,0.502286668556
1209,0.491150749314,0.500868455374
1210,0.490174098611,0.499474997832
1211,0.490090804566,0.499383256456
1212,0.491060006597,0.500773635442
1213,0.492362749038,0.502311283266
1214,0.493280028496,0.503270410997
1215,0.493479747486,0.503200732617
1216,0.49616878094,0.506162643576
1217,0.498507810382,0.508700328704
1218,0.501810964707,0.512161385102
1219,0.504992675946,0.515500071823
1220,0.508254976432,0.518762035929
1221,0.510607073175,0.521005106295
1222,0.513261024797,0.523391072177
1223,0.515293964929,0.525054533137
1224,0.518479589247,0.528044801034
1225,0.523354970318,0.533196495009
1226,0.529742882473,0.540149940706
1227,0.537062113461,0.548162490003
1228,0.54474111987,0.556689759238
1229,0.552307922123,0.564988571955
1230,0.560429246228,0.574077232732
1231,0.568749221971,0.58327167804
1232,0.575353024306,0.590419589107
1233,0.580909414023,0.596028368444
1234,0.585827776661,0.60078868224
1235,0.593055103587,0.608467669666
1236,0.599224648687,0.614832260562
1237,0.605128629743,0.620869660842
1238,0.609832864327,0.625529757254
1239,0.613330886268,0.628546889691
1240,0.61855263528,0.6337119614
1241,0.624144417068,0.639361927516
1242,0.631475924395,0.647165006697
1243,0.639372707685,0.65577890469
1244,0.646924400427,0.664018410733
1245,0.653888514394,0.671633938888
1246,0.660323073812,0.678637816733
1247,0.666965554889,0.685780030002
1248,0.673253711104,0.692416917914
1249,0.679337485129,0.69873060009
1250,0.684878304255,0.704446829526
1251,0.690144516241,0.710033973665
1252,0.691895120531,0.711276416693
1253,0.690476980848,0.707981396868
1254,0.70264467103,0.723494303939
1255,0.706612710072,0.727682885583
1256,0.710814766395,0.732196770147
1257,0.715433134412,0.737264719913
1258,0.719490497355,0.741717739452
1259,0.720863741904,0.742846226967
1260,0.7198717195,0.741152039078
1261,0.717879937432,0.738323867948
1262,0.716210360769,0.735908453107
1263,0.715143148392,0.73421431456
1264,0.715023625616,0.733622119927
1265,0.715976266698,0.73461197705
1266,0.48839490709,0.504063315051
1267,0.594842691339,0.613911558386
1268,0.713520908934,0.735555025009
1269,0.71255438768,0.734616719986
1270,0.591861564438,0.6103284468
1271,0.48815139693,0.503932432866
1272,0.594327922776,0.613793228932
1273,0.714730005582,0.73795962862
1274,0.704750887385,0.726495492606
1275,0.583917089584,0.60136989245
1276,0.479960778902,0.494374578108
1277,0.589177354636,0.608491962579
1278,0.70164861668,0.723925156636
1279,0.690755590384,0.711181969313
1280,0.571910574911,0.587563861358
1281,0.473907147087,0.487410999332
1282,0.572236996903,0.58842262857
1283,0.664424882612,0.679258093214
1284,0.675712454018,0.695150425208
1285,0.565121209877,0.580829812786
1286,0.466061051396,0.479129998651
1287,0.55949778338,0.574869243389
1288,0.663242629942,0.681841746778
1289,0.659192583877,0.678731139036
1290,0.559322789517,0.576497585547
1291,0.46051738828,0.473723221193
1292,0.548246998192,0.563288822036
1293,0.64140636539,0.658680860418
1294,0.635089784098,0.652800701594
1295,0.541994572647,0.557839683619
1296,0.451808557574,0.46440648194
1297,0.538426599228,0.553458058158
1298,0.621911198857,0.639203293735
1299,0.611712291842,0.628307680727
1300,0.525182201677,0.540115615395
1301,0.445560073891,0.457644135481
1302,0.526741383524,0.541511058474
1303,0.600599024563,0.617640907127
1304,0.59023260784,0.606518359393
1305,0.510312302777,0.524481843477
1306,0.437677316449,0.449055930944
1307,0.509926883867,0.52312977348
1308,0.570813979474,0.585609868936
1309,0.561304588689,0.575197472101
1310,0.48596513388,0.497113733515
1311,0.424758323268,0.43429819778
1312,0.490575824207,0.501492353197
1313,0.538856231964,0.549923801243
1314,0.531694966092,0.5422903718
1315,0.46635617042,0.475256129876
1316,0.418028888892,0.426554050843
1317,0.475019652078,0.484014427369
1318,0.513088291728,0.52167668727
1319,0.507037546484,0.515580291921
1320,0.452802249623,0.461618564467
1321,0.416036891312,0.424478040453
1322,0.467124037513,0.475858704356
1323,0.50179760862,0.511156592165
1324,0.495783987066,0.50538830139
1325,0.446948948846,0.45693108267
1326,0.414902560917,0.42305192148
1327,0.467310890104,0.476453470073
1328,0.494046607957,0.503425412198
1329,0.482017232801,0.491155959075
1330,0.435934907353,0.445501761486
1331,0.420825488068,0.429456531422
1332,0.468139360797,0.47742636342
1333,0.490213730436,0.499963732036
1334,0.474624767313,0.484105395481
1335,0.429581365788,0.439035539517
1336,0.429662041383,0.439103987859
1337,0.474542721503,0.484036049843
1338,0.490403385231,0.500148156703
1339,0.467914174203,0.477201332015
1340,0.420814482428,0.42944273912
1341,0.435743484093,0.445315395206
1342,0.481984548762,0.491146073126
1343,0.493872632401,0.503254210571
1344,0.467375764044,0.476502042946
1345,0.414858021758,0.423009820929
1346,0.446962262108,0.456963312787
1347,0.495737313961,0.505331740096
1348,0.501940565842,0.511307774387
1349,0.467039073007,0.475759356475
1350,0.415857731082,0.424283507112
1351,0.452845490912,0.461657857592
1352,0.506810535579,0.515353528984
1353,0.513054357143,0.521643944916
1354,0.474975811518,0.483974532254
1355,0.417813286639,0.426325438182
1356,0.466242005287,0.475137092599
1357,0.531315381017,0.541939022243
1358,0.538906335961,0.549982624767
1359,0.490769037754,0.501678304013
1360,0.424677007333,0.434226452472
1361,0.485900952723,0.497038928989
1362,0.561049037781,0.574934945555
1363,0.570925439502,0.585724357091
1364,0.510013448846,0.523210924472
1365,0.437740860751,0.449100426
1366,0.510020988455,0.524165184928
1367,0.590436133671,0.606731168201
1368,0.600580695761,0.617606087524
1369,0.526644164727,0.541395514752
1370,0.445471410257,0.457596734908
1371,0.525215308832,0.540137051392
1372,0.611599440455,0.628178693318
1373,0.621654238484,0.638946749879
1374,0.538454589458,0.553474485657
1375,0.451638281188,0.464211490582
1376,0.542277485653,0.558102776123
1377,0.63506586995,0.652767721304
1378,0.641612089147,0.658888581558
1379,0.548356951359,0.563421077627
1380,0.46058936253,0.473816195205
1381,0.559362299528,0.576520327749
1382,0.659459065354,0.679009715242
1383,0.663251531765,0.681833373933
1384,0.559345124646,0.574703455984
1385,0.466017649981,0.479100794581
1386,0.564872021327,0.580565006905
1387,0.67560910463,0.695029186895
1388,0.664389093136,0.679205519354
1389,0.572051763793,0.588220655739
1390,0.473833123189,0.487325225078
1391,0.571728135031,0.587361777515
1392,0.690772275668,0.711216250589
1393,0.702072253771,0.72438190811
1394,0.588894397775,0.60821421527
1395,0.480080705734,0.494527001326
1396,0.584151857023,0.601596628009
1397,0.704676194399,0.726448856204
1398,0.71466121421,0.737883442342
1399,0.594433143724,0.613904986262
1400,0.487810427713,0.503588100507
1401,0.591895921524,0.610350010154
1402,0.712734975657,0.734788403802
1403,0.713576874868,0.73562546871
1404,0.594861545199,0.613925993026
1405,0.688813012127,0.70862263607
1406,0.687296983578,0.706884829478
1407,0.685989249263,0.705268995364
1408,0.684211386165,0.70320112096
1409,0.683759406654,0.70278759825
1410,0.684505146207,0.70401054852
1411,0.686035128501,0.706120144682
1412,0.687714203115,0.708336378459
1413,0.687795968541,0.708851248402
1414,0.685967458123,0.706946538944
1415,0.682907196607,0.703585046244
1416,0.679632484528,0.699982838022
1417,0.677001913412,0.697293029038
1418,0.674497688077,0.694760620632
1419,0.672112851363,0.692311454973
1420,0.669456608407,0.689551825143
1421,0.657129975876,0.674109683453
1422,0.65924232949,0.677870360703
1423,0.657775716886,0.676629392723
1424,0.652847217258,0.67120368188
1425,0.648772698942,0.667042921439
1426,0.644418875414,0.662505420958
1427,0.640042284705,0.657955541572
1428,0.635574135258,0.653208390393
1429,0.631389651275,0.6488139086
1430,0.62688112758,0.644059246484
1431,0.622090294809,0.638962024924
1432,0.616682714052,0.632976994881
1433,0.611513244354,0.627286659979
1434,0.607194746235,0.622744093334
1435,0.603666782724,0.619360878474
1436,0.600276647194,0.61615556292
1437,0.597109190972,0.613173821356
1438,0.593794636319,0.610035366906
1439,0.590257221398,0.606479822028
1440,0.585936450888,0.602034634947
1441,0.58167057038,0.597621092338
1442,0.577491452425,0.593351109618
1443,0.572623352015,0.588360803888
1444,0.567994928883,0.583594360412
1445,0.562870278593,0.578220428065
1446,0.556896952822,0.571841617083
1447,0.551330711497,0.565774956847
1448,0.544922243842,0.558665255188
1449,0.538380741662,0.551400505972
1450,0.532842407016,0.545244693085
1451,0.52705225225,0.538756273245
1452,0.521966364615,0.533205038829
1453,0.516518211448,0.52723417507
1454,0.511271844257,0.521473528521
1455,0.506027085019,0.515747434247
1456,0.500434266235,0.509593645575
1457,0.495889745128,0.504779090999
1458,0.492185660121,0.501084508168
1459,0.490510383365,0.499693319475
1460,0.488488957992,0.497960416268
1461,0.486914083365,0.496594403244
1462,0.485552087738,0.495407293686
1463,0.484452927988,0.494441991005
1464,0.482581184339,0.492564460864
1465,0.480323078621,0.490180243179
1466,0.477782719037,0.487413647979
1467,0.475694214687,0.48521104912
1468,0.474925031626,0.484530709304
1469,0.47431782236,0.48406941131
1470,0.473811584097,0.483644682791
1471,0.473356940797,0.483225935161
1472,0.47309353396,0.483013850016
1473,0.473100151362,0.483035424718
1474,0.473435448979,0.483381970875
1475,0.473153413631,0.483081690451
1476,0.473238038532,0.48315686873
1477,0.473362255801,0.483222878684
1478,0.473733245904,0.483558004561
1479,0.474277383502,0.484032261109
1480,0.474656972471,0.484271092244
1481,0.475667799118,0.485197281093
1482,0.477815908139,0.487438471289
1483,0.480593820125,0.490468024911
1484,0.482504878676,0.492476427274
1485,0.484496886901,0.494475331499
1486,0.485474480123,0.495323458445
1487,0.486850943846,0.496531485609
1488,0.488334974418,0.497807024024
1489,0.490418358497,0.499595389193
1490,0.492328675063,0.5012265616
1491,0.496035554009,0.504941372868
1492,0.500293336638,0.509486189096
1493,0.50600048636,0.515741820524
1494,0.511176623173,0.521375893827
1495,0.516620470285,0.527335290478
1496,0.521967764738,0.533194637286
1497,0.527008030125,0.538725243126
1498,0.532678598256,0.545060833483
1499,0.538561355656,0.551569281645
1500,0.544700873942,0.558424680954
1501,0.55121113542,0.565653259781
1502,0.556974904546,0.571920793029
1503,0.562734372191,0.578078134621
1504,0.568159534843,0.583775278451
1505,0.57274235388,0.588486856794
1506,0.577263286225,0.593104653506
1507,0.581535513612,0.597482100529
1508,0.586103073207,0.602203571285
1509,0.590245742865,0.606462059942
1510,0.594196040941,0.610432764835
1511,0.597476053382,0.613556881253
1512,0.600175811406,0.616028740141
1513,0.603830476304,0.619478574515
1514,0.60740586689,0.622961719305
1515,0.611602871946,0.627354299493
1516,0.617042685092,0.633354976763
1517,0.622241222208,0.639122799049
1518,0.627104273984,0.644298439793
1519,0.631060230514,0.648510031388
1520,0.635674538809,0.653330447316
1521,0.639780342324,0.657680066773
1522,0.644144995686,0.662248825269
1523,0.648956323216,0.667242012709
1524,0.652964506117,0.671361672764
1525,0.657877180989,0.67672683315
1526,0.659270081842,0.677862094168
1527,0.657418581845,0.674421496919
1528,0.669660639852,0.689757741551
1529,0.672179732196,0.692401631615
1530,0.674707869877,0.694973812828
1531,0.677205460778,0.697498756895
1532,0.679566420822,0.699935385909
1533,0.682862740251,0.703535546095
1534,0.685895585961,0.706876440718
1535,0.687815420473,0.708849422046
1536,0.687725418453,0.708315414752
1537,0.6863622759,0.706441834809
1538,0.685133142449,0.704629578626
1539,0.683239719121,0.702266341723
1540,0.684303253119,0.703276283594
1541,0.686192955525,0.705482090755
1542,0.687359644631,0.706964632899
1543,0.688837887664,0.708657518495
1544,0.686303643629,0.705373491596
1545,0.685915554033,0.704955315641
1546,0.684842719712,0.703674175031
1547,0.683878882095,0.702454911135
1548,0.682771626427,0.701280569212
1549,0.683925032041,0.702838441027
1550,0.684800808278,0.704248307269
1551,0.685929839211,0.705953450484
1552,0.685940049232,0.706363638923
1553,0.685587712629,0.706268548835
1554,0.682783242107,0.703244786014
1555,0.67948404762,0.699595165658
1556,0.676245811421,0.696077738397
1557,0.673825328583,0.693436912537
1558,0.671036950578,0.6905039132
1559,0.668686282437,0.688047383376
1560,0.660514022824,0.677927558715
1561,0.6470780334,0.661924333762
1562,0.658931444185,0.677643764312
1563,0.654217981036,0.672441033238
1564,0.649403740257,0.667340815305
1565,0.645476490203,0.663353099
1566,0.641030710852,0.658792635139
1567,0.637007676272,0.654652239121
1568,0.633207602625,0.650692639807
1569,0.628807203509,0.645988101417
1570,0.624333967432,0.641162163968
1571,0.618830732116,0.635115202556
1572,0.613410464401,0.629145508684
1573,0.60808038071,0.623393605351
1574,0.603421513172,0.618641477953
1575,0.599712861466,0.615103705779
1576,0.595988225422,0.611503062665
1577,0.592472631909,0.608125088602
1578,0.588997402285,0.604763023964
1579,0.58511048339,0.600839173639
1580,0.581010713243,0.596644657754
1581,0.576718611639,0.592249582437
1582,0.57175077684,0.587178773155
1583,0.566596902359,0.581836580108
1584,0.561312556217,0.576267096218
1585,0.55588202522,0.570527476392
1586,0.549951796901,0.564155983837
1587,0.544121750696,0.557746864757
1588,0.538048246502,0.550962012512
1589,0.532533720867,0.544790896409
1590,0.527235637852,0.53892553549
1591,0.521831668587,0.532987892537
1592,0.516404081516,0.527055897458
1593,0.511086630179,0.52125307283
1594,0.50599438355,0.515698696498
1595,0.500613974164,0.509870702446
1596,0.495638460702,0.504506232733
1597,0.491880509569,0.50066684986
1598,0.489651173217,0.498661270786
1599,0.487814033059,0.497137341297
1600,0.486265685899,0.495873000242
1601,0.484909849865,0.494693237446
1602,0.483280608861,0.493147992458
1603,0.481422987571,0.491206881263
1604,0.47879085852,0.488388787478
1605,0.475881987886,0.485209660503
1606,0.473737686742,0.482920383358
1607,0.472549133905,0.481812288153
1608,0.471861754044,0.481207531321
1609,0.471661596554,0.481078122892
1610,0.471412872578,0.480971537718
1611,0.471582099657,0.481261742837
1612,0.471896530983,0.481665722089
1613,0.47239017033,0.48220517543
1614,0.472592261512,0.48239958376
1615,0.471819782052,0.481574952456
1616,0.471490082585,0.481166473996
1617,0.471472919976,0.481034012658
1618,0.471420059722,0.480843012428
1619,0.471954756844,0.481295733201
1620,0.472516575976,0.481772842897
1621,0.473599313452,0.482795407377
1622,0.476041000109,0.485367131117
1623,0.47906462257,0.488655972835
1624,0.481293665105,0.491092738191
1625,0.483470121203,0.493335976463
1626,0.484854126977,0.4946408388
1627,0.486307891116,0.495908055712
1628,0.487674742183,0.497006707836
1629,0.489655815118,0.498678629439
1630,0.492021606291,0.500811301518
1631,0.495466829469,0.504339548286
1632,0.50055908703,0.509816463255
1633,0.505839400416,0.515545530082
1634,0.510983647946,0.52113596454
1635,0.516386889294,0.527047508546
1636,0.521961392944,0.533123306525
1637,0.527141831206,0.538839352345
1638,0.532574338523,0.544849752538
1639,0.538246542236,0.551150453074
1640,0.544244458319,0.557867783954
1641,0.550061924164,0.564292485536
1642,0.556040106442,0.570685447104
1643,0.561040973313,0.575968829015
1644,0.566795351747,0.582037464459
1645,0.571826607688,0.587252021321
1646,0.576702844851,0.592234435571
1647,0.580987984881,0.596635866023
1648,0.584910713519,0.600633276458
1649,0.589036147141,0.604792936995
1650,0.592234131009,0.607886826963
1651,0.595548261712,0.611074763411
1652,0.599641913849,0.615020039965
1653,0.603347885996,0.618545696386
1654,0.607860414388,0.623191357672
1655,0.613283588766,0.629029433152
1656,0.618736208111,0.635014048715
1657,0.624098627504,0.640916461011
1658,0.628802382594,0.645982883836
1659,0.633482302245,0.650967503904
1660,0.636903439095,0.654566135529
1661,0.641031144927,0.658809655878
1662,0.645192605287,0.663062117887
1663,0.649531836146,0.667478649407
1664,0.654045147596,0.67225703566
1665,0.659157226657,0.677857114485
1666,0.647223162332,0.6620746353
1667,0.660370328802,0.677771172065
1668,0.668427574927,0.687799650454
1669,0.670993700327,0.690464062988
1670,0.673625344785,0.693225981438
1671,0.676631745668,0.69646948855
1672,0.679331717697,0.699441841311
1673,0.682336524752,0.702776025654
1674,0.685317117982,0.706006317411
1675,0.686130024979,0.706556732869
1676,0.685820427,0.705825277584
1677,0.685085032389,0.704560514049
1678,0.683556333638,0.702467841502
1679,0.682707762625,0.701216831227
1680,0.683873456783,0.702478079072
1681,0.684638326348,0.703446277404
1682,0.686052743222,0.705112813395
1683,0.678172130268,0.696712536523
1684,0.677670239179,0.696175077237
1685,0.67632555463,0.69462704767
1686,0.675470970346,0.693618467095
1687,0.67539818249,0.69382548236
1688,0.676454878386,0.695323960462
1689,0.67752083164,0.69693492857
1690,0.678362675124,0.698282303907
1691,0.678450687982,0.698710589277
1692,0.676614513431,0.696927862078
1693,0.67359365349,0.69358610313
1694,0.67055056851,0.690188928346
1695,0.667680325139,0.687087460749
1696,0.665220235518,0.684510906387
1697,0.66273103608,0.681914235817
1698,0.66036936069,0.679488857108
1699,0.651742926422,0.668652311377
1700,0.654527520755,0.673228226175
1701,0.65099876633,0.669380634011
1702,0.646270598837,0.664226898434
1703,0.642120849255,0.659981374882
1704,0.638156279807,0.655916579757
1705,0.634009076608,0.651645532936
1706,0.630356088934,0.647842815904
1707,0.625848939983,0.643070086197
1708,0.62154649575,0.638404938624
1709,0.616346251782,0.632666305199
1710,0.610881152,0.626693567489
1711,0.6060730182,0.621461965804
1712,0.600336176046,0.615375888601
1713,0.595874470031,0.610875016428
1714,0.592318265818,0.607458524852
1715,0.58840912426,0.603597339542
1716,0.584890412287,0.600216328771
1717,0.581724744634,0.597152069498
1718,0.577929179857,0.593290939231
1719,0.573660059141,0.588902645162
1720,0.568896167192,0.584022894057
1721,0.563678469138,0.578491329382
1722,0.558417922573,0.572908852664
1723,0.552977448981,0.567208391275
1724,0.548007407386,0.561966778065
1725,0.542769806839,0.556279994694
1726,0.537158606015,0.550130996036
1727,0.531612312469,0.543901795524
1728,0.525950448019,0.537639982262
1729,0.521120549125,0.532313473993
1730,0.515826562189,0.526518094753
1731,0.51026896182,0.520467349091
1732,0.505158849519,0.514906353915
1733,0.500763056868,0.51010926776
1734,0.495843521741,0.504773707246
1735,0.491629021583,0.500352022022
1736,0.488750370955,0.497580146859
1737,0.487183559765,0.496358403527
1738,0.485626891822,0.495085193478
1739,0.48423910679,0.493881108307
1740,0.482112821829,0.491828015565
1741,0.480348809198,0.489986605524
1742,0.477681959955,0.48711081501
1743,0.474874408621,0.484033560811
1744,0.47261354725,0.481613738188
1745,0.471039191807,0.480021753664
1746,0.469691033469,0.478699877697
1747,0.468939934777,0.477977580733
1748,0.468750246278,0.4778880078
1749,0.469119784404,0.478425824953
1750,0.469491426451,0.478977756254
1751,0.470210749996,0.479823283843
1752,0.470546373045,0.480246328781
1753,0.470296247943,0.479892912849
1754,0.469575464889,0.479059885101
1755,0.469001184241,0.478320163474
1756,0.468690625433,0.477832124409
1757,0.469117067635,0.478145687006
1758,0.469868238374,0.478868603451
1759,0.471043080895,0.480029915541
1760,0.472883909584,0.481883751263
1761,0.475065342418,0.484219467487
1762,0.477753442297,0.487177832983
1763,0.480088465968,0.489734788404
1764,0.482281030079,0.491999199382
1765,0.484099845215,0.493747672709
1766,0.485621248608,0.495080801208
1767,0.487067461863,0.496237197746
1768,0.488912568329,0.497756676512
1769,0.491740736215,0.500467681923
1770,0.495996169596,0.504939553699
1771,0.500694019458,0.510054004447
1772,0.505377632264,0.515131588305
1773,0.510653199696,0.520860208097
1774,0.515926065376,0.526629355672
1775,0.521043203797,0.532239870545
1776,0.526193941802,0.537914210477
1777,0.531558503167,0.543855132045
1778,0.537294749023,0.550258251651
1779,0.542617556141,0.556149289309
1780,0.547918725546,0.561871823839
1781,0.553135285016,0.567374434705
1782,0.558330885867,0.572836306625
1783,0.563925450354,0.578759148818
1784,0.569092159516,0.584206177597
1785,0.573618638447,0.588845985394
1786,0.577918720162,0.59327328329
1787,0.581836221933,0.59726658356
1788,0.584981833863,0.600290166121
1789,0.588435659992,0.603612734414
1790,0.592043109854,0.607157358679
1791,0.595969956208,0.610958895258
1792,0.600213912496,0.615232490251
1793,0.605656564883,0.621063241887
1794,0.61134481207,0.627191378657
1795,0.615965303507,0.632272759801
1796,0.621299009287,0.63815413036
1797,0.625889312303,0.643095601558
1798,0.629985777229,0.647477001204
1799,0.634189408716,0.65182884329
1800,0.637808260046,0.655555374987
1801,0.642192044102,0.660046238367
1802,0.646064557913,0.664000321529
1803,0.650691707245,0.66904846305
1804,0.654439231475,0.67316077428
1805,0.651800054828,0.668750407332
1806,0.66038823348,0.67953807229
1807,0.662659775042,0.681823298007
1808,0.665167635832,0.684434771011
1809,0.667575799846,0.6870049562
1810,0.67005148895,0.689701752923
1811,0.673526439444,0.693500836962
1812,0.676855979483,0.697195888897
1813,0.67817878991,0.698407946021
1814,0.678553532558,0.698472082521
1815,0.677497826921,0.696933064455
1816,0.676624694664,0.695535137542
1817,0.675453893973,0.693893501362
1818,0.675621222909,0.693766311197
1819,0.676585322768,0.694897680559
1820,0.677919619351,0.696446288377
1821,0.677923509932,0.696492344109
1822,0.659826847079,0.677755867912
1823,0.659531264351,0.677453909747
1824,0.65887588594,0.676719575663
1825,0.657981904123,0.67565079969
1826,0.658226710445,0.6761113889
1827,0.65867931287,0.676921868682
1828,0.659589170866,0.678301767091
1829,0.660311401332,0.679470377999
1830,0.66092834132,0.68047839054
1831,0.660213514017,0.679937487173
1832,0.658364743524,0.678105725058
1833,0.655571650863,0.674977082918
1834,0.652633681204,0.671692211146
1835,0.650146301979,0.669025006514
1836,0.647640494788,0.666429319793
1837,0.645667157487,0.664399176993
1838,0.638778602227,0.655697521998
1839,0.639018730617,0.657040744744
1840,0.63776016664,0.655973795595
1841,0.633992825251,0.651848503034
1842,0.630105079218,0.647759564471
1843,0.626682682827,0.644271070233
1844,0.623005935405,0.640521389117
1845,0.619217655159,0.636529176287
1846,0.615410558388,0.632449977978
1847,0.610736342305,0.627431645696
1848,0.606565457909,0.6228777281
1849,0.601900228998,0.61780275502
1850,0.597111528777,0.612597328369
1851,0.592126675442,0.607129598809
1852,0.586933891264,0.601552289822
1853,0.582931695211,0.597468421163
1854,0.579328539401,0.593955835538
1855,0.575583967261,0.590245372697
1856,0.572594999114,0.587208695121
1857,0.568941564544,0.583400859137
1858,0.564996229869,0.579431126615
1859,0.562369769783,0.5770766561
1860,0.558040524714,0.572630717598
1861,0.553387627072,0.567813141942
1862,0.549124643753,0.563392470703
1863,0.544121065959,0.558153383379
1864,0.538676881917,0.552184627204
1865,0.534420671382,0.547678481839
1866,0.529452805919,0.542340057306
1867,0.523573824996,0.535732120465
1868,0.518136960221,0.529654935305
1869,0.512869280038,0.523806324119
1870,0.507194992798,0.517525535032
1871,0.502307102652,0.512128999721
1872,0.497500291814,0.506883466968
1873,0.493408997803,0.502421698153
1874,0.489568944339,0.498278447856
1875,0.486339016709,0.495069180077
1876,0.484686017953,0.49369444482
1877,0.483163666303,0.492456200956
1878,0.481747546918,0.491245209799
1879,0.480022033357,0.489650029809
1880,0.478349885013,0.487999920906
1881,0.476305974456,0.485921149447
1882,0.473915651845,0.483319827635
1883,0.472911575351,0.482396602174
1884,0.471055021471,0.480465361451
1885,0.46953758557,0.478845932247
1886,0.468065911857,0.477219934784
1887,0.467018790728,0.476056858337
1888,0.465904768989,0.474706079426
1889,0.46576489973,0.474722128941
1890,0.467495021148,0.476941177263
1891,0.467828675495,0.477385178623
1892,0.467933292361,0.477471601435
1893,0.467196906173,0.476641852826
1894,0.465872933195,0.474817130922
1895,0.465632722938,0.474433706544
1896,0.466847951181,0.475898404628
1897,0.468214462964,0.477354339643
1898,0.469463836222,0.478749786586
1899,0.471159891507,0.480558168742
1900,0.472802109763,0.482279684242
1901,0.474299635073,0.483697673199
1902,0.476379224738,0.485987456748
1903,0.478249323185,0.487895360869
1904,0.48012357505,0.489745389193
1905,0.48190812375,0.491406256037
1906,0.483047985297,0.492342850655
1907,0.484511199951,0.493506481541
1908,0.486422127805,0.495151939239
1909,0.489332797797,0.498050284229
1910,0.493316207844,0.50232173043
1911,0.497608523065,0.506967678666
1912,0.502048302569,0.511859918176
1913,0.507169037734,0.517504890625
1914,0.512874570056,0.523823322178
1915,0.51822076455,0.52975242503
1916,0.523546028258,0.535711773708
1917,0.529617130548,0.542507755441
1918,0.534351907341,0.547620244013
1919,0.538681420333,0.552190885014
1920,0.544013974852,0.558047325171
1921,0.54904288606,0.563308540195
1922,0.55336527468,0.567778227292
1923,0.557929771026,0.572517457381
1924,0.562235797766,0.576946411723
1925,0.565175136865,0.579658173848
1926,0.568754157571,0.583245626453
1927,0.572403322787,0.587034932643
1928,0.575948524578,0.590591469961
1929,0.57960680191,0.594234753122
1930,0.58302700747,0.597579189851
1931,0.587041373334,0.601675258155
1932,0.592063305876,0.607079860491
1933,0.59714139868,0.612599022418
1934,0.601890820937,0.61777816133
1935,0.606544793061,0.622855772364
1936,0.61105842754,0.627791969824
1937,0.615302769972,0.632343163309
1938,0.61902980451,0.636347089573
1939,0.622692758739,0.640190452691
1940,0.626568895326,0.644175672293
1941,0.630460078229,0.648147125592
1942,0.633863375958,0.651716736813
1943,0.637715723876,0.655953417534
1944,0.639065399467,0.65710226506
1945,0.638565043083,0.655459466743
1946,0.645647056862,0.664359027157
1947,0.647723423016,0.666481729309
1948,0.650033779053,0.668917263153
1949,0.652343778646,0.671377445836
1950,0.655521868947,0.674919562436
1951,0.658440658861,0.678185070256
1952,0.660111786372,0.679831190058
1953,0.660912862873,0.680457909451
1954,0.660304911375,0.67944438226
1955,0.659539573699,0.678253569499
1956,0.658485410596,0.676707189725
1957,0.658120420393,0.675978946182
1958,0.657948321291,0.675616322032
1959,0.659188662338,0.677023113335
1960,0.659659341916,0.677566761781
1961,0.410729210065,0.423864314356
1962,0.507068358882,0.523330500313
1963,0.619398130642,0.638446661538
1964,0.695260308473,0.716168591799
1965,0.641361069504,0.661087137246
1966,0.528138445675,0.544784841175
1967,0.417225326852,0.430670722937
1968,0.483857666996,0.499738769688
1969,0.597102807935,0.616171252446
1970,0.687510359637,0.708935976607
1971,0.653816445608,0.673626056799
1972,0.542971609755,0.559246993975
1973,0.426283389076,0.439027498446
1974,0.455251492758,0.470178148517
1975,0.570666544804,0.589360278473
1976,0.663414945424,0.68342822522
1977,0.655158403964,0.674072641854
1978,0.556309563637,0.571943849583
1979,0.44158118473,0.453815913909
1980,0.424873856071,0.437671139642
1981,0.536211500231,0.55262801894
1982,0.632715328773,0.650869967323
1983,0.651086880515,0.669398248868
1984,0.569554005288,0.585674745921
1985,0.456986478275,0.470143155676
1986,0.401847673755,0.41350381492
1987,0.500655062106,0.514677056275
1988,0.598389834978,0.615206237233
1989,0.638774059927,0.656749649469
1990,0.580599480517,0.598165731738
1991,0.473937417001,0.488679819469
1992,0.388629322907,0.39980149671
1993,0.46992324971,0.483344145244
1994,0.56513324919,0.580957758265
1995,0.614145323427,0.630009581929
1996,0.574752957114,0.590473648093
1997,0.48124179557,0.495321765151
1998,0.384685937737,0.395420794581
1999,0.442114061015,0.454732957684
2000,0.53774100329,0.553489134186
2001,0.593316228839,0.609560657096
2002,0.570506043031,0.586172612423
2003,0.486439951631,0.500684067319
2004,0.392634853468,0.403469260093
2005,0.414755759468,0.425672218248
2006,0.505978081821,0.520327835154
2007,0.566750025941,0.582251643815
2008,0.558988069985,0.57422666587
2009,0.486131037632,0.499736088122
2010,0.400336105218,0.411176985686
2011,0.391790009827,0.401597642567
2012,0.471858528036,0.483686340018
2013,0.529309685554,0.541815076941
2014,0.534209379575,0.546286319876
2015,0.475668032333,0.486533767452
2016,0.397134109239,0.405764663419
2017,0.372231257682,0.380942598296
2018,0.442519180071,0.452244854023
2019,0.496199229948,0.50577722343
2020,0.506686162525,0.515844696645
2021,0.465755562159,0.474806532861
2022,0.4038666722,0.41368732806
2023,0.420455483962,0.428474018493
2024,0.471359341644,0.479579742806
2025,0.485014052701,0.493204802118
2026,0.458576346111,0.467821953611
2027,0.399771958172,0.408853448214
2028,0.360926907051,0.36861419573
2029,0.406912940323,0.414829448691
2030,0.461244769588,0.470565812885
2031,0.477440051854,0.486527272056
2032,0.455867241601,0.465182631287
2033,0.400803579071,0.410522109833
2034,0.365104600253,0.373479167695
2035,0.398712692285,0.406934860702
2036,0.454026264622,0.463619182132
2037,0.470389975075,0.479650794324
2038,0.451962125129,0.461188781211
2039,0.39470264042,0.403742693481
2040,0.368931461772,0.377635079618
2041,0.395900967848,0.404197376478
2042,0.448364625962,0.457493660352
2043,0.469765446817,0.479181768339
2044,0.448322080996,0.457445735025
2045,0.395941191379,0.404242707228
2046,0.368940759643,0.377631294524
2047,0.394686538496,0.4037442947
2048,0.45186145959,0.461096570146
2049,0.470380231593,0.479642552839
2050,0.453615163122,0.463199762385
2051,0.398658043318,0.406881439169
2052,0.365039211773,0.373417312635
2053,0.400753371177,0.410455855298
2054,0.4558183276,0.465126186264
2055,0.477553965121,0.486636370939
2056,0.461158865047,0.470474107436
2057,0.40693700459,0.41486167141
2058,0.360596743656,0.368270808864
2059,0.399828724124,0.408905734121
2060,0.458400641374,0.467641254454
2061,0.485001895401,0.493195634366
2062,0.471239305006,0.47946887704
2063,0.420618714291,0.428630055509
2064,0.403988861875,0.413831159474
2065,0.465709492217,0.474779641591
2066,0.5065733637,0.515747574182
2067,0.496536007656,0.506127814394
2068,0.442613771247,0.452347929916
2069,0.372482692819,0.381205623563
2070,0.39738115712,0.406009354581
2071,0.475744922638,0.486620230704
2072,0.534042258309,0.546112118469
2073,0.529305779475,0.541824699744
2074,0.471835555444,0.483666465369
2075,0.391765949007,0.401571104179
2076,0.40019360365,0.411032265722
2077,0.48622358128,0.499826109872
2078,0.55858766908,0.573816893503
2079,0.566759215236,0.582279702777
2080,0.505686028727,0.520030691766
2081,0.414804915971,0.425747036491
2082,0.392877636201,0.403720182239
2083,0.486191417537,0.500433773605
2084,0.570409219568,0.586089076799
2085,0.593154085998,0.609414438805
2086,0.537883818974,0.553636473251
2087,0.441938846591,0.454553031759
2088,0.384554964815,0.395276173238
2089,0.481201042037,0.495296696893
2090,0.574662574744,0.590396498332
2091,0.614021557041,0.629883795879
2092,0.565036707783,0.580851166526
2093,0.470013280376,0.483441830376
2094,0.388851130059,0.400019540748
2095,0.47387146302,0.488614728704
2096,0.580543169137,0.598107514507
2097,0.638623841849,0.656598920715
2098,0.598363061582,0.615197752267
2099,0.500431891707,0.514450821693
2100,0.402082741461,0.413749879421
2101,0.457155120901,0.470306211109
2102,0.569439123965,0.585577016945
2103,0.651175834134,0.669466071838
2104,0.63295705221,0.651073533699
2105,0.53631606063,0.552757242086
2106,0.424586156629,0.437364057232
2107,0.44158431372,0.453801864212
2108,0.556351173959,0.572025631092
2109,0.654884583433,0.673793026065
2110,0.663443090032,0.683477530285
2111,0.571155101661,0.58988686759
2112,0.455209161367,0.470123058686
2113,0.42622491782,0.438969271504
2114,0.542556510812,0.558819486524
2115,0.654054907291,0.67388084829
2116,0.68750207361,0.708902133768
2117,0.597103806743,0.616161554304
2118,0.484027595561,0.499903752505
2119,0.417078625108,0.4305325356
2120,0.528183662489,0.544776441472
2121,0.64176091793,0.66152372224
2122,0.69561398882,0.716526942367
2123,0.619333725092,0.638362555492
2124,0.507200203232,0.523473460161
2125,0.679245698195,0.698981928532
2126,0.668875736344,0.688073420156
2127,0.654197258753,0.67259303201
2128,0.652363069463,0.67067026327
2129,0.663866297021,0.682406809266
2130,0.673407439049,0.692364806665
2131,0.675376653144,0.694783925553
2132,0.668374268749,0.687914510669
2133,0.655941942809,0.67543253808
2134,0.650837670771,0.670215013084
2135,0.663783859682,0.683894580215
2136,0.67288546342,0.69348457221
2137,0.673329731063,0.693915277233
2138,0.664518238778,0.684731029569
2139,0.64716094425,0.666151032294
2140,0.638209899952,0.65670533555
2141,0.649510209321,0.668722705317
2142,0.658360880455,0.678303072229
2143,0.66031240528,0.680456814366
2144,0.644207080446,0.6610369074
2145,0.635923398143,0.654375878787
2146,0.624017157973,0.641727628822
2147,0.63157881861,0.649383462965
2148,0.637315897611,0.65533164675
2149,0.638063344447,0.656198183818
2150,0.631287587434,0.649114453159
2151,0.616246391061,0.633380415629
2152,0.604940282608,0.621714431839
2153,0.609792751985,0.626705389408
2154,0.616070269934,0.633396998654
2155,0.615535906743,0.632682174455
2156,0.609528719915,0.626262987337
2157,0.59674926416,0.612856527286
2158,0.584067212681,0.59929856499
2159,0.584433946468,0.599414141899
2160,0.590642282306,0.606084699454
2161,0.590925881528,0.606592125285
2162,0.587770536049,0.60362295876
2163,0.578439160282,0.594392373287
2164,0.567503432415,0.583170395985
2165,0.56539982568,0.580687176213
2166,0.572967350753,0.588935018566
2167,0.572815212204,0.58891879038
2168,0.569089687898,0.58504673844
2169,0.560569361327,0.576346752835
2170,0.548992595135,0.564142619297
2171,0.544288923757,0.559229740861
2172,0.550342564808,0.565710978108
2173,0.548894929331,0.564238488573
2174,0.543963612926,0.558947740922
2175,0.535545652967,0.549935994536
2176,0.521892450135,0.535097391366
2177,0.515184873289,0.527570658225
2178,0.518774230149,0.53130248269
2179,0.516796356806,0.528992528434
2180,0.511940180036,0.523593954447
2181,0.505727325353,0.516882749624
2182,0.494332310754,0.504467419549
2183,0.487780942691,0.497387940968
2184,0.489768536382,0.499388976012
2185,0.487932704657,0.497284944374
2186,0.497418869119,0.505971728851
2187,0.482061034023,0.490577228458
2188,0.472127611832,0.480583526067
2189,0.467811616168,0.476365598348
2190,0.469391737318,0.478183300552
2191,0.469872417054,0.479047180633
2192,0.468298847945,0.477686102559
2193,0.467210909942,0.476814958781
2194,0.464725122163,0.474539911418
2195,0.461115334209,0.470880813987
2196,0.46143741679,0.47126519102
2197,0.461341104579,0.471162430962
2198,0.461106472675,0.470861757301
2199,0.464728096831,0.474545760426
2200,0.467065598314,0.476657820892
2201,0.468393118836,0.477790169592
2202,0.469765637406,0.478943522169
2203,0.469497347903,0.47829976921
2204,0.467967124961,0.476522650432
2205,0.472238288331,0.480698768785
2206,0.482240905331,0.490751448036
2207,0.497215838774,0.505787707889
2208,0.487942394028,0.497289698543
2209,0.489823316789,0.499462117298
2210,0.488023173374,0.497640112151
2211,0.494322035689,0.504448192562
2212,0.5060444819,0.517188493375
2213,0.511708613703,0.523355444014
2214,0.516895677153,0.529096904418
2215,0.519000908785,0.531511267192
2216,0.515264526992,0.527666195047
2217,0.521948724521,0.535147727191
2218,0.535621926553,0.550023683049
2219,0.543920799232,0.558928480696
2220,0.548838789791,0.564170154582
2221,0.550508320786,0.565871162644
2222,0.544368705144,0.559308099165
2223,0.548817102283,0.5639945862
2224,0.560481659349,0.576261265811
2225,0.569178670804,0.585161662666
2226,0.572450252195,0.588556415015
2227,0.572678193743,0.588647696587
2228,0.565089618753,0.580379512534
2229,0.567339007914,0.583021844479
2230,0.578623085895,0.594573157024
2231,0.588239511316,0.604087990418
2232,0.591365391046,0.607022364786
2233,0.590578749582,0.605987966779
2234,0.584377573693,0.599349322792
2235,0.584024247284,0.599279054676
2236,0.596806722387,0.612928323169
2237,0.609711958378,0.626450929653
2238,0.615565798198,0.632708661127
2239,0.616148513021,0.633466240027
2240,0.61007078542,0.626970154165
2241,0.604788017518,0.62155273294
2242,0.616119665221,0.633234307306
2243,0.63102194322,0.64884337761
2244,0.637594794045,0.655704243797
2245,0.63730222977,0.65532507493
2246,0.631669464022,0.6495125472
2247,0.624317488545,0.642016775048
2248,0.636122744368,0.654574512971
2249,0.64442429184,0.661250051271
2250,0.659963308058,0.680114516712
2251,0.658466577987,0.678382056851
2252,0.649496454113,0.668698327075
2253,0.63845249828,0.656972986559
2254,0.647572646134,0.666594933819
2255,0.664636093913,0.684844457643
2256,0.67350527057,0.6940922121
2257,0.67283241725,0.69341220584
2258,0.663865155899,0.68399001586
2259,0.651225423202,0.670580910385
2260,0.656420175596,0.675925181408
2261,0.668472777484,0.688022432355
2262,0.675347591529,0.694772835595
2263,0.673426574738,0.692372724588
2264,0.663376887253,0.681910845008
2265,0.652390347381,0.670712498628
2266,0.654191170139,0.672582588239
2267,0.668927545524,0.688130574929
2268,0.679137714471,0.698876000674
2269,0.60932451653,0.62720242314
2270,0.609116079497,0.62695566741
2271,0.608520805333,0.626267918389
2272,0.608061825781,0.625691751773
2273,0.607602002592,0.625132485387
2274,0.606948794746,0.624450536506
2275,0.607569564978,0.625298661602
2276,0.607914190842,0.625910961413
2277,0.608014867911,0.626234691761
2278,0.60770372178,0.626104519659
2279,0.606586448204,0.625051186787
2280,0.605002014035,0.623405509596
2281,0.602566662834,0.620645114682
2282,0.600660452966,0.618441436235
2283,0.598509253939,0.616092235455
2284,0.597292342879,0.614767499776
2285,0.59575074086,0.613174107219
2286,0.594594621022,0.611979567552
2287,0.593117626459,0.610508392101
2288,0.589246303641,0.605721406539
2289,0.590505604366,0.607794869762
2290,0.588083438504,0.605128701609
2291,0.585478621269,0.60216697184
2292,0.582129167163,0.598491893987
2293,0.579649507049,0.595963691255
2294,0.57745747263,0.593772009843
2295,0.575170227579,0.591506586957
2296,0.573192899441,0.589496531795
2297,0.571134603294,0.58731433568
2298,0.568516343455,0.584498061457
2299,0.56563837519,0.581385033075
2300,0.562843538483,0.578327809534
2301,0.559215513122,0.574323467638
2302,0.555586954775,0.570297605966
2303,0.551991960035,0.566326959023
2304,0.548992683699,0.5632239182
2305,0.546385801316,0.560679896307
2306,0.544303712432,0.558748430194
2307,0.541935654597,0.556487201849
2308,0.540016665637,0.554683632327
2309,0.537886101355,0.552620079186
2310,0.535467608347,0.550173646895
2311,0.532952704216,0.547606281924
2312,0.530309030334,0.544909958877
2313,0.527050475051,0.541515723269
2314,0.523714041369,0.538024918473
2315,0.520359254904,0.534465696994
2316,0.516769775636,0.530625906196
2317,0.513215529059,0.526743466498
2318,0.509484124179,0.522715462898
2319,0.505453084065,0.518303012582
2320,0.501864731731,0.514266857422
2321,0.497614282734,0.509440445962
2322,0.493285585031,0.504582143616
2323,0.489093455968,0.49991344038
2324,0.485392902267,0.495793282194
2325,0.481639215897,0.491642308211
2326,0.478520490386,0.488338843435
2327,0.474657653556,0.484031260494
2328,0.471002919712,0.480032230912
2329,0.467881457362,0.476592412925
2330,0.464654500626,0.473095821817
2331,0.48335791361,0.492092141456
2332,0.467707289351,0.477835380158
2333,0.467658437124,0.477786492542
2334,0.483309842695,0.49203490524
2335,0.464664367187,0.473101273065
2336,0.467825024258,0.476546445527
2337,0.470951437921,0.479972799823
2338,0.474489453237,0.483872808389
2339,0.478504274863,0.488312768492
2340,0.481814066961,0.491826725114
2341,0.485475157691,0.495867176224
2342,0.489202480595,0.50001450632
2343,0.493191371824,0.504467178913
2344,0.497514041316,0.50934601293
2345,0.501832816184,0.514257672671
2346,0.505550836584,0.518425192053
2347,0.509640419787,0.522847577726
2348,0.513129410313,0.526633195971
2349,0.51688502512,0.53075156731
2350,0.520413540675,0.534552171202
2351,0.523797217197,0.538086473288
2352,0.526911465495,0.541385866329
2353,0.530110919396,0.544691776553
2354,0.533178852201,0.54781423535
2355,0.535645250596,0.550349531661
2356,0.53804742426,0.552769915998
2357,0.54014602086,0.55480100293
2358,0.542209949035,0.556780606111
2359,0.544253563232,0.558715846774
2360,0.546345751322,0.560637205022
2361,0.548837997793,0.56308370876
2362,0.55211414144,0.566484698473
2363,0.555480042384,0.570169415537
2364,0.5593589144,0.574453057655
2365,0.56266344355,0.578139845141
2366,0.565921110624,0.581679658442
2367,0.568670946047,0.584663459798
2368,0.571363974474,0.587549078453
2369,0.573609651129,0.58991397946
2370,0.575176688257,0.591499376444
2371,0.57737831988,0.593702806059
2372,0.579782144738,0.596088456512
2373,0.582130646013,0.598481206624
2374,0.585264480907,0.601962280468
2375,0.588004529845,0.605049111226
2376,0.590446342995,0.607729125525
2377,0.58949366987,0.605990841027
2378,0.593224872934,0.610578332744
2379,0.594539661574,0.611919328791
2380,0.596117680567,0.613549799147
2381,0.597031646505,0.614521849423
2382,0.598435977707,0.616003003043
2383,0.600321379108,0.618087746904
2384,0.60244606442,0.620538263668
2385,0.605213326425,0.623615137681
2386,0.606558034349,0.625025489958
2387,0.607754468596,0.626153546885
2388,0.607989451467,0.626217001415
2389,0.608037534235,0.62602511948
2390,0.607737756263,0.625514037561
2391,0.606936536798,0.624447450838
2392,0.60762657048,0.625163441055
2393,0.607872438676,0.625504448052
2394,0.608651589343,0.626385850203
2395,0.609151317432,0.626985759268
2396,0.596717326549,0.614154009949
2397,0.596574051601,0.613948521828
2398,0.596068779427,0.613343238068
2399,0.595331138027,0.612502465104
2400,0.594585662166,0.611684040106
2401,0.594904202877,0.612179520701
2402,0.595261326003,0.612749596405
2403,0.595192261403,0.61291179857
2404,0.594943999223,0.612856946944
2405,0.594634295252,0.612696308771
2406,0.593511871295,0.611621338913
2407,0.591869004425,0.609848288937
2408,0.589543507669,0.607202575461
2409,0.587760892946,0.605139580842
2410,0.586041283555,0.603288680113
2411,0.585060523895,0.602261042979
2412,0.5835851446,0.600720466784
2413,0.582250271709,0.599372027434
2414,0.58110564439,0.598202474808
2415,0.574918076819,0.590390914163
2416,0.57822538952,0.59517534824
2417,0.575878396145,0.592575352372
2418,0.572910082071,0.589300053924
2419,0.570401251843,0.586607290598
2420,0.568415169599,0.584659265147
2421,0.566195370197,0.5824580365
2422,0.564142686374,0.580349822267
2423,0.562347736957,0.578406240169
2424,0.559690649654,0.57553291646
2425,0.556915373094,0.572550016518
2426,0.554136959779,0.569486256665
2427,0.550791203726,0.565791152274
2428,0.547579850093,0.562197652499
2429,0.544649150148,0.558996176828
2430,0.541596841301,0.555716636962
2431,0.53858344922,0.552626795097
2432,0.536418263566,0.550526714672
2433,0.534445783717,0.548660899016
2434,0.531927289649,0.54616279074
2435,0.529867831313,0.544140413362
2436,0.527827735998,0.542185779774
2437,0.525410323403,0.539713505078
2438,0.522708392399,0.536943127343
2439,0.52008605448,0.534231105392
2440,0.517150153386,0.531156169089
2441,0.513711091644,0.527498619955
2442,0.509956150684,0.523382091643
2443,0.506219246921,0.519306176952
2444,0.502573607726,0.515343386456
2445,0.499253399099,0.511762824597
2446,0.495768370023,0.507954313625
2447,0.492458301323,0.504225002203
2448,0.490305017789,0.50209695599
2449,0.486048966333,0.497316769871
2450,0.482276475174,0.493038946331
2451,0.478656974781,0.488961276186
2452,0.480112845201,0.491359928913
2453,0.479760589225,0.491011857382
2454,0.478802036258,0.489118164734
2455,0.482223810754,0.49299474641
2456,0.486102229703,0.497363192744
2457,0.490282729707,0.50208270822
2458,0.492464394732,0.504237547977
2459,0.495724948875,0.50789615241
2460,0.499364286559,0.511889682607
2461,0.502578973789,0.51537806984
2462,0.506074847012,0.519154925763
2463,0.509998917174,0.523447165589
2464,0.513762375061,0.527544281554
2465,0.516786959011,0.530779344214
2466,0.520239362353,0.534394929369
2467,0.522690927131,0.536934580929
2468,0.525405585342,0.539693953429
2469,0.527708305243,0.542061430318
2470,0.530009998521,0.544310497231
2471,0.532148293909,0.546383178276
2472,0.534357109652,0.548568390066
2473,0.536343283504,0.550431953987
2474,0.538690326563,0.552722838735
2475,0.541354930394,0.555467550175
2476,0.544600936598,0.558940110551
2477,0.547858138889,0.562489479785
2478,0.550910744088,0.565913470695
2479,0.553890614138,0.569249058185
2480,0.55706274583,0.57268475634
2481,0.559470158664,0.575315153819
2482,0.562097792942,0.578151542967
2483,0.564055790023,0.580283967779
2484,0.566370169084,0.582596415401
2485,0.56859406097,0.584833475474
2486,0.570410185379,0.58664555043
2487,0.572973156392,0.589365796297
2488,0.575770470144,0.592452830401
2489,0.577948028278,0.594903534035
2490,0.575080448399,0.590525903457
2491,0.581239109975,0.5983529667
2492,0.582505328125,0.599642875798
2493,0.583348872754,0.600497152387
2494,0.584710627908,0.601890405992
2495,0.586232505994,0.603485090965
2496,0.587361994595,0.604732608547
2497,0.589692734581,0.607374381075
2498,0.592132057921,0.61010889843
2499,0.593545767063,0.611641129466
2500,0.594524376419,0.612574135308
2501,0.595030817739,0.612937310973
2502,0.595342063874,0.61305153032
2503,0.594970835915,0.612440736471
2504,0.594842294234,0.61213108086
2505,0.594360191991,0.611474005932
2506,0.595291167767,0.612449014196
2507,0.595780961762,0.613038427546
2508,0.596602689195,0.613973919641
2509,0.596683295331,0.61411344239
2510,0.578726408127,0.595522525909
2511,0.578427175239,0.595204147218
2512,0.578749284728,0.595466561856
2513,0.578269611562,0.594915922974
2514,0.577671805094,0.594193386297
2515,0.577549829963,0.594170399627
2516,0.577621796483,0.594438042296
2517,0.578210992967,0.595223701939
2518,0.578218993982,0.595396439951
2519,0.578286565968,0.595627042155
2520,0.577560581353,0.595002859753
2521,0.57682248513,0.594316742521
2522,0.574965034388,0.592303333487
2523,0.572874623211,0.589907386791
2524,0.571102975202,0.587873771759
2525,0.569947983495,0.586677584667
2526,0.5685192481,0.585179892552
2527,0.567211504459,0.58383511153
2528,0.566035723306,0.582687728247
2529,0.564668489974,0.581216091333
2530,0.563419496652,0.580001266642
2531,0.561486569508,0.577883442266
2532,0.559668741266,0.57590277932
2533,0.557203087503,0.573180730058
2534,0.555515994064,0.571495291513
2535,0.553490981928,0.569477015898
2536,0.551087140025,0.567020064255
2537,0.548955707586,0.564685395983
2538,0.546648319845,0.562198412696
2539,0.544220809126,0.559550446718
2540,0.541985947049,0.557083601374
2541,0.538855010493,0.553670186046
2542,0.536627807073,0.551211613504
2543,0.534052141258,0.548399717147
2544,0.531317903298,0.545383830666
2545,0.528075067115,0.541907522855
2546,0.525263850413,0.538966478165
2547,0.522906845235,0.536572855807
2548,0.521083967306,0.534681787286
2549,0.518195516236,0.531663190823
2550,0.516517009176,0.529937218036
2551,0.515456726606,0.529304009722
2552,0.513497048055,0.527272818723
2553,0.510890153851,0.524619204442
2554,0.508381777059,0.522018401469
2555,0.505483763746,0.518962529207
2556,0.502150717238,0.51541776784
2557,0.499366159726,0.512449892639
2558,0.496174303573,0.509060776878
2559,0.493314919241,0.506028310661
2560,0.490545095431,0.503059871245
2561,0.487326816598,0.499527821525
2562,0.485942063701,0.498089128949
2563,0.485873018171,0.498035704268
2564,0.487247490965,0.499451405276
2565,0.490415481506,0.502934956687
2566,0.493195237616,0.50588988005
2567,0.496304884741,0.509202106702
2568,0.499375523521,0.51242933488
2569,0.502117675375,0.515387559471
2570,0.50549367514,0.518958001376
2571,0.508392130625,0.522020156616
2572,0.511273525535,0.525020933291
2573,0.513375233025,0.527181399324
2574,0.515627603905,0.529489734991
2575,0.516232011761,0.529630690008
2576,0.518198992139,0.531668095231
2577,0.520974980965,0.534567965858
2578,0.5231542318,0.536822262914
2579,0.525353100495,0.539045164578
2580,0.528028425069,0.541852295736
2581,0.531212993349,0.545297881324
2582,0.533857784295,0.548201086543
2583,0.536888591812,0.551474694032
2584,0.539291426122,0.554120607098
2585,0.541877702812,0.556953630067
2586,0.544436749815,0.559756098836
2587,0.546570543609,0.562111704003
2588,0.548942195693,0.564695882682
2589,0.551203422736,0.567138236461
2590,0.553465376767,0.569457266471
2591,0.55542982992,0.571406509502
2592,0.557494656609,0.573473976079
2593,0.559530384053,0.57572377972
2594,0.561477796871,0.57787665787
2595,0.563683548857,0.580274048553
2596,0.564382907468,0.580933662115
2597,0.56623756612,0.582856145642
2598,0.567028243546,0.583647447671
2599,0.568466794698,0.585141438839
2600,0.569719185822,0.586412113227
2601,0.571144766906,0.587958835394
2602,0.57314887792,0.590188084639
2603,0.57519706231,0.59257060676
2604,0.576869710482,0.594388879684
2605,0.577567254505,0.595010962843
2606,0.578206556546,0.595564165244
2607,0.578369492467,0.595578351892
2608,0.578299904939,0.595325633466
2609,0.577800686368,0.594627998886
2610,0.577631395519,0.594290469323
2611,0.57739993742,0.593882103992
2612,0.578034359199,0.594678548424
2613,0.5784006444,0.595146150748
2614,0.578881012792,0.59565059852
2615,0.431131184166,0.445166499417
2616,0.520307840809,0.536819701846
2617,0.600017990956,0.61877623327
2618,0.59769502324,0.616432923645
2619,0.518078129387,0.534426328393
2620,0.427316267379,0.440992146662
2621,0.43299267942,0.447249031835
2622,0.522224277383,0.539063402126
2623,0.601123053329,0.62030670465
2624,0.589629309202,0.607600704195
2625,0.511982540428,0.527600012163
2626,0.422709549214,0.436012550936
2627,0.433739820076,0.448432792682
2628,0.523093560056,0.540403858089
2629,0.591025954266,0.608715781573
2630,0.578544326561,0.595418303885
2631,0.503857833123,0.518318811294
2632,0.416773497633,0.429825529853
2633,0.431279234201,0.445762139847
2634,0.513311075944,0.528798869602
2635,0.584087743107,0.600955529616
2636,0.568428794015,0.584623704941
2637,0.497188159869,0.511133577968
2638,0.411062578764,0.424199261253
2639,0.42032887976,0.43269510708
2640,0.505840610327,0.520435737068
2641,0.571460418264,0.587624466865
2642,0.556734864518,0.572451961897
2643,0.49243195298,0.507486076001
2644,0.402062314703,0.414720016353
2645,0.416456010096,0.42888239784
2646,0.499778257267,0.514763653459
2647,0.557707197733,0.572938769975
2648,0.541436507351,0.556177207676
2649,0.479301575924,0.493612770187
2650,0.390051569109,0.40147872807
2651,0.412311748448,0.424736791956
2652,0.493823450719,0.508841726715
2653,0.541774268511,0.556685761024
2654,0.52494643553,0.539019842586
2655,0.465475840165,0.479229616229
2656,0.381333332457,0.392643966243
2657,0.40712942975,0.418814338321
2658,0.484071417667,0.498526178453
2659,0.524040545504,0.53819218665
2660,0.508460529274,0.522039553058
2661,0.452055073711,0.465325171732
2662,0.452155824822,0.465431339029
2663,0.508515667136,0.52207609421
2664,0.524374766135,0.538561751014
2665,0.483916860297,0.498377333366
2666,0.407120670946,0.418808305865
2667,0.381205589025,0.392531483584
2668,0.465493239502,0.479239249031
2669,0.525019970516,0.539084332887
2670,0.542260675556,0.557192174648
2671,0.494059165987,0.509105146395
2672,0.412298178158,0.424709586837
2673,0.390166614968,0.40158840911
2674,0.479085326873,0.493364787084
2675,0.541506146644,0.556250833052
2676,0.55780433617,0.573070723907
2677,0.49974555253,0.514720617389
2678,0.416136861887,0.428539715586
2679,0.40195861913,0.414609138288
2680,0.492356826809,0.507434514032
2681,0.556744078355,0.572490181389
2682,0.57099988426,0.587148429819
2683,0.505898243386,0.520459269211
2684,0.420323343422,0.432683779124
2685,0.410711635042,0.423817972172
2686,0.497161845869,0.51112415175
2687,0.567957235139,0.58413167457
2688,0.584080854238,0.600950168295
2689,0.513191683631,0.528660192887
2690,0.431270010799,0.44576912035
2691,0.416750801854,0.429780176718
2692,0.504263874384,0.518737726134
2693,0.578738477588,0.595599290144
2694,0.591322002073,0.609032767524
2695,0.522922046412,0.540244596035
2696,0.433740508089,0.448410026177
2697,0.422597948794,0.43588200347
2698,0.511549536443,0.527178258246
2699,0.589654177562,0.60766229446
2700,0.60120001723,0.620396278759
2701,0.522356564409,0.539224073148
2702,0.43291399125,0.447153486466
2703,0.42755563165,0.441199605545
2704,0.517875267653,0.534199182502
2705,0.597549870735,0.616280167532
2706,0.600082795474,0.618880276547
2707,0.520390066928,0.536931220414
2708,0.431135590998,0.445187031765
2709,0.687915370325,0.710572615068
2710,0.634275509284,0.6529058075
2711,0.599512236688,0.617387622798
2712,0.574294426422,0.591329005954
2713,0.598016948217,0.61541546385
2714,0.633308315617,0.651664088587
2715,0.680172294905,0.700254931131
2716,0.686697654886,0.710411199493
2717,0.631433031626,0.650268122429
2718,0.597062948517,0.615395470558
2719,0.573030620855,0.590503002359
2720,0.599618451421,0.617893220617
2721,0.633590387953,0.652940368865
2722,0.679078831105,0.700085978716
2723,0.673327074626,0.696187112649
2724,0.625140800985,0.64450121151
2725,0.58530807312,0.602683825242
2726,0.563885915572,0.580392302315
2727,0.591904832882,0.609425682968
2728,0.627207668754,0.646284847734
2729,0.67005130839,0.690626675799
2730,0.652042400962,0.672528708532
2731,0.610780074662,0.629205039536
2732,0.575065102369,0.591799755467
2733,0.55578501514,0.571868942846
2734,0.584055188757,0.601085079145
2735,0.61166311636,0.629350060604
2736,0.655149908881,0.674858600945
2737,0.624427928534,0.642213757158
2738,0.589726939603,0.606266015109
2739,0.558143987807,0.573846065702
2740,0.543053592332,0.558400571016
2741,0.570149537419,0.586337079188
2742,0.594922589372,0.611936020434
2743,0.64140057976,0.662014447694
2744,0.60048950099,0.617206080506
2745,0.571215373389,0.587187590123
2746,0.54298447171,0.558174342221
2747,0.527981723349,0.542101319898
2748,0.551083756221,0.565711008164
2749,0.571539539511,0.586691428182
2750,0.61882047715,0.638460475889
2751,0.575257577745,0.590734576166
2752,0.552044682819,0.567491822396
2753,0.527267133906,0.542431226321
2754,0.51434002103,0.5283031868
2755,0.536304044367,0.550807943644
2756,0.556451021466,0.572214791825
2757,0.592040578754,0.609972327258
2758,0.559151926424,0.575355965329
2759,0.558917732296,0.575110647386
2760,0.591800705566,0.60971067422
2761,0.55645770375,0.57222064021
2762,0.536103612311,0.550612916233
2763,0.514459998604,0.528409896772
2764,0.527436515501,0.542589967321
2765,0.551959924558,0.567447701742
2766,0.575404384702,0.590853713837
2767,0.618765651703,0.638427835171
2768,0.571744990247,0.586901051976
2769,0.551183610416,0.565799242644
2770,0.528226980125,0.54236744567
2771,0.542828737626,0.557999069333
2772,0.570862101562,0.586810126753
2773,0.600235614525,0.616919799906
2774,0.641643946935,0.662256972718
2775,0.595061544056,0.612097075991
2776,0.569447813244,0.585631128359
2777,0.542908803213,0.558247733405
2778,0.557911612337,0.57360567993
2779,0.58984063541,0.606412194686
2780,0.624580421728,0.642379565761
2781,0.655028195938,0.674715279166
2782,0.611553293351,0.629251188428
2783,0.584335185871,0.601340165975
2784,0.555718405942,0.57181947629
2785,0.575012463919,0.591741296806
2786,0.61090525387,0.629322840082
2787,0.652025794604,0.67253637188
2788,0.670037500156,0.690611432111
2789,0.62680830548,0.645912241649
2790,0.591757555629,0.609277258929
2791,0.56381466947,0.580337297194
2792,0.58563094291,0.602988055566
2793,0.624922431773,0.644277302852
2794,0.673041183904,0.695897477791
2795,0.679304604488,0.700303201435
2796,0.633774379005,0.653110902824
2797,0.599324390287,0.617593897409
2798,0.57298752205,0.590476073238
2799,0.59729807193,0.615622539007
2800,0.631742515962,0.650589568779
2801,0.686864928881,0.710552107098
2802,0.68002503395,0.700117909994
2803,0.633215034831,0.651547609784
2804,0.597865060167,0.615266212643
2805,0.574403555777,0.591450100227
2806,0.599318494043,0.617170263907
2807,0.634191078549,0.652804398849
2808,0.688240018775,0.710905260551
2809,0.675274651268,0.694958615969
2810,0.531928750457,0.548327154613
2811,0.531324121436,0.547653077194
2812,0.531159678464,0.547431037754
2813,0.530797136625,0.546957480171
2814,0.530434850596,0.546537587343
2815,0.530324840471,0.546377233308
2816,0.670933502876,0.69010310492
2817,0.529959380378,0.546180699002
2818,0.529626171267,0.545927274453
2819,0.52954330873,0.545931229561
2820,0.528958892307,0.545358414502
2821,0.528326649137,0.544712947366
2822,0.526611135549,0.542804834785
2823,0.671190059934,0.692135757893
2824,0.523929194228,0.539646024462
2825,0.522782534891,0.538399552335
2826,0.521944354436,0.537461710357
2827,0.521018695209,0.536503201919
2828,0.520709433812,0.5361658393
2829,0.519792436526,0.535229370343
2830,0.657970437266,0.678331303503
2831,0.518073022346,0.533480847674
2832,0.517065710001,0.532428901538
2833,0.516049283216,0.531312965202
2834,0.514550184999,0.529607393714
2835,0.512397399961,0.527252764907
2836,0.510514360728,0.525206664349
2837,0.636375183314,0.654836920978
2838,0.508415772024,0.523280169661
2839,0.507854613569,0.522819567477
2840,0.506695892868,0.521609990954
2841,0.505150659503,0.519939797665
2842,0.503625280221,0.51829234903
2843,0.50220648498,0.516772149644
2844,0.61329463899,0.630702811793
2845,0.498640939882,0.512875315529
2846,0.497139835544,0.511191114007
2847,0.494645361387,0.508359639604
2848,0.492326246977,0.505755081319
2849,0.491139073018,0.504679408391
2850,0.489089814629,0.5025425215
2851,0.586798304354,0.602456606821
2852,0.486315259218,0.499819620629
2853,0.485126711669,0.498658557379
2854,0.485249743544,0.498912592975
2855,0.485166683788,0.498827500437
2856,0.485182250111,0.498714917393
2857,0.486498169118,0.500004053843
2858,0.586406566326,0.602078966075
2859,0.489074984576,0.502531444311
2860,0.490782726801,0.504309436699
2861,0.492535883554,0.505975962811
2862,0.494492800335,0.508236003305
2863,0.497193653108,0.511250081894
2864,0.499062613711,0.513313273791
2865,0.613054477591,0.630464276762
2866,0.502133680901,0.516674655418
2867,0.503624252937,0.51829427581
2868,0.505100994096,0.519886025959
2869,0.506477087155,0.521386377211
2870,0.507601237559,0.522550083817
2871,0.508566452127,0.523426558557
2872,0.636366870801,0.654816701525
2873,0.51063142981,0.525317663091
2874,0.512682193518,0.527538802345
2875,0.514559399071,0.529652154779
2876,0.516112395999,0.531373938503
2877,0.517240971494,0.532613968587
2878,0.518306816044,0.533717566246
2879,0.65792376816,0.678297721773
2880,0.519637878527,0.53504600108
2881,0.520661747393,0.536129611324
2882,0.521083213188,0.536570405066
2883,0.521970435398,0.537506185201
2884,0.522564446502,0.538167737985
2885,0.523654038635,0.539360027694
2886,0.671159541923,0.692116063764
2887,0.526684985671,0.542891663146
2888,0.528025076253,0.544398289036
2889,0.529300254991,0.545697337257
2890,0.529524131696,0.545875379053
2891,0.529721977853,0.546032955739
2892,0.530161983759,0.546366285155
2893,0.671174798116,0.690335056156
2894,0.530004884465,0.546025659745
2895,0.53048867774,0.546587668024
2896,0.531094589631,0.547267006969
2897,0.531109229348,0.54734687476
2898,0.531575903271,0.547905605083
2899,0.53204134298,0.548453021516
2900,0.522101786699,0.538130255315
2901,0.522224181096,0.538240630443
2902,0.521755292133,0.537696144164
2903,0.521093940177,0.536958749597
2904,0.520768216913,0.53655324205
2905,0.520838311831,0.536563374763
2906,0.520400495049,0.536146921527
2907,0.520309078139,0.536163734548
2908,0.519929467391,0.535819312699
2909,0.519735189637,0.535695974954
2910,0.519505919558,0.535541615587
2911,0.518556740921,0.534593858101
2912,0.517792310257,0.533822751961
2913,0.516332723691,0.532145963043
2914,0.515094787203,0.530685150348
2915,0.514003718993,0.529414393536
2916,0.513278494744,0.528590126061
2917,0.512369368657,0.527616727951
2918,0.511728276617,0.526948919582
2919,0.511037829767,0.526220540421
2920,0.510062690001,0.525224039822
2921,0.509347792727,0.524485159911
2922,0.508206133022,0.523348045336
2923,0.507557857576,0.522633645125
2924,0.506336956719,0.521282943912
2925,0.504642232661,0.519468923429
2926,0.50313585123,0.517781691141
2927,0.501891953837,0.516493300581
2928,0.500580781412,0.515287405271
2929,0.499735902455,0.514478736654
2930,0.498373407182,0.513095743193
2931,0.497111462136,0.511717350403
2932,0.495667039443,0.510149591874
2933,0.494323459029,0.508640538706
2934,0.492655620608,0.506844137157
2935,0.490713048863,0.504737385234
2936,0.489216826611,0.503065657203
2937,0.487755422232,0.501448515323
2938,0.485775870285,0.49927015662
2939,0.483602842987,0.496962856298
2940,0.482891496314,0.49622665765
2941,0.482948194495,0.49629659609
2942,0.483819003313,0.49718877493
2943,0.485654706337,0.499188727328
2944,0.487660806615,0.501348075037
2945,0.489134293629,0.50299053476
2946,0.49087405906,0.504906968417
2947,0.492655212323,0.506856384225
2948,0.494174531377,0.508527536033
2949,0.495508722243,0.509992247177
2950,0.496960110407,0.511579314115
2951,0.498151998749,0.512878115434
2952,0.499915201568,0.514669545054
2953,0.500720597239,0.515420829674
2954,0.501703705806,0.516323123667
2955,0.502893466051,0.517534884507
2956,0.50493129851,0.519752990724
2957,0.506402381626,0.521374461045
2958,0.50778987675,0.522900581388
2959,0.508641355929,0.523772265604
2960,0.509312170169,0.524442361487
2961,0.510223892308,0.525381546671
2962,0.510774180371,0.525957809179
2963,0.511660041334,0.526872005622
2964,0.512493439262,0.527757988067
2965,0.513119169692,0.528447989466
2966,0.514266846209,0.529675681506
2967,0.515220628242,0.530786909086
2968,0.516367330738,0.532147309095
2969,0.517953430207,0.533980526643
2970,0.518566424677,0.534619462234
2971,0.51957821585,0.535576901351
2972,0.519896343984,0.535875209768
2973,0.51996514879,0.535883311323
2974,0.520592895232,0.536454565655
2975,0.5203828235,0.536129521748
2976,0.520471005949,0.536206640141
2977,0.521245375426,0.537064700821
2978,0.521541460217,0.537410286543
2979,0.521889160773,0.537848494831
2980,0.522281734375,0.538315782945
2981,0.522436535094,0.538469076022
2982,0.509183511759,0.524747718294
2983,0.509200695779,0.524787313971
2984,0.509180768967,0.524694055595
2985,0.508623628916,0.524067500331
2986,0.508446116039,0.52379320443
2987,0.508154186935,0.523435130396
2988,0.507956771492,0.523212184802
2989,0.507827745191,0.523119356666
2990,0.508220076766,0.52360019164
2991,0.508258775375,0.523705291811
2992,0.50772476748,0.523224269434
2993,0.507310282956,0.522851114093
2994,0.506436832613,0.52195708273
2995,0.505711026443,0.521213465419
2996,0.504434860436,0.519713392984
2997,0.502885292576,0.517926686133
2998,0.501999131846,0.516914953811
2999,0.50134080693,0.516206824077
3000,0.500846085519,0.515671566428
3001,0.499667756846,0.514438647332
3002,0.499105264802,0.513846603302
3003,0.498330845373,0.513086563246
3004,0.497689629795,0.512441991067
3005,0.496487640213,0.51125273949
3006,0.496015338148,0.510725359582
3007,0.494860292995,0.509436942244
3008,0.49339112123,0.507846397397
3009,0.491738192486,0.506041214634
3010,0.490658020299,0.505046618388
3011,0.489350183478,0.503730385211
3012,0.488267484883,0.50263797508
3013,0.486753414208,0.501007694196
3014,0.485554499039,0.499696717498
3015,0.484315492114,0.498323235746
3016,0.482877096315,0.496733280192
3017,0.481012607785,0.494720865993
3018,0.48003093589,0.493682600716
3019,0.480565759955,0.494219473896
3020,0.481018047706,0.49470706671
3021,0.482689241923,0.496534720097
3022,0.484407017483,0.498438292239
3023,0.485635176609,0.499780391873
3024,0.487093199862,0.501375356493
3025,0.488385618371,0.502759451421
3026,0.489171951495,0.503556669311
3027,0.490618255552,0.50496984753
3028,0.491930145106,0.506275785229
3029,0.493359246886,0.507834005313
3030,0.494540872534,0.509109531287
3031,0.495729726446,0.510406111768
3032,0.49662883266,0.511380491232
3033,0.497306614416,0.512063279399
3034,0.498563976283,0.513321167668
3035,0.498685821158,0.513435206436
3036,0.499553006057,0.514325263451
3037,0.500348831176,0.515149785623
3038,0.501113398439,0.515937903482
3039,0.501906289771,0.516788346342
3040,0.503141116138,0.518175470205
3041,0.50409083942,0.519368722245
3042,0.505744674633,0.521238259545
3043,0.506569165064,0.522105477238
3044,0.507019717357,0.522556384844
3045,0.507819141292,0.523321732316
3046,0.507874705622,0.523330050352
3047,0.508251398069,0.52365227876
3048,0.508189359673,0.523506011437
3049,0.507979222665,0.52324526586
3050,0.508012078571,0.523273228594
3051,0.50850044851,0.523837818001
3052,0.508898965719,0.524361589928
3053,0.509166692298,0.524718257033
3054,0.509366367334,0.524936865088
3055,0.363431788508,0.375541612556
3056,0.431505478764,0.445666317953
3057,0.496868092063,0.512930024237
3058,0.539713413302,0.556826861858
3059,0.509481420258,0.52602722438
3060,0.445058448622,0.459457619137
3061,0.377734533287,0.389949879027
3062,0.417245813538,0.431059166845
3063,0.482207019197,0.498020861427
3064,0.533158695464,0.550258325644
3065,0.514793930143,0.53094742139
3066,0.457624567707,0.472004931409
3067,0.390779246544,0.403264338007
3068,0.401517750855,0.415249048901
3069,0.465741836216,0.481210880931
3070,0.516885060958,0.532426211689
3071,0.513425861628,0.528486461816
3072,0.468531436729,0.482814729995
3073,0.404999249731,0.41806980883
3074,0.380995024563,0.393895753396
3075,0.443243262376,0.456704634709
3076,0.500695006275,0.515376560857
3077,0.511406751343,0.526031901966
3078,0.475071312985,0.489077168967
3079,0.42063600426,0.434515157424
3080,0.420612725904,0.434470336148
3081,0.475116881113,0.48915452346
3082,0.511530541757,0.526144824947
3083,0.500745921408,0.515436741357
3084,0.443819470981,0.457303777635
3085,0.381259507717,0.394141067364
3086,0.404850051056,0.417931927608
3087,0.468921571799,0.483213710832
3088,0.51370696249,0.528791414184
3089,0.516471771048,0.532020609462
3090,0.465535849876,0.481006264993
3091,0.401541650043,0.415260679071
3092,0.390756663653,0.403242448412
3093,0.457661418282,0.472021196422
3094,0.514883847032,0.531002922069
3095,0.53290890337,0.550001884932
3096,0.481787963434,0.497647906303
3097,0.417490649583,0.431323061349
3098,0.37767712628,0.389888348303
3099,0.445284992628,0.459685960829
3100,0.509469768532,0.526053785203
3101,0.539727732773,0.556841347768
3102,0.496890690375,0.512969854689
3103,0.431406809819,0.445582749366
3104,0.363228600178,0.375339300486
3105,0.669704899044,0.691806640198
3106,0.610976913754,0.62901432838
3107,0.566933247556,0.584440657661
3108,0.520391303914,0.536394619207
3109,0.512242737105,0.52815742789
3110,0.551574469448,0.567914792174
3111,0.596835086609,0.614314833812
3112,0.654276126527,0.674031141804
3113,0.696477768353,0.720918310827
3114,0.641219947325,0.663425204173
3115,0.575613312953,0.593344103389
3116,0.530626945463,0.547473099749
3117,0.503689144938,0.519249308521
3118,0.539426224332,0.556088231734
3119,0.584067082591,0.601777106877
3120,0.642123199663,0.661986503829
3121,0.685526246948,0.70891027887
3122,0.638294387132,0.659757073032
3123,0.581690694382,0.599835327288
3124,0.530529454686,0.546279915939
3125,0.497488687667,0.512260290718
3126,0.521150880139,0.5367332919
3127,0.568109901073,0.585718803778
3128,0.62228094574,0.641281309885
3129,0.666363687018,0.687595329454
3130,0.626959540148,0.646524111814
3131,0.579778795619,0.597201905549
3132,0.542984730323,0.560931833956
3133,0.542878582456,0.560815611237
3134,0.579642151162,0.59710394227
3135,0.626964543874,0.646546311958
3136,0.666479503904,0.687681136274
3137,0.622675684078,0.641671843125
3138,0.568291338091,0.585854279191
3139,0.521104496532,0.53668969895
3140,0.497336112259,0.512111356113
3141,0.530543563461,0.546298131233
3142,0.581774553391,0.599882534466
3143,0.638235756535,0.659683128331
3144,0.685575441234,0.70898155256
3145,0.642325151722,0.662180064195
3146,0.583906390482,0.601620797416
3147,0.539361724426,0.555999353905
3148,0.503894436252,0.519450263856
3149,0.530688555578,0.547525107077
3150,0.575625507637,0.59337049923
3151,0.641163233974,0.663379872941
3152,0.695887378878,0.720299364321
3153,0.654086273488,0.67383204828
3154,0.59699397333,0.614461249298
3155,0.551585541292,0.567916010985
3156,0.51271831342,0.528650183353
3157,0.520089982881,0.536120913401
3158,0.567043833157,0.584556064257
3159,0.610311961492,0.628321353787
3160,0.669392040271,0.691472034086
3161,0.659997165485,0.679160408028
3162,0.468842569245,0.483925426785
3163,0.468942241762,0.483927275831
3164,0.468658316296,0.483576583217
3165,0.468380399579,0.483237086579
3166,0.46765279512,0.482448893005
3167,0.467287146672,0.481991036291
3168,0.46691029492,0.481550884531
3169,0.655078480025,0.673754067238
3170,0.656462296875,0.675521412751
3171,0.466492938348,0.481160793567
3172,0.465927609093,0.480616564209
3173,0.465385381962,0.480057255711
3174,0.464866694005,0.479509247775
3175,0.464031362776,0.47855605989
3176,0.463043391093,0.477384000427
3177,0.654809018553,0.675033808581
3178,0.653941946748,0.674170918749
3179,0.460718038758,0.474644674838
3180,0.459925542553,0.47376481078
3181,0.463174600497,0.477912587844
3182,0.463492250068,0.478245361668
3183,0.460035571925,0.473875423246
3184,0.46050861693,0.474433514395
3185,0.65382334029,0.674055760696
3186,0.654534095942,0.674737977542
3187,0.462631064538,0.476950907398
3188,0.464117307971,0.478677760067
3189,0.465094828672,0.47974082577
3190,0.465725340186,0.480390683609
3191,0.466062585729,0.480751599888
3192,0.466275055382,0.480941080661
3193,0.656361214292,0.675433840121
3194,0.655305646026,0.673980232144
3195,0.46700210714,0.481648395197
3196,0.467380121912,0.482085808984
3197,0.467505485623,0.482297446377
3198,0.468358531926,0.483221252959
3199,0.468256841479,0.483171477582
3200,0.468531142143,0.483509697696
3201,0.468862245098,0.483886248548
3202,0.46081317488,0.475506510876
3203,0.460659940968,0.475343379117
3204,0.460831862791,0.475466042745
3205,0.460193334539,0.474725808592
3206,0.460205446081,0.474700816821
3207,0.459717599489,0.474167844061
3208,0.459397548394,0.473742065944
3209,0.459322356183,0.473685814041
3210,0.459010037021,0.473416204883
3211,0.458807174974,0.473173519746
3212,0.45887436965,0.473237897594
3213,0.45895322514,0.473333012435
3214,0.459708381924,0.474148181411
3215,0.460103149983,0.474615677088
3216,0.460404335312,0.474955293292
3217,0.460523533996,0.475122369385
3218,0.460746115324,0.47540468302
3219,0.460887783463,0.475592592084
