id,unit_kW_m2,optical
1,0.565157883606,0.582646114818
2,0.60817449281,0.628185157597
3,0.606919357445,0.62687853291
4,0.603920910081,0.62358730534
5,0.570997798798,0.587185567448
6,0.59174599652,0.609467706001
7,0.588017548334,0.605263289906
8,0.56302170808,0.573838635163
9,0.55948654204,0.573702639647
10,0.561449255448,0.577852601808
11,0.571467937784,0.588738641282
12,0.566400141677,0.583330476568
13,0.558902680994,0.575337395525
14,0.55293063275,0.569034560813
15,0.547011424232,0.562648716216
16,0.539860915755,0.55496493168
17,0.531608497059,0.54577996495
18,0.52330858891,0.536636526441
19,0.515848446667,0.528188043135
20,0.508450445542,0.520130608368
21,0.502258639799,0.51340817002
22,0.498145096823,0.509079480342
23,0.495147427937,0.506308429584
24,0.49306272851,0.504518511431
25,0.490781946756,0.502461206033
26,0.487239957929,0.498541926126
27,0.483413314724,0.494212053903
28,0.481551597289,0.492110467441
29,0.481095100543,0.491780582014
30,0.483098154717,0.494043262454
31,0.481035319401,0.491716022446
32,0.481811549804,0.492365306251
33,0.483650781263,0.494436350666
34,0.487157935209,0.498458670858
35,0.490764660134,0.502440774835
36,0.493117251219,0.50457193065
37,0.494794917401,0.505941669206
38,0.497963928177,0.508891642674
39,0.502876480851,0.51401397161
40,0.50846862051,0.520166338841
41,0.515640698275,0.527980925427
42,0.523289694365,0.536630366058
43,0.531441049649,0.545608986218
44,0.539760730683,0.554863088442
45,0.547026489549,0.562716289148
46,0.552513802852,0.568598060909
47,0.559341515454,0.575790123591
48,0.566091079946,0.583021369355
49,0.571934248453,0.589202437961
50,0.561727044282,0.578159811263
51,0.559442937361,0.573678525811
52,0.56295914325,0.573784993861
53,0.58831108184,0.605550915048
54,0.591437421614,0.609152644131
55,0.57094303276,0.587146014308
56,0.603676398749,0.623374908905
57,0.607105654865,0.627012400699
58,0.608101196682,0.628069332938
59,0.623230051947,0.641689767577
60,0.623505170875,0.641652971218
61,0.622539400971,0.640788629614
62,0.603737403076,0.620196080857
63,0.595614051717,0.612697705886
64,0.610870473575,0.628196219521
65,0.603373624638,0.619181830434
66,0.596786074135,0.612341818814
67,0.59533611998,0.611816477192
68,0.579233343113,0.595140195863
69,0.585199400147,0.601192358854
70,0.578138958283,0.593393718716
71,0.57092333638,0.585903677692
72,0.566480123087,0.581759269811
73,0.561663955485,0.576945539986
74,0.55417176876,0.568859097335
75,0.546625459273,0.560663389143
76,0.539526871989,0.553210045382
77,0.532614947952,0.545506289605
78,0.524436985774,0.536616845522
79,0.517385076781,0.528864936296
80,0.513296971294,0.524649494383
81,0.510538992734,0.522233493816
82,0.509113163214,0.521141383509
83,0.503848944416,0.515744897625
84,0.500123997466,0.511471977818
85,0.496242467016,0.50701061008
86,0.494836193185,0.505481382614
87,0.494295672284,0.504987453245
88,0.494271364147,0.504949630298
89,0.495017198365,0.50565783363
90,0.496407413623,0.507182154347
91,0.49990834682,0.511256195609
92,0.503655468697,0.515545540332
93,0.508984906391,0.520985961912
94,0.510399078372,0.52211091061
95,0.512939437606,0.524293187477
96,0.517601527655,0.52907154955
97,0.524072708306,0.536255714733
98,0.532346257404,0.545243845389
99,0.539549599732,0.553195716173
100,0.546558369425,0.560594520091
101,0.554339505131,0.569055147128
102,0.561753283272,0.577006311433
103,0.566154605937,0.581431352558
104,0.570755793487,0.585736407152
105,0.578345927854,0.593628179423
106,0.585556433298,0.601553093285
107,0.579118969707,0.595002719367
108,0.5950403616,0.611501470196
109,0.596621471846,0.61219397408
110,0.603629771023,0.619425897142
111,0.61063999928,0.62793685092
112,0.595722004795,0.612792981162
113,0.603728579537,0.62017247885
114,0.622522951704,0.640793785217
115,0.623482790522,0.641636823326
116,0.623352953041,0.641824443417
117,0.610963716734,0.6269081022
118,0.64255570136,0.660715861116
119,0.641331839322,0.659690900566
120,0.642628073176,0.661669668106
121,0.620827195498,0.63810226842
122,0.635100931462,0.653671658652
123,0.630595217066,0.64894569059
124,0.606601590666,0.618882247831
125,0.601914404397,0.617256059783
126,0.601731626343,0.618680359252
127,0.607023898313,0.623993264424
128,0.599415564007,0.615596925076
129,0.590958099975,0.606350792771
130,0.583336509007,0.598302548546
131,0.578553151274,0.593849744825
132,0.571893409829,0.586820305609
133,0.564059538251,0.578422247594
134,0.557005515052,0.571078179936
135,0.551681525767,0.565616445849
136,0.542935318457,0.556116204064
137,0.534298124698,0.546549807679
138,0.527490195019,0.53909595952
139,0.523671900449,0.535457903085
140,0.52124694583,0.533351950146
141,0.517399484126,0.529521798862
142,0.511744056229,0.523532306624
143,0.506806167336,0.517791756391
144,0.504754827979,0.515371530307
145,0.503104754402,0.513468443662
146,0.504242054776,0.514510708438
147,0.503292014531,0.513667832409
148,0.504890609525,0.515490626039
149,0.506916406489,0.517925581486
150,0.511924951094,0.52369081102
151,0.517413918566,0.529552912674
152,0.521461780628,0.533564427214
153,0.523657580707,0.535416465812
154,0.527324067342,0.538928145351
155,0.534175450445,0.546404229206
156,0.543211012702,0.556423240151
157,0.55137474637,0.565299590182
158,0.557027074477,0.571093822687
159,0.564412891661,0.578797516415
160,0.572065972712,0.586988790894
161,0.578519387626,0.593826913986
162,0.582940287531,0.597894282828
163,0.590943146327,0.606336343997
164,0.599453044653,0.615635689465
165,0.607391803832,0.624362712134
166,0.602218959794,0.619156039223
167,0.60223661103,0.617565850502
168,0.606356503743,0.618637384286
169,0.630647787725,0.648996737888
170,0.634760031847,0.653322871662
171,0.620702347291,0.637933570976
172,0.642438710202,0.661447819881
173,0.641655430721,0.66000272013
174,0.642254462906,0.660436458707
175,0.656342175821,0.674090952265
176,0.656932212833,0.675236715242
177,0.65839509291,0.677448505034
178,0.643982469444,0.661862684804
179,0.657572359168,0.677627258073
180,0.651450403397,0.670942745999
181,0.643791601942,0.661797594569
182,0.638790172197,0.657145551857
183,0.635196542501,0.653867929793
184,0.620945981374,0.638711817985
185,0.618088368807,0.635196318677
186,0.609063027025,0.62527406282
187,0.599474722986,0.614732810128
188,0.591297889577,0.606121996759
189,0.584012336156,0.598635365025
190,0.577590213374,0.591934613029
191,0.571073831871,0.585235754321
192,0.564817581563,0.579071322274
193,0.558122795417,0.572201063072
194,0.547622097682,0.560627361848
195,0.538883980784,0.550890598894
196,0.533379978564,0.545063290988
197,0.530283251934,0.542329304195
198,0.526652659785,0.538829720952
199,0.521668811847,0.533635469551
200,0.515289630913,0.526593743787
201,0.511370779569,0.522003215884
202,0.509308365959,0.519456421448
203,0.507501603259,0.517114845063
204,0.507476825905,0.517090366439
205,0.508838455171,0.518990973067
206,0.51144914008,0.52206472811
207,0.51507906731,0.52640166647
208,0.521559037669,0.533529398263
209,0.526979955072,0.539136276708
210,0.530407149744,0.542460432771
211,0.533279604095,0.544970900101
212,0.538736666699,0.550745865564
213,0.547902782806,0.560919119478
214,0.558118708555,0.57215537465
215,0.564865941895,0.579142905128
216,0.571129871349,0.585309934059
217,0.577533306272,0.591912026633
218,0.584332480552,0.598959268901
219,0.591300662109,0.606117129898
220,0.599336968665,0.614618590767
221,0.608687194636,0.624905059799
222,0.618195544709,0.63532378576
223,0.621315889569,0.639057626823
224,0.635550711025,0.654264293016
225,0.639167520466,0.657500696655
226,0.643348999235,0.661379205548
227,0.651103310592,0.670572731797
228,0.657777873038,0.677830088979
229,0.64357805937,0.661434047932
230,0.658075409749,0.677094777199
231,0.657154067874,0.675429878077
232,0.656540389251,0.674298879058
233,0.632660329393,0.646872359608
234,0.668192754662,0.685984691889
235,0.671339359171,0.690276140524
236,0.672440983209,0.692267805619
237,0.655742134642,0.674535990209
238,0.670221709926,0.690942949638
239,0.664379456671,0.684613391338
240,0.636809360583,0.650347489574
241,0.632324824522,0.649193469268
242,0.645579952641,0.66482614949
243,0.635975820312,0.654267438278
244,0.62537273647,0.6424882865
245,0.614724782278,0.630785061161
246,0.605024652222,0.620149270527
247,0.596046456164,0.610656182844
248,0.590347510684,0.605223946604
249,0.584240373131,0.599071399677
250,0.578352797168,0.593459705984
251,0.570980687064,0.58592637771
252,0.560400206674,0.574227558254
253,0.550036855434,0.562733764008
254,0.542542935338,0.554485668649
255,0.537230594599,0.549216850472
256,0.533655886759,0.545787225343
257,0.528543606762,0.540536083962
258,0.52239726902,0.534068614707
259,0.518423181816,0.529611154999
260,0.516967438589,0.528216754603
261,0.515911068694,0.526989910533
262,0.514958692434,0.525361290092
263,0.516371649473,0.527444888945
264,0.517314739586,0.52856596949
265,0.518368297413,0.529567854914
266,0.522209043939,0.53387633895
267,0.528511566312,0.540499327067
268,0.533531109967,0.545661199408
269,0.537572445836,0.549550285171
270,0.542120217022,0.554048582404
271,0.550193137233,0.562908770328
272,0.560050070422,0.573865440699
273,0.571462944749,0.586418078019
274,0.578563660037,0.593700479434
275,0.584440845813,0.599276345376
276,0.590013113467,0.60488821428
277,0.596134218631,0.61071951648
278,0.604647786647,0.61976033133
279,0.615128494144,0.631190066829
280,0.625451493806,0.642593705666
281,0.6358321958,0.654073386864
282,0.645546758632,0.664796446298
283,0.632056068471,0.648879884155
284,0.636706183881,0.650204041635
285,0.664498839923,0.684705328772
286,0.670188954739,0.69093654299
287,0.655700139052,0.674488691767
288,0.672247814553,0.692097062487
289,0.671303195813,0.690210982679
290,0.668281501616,0.686056267864
291,0.679105752941,0.700340607369
292,0.699050090398,0.721109559882
293,0.697757616031,0.71918839954
294,0.689312154386,0.7112904628
295,0.696702880863,0.719813805928
296,0.682872288047,0.702950795788
297,0.668602236192,0.686938873251
298,0.677533147953,0.697710341672
299,0.681258407387,0.701692221339
300,0.664113799284,0.681789080865
301,0.641180799948,0.653903520383
302,0.662108150549,0.680413528484
303,0.650815732584,0.668515698953
304,0.638658410937,0.655139924996
305,0.644457922755,0.661741624765
306,0.647620930257,0.666874416566
307,0.635398485472,0.654086895359
308,0.628693673297,0.64564613052
309,0.624572090108,0.641430878725
310,0.61630005075,0.633714462695
311,0.613818944457,0.631196838485
312,0.608289830463,0.624966360131
313,0.59825473354,0.614393274571
314,0.591313154484,0.607238448161
315,0.588192427036,0.603627338959
316,0.578315724733,0.592897877824
317,0.566118450539,0.579375681337
318,0.563260579971,0.575881061068
319,0.555582826788,0.567407028018
320,0.545691750982,0.556722440859
321,0.542604237057,0.553173849608
322,0.536417723925,0.546449359928
323,0.530523781849,0.540483426413
324,0.530178080877,0.540514674612
325,0.529021926641,0.539894956582
326,0.526682932887,0.537867839241
327,0.523345811646,0.534238696977
328,0.520873936724,0.531563588792
329,0.518881421706,0.529461208009
330,0.516684293233,0.527280942535
331,0.518053261741,0.528819562807
332,0.518017264136,0.528860221723
333,0.517817281047,0.528681228331
334,0.517979493534,0.528807358084
335,0.517983891648,0.528753272668
336,0.516841567416,0.52741965965
337,0.519077225242,0.529671318477
338,0.520973581681,0.531642031593
339,0.523403510806,0.534290021337
340,0.526886627055,0.538080836684
341,0.529299327959,0.540168555085
342,0.529918598511,0.54027196714
343,0.530324623769,0.540283996238
344,0.536729006694,0.546779943434
345,0.542381624942,0.552967050594
346,0.545639697549,0.556679115615
347,0.555847786163,0.567693300733
348,0.562977630006,0.575606933036
349,0.566134072877,0.579407855814
350,0.578347977607,0.592949839955
351,0.588257758841,0.603726866692
352,0.591169513119,0.607082224828
353,0.598436421406,0.614590237016
354,0.608290923009,0.624974743171
355,0.613380275513,0.630759407076
356,0.61663831744,0.634018851194
357,0.624524167235,0.641368887937
358,0.627979581814,0.644904585173
359,0.634818059318,0.653500609291
360,0.647956298849,0.667212359574
361,0.644771807437,0.662029676496
362,0.638475322762,0.654955516724
363,0.651135419537,0.668884287817
364,0.66197097669,0.680278880151
365,0.640955576535,0.653690322849
366,0.663717760458,0.681397339434
367,0.681144805264,0.701563220996
368,0.677552427158,0.697717544216
369,0.668611860841,0.68691739292
370,0.682368184661,0.702449017496
371,0.696543398894,0.719609892079
372,0.689473915825,0.711465829739
373,0.698007634346,0.719424170227
374,0.698964957266,0.720999146776
375,0.687423505994,0.706931833837
376,0.686393765672,0.705556531668
377,0.684815443186,0.703673307445
378,0.685567664237,0.704956223208
379,0.686964984442,0.707087106147
380,0.656296279434,0.673378699595
381,0.681293868532,0.701164630101
382,0.676629831616,0.695998121663
383,0.673450399567,0.692654833474
384,0.666197259892,0.683859799696
385,0.654230849792,0.669723586926
386,0.640389382483,0.65583580612
387,0.654684528984,0.672546198099
388,0.648615225209,0.666261526438
389,0.643200237386,0.660530879401
390,0.637234826057,0.654113110434
391,0.630302552931,0.646425095888
392,0.623062799489,0.638557157573
393,0.618010015382,0.63358793248
394,0.613131501465,0.628926764217
395,0.60859087033,0.624488774529
396,0.604192160938,0.62004172787
397,0.598670395646,0.614370244026
398,0.591753207849,0.607016267516
399,0.584320383403,0.599201538226
400,0.577691665405,0.592046210725
401,0.569739757253,0.583182388692
402,0.56200535573,0.57461821788
403,0.555041297129,0.566937628168
404,0.547833490242,0.559003875276
405,0.541123430708,0.551593499089
406,0.535686498401,0.545768100297
407,0.532566462744,0.542809346633
408,0.531436973732,0.542160156396
409,0.530094817264,0.541231104104
410,0.527839057469,0.538940655615
411,0.522940191,0.533600953905
412,0.520100023034,0.530566166846
413,0.518373096577,0.528767304924
414,0.517157999554,0.527524769052
415,0.517075696939,0.527601836406
416,0.517663812863,0.528288612146
417,0.517752717747,0.528384100791
418,0.517231505594,0.527757189888
419,0.517302901302,0.527687700779
420,0.51857727918,0.528946217796
421,0.520370152136,0.530852760605
422,0.522792686606,0.533468411039
423,0.52753071662,0.53863963815
424,0.529977154038,0.541112458311
425,0.531455687218,0.54218483829
426,0.532797813892,0.543023520126
427,0.535865038091,0.545950268817
428,0.54106992946,0.551520506056
429,0.547700737303,0.558884213031
430,0.555128422292,0.56705735498
431,0.562134741605,0.574775074778
432,0.56994179387,0.583362433092
433,0.577422706343,0.59175592444
434,0.584483666636,0.599365766464
435,0.591721061997,0.607016298099
436,0.598460001475,0.614159171689
437,0.604364202439,0.620221528266
438,0.608614006979,0.624509936751
439,0.613109012134,0.628886447863
440,0.6177007396,0.633290525374
441,0.622828466209,0.638295840889
442,0.630332920509,0.646453038354
443,0.637162122207,0.65402302699
444,0.643469608042,0.6607953203
445,0.648820228717,0.666471369384
446,0.654374352224,0.672228314667
447,0.640361478973,0.655809241608
448,0.654179102194,0.669703586756
449,0.666191449968,0.683824304963
450,0.673428913302,0.692596392995
451,0.676645263736,0.696025653032
452,0.680949822683,0.700813789911
453,0.656400138066,0.673501093961
454,0.686854930579,0.706972780823
455,0.685799809769,0.705174293615
456,0.684576899515,0.70340366853
457,0.686559518675,0.705733963749
458,0.687634846955,0.707147545106
459,0.695693865594,0.714676410177
460,0.697577996165,0.71671114661
461,0.69485104612,0.71355592859
462,0.695428877678,0.714647042578
463,0.697412318724,0.717493513226
464,0.692339544331,0.712297026898
465,0.696346631982,0.717207950911
466,0.692281507765,0.712687495745
467,0.687570835786,0.707538897258
468,0.683991852998,0.703743000305
469,0.663491138011,0.67803951611
470,0.674851990296,0.693887276977
471,0.664823238409,0.682839680075
472,0.663824379546,0.682234174153
473,0.65714976601,0.67522728033
474,0.650474998588,0.668088713105
475,0.642870108777,0.659755402686
476,0.635563129287,0.651738894835
477,0.627157564086,0.642692309847
478,0.62130428581,0.636853859161
479,0.615752088597,0.631497958884
480,0.611087402073,0.626992356403
481,0.605512183122,0.621284565107
482,0.598059887573,0.613374260653
483,0.590676443473,0.605596754146
484,0.583910349339,0.598592155861
485,0.576788205373,0.590990192739
486,0.568670776523,0.582011974633
487,0.561160111395,0.573728023063
488,0.553511636821,0.565336120605
489,0.545623505388,0.556597661205
490,0.539195979865,0.549543174533
491,0.534906969042,0.545168255976
492,0.532398795292,0.543032772881
493,0.530927530779,0.541996880679
494,0.528749771907,0.53998991765
495,0.524227343256,0.535030447092
496,0.520489306843,0.530952711275
497,0.517745635586,0.52797251328
498,0.515946146916,0.526037067781
499,0.515410011082,0.525489465905
500,0.515606536861,0.52584878622
501,0.516568611777,0.526927736117
502,0.515888740684,0.52611272158
503,0.515011999561,0.525092481646
504,0.515880606259,0.525966423688
505,0.517727152715,0.527939552072
506,0.520221347458,0.530691704778
507,0.52394300505,0.534720485871
508,0.528720190823,0.539969445837
509,0.530954265587,0.542011283133
510,0.532418136925,0.543041896428
511,0.534691158747,0.544963546389
512,0.539229392888,0.549582420837
513,0.545581116665,0.556564118031
514,0.553706687363,0.565529379028
515,0.561336521708,0.573926198484
516,0.568646391656,0.581995339541
517,0.576794365527,0.591007816317
518,0.584105697592,0.598774122206
519,0.590987849816,0.605953448921
520,0.598230286361,0.613539762984
521,0.605865967858,0.621651911556
522,0.611384068985,0.627311490556
523,0.61575216776,0.631456368006
524,0.620880962992,0.636412325646
525,0.627028563458,0.642540542946
526,0.63538559604,0.651563475654
527,0.642839340005,0.659701105418
528,0.650471233642,0.668089485615
529,0.656973801528,0.675032051336
530,0.663870787325,0.682241171204
531,0.665109688704,0.68313928691
532,0.675023799485,0.694082161561
533,0.663555776106,0.678107020334
534,0.683876529019,0.703651567461
535,0.687754618389,0.707718080406
536,0.692431526986,0.712837303809
537,0.696072746559,0.716946764418
538,0.692433516252,0.712375749779
539,0.697495387367,0.717565187992
540,0.69497076267,0.714184544408
541,0.694904384493,0.713599158843
542,0.697436004152,0.716552255039
543,0.706012183572,0.724846298616
544,0.704448491218,0.723112435507
545,0.704545696501,0.723654505657
546,0.706448650559,0.726338774222
547,0.709212691885,0.73007112292
548,0.703289524913,0.723855983116
549,0.707282905415,0.728705399717
550,0.701754330231,0.722626832606
551,0.696753771364,0.71723370607
552,0.689739524874,0.708826841526
553,0.676547109003,0.693359727822
554,0.663242571067,0.680133504895
555,0.676866489737,0.696088532466
556,0.669569719349,0.688431811434
557,0.661936820407,0.68033661112
558,0.654831269064,0.672513431359
559,0.646884060807,0.663822937316
560,0.638395853099,0.654572465581
561,0.629391222531,0.644797349972
562,0.622818008824,0.63825783907
563,0.617628554333,0.633291124982
564,0.612257922727,0.627987725333
565,0.605073484946,0.620345057601
566,0.597392261541,0.612312466428
567,0.590225716186,0.604891446766
568,0.583647990837,0.598197616887
569,0.576374032829,0.590472069764
570,0.567660209173,0.58090350975
571,0.560108011725,0.572590183964
572,0.55091437064,0.562481312492
573,0.542617763184,0.553366794853
574,0.536815620981,0.547177917292
575,0.533572717019,0.544107729885
576,0.531335188032,0.542304652774
577,0.528947413684,0.540181856753
578,0.525030414308,0.536041689605
579,0.520688503557,0.531308542489
580,0.516885834383,0.527074753887
581,0.514297784178,0.524203089224
582,0.512985109224,0.522750799179
583,0.512491841804,0.522279398475
584,0.512875684385,0.522736534104
585,0.512782464462,0.52263411434
586,0.512359414693,0.52216486971
587,0.512935623537,0.522697588176
588,0.514402649891,0.524308626712
589,0.516709085045,0.526898605243
590,0.5206473692,0.531267764796
591,0.52490530994,0.53592140576
592,0.52887304299,0.540103944546
593,0.531387203881,0.542359656465
594,0.533339049464,0.543883671866
595,0.53703575429,0.547395719007
596,0.542813891163,0.553570995006
597,0.550918728169,0.562485504537
598,0.559787629795,0.572269903996
599,0.5676556366,0.580875464224
600,0.576264882415,0.590345521671
601,0.583507440628,0.598074185191
602,0.590277166837,0.604971485567
603,0.597615151053,0.612511304452
604,0.604976729202,0.620276623941
605,0.612485809383,0.628226671159
606,0.617505504763,0.633149174573
607,0.622684371766,0.638117398544
608,0.629097490976,0.644502494443
609,0.638352746264,0.654517266916
610,0.646678942776,0.66363884385
611,0.654793610029,0.672479653189
612,0.662268400969,0.680639655511
613,0.669943859989,0.688825209746
614,0.676852343278,0.696075272139
615,0.663431571502,0.680303266545
616,0.676774465913,0.693559548372
617,0.689384034007,0.708513839964
618,0.696982112352,0.717486531606
619,0.702029168437,0.722891229787
620,0.707098439842,0.728496328707
621,0.703511184138,0.724093354861
622,0.709003491744,0.729838643912
623,0.706619897558,0.726519478337
624,0.704751551871,0.723861604642
625,0.704497064124,0.723159088658
626,0.706336768365,0.725159058393
627,0.709876607139,0.727983897405
628,0.709594152608,0.727708313152
629,0.71086871097,0.729721523322
630,0.712366693151,0.732041498839
631,0.714278374144,0.734849236311
632,0.710715593344,0.731429939368
633,0.716057493219,0.738121502675
634,0.711958425441,0.733732621769
635,0.707111256602,0.728405726206
636,0.702181039764,0.723130324671
637,0.681802777439,0.697595530655
638,0.692139921078,0.712317704965
639,0.685837627547,0.705598808887
640,0.679870685422,0.699536301451
641,0.671912503202,0.69111447323
642,0.664295371433,0.682864321252
643,0.655767628169,0.673494748211
644,0.647022345347,0.663924346601
645,0.637644782567,0.653620395127
646,0.628048897962,0.643246271248
647,0.62194088999,0.637115391854
648,0.615346380475,0.630440010141
649,0.610356713587,0.625744221589
650,0.604799128587,0.620324779909
651,0.597990516678,0.613421642044
652,0.590772924563,0.606005615337
653,0.583793580902,0.598745544991
654,0.575708742892,0.590066389518
655,0.566075074641,0.579297775797
656,0.556859877485,0.569063120543
657,0.547549837726,0.558807187286
658,0.540480698504,0.55108942565
659,0.535453798551,0.545973051392
660,0.532790706344,0.543657548928
661,0.529696305725,0.540861408921
662,0.525952970941,0.53711918098
663,0.521787013494,0.532698006155
664,0.518209374964,0.528993258129
665,0.51549769806,0.526116052742
666,0.513150131495,0.523459626632
667,0.510574167342,0.520471978542
668,0.51181379901,0.522097679457
669,0.51235036365,0.522711526417
670,0.511691929793,0.521973840075
671,0.510765153292,0.520659215914
672,0.513071226405,0.523374578962
673,0.515709759504,0.52632769773
674,0.51820666202,0.528997521789
675,0.521810735899,0.53270906325
676,0.52623585588,0.537404089077
677,0.529644528878,0.540805330016
678,0.532523837559,0.543393903242
679,0.535421812342,0.54594586161
680,0.540096072173,0.550702172821
681,0.547647159881,0.558909565425
682,0.55659620004,0.568788806094
683,0.565843325458,0.579093977095
684,0.575680104074,0.590061110008
685,0.58396534214,0.598894370473
686,0.590660086343,0.605860617007
687,0.59797801436,0.61341675158
688,0.604933588105,0.620461314032
689,0.610458644035,0.625826099489
690,0.615390504811,0.630472513872
691,0.621868444564,0.637031447417
692,0.62821735765,0.643389014119
693,0.637591298238,0.653564163932
694,0.647028761015,0.663922235368
695,0.655654195705,0.673403831761
696,0.664108456155,0.682635235554
697,0.672128858368,0.691312878754
698,0.680036507182,0.699716026082
699,0.685845301856,0.705629861616
700,0.692096940653,0.712283747884
701,0.68185938915,0.697678265651
702,0.702239652471,0.723187667712
703,0.706942074729,0.728247942737
704,0.712017249743,0.733806874463
705,0.71610646892,0.738161936676
706,0.710917009539,0.731614018583
707,0.714240476243,0.734795937184
708,0.71223962326,0.731899534442
709,0.710780195199,0.729617565251
710,0.709506126684,0.727604695258
711,0.590837521396,0.609859693441
712,0.672816569424,0.694006424952
713,0.731574179551,0.753730320198
714,0.683376333472,0.704367829944
715,0.592988677467,0.61197208383
716,0.660022824281,0.681685129005
717,0.729517892347,0.752708859165
718,0.684502607809,0.704550972912
719,0.589312820061,0.606408963544
720,0.636029857911,0.655899295396
721,0.713481683766,0.735564432843
722,0.684556257177,0.704082344962
723,0.587486469851,0.60236927832
724,0.600360940644,0.614736080661
725,0.682805785651,0.700694384175
726,0.678652864364,0.69770620368
727,0.593528449316,0.609540362399
728,0.579021165992,0.593736199816
729,0.660769237253,0.678667233478
730,0.671185383474,0.690971627756
731,0.59995903125,0.618089032373
732,0.562640560304,0.578066689174
733,0.633509679145,0.6501409782
734,0.648296447578,0.665846050183
735,0.591127983164,0.607823180138
736,0.54404740266,0.559258165384
737,0.612357048775,0.629468245781
738,0.626642924989,0.643580017544
739,0.582118942675,0.597943401683
740,0.5271355676,0.541247528951
741,0.587761058123,0.604038141109
742,0.604063795262,0.620376499691
743,0.570742735593,0.585828499993
744,0.513875195548,0.526527749736
745,0.556122633677,0.569573601609
746,0.572428245084,0.585630166716
747,0.551114821051,0.563255805448
748,0.500922860924,0.511039365443
749,0.527823131106,0.538613181451
750,0.545083145696,0.555496281707
751,0.534443312212,0.54443936169
752,0.490870263007,0.499763314952
753,0.504890749405,0.513708064091
754,0.524288363689,0.533376866065
755,0.522023594161,0.531519528652
756,0.490063743345,0.499903905557
757,0.494690318884,0.504087900525
758,0.517621924072,0.527826996717
759,0.515421221591,0.525560825895
760,0.488123678198,0.498045931306
761,0.485206709895,0.494238000287
762,0.509878631816,0.51985420387
763,0.509255320784,0.519394035875
764,0.487635073506,0.49777631725
765,0.484943236906,0.494529581428
766,0.508446965446,0.518633964324
767,0.508572180681,0.518762625545
768,0.484870733091,0.494472363666
769,0.487619481052,0.497755673913
770,0.509502783788,0.51964607253
771,0.509786721953,0.51976809999
772,0.485110638513,0.494136190913
773,0.488197490908,0.498121324166
774,0.515516165226,0.525661104052
775,0.517579098377,0.52777809246
776,0.494629796803,0.504033607001
777,0.490393067882,0.500234357622
778,0.522000976876,0.531504451976
779,0.523977815936,0.533050007789
780,0.504882959975,0.513702942021
781,0.491047962331,0.499936408347
782,0.534362443585,0.544346918817
783,0.54510997807,0.55549515618
784,0.527680402869,0.53845743433
785,0.500798827855,0.510919625548
786,0.551008056719,0.563144921066
787,0.572246632655,0.585447917532
788,0.556057064059,0.569514936169
789,0.513958993997,0.52659977076
790,0.570599631609,0.585694098319
791,0.603866531091,0.620192271317
792,0.587628108731,0.603884963686
793,0.527181819339,0.541276124985
794,0.581878832393,0.597689430433
795,0.626537666421,0.643463117697
796,0.612339215748,0.629431897953
797,0.544171428964,0.559365584556
798,0.591420480295,0.608092502689
799,0.648276525853,0.665828129964
800,0.633681817488,0.650335175887
801,0.562550223056,0.577970723995
802,0.600182766321,0.618331470981
803,0.670960611069,0.69075416206
804,0.661002342719,0.678929950576
805,0.579170351779,0.593891748337
806,0.593611533312,0.609602265369
807,0.678863759597,0.697951566058
808,0.68271638809,0.70059189189
809,0.600591848492,0.614980445636
810,0.587152889407,0.602027955189
811,0.684549639752,0.704083258805
812,0.713069543046,0.735098659239
813,0.636287113566,0.656171826665
814,0.589018765056,0.606092847477
815,0.684716303234,0.704772508727
816,0.729305435857,0.752518302176
817,0.65975640937,0.681435313729
818,0.592654843672,0.611612830175
819,0.683272211694,0.704225439666
820,0.731575594575,0.753724175662
821,0.672674993331,0.693847584749
822,0.696288478435,0.716065779909
823,0.694809393061,0.714267546149
824,0.692832793252,0.71191663403
825,0.692043259939,0.71104519568
826,0.693216703715,0.712794552541
827,0.695445738843,0.715755282963
828,0.696469194448,0.717320867067
829,0.695127106928,0.716164715923
830,0.690996102151,0.711598618892
831,0.687445427494,0.707723745002
832,0.684046273686,0.704104892736
833,0.681516952289,0.701573775591
834,0.677034877318,0.696484680293
835,0.655878360635,0.67028967021
836,0.670391383333,0.689408081467
837,0.665039488601,0.683421777774
838,0.660131577574,0.67833713256
839,0.655427131466,0.673462163358
840,0.650204057103,0.66799779187
841,0.644700167323,0.66212987199
842,0.639664085852,0.656791043907
843,0.633841224794,0.65044795343
844,0.627347773528,0.643287920184
845,0.621502264107,0.637082890026
846,0.61721632785,0.632914419439
847,0.612923979702,0.628842485982
848,0.609132470457,0.625218812881
849,0.604986380073,0.621122531698
850,0.600174911824,0.616179187216
851,0.595207146992,0.611068642771
852,0.590524101079,0.606271021777
853,0.584538149596,0.600054135261
854,0.578151795027,0.593323954787
855,0.571624310659,0.586321845168
856,0.564463841177,0.578440846235
857,0.556755741276,0.569934542005
858,0.55023131564,0.56267516344
859,0.543917708278,0.555680829239
860,0.537736098553,0.548853733606
861,0.531646302968,0.542175787301
862,0.525898829701,0.535822965752
863,0.520295471595,0.529689825659
864,0.516599561793,0.525942725729
865,0.514521509855,0.524154399003
866,0.513207431251,0.523197034226
867,0.511682287938,0.521950413168
868,0.509958011175,0.520328197921
869,0.507574568608,0.517865902255
870,0.50483738369,0.514905584034
871,0.502012874658,0.511915210827
872,0.500946764648,0.51089644047
873,0.499913282507,0.509923435257
874,0.499485194181,0.509583430658
875,0.499061394827,0.509217221658
876,0.499176445952,0.509412477706
877,0.49954708075,0.50980963152
878,0.499255251309,0.509485909978
879,0.499209638811,0.509389759351
880,0.499271985169,0.509381255217
881,0.500055268988,0.51007385556
882,0.50077943849,0.510733363611
883,0.502262784626,0.512165902995
884,0.504592688824,0.514678711299
885,0.507350218007,0.517623216711
886,0.510110796558,0.520475941817
887,0.511536461175,0.521798014975
888,0.512902439256,0.522909306728
889,0.514340833539,0.523972430914
890,0.516537796518,0.525872078147
891,0.520310209149,0.529709955771
892,0.525591621016,0.535518262095
893,0.531546188118,0.542065148094
894,0.537665867789,0.548796168176
895,0.544068267809,0.555829470832
896,0.550318177519,0.562780303805
897,0.556726239848,0.569907185966
898,0.564434566011,0.578424292074
899,0.571492931636,0.586204804644
900,0.578122117247,0.593282741006
901,0.584454698144,0.599957100185
902,0.590249674945,0.605998184998
903,0.595521935934,0.611398243632
904,0.600164253939,0.616177276095
905,0.604904181829,0.621045053843
906,0.60914863925,0.625235382972
907,0.612959954587,0.628901738476
908,0.617400618102,0.633124495836
909,0.621450924005,0.637035610201
910,0.627158300872,0.643074859305
911,0.633763041361,0.650344181844
912,0.639566878411,0.656709303771
913,0.64462535259,0.662089210442
914,0.650000688533,0.667790411009
915,0.65535863916,0.673401596969
916,0.66021745076,0.678438623921
917,0.664758646198,0.683123635877
918,0.670430267241,0.689464368669
919,0.655722969725,0.670168677184
920,0.676771911416,0.696218433629
921,0.681408906409,0.701494888043
922,0.684028244961,0.704125789778
923,0.687542850495,0.707782319931
924,0.691188674088,0.711851294273
925,0.694994205464,0.715982668705
926,0.696197879748,0.717049256128
927,0.695591571766,0.715918523266
928,0.693176014106,0.71273709249
929,0.691955357714,0.710953375306
930,0.693325776163,0.712400327674
931,0.695031887002,0.714520712557
932,0.696229749317,0.715998019612
933,0.708493836268,0.728195824649
934,0.707919555225,0.72752421975
935,0.705857291961,0.725151705144
936,0.703870267632,0.722893068275
937,0.704235632327,0.723789902603
938,0.70596500935,0.726284603826
939,0.708073810582,0.729202894194
940,0.708768722127,0.730439200331
941,0.706148847977,0.727670925178
942,0.701997248252,0.723139249808
943,0.698238207132,0.718985882911
944,0.694478636632,0.714942491274
945,0.691075522706,0.711330979784
946,0.678678924556,0.695629693049
947,0.679298626135,0.697809989455
948,0.678856996184,0.698067522872
949,0.673687223897,0.692477703255
950,0.668617639929,0.68728721214
951,0.662924409546,0.681367978872
952,0.657727687028,0.675957160128
953,0.65172410678,0.669568016883
954,0.645286302612,0.662556143262
955,0.638890502618,0.655513408809
956,0.632129284623,0.64808929058
957,0.625709100678,0.641388913443
958,0.620684885952,0.63655482732
959,0.615755095433,0.631741883903
960,0.611349995607,0.627494848101
961,0.6070433325,0.623231344287
962,0.601552021828,0.617613893481
963,0.596161082059,0.612076382504
964,0.589519142945,0.605075225713
965,0.583403097879,0.598689659391
966,0.577357229459,0.592349623667
967,0.570414120343,0.58493907798
968,0.563004893635,0.576793020036
969,0.555617935045,0.568637458347
970,0.549044806941,0.561387336416
971,0.542603545976,0.554260875613
972,0.535551564481,0.546560170665
973,0.529195823174,0.53956141789
974,0.522937847024,0.532715371956
975,0.518329325698,0.527806733215
976,0.514844803729,0.524448118072
977,0.512839795114,0.522815253287
978,0.511335957073,0.521629151941
979,0.509122312973,0.519569371392
980,0.50685834607,0.517232331697
981,0.503501421206,0.513631086512
982,0.500434409744,0.510300994264
983,0.498298785286,0.508116210117
984,0.496737068991,0.506508149638
985,0.495871278511,0.505645560113
986,0.495571268172,0.505442020448
987,0.495605190291,0.505598245226
988,0.496276120132,0.506360765968
989,0.496282603823,0.506377441276
990,0.495776135678,0.505752661046
991,0.495688761913,0.505568460079
992,0.495831683387,0.505608831465
993,0.49686762302,0.506639823944
994,0.498274625573,0.508085083681
995,0.500357395938,0.510232597722
996,0.503490017324,0.513629511234
997,0.506937245663,0.517311072867
998,0.509236564745,0.519677240887
999,0.511204378925,0.52150435304
1000,0.512886952222,0.522872973561
1001,0.514965585459,0.524564960374
1002,0.518129420715,0.527612490536
1003,0.522956354008,0.532723068471
1004,0.52902986781,0.53940462296
1005,0.535632329252,0.546656260328
1006,0.542598478505,0.554266541623
1007,0.549082146294,0.56143189826
1008,0.555680601475,0.568707170832
1009,0.562802419942,0.576598064542
1010,0.570306328888,0.584819701687
1011,0.577250266993,0.592259281963
1012,0.583431909369,0.598705217263
1013,0.589730369658,0.605290368931
1014,0.595965531304,0.61186154349
1015,0.60179614597,0.61786979055
1016,0.606907579937,0.623085103912
1017,0.611296205315,0.627423598137
1018,0.615570645247,0.631519420725
1019,0.620302330561,0.636145099169
1020,0.625454005714,0.641119881178
1021,0.632057636637,0.648060514781
1022,0.638511947769,0.65511301358
1023,0.645505588535,0.662774103377
1024,0.651927470284,0.669773037616
1025,0.657436724431,0.675644659936
1026,0.662924837734,0.681367476684
1027,0.668500015515,0.6871543604
1028,0.673747359116,0.69255981813
1029,0.679048075801,0.698260694549
1030,0.679465578697,0.698000821415
1031,0.678681747376,0.695596053333
1032,0.690957869633,0.711223705472
1033,0.694341295344,0.714802808588
1034,0.698008126999,0.718767900231
1035,0.701935556086,0.723043193613
1036,0.706073715332,0.727600705511
1037,0.708950947573,0.730635114072
1038,0.708186448073,0.729299104848
1039,0.706236636972,0.726581723981
1040,0.704391565253,0.723960512175
1041,0.703902855282,0.722943576906
1042,0.705885944992,0.725153863266
1043,0.708117876406,0.727711256807
1044,0.715378506007,0.73478662975
1045,0.714317519969,0.733576011161
1046,0.712682426219,0.731720963662
1047,0.712686031107,0.732106277948
1048,0.714237958571,0.734328661171
1049,0.716707750868,0.737678285085
1050,0.718663216808,0.7403822005
1051,0.717924356563,0.740040409681
1052,0.714116484915,0.735948322786
1053,0.70977988634,0.731198058496
1054,0.705816917174,0.726862210456
1055,0.701840755603,0.722633302081
1056,0.697602296871,0.7179085159
1057,0.675938935504,0.691183975707
1058,0.690298805077,0.710266724489
1059,0.68457184093,0.703966102496
1060,0.679363173389,0.698608285498
1061,0.673686354675,0.692711149445
1062,0.667469167001,0.68623483442
1063,0.661602724853,0.680046951552
1064,0.655488029392,0.673380215645
1065,0.648876075444,0.666116593352
1066,0.641725026498,0.658358380667
1067,0.634247576781,0.650213952238
1068,0.627137050987,0.642787617
1069,0.62207133434,0.637830935743
1070,0.617006451276,0.632908448715
1071,0.612774842294,0.628850762297
1072,0.608168175907,0.624283124198
1073,0.602414805283,0.618352647509
1074,0.595334308798,0.610818175744
1075,0.588435026698,0.603617827964
1076,0.582173029161,0.597135096516
1077,0.576193358063,0.59092963876
1078,0.569419722352,0.583699440856
1079,0.562111389591,0.575689194491
1080,0.555037838796,0.567891038909
1081,0.548147225401,0.560357023174
1082,0.540722737245,0.552224583693
1083,0.533336598679,0.544127327673
1084,0.526715554832,0.536869154502
1085,0.520617938979,0.530236009158
1086,0.516822059333,0.526415985074
1087,0.514298593099,0.5241956131
1088,0.512298809591,0.522544498752
1089,0.510003405719,0.520493646743
1090,0.50709737834,0.517544582952
1091,0.503404481511,0.513547381574
1092,0.500120077166,0.510040204011
1093,0.497244597104,0.506965819933
1094,0.495140450621,0.504726753078
1095,0.493505947064,0.503003608046
1096,0.492976570348,0.502498867629
1097,0.492737348601,0.502360438966
1098,0.493170426197,0.502996502496
1099,0.493799220359,0.503675749224
1100,0.493226130212,0.503036847184
1101,0.492906207504,0.502531637516
1102,0.492934465506,0.502441106226
1103,0.493639609847,0.503136926281
1104,0.495191366397,0.50477556566
1105,0.497153288306,0.50687432852
1106,0.500130027587,0.510037227052
1107,0.503496670078,0.513664108257
1108,0.507156203138,0.517594368961
1109,0.50986021019,0.520340423962
1110,0.511868442426,0.522106588692
1111,0.514439777457,0.524339232399
1112,0.516653315606,0.526243321754
1113,0.520654004849,0.5302592037
1114,0.526755976127,0.536895609701
1115,0.533536106241,0.544329919808
1116,0.540778613127,0.552268783689
1117,0.548221312051,0.560437763459
1118,0.55504654549,0.567901878497
1119,0.562004782368,0.575564074049
1120,0.569252767156,0.583527342409
1121,0.576059779049,0.590809724222
1122,0.58232267121,0.597288033774
1123,0.588536426086,0.603715724398
1124,0.595395542845,0.610891417969
1125,0.602312614079,0.618238519567
1126,0.608139258813,0.624289120945
1127,0.612691838351,0.628771847362
1128,0.616799883435,0.632683485811
1129,0.621898992012,0.637677494829
1130,0.627208800909,0.642859763014
1131,0.634316823544,0.650304113725
1132,0.641782498108,0.65840088923
1133,0.648473913311,0.66573201058
1134,0.655540861676,0.67341738367
1135,0.661752317399,0.680208911103
1136,0.667556504412,0.686318044208
1137,0.673472034648,0.692494359058
1138,0.679033153842,0.69825601299
1139,0.684396640448,0.703810471667
1140,0.690311829353,0.710286439952
1141,0.675961940276,0.691220887638
1142,0.697454416971,0.717744569575
1143,0.701826846272,0.722603713367
1144,0.705850730613,0.726914115006
1145,0.710282296219,0.731676373756
1146,0.714333692113,0.736193678534
1147,0.717799918008,0.739918388281
1148,0.718288388392,0.740008958078
1149,0.716272059961,0.737195469127
1150,0.714294042049,0.734411431839
1151,0.712857843065,0.732262496666
1152,0.712533515768,0.731547251372
1153,0.714206725866,0.733483176611
1154,0.715275276877,0.734670453571
1155,0.716477929926,0.735177404907
1156,0.716049840637,0.734711926744
1157,0.714823571638,0.733430163232
1158,0.715121477993,0.734204693083
1159,0.71615288923,0.735833576179
1160,0.71771600925,0.738165997521
1161,0.720010826825,0.741270833349
1162,0.721243313248,0.743240828575
1163,0.719798732664,0.74204289367
1164,0.715563230706,0.737419287085
1165,0.711205676124,0.732620447942
1166,0.706769258114,0.727852897191
1167,0.702964178324,0.723824009385
1168,0.690450105959,0.707961506195
1169,0.691921361138,0.711308293469
1170,0.690288680541,0.71017816944
1171,0.684902338867,0.704472368813
1172,0.6791439329,0.698549940966
1173,0.673210951962,0.692336045485
1174,0.666685695117,0.685508025995
1175,0.660387013432,0.67872336884
1176,0.653959912578,0.671713761129
1177,0.646902638748,0.664002304969
1178,0.639319477647,0.655702815103
1179,0.631416161075,0.647100877184
1180,0.624043739791,0.639260938091
1181,0.618581708287,0.633737369013
1182,0.613343334579,0.628544000302
1183,0.60984660329,0.625542126864
1184,0.605158752481,0.620903888067
1185,0.599430105844,0.61505051573
1186,0.592804207531,0.608247476597
1187,0.585865939106,0.600825971952
1188,0.580671389118,0.595809089482
1189,0.575224810901,0.590305461077
1190,0.568491989505,0.583026022903
1191,0.56059185008,0.574255564814
1192,0.552278265221,0.564931071841
1193,0.545119073746,0.557059014215
1194,0.53681418427,0.547905033502
1195,0.529790141002,0.540199759204
1196,0.523460106235,0.533277855553
1197,0.518473483228,0.528037146641
1198,0.515258971997,0.525025617984
1199,0.512980631438,0.52311148736
1200,0.510770827959,0.52116602099
1201,0.507930471623,0.518435481474
1202,0.505100387436,0.515602431175
1203,0.50166214845,0.512031358291
1204,0.498399222085,0.508596875791
1205,0.495911217663,0.505893817138
1206,0.493596735229,0.503297781236
1207,0.493285235266,0.503280676235
1208,0.492218554248,0.502147130385
1209,0.49127535759,0.500977085297
1210,0.489991122622,0.499291832069
1211,0.489989976322,0.499283397378
1212,0.491054069962,0.500761203385
1213,0.492347016618,0.502289243222
1214,0.493408832505,0.503404156407
1215,0.493572210303,0.503275805373
1216,0.495847180008,0.505831989171
1217,0.498748549879,0.508946667087
1218,0.501629031701,0.511985051988
1219,0.504830664266,0.515321334141
1220,0.507989118726,0.518514121742
1221,0.51049755858,0.520899693981
1222,0.51281593349,0.522951354339
1223,0.515090214423,0.524855466232
1224,0.518562866106,0.528139470078
1225,0.523545971094,0.533364230125
1226,0.529748372289,0.540144175789
1227,0.536692539124,0.547784418264
1228,0.544895696874,0.556836678332
1229,0.552326239828,0.564983968546
1230,0.560737740929,0.574384381852
1231,0.568460846324,0.583000797514
1232,0.575520155132,0.590590606601
1233,0.580860685805,0.595979376289
1234,0.585741452259,0.600701022708
1235,0.593140400119,0.608575885927
1236,0.599197103989,0.614818288525
1237,0.605146881492,0.62089029799
1238,0.609975940139,0.625674317861
1239,0.613192999541,0.628381733181
1240,0.618312644852,0.633465282213
1241,0.624063583043,0.63924687886
1242,0.631453157028,0.647140253356
1243,0.639435391006,0.655827837939
1244,0.646999740687,0.664106575511
1245,0.654069239893,0.671816481143
1246,0.660286147652,0.678619902526
1247,0.667056509925,0.685863247826
1248,0.673178342307,0.692301716082
1249,0.679322087622,0.698710200758
1250,0.685099279325,0.704683130015
1251,0.690159121381,0.710063650347
1252,0.691963634499,0.711322422455
1253,0.690502540469,0.708009225758
1254,0.703094075738,0.723962734376
1255,0.706730061727,0.727791311328
1256,0.710977389333,0.732407564175
1257,0.715635641334,0.73748460828
1258,0.719617552732,0.741841647331
1259,0.720992763441,0.742986722473
1260,0.720041219194,0.741342077639
1261,0.717828638069,0.738278912229
1262,0.716286993278,0.736012054601
1263,0.715056129555,0.734141620749
1264,0.714909124548,0.733517689562
1265,0.71597306408,0.734664203817
1266,0.488239573906,0.503900608056
1267,0.594765768048,0.613835935737
1268,0.713061463092,0.735085249559
1269,0.712717256695,0.734787545581
1270,0.592006291051,0.610455045723
1271,0.488139247892,0.503921301726
1272,0.594428106136,0.613891359115
1273,0.714800080881,0.738057218574
1274,0.704811837561,0.726556553907
1275,0.584289678794,0.601753175462
1276,0.479965434,0.494384326292
1277,0.589307784151,0.608636918664
1278,0.701735751791,0.724045760495
1279,0.690756196535,0.711164409636
1280,0.571923142502,0.587566596782
1281,0.474146847585,0.487668129177
1282,0.571864706433,0.588030526136
1283,0.664341194198,0.67918246666
1284,0.675860256107,0.69529144533
1285,0.564921066982,0.580618016269
1286,0.466062165422,0.479152115216
1287,0.559449916529,0.574822441587
1288,0.663265296172,0.68182288022
1289,0.659524121678,0.679079872334
1290,0.559298118119,0.576436976885
1291,0.460614294576,0.473835710723
1292,0.548410508675,0.56345534745
1293,0.641570450155,0.658849867448
1294,0.634955844752,0.652690120339
1295,0.542188680088,0.558009210955
1296,0.452069180175,0.46465091321
1297,0.538739272394,0.553769155549
1298,0.621632156019,0.638913599855
1299,0.611514715781,0.628106747545
1300,0.525073154969,0.540003798
1301,0.445643823582,0.457770639554
1302,0.526675504404,0.541460171628
1303,0.600794198264,0.617842640444
1304,0.59049266337,0.606792612872
1305,0.509948770226,0.524103134434
1306,0.437498297731,0.448856205846
1307,0.510210560739,0.523426057923
1308,0.570976891755,0.585779145465
1309,0.561034808815,0.574921750929
1310,0.486110683039,0.497254572249
1311,0.424578831454,0.43413271336
1312,0.490755703239,0.50166067022
1313,0.539257012704,0.550343385861
1314,0.53155489736,0.54215254591
1315,0.466241363985,0.475130795851
1316,0.417774683742,0.426288984903
1317,0.475090937362,0.4840942928
1318,0.512946553925,0.521552422495
1319,0.506710099614,0.515252614709
1320,0.452927279836,0.461725625169
1321,0.415927738079,0.424372463391
1322,0.467191409568,0.47592141925
1323,0.501831557808,0.511186816884
1324,0.495655334856,0.505253244927
1325,0.44702832043,0.457031944953
1326,0.414796032561,0.42295682739
1327,0.467273107547,0.47641349804
1328,0.493944777189,0.503337937601
1329,0.48191357514,0.491055467645
1330,0.435897774439,0.445470629219
1331,0.420697483127,0.429332330002
1332,0.467976029003,0.477265760149
1333,0.490446140339,0.500202745181
1334,0.474501443753,0.48397669269
1335,0.429609080574,0.439055600738
1336,0.429478520906,0.438919033547
1337,0.474540245567,0.484024233906
1338,0.490388425784,0.500139117181
1339,0.467965970561,0.477260599543
1340,0.420765218017,0.429399618836
1341,0.435826400438,0.445407366388
1342,0.482155785895,0.491310862871
1343,0.493922299277,0.503317176952
1344,0.467194059739,0.476319900833
1345,0.414943843507,0.423096500251
1346,0.447084651344,0.457089915147
1347,0.495716871645,0.505316988039
1348,0.501648245021,0.510998680735
1349,0.4669797349,0.475719560636
1350,0.415873381241,0.424316225977
1351,0.452945779488,0.461762338439
1352,0.506726922669,0.515271774439
1353,0.512695055674,0.521282695327
1354,0.474836073779,0.483830637875
1355,0.41784188628,0.426370135541
1356,0.466395883256,0.475281711433
1357,0.531814286497,0.542425577674
1358,0.538966011407,0.550033759759
1359,0.490898874681,0.501808084819
1360,0.424615234327,0.434167182459
1361,0.485926411618,0.497074711389
1362,0.561281088747,0.575169491901
1363,0.571119090154,0.585928018233
1364,0.509816844008,0.523032912554
1365,0.437885638493,0.449247525155
1366,0.510014984976,0.524185947583
1367,0.590769663905,0.60706860669
1368,0.600683623644,0.61772507931
1369,0.526741822787,0.541513131287
1370,0.445627646973,0.457738069668
1371,0.525260020391,0.540179276165
1372,0.611645066298,0.628235749247
1373,0.621741262817,0.639039494508
1374,0.538701812178,0.553736885284
1375,0.451661320286,0.464236414768
1376,0.542307176008,0.55814707739
1377,0.634850663501,0.652561257092
1378,0.64163654347,0.65893392855
1379,0.548242172632,0.563284647035
1380,0.460704983245,0.473940628986
1381,0.559507597263,0.576669176173
1382,0.659557013746,0.679112685741
1383,0.663137291673,0.681713428354
1384,0.55929393308,0.574644304346
1385,0.466047095505,0.479142136865
1386,0.565201597783,0.580909000058
1387,0.675781762484,0.695200252398
1388,0.664292505317,0.679113950267
1389,0.572268241219,0.588461537588
1390,0.473689164768,0.487181556965
1391,0.571766375937,0.587405139333
1392,0.690849057447,0.711300565087
1393,0.701871741899,0.724176096624
1394,0.589209730408,0.608545757638
1395,0.479991406238,0.494427728103
1396,0.584130720924,0.601584220999
1397,0.704672142971,0.726421399609
1398,0.715139187909,0.738400049141
1399,0.594562860398,0.614033903434
1400,0.487941191805,0.503696587786
1401,0.592042562214,0.610519243735
1402,0.712616722822,0.734684914088
1403,0.713483394401,0.735508813581
1404,0.594796775935,0.613853311027
1405,0.688912216212,0.708749071191
1406,0.687500823663,0.707094614046
1407,0.685883961182,0.705142824921
1408,0.684198054538,0.703190318684
1409,0.683580800792,0.702613042427
1410,0.684795403981,0.704316387443
1411,0.686104561911,0.706204685137
1412,0.687311733776,0.707933439203
1413,0.687799491735,0.70885034671
1414,0.686047199554,0.707002810191
1415,0.683215335414,0.703918821736
1416,0.679153004221,0.699526866025
1417,0.676862555502,0.697131697502
1418,0.674417249644,0.694684880678
1419,0.671892371378,0.692087580797
1420,0.669782877033,0.689915589138
1421,0.657268019116,0.674291691059
1422,0.659102355824,0.677710786175
1423,0.657966913399,0.676825234719
1424,0.652920281733,0.671280979516
1425,0.648717381422,0.666979309534
1426,0.644509132735,0.662618166939
1427,0.63986520907,0.657789776242
1428,0.63566537194,0.653314538456
1429,0.631250375155,0.648695611553
1430,0.626814660943,0.644002316009
1431,0.622522695284,0.63939305535
1432,0.617039957901,0.633348681704
1433,0.611642074939,0.627389547204
1434,0.607505833969,0.623066945754
1435,0.603378815493,0.619038409769
1436,0.600208231568,0.616082250839
1437,0.597263552061,0.613340816108
1438,0.5938627968,0.610091476631
1439,0.59025794286,0.606485630562
1440,0.586059220786,0.602167126634
1441,0.581464828196,0.597387573596
1442,0.577405719278,0.593259733995
1443,0.572751715652,0.588494763185
1444,0.568062421177,0.583670846197
1445,0.562940247402,0.578302090147
1446,0.556954775893,0.571902743158
1447,0.551038291533,0.565470147302
1448,0.544792226495,0.558517409306
1449,0.53851255756,0.551532904588
1450,0.53293371103,0.545328564057
1451,0.526972922847,0.538684377858
1452,0.522221033319,0.533444956729
1453,0.516458304839,0.527177619703
1454,0.511098976454,0.521295270693
1455,0.505964845567,0.515686575424
1456,0.500354265558,0.509520533302
1457,0.495966679874,0.504866230758
1458,0.492518493224,0.501411493923
1459,0.490281075954,0.499457219084
1460,0.488624162174,0.498082068832
1461,0.486627806634,0.496320873027
1462,0.485620707209,0.495472209804
1463,0.484419608898,0.494404651294
1464,0.482643532324,0.492616636614
1465,0.480218264219,0.490089531969
1466,0.477532536596,0.487169519879
1467,0.475746798047,0.485278568437
1468,0.474694908254,0.484310173121
1469,0.474232944252,0.483983112554
1470,0.473637461543,0.483478792121
1471,0.473418771128,0.483283136032
1472,0.473104295443,0.483035098079
1473,0.473173751963,0.483115930952
1474,0.473394985351,0.48334853327
1475,0.473027463526,0.482971758222
1476,0.473157960951,0.483096125003
1477,0.473179607873,0.483031808557
1478,0.473590133904,0.483424764807
1479,0.474325060516,0.484081492046
1480,0.474617604589,0.484233046478
1481,0.475644337733,0.485178004556
1482,0.477664610767,0.487289579056
1483,0.480310355644,0.490188263793
1484,0.482358077164,0.492332682108
1485,0.484489602638,0.494476466284
1486,0.485367710742,0.495227520668
1487,0.486674305873,0.49636270665
1488,0.488664349467,0.498122097216
1489,0.490432639261,0.499614657079
1490,0.492440009617,0.501342770369
1491,0.496020947354,0.504913228103
1492,0.50043978597,0.509603607874
1493,0.506108877542,0.515830870509
1494,0.511181791335,0.521383686626
1495,0.516679077156,0.527402200882
1496,0.522192412325,0.533420164343
1497,0.527096128622,0.53879678945
1498,0.532939295575,0.545334434193
1499,0.538483199669,0.551518266872
1500,0.544812390868,0.558533562105
1501,0.551344082134,0.565793860071
1502,0.556727397658,0.571655757246
1503,0.562715157784,0.578060487151
1504,0.567749754444,0.583348525375
1505,0.572790793057,0.588531069899
1506,0.57741350479,0.593254354992
1507,0.581608199688,0.597542089828
1508,0.585938581059,0.602029479737
1509,0.590218844095,0.606436761064
1510,0.594083667264,0.610317042874
1511,0.597313495579,0.613389324709
1512,0.600397970943,0.616247752667
1513,0.603845695464,0.619543241338
1514,0.607070299381,0.622635690495
1515,0.611672216737,0.627454648296
1516,0.617101342129,0.633413572614
1517,0.622137760911,0.639000439483
1518,0.626999389835,0.644175868388
1519,0.631267950367,0.648718370659
1520,0.635388653271,0.65300368711
1521,0.640029489316,0.657940809844
1522,0.644409411176,0.66252704603
1523,0.648975731287,0.667242038319
1524,0.652989470252,0.671354902747
1525,0.657928465176,0.676776293618
1526,0.659359149008,0.677939824063
1527,0.657097161958,0.674081974202
1528,0.66938394068,0.689482868595
1529,0.672051997902,0.692247166627
1530,0.674354113718,0.69463441675
1531,0.67699189462,0.697264289319
1532,0.679624310305,0.699984825587
1533,0.682803897489,0.703458600002
1534,0.68612913729,0.707118971657
1535,0.688234911191,0.709276734058
1536,0.68748254646,0.708099431592
1537,0.686108785239,0.706192702595
1538,0.684872226638,0.704370162828
1539,0.683634642687,0.702661192626
1540,0.684265365403,0.703250650005
1541,0.686139256503,0.705407641676
1542,0.687558259059,0.707165698561
1543,0.68922344119,0.709044840678
1544,0.686339615995,0.705426827304
1545,0.6860048279,0.70503681553
1546,0.684746264432,0.703568367862
1547,0.683609363697,0.702219790165
1548,0.682934359447,0.70145357468
1549,0.683743294313,0.702677013979
1550,0.684613484888,0.704037788361
1551,0.686130953155,0.706142178769
1552,0.686270378503,0.706715805924
1553,0.685448203789,0.706131989733
1554,0.68286207133,0.703291383265
1555,0.679216075723,0.699324304524
1556,0.676297719118,0.696107628352
1557,0.67345336721,0.693057183218
1558,0.671112938967,0.690589008284
1559,0.668390221661,0.687737845949
1560,0.660591261729,0.678007907547
1561,0.647100608358,0.661974276424
1562,0.658927887431,0.677643316517
1563,0.654007020127,0.672229352258
1564,0.649614188351,0.667582942671
1565,0.64525715128,0.663116706139
1566,0.641348904397,0.659111283516
1567,0.637091793316,0.654760144031
1568,0.633146947645,0.650614986715
1569,0.628743860629,0.64591194004
1570,0.623962760233,0.640782554153
1571,0.618739445602,0.634996384833
1572,0.613486484403,0.629217097915
1573,0.607912641431,0.623225100906
1574,0.603312079564,0.618524033023
1575,0.599628637358,0.61502518727
1576,0.595851371219,0.611358294528
1577,0.592101887424,0.607751801664
1578,0.588954983686,0.6047126429
1579,0.585214124432,0.60094907529
1580,0.580871601737,0.596506196111
1581,0.576596426342,0.592141309325
1582,0.571617887009,0.587051840711
1583,0.566771038029,0.5820336653
1584,0.561600128202,0.576543868155
1585,0.555851334646,0.570494878412
1586,0.550165011603,0.564370395855
1587,0.544270730907,0.557917436996
1588,0.53816640147,0.551072170462
1589,0.532674033248,0.544947825915
1590,0.527169434912,0.538869543054
1591,0.52187480823,0.533036078309
1592,0.516661224297,0.527312780539
1593,0.511313159808,0.521481812011
1594,0.505783961693,0.515481090357
1595,0.500630005785,0.509881570529
1596,0.495928339701,0.504798952329
1597,0.492145136325,0.500926816199
1598,0.489602815715,0.498615863473
1599,0.487870106507,0.49719580099
1600,0.486393947232,0.496008102856
1601,0.485036155384,0.494812193809
1602,0.483443168143,0.493326476409
1603,0.481332594708,0.49112939036
1604,0.47885752634,0.488461416585
1605,0.476194529213,0.485518815223
1606,0.473744972603,0.482935815605
1607,0.472612211353,0.481869756911
1608,0.471792902445,0.481127532149
1609,0.471410333773,0.480839654339
1610,0.471264828029,0.480821594472
1611,0.471489632647,0.481176430177
1612,0.471892487837,0.481661552664
1613,0.472520757339,0.482339820454
1614,0.472465934555,0.482274466581
1615,0.471904301581,0.481682966189
1616,0.471489186315,0.481153204656
1617,0.471398551428,0.480969215969
1618,0.47142306273,0.480848651249
1619,0.47183599454,0.48116968222
1620,0.472509289828,0.481771826036
1621,0.473844774632,0.483032473807
1622,0.475998608782,0.485321855342
1623,0.478957552912,0.488557818345
1624,0.481310157008,0.491100692067
1625,0.483357699575,0.493208498307
1626,0.484998013021,0.494778388012
1627,0.486255186795,0.495882928742
1628,0.48779000074,0.497104298784
1629,0.489451840887,0.498456128829
1630,0.492129141989,0.500921818386
1631,0.495632586583,0.504507050133
1632,0.500464134268,0.509709828737
1633,0.505671309332,0.515353688002
1634,0.511135783817,0.521287809217
1635,0.516497745278,0.527164510964
1636,0.521841499948,0.533014516783
1637,0.527254403052,0.538961002297
1638,0.532329356372,0.544609246007
1639,0.537884422147,0.550789388131
1640,0.544250387431,0.557875354882
1641,0.550050817152,0.564273894691
1642,0.555741202067,0.570377560838
1643,0.561163539734,0.576113636285
1644,0.566603820918,0.581835244499
1645,0.572008703718,0.587436688093
1646,0.576714805187,0.592291639221
1647,0.580922228112,0.596543458294
1648,0.585195622239,0.600915350115
1649,0.588863072726,0.604621116484
1650,0.592296257417,0.607948776138
1651,0.595657017398,0.611179464209
1652,0.599762253774,0.61513754761
1653,0.60325134176,0.618469780385
1654,0.60787738131,0.623171546342
1655,0.613280770886,0.629014881311
1656,0.618733729472,0.6349894885
1657,0.623923479797,0.64073657922
1658,0.628735460803,0.645913851612
1659,0.633008102439,0.650490571737
1660,0.637268306891,0.65493461949
1661,0.641241893475,0.659018579783
1662,0.645398961379,0.663263427372
1663,0.649378537968,0.667302139857
1664,0.654004219914,0.672231920454
1665,0.658994782408,0.677703846786
1666,0.647059406098,0.661896332125
1667,0.660659767543,0.678093576208
1668,0.668561285564,0.687923121853
1669,0.670974991381,0.690446259395
1670,0.673530866245,0.693139922233
1671,0.676471351872,0.696293314895
1672,0.679354867875,0.699480271483
1673,0.682110573042,0.702544500719
1674,0.685351954893,0.706033659129
1675,0.686106201993,0.706548042572
1676,0.685571566391,0.705580558352
1677,0.684743994022,0.704173331542
1678,0.683652728795,0.702566017994
1679,0.682569355463,0.701071937207
1680,0.68374056892,0.702340499789
1681,0.685008750369,0.703828875303
1682,0.685886163108,0.704939800768
1683,0.678004393315,0.696572461536
1684,0.677701507223,0.696210756301
1685,0.676570196157,0.694863762846
1686,0.675589138793,0.693735505627
1687,0.675628301791,0.694066951336
1688,0.676864367696,0.695770673527
1689,0.677814181478,0.697241214794
1690,0.678544079467,0.698504035733
1691,0.678326234446,0.698570704875
1692,0.676628958389,0.696949122125
1693,0.673499345215,0.693501983078
1694,0.670661938167,0.69031617575
1695,0.667757478099,0.687190877192
1696,0.665177763894,0.684439396839
1697,0.662763681649,0.681943318197
1698,0.660398809925,0.679536312567
1699,0.651804702522,0.668719159914
1700,0.654386450787,0.673088293707
1701,0.650841690203,0.669201835059
1702,0.645991889336,0.663922676429
1703,0.641987578504,0.659830490114
1704,0.637983042987,0.655741939896
1705,0.634078478471,0.651718501396
1706,0.630281175562,0.647773446469
1707,0.626185920323,0.643373273028
1708,0.621664622658,0.638534082276
1709,0.616058140027,0.632384167344
1710,0.611178234588,0.627034517638
1711,0.605687992194,0.621084963237
1712,0.600195538794,0.61523421672
1713,0.595893481686,0.610888783913
1714,0.592097597782,0.607223421841
1715,0.58808091347,0.603282862657
1716,0.585054329739,0.600365485999
1717,0.581762569885,0.597180037456
1718,0.57794396567,0.593314350337
1719,0.573476761178,0.588723232963
1720,0.569081181073,0.58418469741
1721,0.56371605558,0.578535518052
1722,0.558376235348,0.572877871548
1723,0.553161747655,0.56740489275
1724,0.548094084741,0.562044473812
1725,0.542646966692,0.556179807281
1726,0.537143490243,0.550099697775
1727,0.531518101758,0.543816250378
1728,0.52609668499,0.53780536678
1729,0.520796560916,0.531990264514
1730,0.515786035406,0.526481893704
1731,0.510419239649,0.520617180706
1732,0.505282854378,0.515025761385
1733,0.500639274576,0.50997471492
1734,0.495718112065,0.504663255484
1735,0.491758690508,0.500486804514
1736,0.488885602313,0.497717596656
1737,0.487162390762,0.496319277502
1738,0.485731567234,0.495192283012
1739,0.484197062855,0.493845742431
1740,0.482409034782,0.492118914102
1741,0.480008847976,0.489642450493
1742,0.477574933496,0.486996780591
1743,0.475025012847,0.484186850423
1744,0.47258902999,0.481585420151
1745,0.471000699085,0.479996732783
1746,0.469856534762,0.478851187428
1747,0.468941908995,0.47796967523
1748,0.468574377503,0.477699642945
1749,0.468977651602,0.478295315236
1750,0.469424510776,0.478912862314
1751,0.470016921782,0.479619874029
1752,0.470731180668,0.48042338841
1753,0.470128027933,0.479727296414
1754,0.469582255515,0.479075460535
1755,0.468951395519,0.478262254469
1756,0.468727876509,0.477865013228
1757,0.469119823788,0.478141488855
1758,0.469895049171,0.478895421508
1759,0.471074066869,0.480056855479
1760,0.472574210245,0.481564439742
1761,0.474936599281,0.484093591126
1762,0.477669185129,0.487092821239
1763,0.48005736877,0.48969486405
1764,0.482451529711,0.492160331952
1765,0.484201357204,0.493853448298
1766,0.485652964054,0.495124465486
1767,0.487017251507,0.496190966477
1768,0.488851396185,0.497679313461
1769,0.491680475895,0.500416754636
1770,0.495886230369,0.504824826381
1771,0.500526296058,0.509853976398
1772,0.505254592215,0.515002897974
1773,0.510454800548,0.520647443565
1774,0.515766932608,0.526459697684
1775,0.521227659498,0.532421270426
1776,0.525969675707,0.537666429108
1777,0.531325563769,0.543622949031
1778,0.537095451533,0.550065976306
1779,0.542642939813,0.556156824203
1780,0.548095834509,0.562039657904
1781,0.553110184836,0.567340947051
1782,0.55843737764,0.572949047904
1783,0.564008898128,0.578827800312
1784,0.569084658783,0.584196768026
1785,0.573491997004,0.58870726126
1786,0.577882509481,0.593235180223
1787,0.581601653259,0.597010102305
1788,0.584909376826,0.600229308445
1789,0.588281268852,0.603461025728
1790,0.592101167042,0.607225703794
1791,0.595847897612,0.610849400738
1792,0.60026414692,0.615308545554
1793,0.605855585041,0.621255078137
1794,0.611099997726,0.626928171066
1795,0.616071632494,0.6323762229
1796,0.621556489934,0.638428785215
1797,0.626009956784,0.643237039475
1798,0.630035851387,0.647522126825
1799,0.63405401193,0.651692439087
1800,0.637808429997,0.655547533526
1801,0.642054016706,0.659931348809
1802,0.64599511243,0.663919695457
1803,0.650831888406,0.669203687574
1804,0.65429112759,0.672994742946
1805,0.651346023114,0.668254892301
1806,0.660513468025,0.679639245538
1807,0.662869919583,0.682043101242
1808,0.665284312622,0.684548405375
1809,0.667704274582,0.68710456231
1810,0.670050993104,0.689725113954
1811,0.673403404025,0.693384385443
1812,0.676749393098,0.697073893669
1813,0.678162558696,0.698407335673
1814,0.678504091702,0.698462426571
1815,0.677757372358,0.697197509194
1816,0.676723733757,0.695644578222
1817,0.67538288221,0.693805784181
1818,0.675378594593,0.693523388475
1819,0.676421902536,0.694721890409
1820,0.677679060279,0.696208664678
1821,0.678192757177,0.696780351868
1822,0.65957693959,0.677492825542
1823,0.659552410736,0.677463191121
1824,0.65901770962,0.676837062663
1825,0.657763461412,0.675435697086
1826,0.658038958723,0.67590271547
1827,0.658873263961,0.677111359974
1828,0.65949848349,0.678206286888
1829,0.66068955255,0.67983703203
1830,0.660761233301,0.680300345251
1831,0.659885761899,0.679613600621
1832,0.658246384094,0.677968492752
1833,0.655323820289,0.674684002224
1834,0.652606435907,0.671663088993
1835,0.65008612022,0.668984737051
1836,0.647823460464,0.666610275125
1837,0.64579532465,0.664543707164
1838,0.638440128272,0.655327356223
1839,0.639217858832,0.657273629433
1840,0.63763222444,0.655843228782
1841,0.634044273292,0.651879826361
1842,0.630535391553,0.648205868719
1843,0.626600178906,0.644201822346
1844,0.622910357247,0.640385299965
1845,0.619133713635,0.636460059794
1846,0.615229165288,0.632278462079
1847,0.61107315505,0.627767724063
1848,0.606561428599,0.622882582187
1849,0.601918734619,0.61781166203
1850,0.597338136211,0.612813936164
1851,0.592077047891,0.607113250808
1852,0.586964961666,0.601580751996
1853,0.582790825917,0.597332753859
1854,0.579619881862,0.594246075669
1855,0.575984691816,0.590634941483
1856,0.572491544148,0.58712076007
1857,0.568714434773,0.583191496045
1858,0.565216483229,0.579664910389
1859,0.562273529018,0.57698198542
1860,0.557906300619,0.572470657764
1861,0.553466331911,0.567901046038
1862,0.548896929131,0.563156833341
1863,0.544081598855,0.558100047541
1864,0.53855576804,0.552052558991
1865,0.534391760087,0.547664619023
1866,0.529539441358,0.542432131327
1867,0.523593576428,0.535764039607
1868,0.518322398079,0.529849661915
1869,0.512905270923,0.523855453142
1870,0.507432912502,0.517764292093
1871,0.501955247376,0.511779525428
1872,0.497725019177,0.50709408383
1873,0.493484810781,0.50249593495
1874,0.48945689432,0.498169113074
1875,0.486513447491,0.495236431921
1876,0.484477815729,0.493484797856
1877,0.482951355559,0.492227373007
1878,0.481720835936,0.491212330567
1879,0.480283308932,0.489891034319
1880,0.478431604188,0.488083757118
1881,0.476471405034,0.486076824674
1882,0.474124643068,0.483533101009
1883,0.47270875679,0.48219588258
1884,0.471167941051,0.480567075683
1885,0.469580046289,0.478876426706
1886,0.468031539394,0.477180017421
1887,0.466947757343,0.475985620572
1888,0.465774620113,0.474577728526
1889,0.465710295779,0.47465904719
1890,0.467300461876,0.476756946883
1891,0.467689105647,0.477230730667
1892,0.467883374948,0.477425158658
1893,0.467120426358,0.476562950166
1894,0.465666782133,0.47461336795
1895,0.465733538333,0.474540375175
1896,0.467082151118,0.476118047723
1897,0.468045017575,0.477178402074
1898,0.469551282292,0.478847538507
1899,0.470989340271,0.480384878874
1900,0.472954243767,0.482441590665
1901,0.474324692933,0.483718978248
1902,0.476539503405,0.486153218114
1903,0.47825977965,0.487905619741
1904,0.480204416933,0.489836210714
1905,0.481572795654,0.491067601291
1906,0.48312741521,0.492411040524
1907,0.484505518459,0.493515210564
1908,0.486567973582,0.49529577599
1909,0.489598247577,0.498316377365
1910,0.493403820255,0.502409154371
1911,0.497541075605,0.506926954078
1912,0.502150679516,0.511959739457
1913,0.507398756912,0.517737632943
1914,0.512964585807,0.523904506563
1915,0.51797247445,0.529487701319
1916,0.523627892553,0.535806707868
1917,0.529831148322,0.542713837303
1918,0.534469088763,0.547729882848
1919,0.538816579611,0.552318064819
1920,0.54445532944,0.558474385884
1921,0.54874658447,0.563027827938
1922,0.553363376027,0.56780051353
1923,0.558145800124,0.572726223959
1924,0.562206451074,0.576904952992
1925,0.565088880568,0.579554941715
1926,0.568823794269,0.58331077997
1927,0.572450990626,0.587063490495
1928,0.575612309875,0.590263042231
1929,0.579431423609,0.594069570964
1930,0.582772967006,0.597325659183
1931,0.586866047079,0.601489873201
1932,0.592200757939,0.607218915905
1933,0.597273560952,0.61273707722
1934,0.602293483515,0.618191330374
1935,0.606543451937,0.622850340927
1936,0.610730346977,0.627401150795
1937,0.615294356293,0.63234285627
1938,0.619164402952,0.636469799724
1939,0.622854255866,0.640358260923
1940,0.626355913676,0.643971342647
1941,0.630300166694,0.647997124864
1942,0.634126354516,0.651987435018
1943,0.637813386797,0.656004814816
1944,0.639190915004,0.657231299315
1945,0.638654508163,0.655579298606
1946,0.645722977183,0.664456728975
1947,0.647472554544,0.666253679736
1948,0.650100630975,0.66901477357
1949,0.652384762127,0.671421110156
1950,0.655328493617,0.674703610953
1951,0.658516222528,0.678246524561
1952,0.659934069077,0.679672124097
1953,0.66065762678,0.680209124074
1954,0.660415696882,0.679560433182
1955,0.659647534513,0.678339200174
1956,0.658598865349,0.676836082795
1957,0.658060433425,0.675930267135
1958,0.657874038114,0.675532356026
1959,0.658791188591,0.676594729669
1960,0.659460741718,0.677372869968
1961,0.410759709443,0.423913919584
1962,0.50745654921,0.523714353527
1963,0.61933189098,0.638334361759
1964,0.695190473622,0.716088411949
1965,0.641473469166,0.661222468964
1966,0.528013403556,0.544627491098
1967,0.417104517331,0.430552570595
1968,0.483826618553,0.499705895611
1969,0.596884283703,0.615922846699
1970,0.687668532066,0.709084058642
1971,0.653795284295,0.67361561542
1972,0.543004799337,0.559280504235
1973,0.426218595128,0.438949072162
1974,0.455275465502,0.470207595168
1975,0.570960976683,0.589691189399
1976,0.663350640497,0.683393028558
1977,0.654782529697,0.673676857429
1978,0.556196318905,0.571830886029
1979,0.44142235121,0.453669935772
1980,0.424948147327,0.437711805444
1981,0.536040353054,0.552458584454
1982,0.632862846167,0.651002113092
1983,0.651258141143,0.669540057085
1984,0.56939233714,0.585527417066
1985,0.457095137103,0.470249906115
1986,0.401809509387,0.413463444836
1987,0.500549032865,0.514547191804
1988,0.598047642445,0.614854593969
1989,0.638865925543,0.656832458392
1990,0.580620515439,0.598191503049
1991,0.473867216131,0.488591894563
1992,0.389202638751,0.400387742747
1993,0.469994895692,0.483404778562
1994,0.565201802965,0.581009176422
1995,0.614155828178,0.630012032987
1996,0.574835878706,0.590581757843
1997,0.481265292032,0.495350508748
1998,0.384785329212,0.395519637984
1999,0.442166192539,0.454806127687
2000,0.537808833543,0.553548368634
2001,0.593414036921,0.609652792763
2002,0.570361518213,0.586026449141
2003,0.486429695181,0.500673774348
2004,0.392767920063,0.403630734184
2005,0.414656881243,0.425573427585
2006,0.506133677777,0.520479677898
2007,0.56676145268,0.582287153142
2008,0.558775814636,0.574022817911
2009,0.486118630655,0.499701202793
2010,0.40013231629,0.410968872967
2011,0.391768630185,0.401576881497
2012,0.471769579448,0.483602474774
2013,0.529314575441,0.541807576992
2014,0.534155174284,0.546221652266
2015,0.475757816674,0.486607392871
2016,0.397271127969,0.405916337533
2017,0.372420917778,0.381127660287
2018,0.442702000648,0.452433095817
2019,0.496605867169,0.50618444175
2020,0.506687359291,0.515862319164
2021,0.465930722207,0.474997823532
2022,0.403743029776,0.413576325363
2023,0.420409042676,0.428411892323
2024,0.471210259335,0.479434821496
2025,0.484939136276,0.493129098154
2026,0.458331110654,0.467566674279
2027,0.399763209859,0.408853545175
2028,0.360709940813,0.368387513079
2029,0.406828079516,0.41475819986
2030,0.461203138898,0.470515938651
2031,0.477329728463,0.486424365352
2032,0.455852028261,0.4651629044
2033,0.400766964807,0.410486287928
2034,0.365014223475,0.37338270243
2035,0.398568119166,0.40680562164
2036,0.453826031453,0.46341230327
2037,0.470388831292,0.479652169326
2038,0.451890664784,0.461119068497
2039,0.394607712816,0.403652156794
2040,0.369033545156,0.377731555611
2041,0.396044389062,0.404349516212
2042,0.448435358567,0.457559331873
2043,0.469892921106,0.479315697223
2044,0.448379569848,0.45751579724
2045,0.395826944013,0.40412782982
2046,0.368998250355,0.37769057
2047,0.394754825067,0.403793372277
2048,0.451760649972,0.460997559715
2049,0.47061678446,0.479885176169
2050,0.453624594638,0.463225759292
2051,0.398484075437,0.406710831624
2052,0.365010542472,0.37337313078
2053,0.400828397305,0.410539280843
2054,0.455748668056,0.465063038679
2055,0.477474767809,0.486558422866
2056,0.461160790226,0.470474976493
2057,0.406737825023,0.414656565187
2058,0.360904650282,0.368584854324
2059,0.399861451498,0.408956569483
2060,0.458429844274,0.46767876972
2061,0.484826497392,0.493012093836
2062,0.471194216029,0.479413700273
2063,0.420367327917,0.428391305248
2064,0.403829461307,0.413655730078
2065,0.465741904889,0.474804820054
2066,0.506769451973,0.515941193904
2067,0.496379849269,0.505964092994
2068,0.442575879055,0.452302739725
2069,0.372225369016,0.380942312448
2070,0.397109298645,0.405753472758
2071,0.475852623126,0.486702054696
2072,0.534247144291,0.546331353022
2073,0.529217423563,0.541723355906
2074,0.472011172906,0.483837499819
2075,0.391866266516,0.401671608717
2076,0.400148699281,0.411003221943
2077,0.485953863078,0.499549001739
2078,0.558972703667,0.574227110383
2079,0.566816823938,0.582334910842
2080,0.505859470038,0.520206639016
2081,0.414640594692,0.425579123352
2082,0.392684216348,0.403529257336
2083,0.486144861326,0.500410162909
2084,0.570473736108,0.586143289359
2085,0.593086257393,0.609331367583
2086,0.537831253361,0.553594428393
2087,0.442225767964,0.454874332624
2088,0.384787883153,0.395508084094
2089,0.481229740628,0.495311078112
2090,0.575082098637,0.590806819891
2091,0.613973784103,0.629827562831
2092,0.565491638398,0.581292415942
2093,0.470001941224,0.483422017534
2094,0.388680975906,0.39985399131
2095,0.473613920351,0.488347533856
2096,0.580640674319,0.598211848163
2097,0.638794233957,0.656772605352
2098,0.59815042571,0.614957165676
2099,0.500375738541,0.514383842479
2100,0.401964946862,0.413614735788
2101,0.457195606075,0.47032744904
2102,0.569411281813,0.585539319337
2103,0.651077380254,0.669380634458
2104,0.633124870117,0.651272169181
2105,0.536170620081,0.552609468412
2106,0.424965837717,0.437744942782
2107,0.441492129047,0.453734671221
2108,0.556022256003,0.571673231205
2109,0.654819311133,0.673690449788
2110,0.663648960921,0.683707097315
2111,0.571066566461,0.589786265125
2112,0.455180122851,0.470086921473
2113,0.425927242553,0.43864485931
2114,0.542704203909,0.558981363847
2115,0.654141202703,0.673971059116
2116,0.688011467293,0.709418101903
2117,0.597080882082,0.616160117224
2118,0.483267901442,0.499126663165
2119,0.41707563756,0.430525738184
2120,0.528260944417,0.544859888105
2121,0.641415610337,0.661149555231
2122,0.695132945995,0.716017757867
2123,0.619283919272,0.638289409688
2124,0.507129086833,0.523378159071
2125,0.678949280495,0.69867925259
2126,0.668977737418,0.688173622832
2127,0.653862647254,0.672275510893
2128,0.652095417693,0.670394218018
2129,0.663762352679,0.682301569725
2130,0.673501711895,0.69244687049
2131,0.67526307731,0.69463963609
2132,0.668751635621,0.688273450194
2133,0.656425256633,0.675937588726
2134,0.650689246545,0.670027133104
2135,0.663873370844,0.684021959014
2136,0.672725486618,0.693334749208
2137,0.673287824956,0.693888584446
2138,0.664596075921,0.684778979459
2139,0.647151199392,0.666139326154
2140,0.63838457972,0.656877079763
2141,0.649423861673,0.668632681241
2142,0.658579579898,0.678484141399
2143,0.660179507238,0.680329752934
2144,0.644337044378,0.661181275881
2145,0.635808574566,0.654276059204
2146,0.624457773859,0.642149476205
2147,0.631295396966,0.649105041197
2148,0.637281673495,0.655289293874
2149,0.637705038242,0.655832876754
2150,0.631229543917,0.649091728221
2151,0.616239105099,0.633370131539
2152,0.605060050819,0.621829666231
2153,0.609662662661,0.626546008552
2154,0.616307733863,0.633601573248
2155,0.61568893271,0.632808414419
2156,0.610058293804,0.626817360857
2157,0.596681104898,0.612770646524
2158,0.584042143909,0.599284509771
2159,0.584331377728,0.59927194699
2160,0.590571557082,0.606001983529
2161,0.591343832794,0.607001843342
2162,0.587899110031,0.603753175036
2163,0.578564202692,0.594511303605
2164,0.567282267314,0.582973911419
2165,0.565236722225,0.58053771796
2166,0.572919298413,0.588904400575
2167,0.572634854814,0.588722128855
2168,0.569418875273,0.585387592613
2169,0.560352858591,0.576119422934
2170,0.549088918624,0.564271435186
2171,0.54439656335,0.559331514051
2172,0.550419814451,0.565777478292
2173,0.548966981931,0.564293040513
2174,0.543994788616,0.558999446814
2175,0.535550186012,0.549941023543
2176,0.52199333916,0.535190218973
2177,0.514963377779,0.527340695133
2178,0.5189258706,0.531447661818
2179,0.516597783775,0.528789373357
2180,0.511884831971,0.523539703406
2181,0.505878489883,0.517040597984
2182,0.49435993215,0.504492490021
2183,0.487902497806,0.497505703637
2184,0.489850413657,0.499490728951
2185,0.487911799747,0.497262309371
2186,0.497375778762,0.505936490053
2187,0.482094971465,0.490624663062
2188,0.471985443955,0.480454363717
2189,0.467765940629,0.476311198405
2190,0.469385456154,0.478181925259
2191,0.469909743354,0.479092621817
2192,0.46829884417,0.477690968381
2193,0.467149356937,0.476741647061
2194,0.464895346182,0.474710460426
2195,0.461110327248,0.4708568133
2196,0.461416567437,0.471237734644
2197,0.461422972193,0.471242374706
2198,0.460993050867,0.470753262902
2199,0.464704120109,0.47451017963
2200,0.467073448237,0.476672216201
2201,0.468276454398,0.477668340027
2202,0.469916894101,0.479093063887
2203,0.469429623145,0.478223563829
2204,0.468118693426,0.476676122304
2205,0.47233741354,0.480794631584
2206,0.482170261815,0.490694821183
2207,0.497153891681,0.505704908282
2208,0.487864759394,0.497205223477
2209,0.489777604383,0.499415125995
2210,0.487761990326,0.497379708949
2211,0.494332283628,0.504444755079
2212,0.505904485328,0.517056835905
2213,0.511835028507,0.523480638311
2214,0.516800592201,0.528985437401
2215,0.519137041634,0.531664607793
2216,0.51512175174,0.527502906128
2217,0.522089744178,0.535279914023
2218,0.535613948125,0.550021034423
2219,0.544291366822,0.559282407879
2220,0.549074776374,0.564398173687
2221,0.550592996274,0.565933700839
2222,0.544241834614,0.559187132086
2223,0.548737352764,0.56390927296
2224,0.560414455813,0.576200460792
2225,0.569495066205,0.585491184051
2226,0.572658617561,0.588749437769
2227,0.572759238955,0.588729062472
2228,0.565381284693,0.580693278263
2229,0.567488082985,0.583144630797
2230,0.578519051,0.594465419949
2231,0.588050754642,0.603894807433
2232,0.590943146513,0.606589812168
2233,0.590609423108,0.606015586504
2234,0.584190137611,0.599148315597
2235,0.583964111793,0.599200566673
2236,0.596681482143,0.612794508257
2237,0.609587364031,0.626300789557
2238,0.615751472903,0.632873783708
2239,0.616062070591,0.633368860615
2240,0.609841183763,0.626759783593
2241,0.605113119884,0.621897925936
2242,0.616120494565,0.633234013026
2243,0.631016752639,0.648852196309
2244,0.637942664707,0.656087302976
2245,0.637260560523,0.655272396589
2246,0.631462024329,0.649261697064
2247,0.624491742578,0.642194594828
2248,0.635981794605,0.654463472274
2249,0.644532634917,0.661391461414
2250,0.659833013183,0.679992320096
2251,0.658390037228,0.678313909531
2252,0.649534437028,0.668741284887
2253,0.638104073337,0.65657972142
2254,0.647750198027,0.666763867128
2255,0.664562409017,0.684718179798
2256,0.673535572275,0.694155592554
2257,0.673039987864,0.693680412049
2258,0.663775087684,0.68386822475
2259,0.650879838413,0.670222438821
2260,0.656123334379,0.675622797067
2261,0.668667727112,0.688209151717
2262,0.675200556676,0.694605902316
2263,0.672930558826,0.691880181247
2264,0.663580543023,0.682134041947
2265,0.652547437134,0.670881185837
2266,0.654266979615,0.672646853316
2267,0.668547150926,0.687776560206
2268,0.679525590988,0.699265727395
2269,0.609115289729,0.627007773348
2270,0.609167699329,0.62705355274
2271,0.608693827765,0.626403159826
2272,0.608046779212,0.625682540924
2273,0.607548311079,0.625077436001
2274,0.607399673046,0.624880822266
2275,0.607577736298,0.62529876053
2276,0.607678965607,0.625643661036
2277,0.608041565416,0.626272718354
2278,0.607722582388,0.62617105756
2279,0.606519365791,0.624990692546
2280,0.605026620795,0.623415768426
2281,0.602447608196,0.620533930193
2282,0.600319658395,0.618085101561
2283,0.598525904508,0.6161320663
2284,0.597084515532,0.614562992852
2285,0.595896971334,0.613325907992
2286,0.594624932606,0.611997112106
2287,0.593203244105,0.610580674422
2288,0.589467988824,0.605986044514
2289,0.590425623633,0.607697303208
2290,0.588046047593,0.60509051797
2291,0.585213688593,0.60191818092
2292,0.582314795084,0.598674420108
2293,0.579628915392,0.595928844885
2294,0.577566184062,0.593900460404
2295,0.575247153906,0.59158538444
2296,0.573352671437,0.589661431843
2297,0.571035318978,0.587211116199
2298,0.568703270737,0.584696017414
2299,0.565754504265,0.581494866365
2300,0.56271885972,0.578201415436
2301,0.559355299918,0.574460599706
2302,0.555524312124,0.570212866837
2303,0.55194490453,0.566280633494
2304,0.548939353497,0.563184779154
2305,0.546299221778,0.560610621942
2306,0.544265828746,0.55872374238
2307,0.541988044967,0.556553603731
2308,0.540256010769,0.554940015109
2309,0.538066935487,0.552796682632
2310,0.535686935071,0.550403176897
2311,0.533047435577,0.547702473544
2312,0.53031366384,0.544900453814
2313,0.527123532191,0.541593986871
2314,0.523877929726,0.538181620643
2315,0.520392132659,0.534500233765
2316,0.517046579095,0.530903497483
2317,0.513037346443,0.526549986203
2318,0.509516726327,0.522735871837
2319,0.505485286151,0.518335206561
2320,0.501781056765,0.514186730286
2321,0.497473041971,0.509318871315
2322,0.493236928479,0.504505291869
2323,0.489164110325,0.499967189021
2324,0.485519040398,0.495913045177
2325,0.481786654958,0.491804477916
2326,0.478399696011,0.488215236116
2327,0.474587201786,0.483967642643
2328,0.471057037997,0.480073308126
2329,0.467754453691,0.476465635139
2330,0.464653946572,0.473092273373
2331,0.483323031298,0.49205137514
2332,0.467761066999,0.477880514109
2333,0.467768066617,0.477907528983
2334,0.48330727999,0.492026109636
2335,0.464543642937,0.472976404216
2336,0.467901573851,0.476605130291
2337,0.470995506226,0.480015304065
2338,0.474595760982,0.483981131612
2339,0.478549739759,0.488368211306
2340,0.48155166718,0.491555885549
2341,0.485771585609,0.496192904096
2342,0.489262075272,0.500074764769
2343,0.493176271006,0.504471663576
2344,0.497587011059,0.509422503455
2345,0.501830987783,0.51422917473
2346,0.505806791684,0.518660348479
2347,0.509403137496,0.522631697636
2348,0.513026112675,0.52655569557
2349,0.516772711723,0.530602002094
2350,0.520330345137,0.5344434296
2351,0.523699778475,0.538018127967
2352,0.527279723424,0.541752399454
2353,0.530223674059,0.544809121089
2354,0.532896080247,0.547554941726
2355,0.535569158346,0.550281214817
2356,0.538257513174,0.553007357428
2357,0.539951815054,0.554593304585
2358,0.542214361331,0.556770443872
2359,0.544337022845,0.558781065458
2360,0.546206794147,0.560516109236
2361,0.549171930608,0.563412185038
2362,0.55204004703,0.56641239227
2363,0.555688122107,0.570394426567
2364,0.55921951229,0.574338898204
2365,0.562681383558,0.578148609927
2366,0.565642881556,0.58139232757
2367,0.568738704961,0.584724745302
2368,0.571230398249,0.587419522921
2369,0.573345031564,0.589675241259
2370,0.575297362693,0.591638180478
2371,0.577419961895,0.593760706017
2372,0.579810324262,0.596112224504
2373,0.581950696074,0.598312210402
2374,0.585002013996,0.601696487119
2375,0.588356329621,0.605412141764
2376,0.590310797592,0.607585857611
2377,0.589690355413,0.606176323541
2378,0.593368371542,0.610737865592
2379,0.594343260151,0.611709901907
2380,0.595520738163,0.612917197898
2381,0.597248039384,0.614753639956
2382,0.598757281089,0.616361971323
2383,0.600413486465,0.618216570125
2384,0.602701481241,0.620780100883
2385,0.604779692293,0.623166905861
2386,0.60661197339,0.625106774489
2387,0.607670775518,0.626044155725
2388,0.608095465553,0.626323477414
2389,0.607957778493,0.625968958287
2390,0.607678788884,0.625435887826
2391,0.607148705797,0.624637335458
2392,0.607238412386,0.624743438363
2393,0.607970616506,0.625590952292
2394,0.608641769686,0.626364829927
2395,0.609209842733,0.627070513992
2396,0.596554793561,0.613949088539
2397,0.596365941149,0.6137718068
2398,0.595718692411,0.612995921501
2399,0.595182798827,0.612373797607
2400,0.594663046392,0.61176257747
2401,0.594940669551,0.612206151349
2402,0.595076962271,0.6125830707
2403,0.59518565836,0.612876311979
2404,0.59513460937,0.613050937544
2405,0.594875433595,0.612903459192
2406,0.593570162694,0.611682298628
2407,0.592258043919,0.610237936172
2408,0.58951284069,0.607182379377
2409,0.587715181934,0.605094265532
2410,0.585893020151,0.60314156152
2411,0.584701051959,0.601880574414
2412,0.583521296733,0.600654098085
2413,0.582222463399,0.599355883679
2414,0.581114598728,0.598219857761
2415,0.575274876066,0.590748748662
2416,0.578138458106,0.595112623902
2417,0.57585784722,0.592560567534
2418,0.572931509965,0.589306773919
2419,0.570570059886,0.586788984137
2420,0.568478777067,0.584731051065
2421,0.566295779196,0.582554336032
2422,0.564624622736,0.58083749745
2423,0.56195590245,0.577988545303
2424,0.559617802035,0.575457982586
2425,0.556788280933,0.572392412277
2426,0.554343819464,0.569696406538
2427,0.55081730265,0.565810964237
2428,0.547551253208,0.562180086573
2429,0.544721681193,0.559038120382
2430,0.541414328802,0.55553924941
2431,0.53872181727,0.552754710703
2432,0.536505580978,0.550623412543
2433,0.534205618606,0.548408205129
2434,0.532031532467,0.546292193875
2435,0.529914306552,0.5442045036
2436,0.527775856886,0.542107574047
2437,0.525374432232,0.539661438651
2438,0.522991592003,0.537229411285
2439,0.52021114621,0.534358546143
2440,0.517017581587,0.531016417337
2441,0.513817564312,0.527581714348
2442,0.509928795761,0.523371790158
2443,0.506182559678,0.519263821997
2444,0.502712792003,0.515515773138
2445,0.499265237,0.511779730079
2446,0.495816934324,0.508001071675
2447,0.492331420853,0.504117097442
2448,0.490201697254,0.501998545663
2449,0.486120805931,0.49738433993
2450,0.482291659304,0.493057591135
2451,0.478646641288,0.488947684877
2452,0.480132656601,0.491380139993
2453,0.480193695208,0.491442496892
2454,0.478774773813,0.48907071644
2455,0.482177644924,0.492943658385
2456,0.486236347845,0.497508646754
2457,0.490411063992,0.502223820063
2458,0.492195718063,0.50395204441
2459,0.495753906168,0.507950877446
2460,0.499510460029,0.512040517716
2461,0.502556438632,0.515342167577
2462,0.506218216414,0.519324183571
2463,0.510119275692,0.523559510727
2464,0.513572968819,0.527350944877
2465,0.517032095203,0.53102357158
2466,0.52025452278,0.534404903435
2467,0.522851886759,0.537103800338
2468,0.525259872792,0.539565005862
2469,0.527876715756,0.542221469478
2470,0.530052925941,0.544344227193
2471,0.531960317548,0.546210132046
2472,0.534275597495,0.548495110486
2473,0.536571255664,0.550671580969
2474,0.538842844124,0.552869785602
2475,0.541533511249,0.555671301738
2476,0.544767178381,0.559096327768
2477,0.547599615029,0.562205556153
2478,0.550962548268,0.565943441448
2479,0.554011902483,0.56935697843
2480,0.556844010331,0.572439484861
2481,0.559530287798,0.575369214967
2482,0.562059440581,0.57814096093
2483,0.564439532445,0.580654946898
2484,0.566296220747,0.58253186175
2485,0.568257752835,0.584490649116
2486,0.570523703501,0.586758626658
2487,0.572901746795,0.589293567692
2488,0.575613627818,0.592301167893
2489,0.578035690373,0.594998433537
2490,0.574988071196,0.590445908249
2491,0.581076739231,0.598200572265
2492,0.58223849229,0.599351322433
2493,0.583539373318,0.600687611154
2494,0.5849431319,0.602115095545
2495,0.58598751731,0.603262745685
2496,0.587511789561,0.604870033448
2497,0.589570928985,0.607206835941
2498,0.592024030235,0.610016427337
2499,0.593545769641,0.611635018011
2500,0.594606831661,0.612665287472
2501,0.595252274405,0.613150235763
2502,0.595314289154,0.613037376922
2503,0.595184148573,0.612671386828
2504,0.594700487799,0.611972962029
2505,0.594754114941,0.611881310162
2506,0.595075885596,0.612242584966
2507,0.595658245451,0.61292431068
2508,0.596346091533,0.613726605464
2509,0.596772716965,0.614183147137
2510,0.578731312562,0.595521204492
2511,0.578462883152,0.595259175081
2512,0.5785406368,0.595316824278
2513,0.578059164159,0.594707678237
2514,0.577258557279,0.593763041477
2515,0.577689410467,0.594343059238
2516,0.577703878309,0.594516065958
2517,0.57814906124,0.595161596863
2518,0.578145399619,0.595342873331
2519,0.578175613018,0.595553174793
2520,0.577830360796,0.595296515975
2521,0.576895045039,0.594380400944
2522,0.575055802268,0.592402989468
2523,0.572775565869,0.58980376917
2524,0.571176251741,0.587986486738
2525,0.570022167731,0.586740760724
2526,0.568339642787,0.585013489516
2527,0.56724704142,0.5838886818
2528,0.566083539804,0.582725125033
2529,0.564756795158,0.581288579004
2530,0.563346995548,0.579909689968
2531,0.561605109894,0.578029435334
2532,0.559646773496,0.575853828819
2533,0.557175802694,0.573163084199
2534,0.555335319004,0.571303983355
2535,0.553027084728,0.568991569292
2536,0.551315617559,0.567276367559
2537,0.548713551953,0.564470840334
2538,0.546519905294,0.562086358933
2539,0.544331493458,0.559672653827
2540,0.541583684521,0.55666213525
2541,0.539054394272,0.553860362035
2542,0.536428286189,0.550992654777
2543,0.53396846814,0.548318612925
2544,0.531220137421,0.54530988005
2545,0.528155409807,0.541957406672
2546,0.525282721137,0.538977568338
2547,0.523066433742,0.536723114229
2548,0.520784947205,0.534383840755
2549,0.518354580136,0.531818745364
2550,0.516416208008,0.529811899316
2551,0.515877470891,0.529730089374
2552,0.513309094264,0.52711923755
2553,0.510798477678,0.524531268496
2554,0.508401502585,0.522024215546
2555,0.505412148396,0.51887750156
2556,0.502278310057,0.51553278809
2557,0.498978291673,0.512058153235
2558,0.496078135644,0.508952770466
2559,0.493340008427,0.50605533444
2560,0.490273797348,0.502790618938
2561,0.487391400874,0.49959945641
2562,0.485956013475,0.498115071782
2563,0.485831073164,0.497986327615
2564,0.48727138405,0.499482975509
2565,0.490441164181,0.502956791442
2566,0.493191311392,0.505892695567
2567,0.496394305975,0.509298629228
2568,0.499099983203,0.512158405065
2569,0.50218766082,0.515452675348
2570,0.505236565235,0.518704249326
2571,0.50805238378,0.521671403151
2572,0.511296389652,0.525017911566
2573,0.513222516503,0.527030985806
2574,0.515666185354,0.529507808068
2575,0.516144199531,0.529567540322
2576,0.518257976121,0.53172969531
2577,0.520840887183,0.534436353267
2578,0.523098834364,0.536748132993
2579,0.525281528442,0.538960880541
2580,0.528271757633,0.542086541185
2581,0.530988125891,0.545070204375
2582,0.533922525168,0.548274252282
2583,0.536464725611,0.551050193892
2584,0.539202966884,0.554037967575
2585,0.541718394881,0.556816923134
2586,0.544064547106,0.5593885666
2587,0.54663974601,0.562179133612
2588,0.54906088884,0.564820882879
2589,0.551262932959,0.567221126442
2590,0.553315894507,0.569295047835
2591,0.555277008413,0.57124881305
2592,0.557671564526,0.573668825844
2593,0.559630387651,0.575833464611
2594,0.561875277341,0.578282916166
2595,0.563491177782,0.580058658552
2596,0.564740270214,0.581247344629
2597,0.566318503176,0.582964294873
2598,0.567399546652,0.584036128796
2599,0.568544183537,0.585217653509
2600,0.569898590804,0.586627359828
2601,0.571079439649,0.58788407624
2602,0.572727789481,0.589732984738
2603,0.574970877606,0.592278481967
2604,0.576647605486,0.59413876835
2605,0.577809979499,0.595263595741
2606,0.578323629204,0.595703148987
2607,0.578147567758,0.595366952268
2608,0.577990855853,0.59499851434
2609,0.577596068595,0.594415497699
2610,0.577404665516,0.594033353384
2611,0.577499533443,0.594005273732
2612,0.578135807153,0.594766308134
2613,0.578653377999,0.595416488644
2614,0.578708911826,0.595505269744
2615,0.431114762051,0.445176988113
2616,0.520427102447,0.536951102062
2617,0.600334074824,0.619114094385
2618,0.597551299971,0.616300386125
2619,0.518128207244,0.534468386773
2620,0.427311280326,0.440971439783
2621,0.432761162751,0.447007443069
2622,0.522434158765,0.539269784483
2623,0.601268432372,0.620467955826
2624,0.589542222735,0.60752443119
2625,0.511681782067,0.527296958885
2626,0.422481225847,0.43576735126
2627,0.433799892141,0.448447414277
2628,0.522786928938,0.540110841294
2629,0.5912447438,0.608915880188
2630,0.578438405899,0.59526577362
2631,0.503912893396,0.518367254191
2632,0.41670235127,0.429715712633
2633,0.431533483572,0.446046361848
2634,0.513408353417,0.528910257773
2635,0.584125780366,0.600992290671
2636,0.568051564877,0.584238827128
2637,0.497309978968,0.511276613911
2638,0.410705358596,0.423822036616
2639,0.420151189046,0.432512407963
2640,0.506014189874,0.520597459599
2641,0.571443811118,0.587616325089
2642,0.556876126564,0.572617377846
2643,0.492256419876,0.507331899239
2644,0.402139329888,0.414794663964
2645,0.416223117189,0.428636058774
2646,0.499599380755,0.514538683946
2647,0.557769423469,0.572999287944
2648,0.541258588829,0.555981502383
2649,0.479080685044,0.493354973912
2650,0.390075573039,0.401490651927
2651,0.412069918942,0.424475796697
2652,0.49376384486,0.508782065691
2653,0.542079394784,0.557013411797
2654,0.525075498287,0.539138666095
2655,0.465547289289,0.479295087238
2656,0.3812754541,0.392577653455
2657,0.407273228938,0.418981881958
2658,0.484093594194,0.498525926752
2659,0.524145982267,0.538310070255
2660,0.508511363631,0.522088177817
2661,0.452119543202,0.465391202755
2662,0.451981741787,0.465240062435
2663,0.508360158079,0.521924499465
2664,0.524699556425,0.538852090612
2665,0.484212466621,0.498657848981
2666,0.407275519624,0.418972297923
2667,0.381160050394,0.392472918027
2668,0.465425302819,0.479164599678
2669,0.525300793299,0.5393780951
2670,0.542115266533,0.557062273004
2671,0.494015878679,0.50906758177
2672,0.412161353393,0.424545133799
2673,0.389751475455,0.401156933494
2674,0.479001706293,0.493277234834
2675,0.541650126878,0.556408865028
2676,0.557686846667,0.572937787157
2677,0.499667691423,0.514622821512
2678,0.416420824487,0.428854144904
2679,0.402035294773,0.414687401696
2680,0.492292892044,0.507362240229
2681,0.556673594782,0.572408765641
2682,0.571385610632,0.587537247911
2683,0.5061296215,0.52072355864
2684,0.420437130828,0.432815515012
2685,0.410768073793,0.423864178151
2686,0.49729286617,0.511255828503
2687,0.568321145919,0.584500036245
2688,0.584116935988,0.601010230627
2689,0.513221057236,0.528706972442
2690,0.431223247192,0.445709341122
2691,0.41664857309,0.429684650627
2692,0.504156980244,0.518611217885
2693,0.578374140876,0.595221085107
2694,0.591163328035,0.608843534616
2695,0.522744819204,0.54006425359
2696,0.433696624842,0.448386841211
2697,0.422445507078,0.435723587222
2698,0.51179575412,0.527423603496
2699,0.589489053222,0.60746477078
2700,0.601164946156,0.620359650431
2701,0.522265672812,0.539120580515
2702,0.433016465213,0.447285200855
2703,0.427689204837,0.441321907797
2704,0.517835407669,0.534160607647
2705,0.597765823544,0.61649871296
2706,0.600366323597,0.619164381606
2707,0.520621080818,0.537192316126
2708,0.431122371598,0.445178247064
2709,0.68819766396,0.710865303306
2710,0.634421934904,0.653040288408
2711,0.599141063416,0.617019396895
2712,0.574372386656,0.591427655747
2713,0.598433340065,0.615816553755
2714,0.633220975055,0.65158524908
2715,0.679857414161,0.699934899966
2716,0.686472539537,0.710150516388
2717,0.631216582214,0.650042803536
2718,0.597070612434,0.615398895873
2719,0.572698683499,0.590169849204
2720,0.599598574473,0.617856792112
2721,0.633484259324,0.65283660245
2722,0.679432738573,0.700424544544
2723,0.673447604024,0.696327758445
2724,0.624813928198,0.644173133852
2725,0.585371737921,0.602711560322
2726,0.564021879127,0.580548218528
2727,0.591693393826,0.609183715915
2728,0.626880497239,0.645966981594
2729,0.669841105825,0.690409126418
2730,0.652103391166,0.672598279141
2731,0.610943991312,0.629355662931
2732,0.575014974666,0.591725603588
2733,0.556116965781,0.57220301062
2734,0.584267606073,0.601310162892
2735,0.611523901945,0.629212287126
2736,0.655294119994,0.67499008331
2737,0.624209469603,0.642014134581
2738,0.589278338205,0.605817835184
2739,0.55794796163,0.573650381141
2740,0.542952065344,0.558305691809
2741,0.56969562819,0.585880271985
2742,0.5946195744,0.611621697395
2743,0.641433761255,0.662025279199
2744,0.600203440202,0.616909254053
2745,0.570936888292,0.586900902907
2746,0.543060638241,0.558229483712
2747,0.528311801975,0.542420527291
2748,0.551122013721,0.565747299358
2749,0.571747473118,0.586922138754
2750,0.618865580704,0.638527372473
2751,0.575565763092,0.591047046247
2752,0.552053237149,0.567517404168
2753,0.527376206932,0.542525614435
2754,0.514387332857,0.528335905893
2755,0.535952435851,0.550456537224
2756,0.556434698815,0.57221327426
2757,0.591793509119,0.609701295681
2758,0.559104566829,0.575272492667
2759,0.558881454034,0.575043820947
2760,0.591833759501,0.609767785717
2761,0.55635635855,0.572100208437
2762,0.535936409544,0.55045317315
2763,0.514510831544,0.528454316908
2764,0.527141042732,0.542288080869
2765,0.552119381942,0.567575179277
2766,0.575198560037,0.590650631937
2767,0.618598565346,0.63825348175
2768,0.571843254732,0.586985543977
2769,0.551126210059,0.56575869614
2770,0.528063418439,0.542201894587
2771,0.54301509181,0.55818546978
2772,0.571274655681,0.587240534569
2773,0.600331401204,0.617037828626
2774,0.641488321499,0.662095962574
2775,0.594659605383,0.61167351083
2776,0.569720190088,0.585920919276
2777,0.54305361442,0.558386447657
2778,0.557923378227,0.573603732858
2779,0.589740478635,0.606292180204
2780,0.624445554766,0.642263962316
2781,0.654879731471,0.674550865655
2782,0.611845254663,0.629526815832
2783,0.583971685427,0.600992009476
2784,0.555797262318,0.571873377495
2785,0.575063572743,0.591788570727
2786,0.610864394212,0.629263086132
2787,0.651902344121,0.672360729048
2788,0.669789241299,0.690369922613
2789,0.626554245552,0.645645492499
2790,0.591653260386,0.609158564202
2791,0.564189862512,0.580721644034
2792,0.585655430723,0.603020980742
2793,0.624875147754,0.644211935926
2794,0.673494874408,0.696361513729
2795,0.67924752157,0.700220977224
2796,0.633351488888,0.652683601631
2797,0.599675293545,0.617951381253
2798,0.572794689109,0.590293717493
2799,0.597109050651,0.615435633295
2800,0.631570979455,0.650405408582
2801,0.686681393534,0.710365122521
2802,0.680047909767,0.700148229383
2803,0.633067130159,0.651406874167
2804,0.598325304924,0.615734721984
2805,0.574633847382,0.591660238146
2806,0.599273065806,0.617146341348
2807,0.634146147528,0.652753497595
2808,0.688102309164,0.710774324675
2809,0.675616383034,0.695311485457
2810,0.531589546649,0.547981921434
2811,0.531454245719,0.547778065133
2812,0.5312558552,0.547517790747
2813,0.53074158338,0.546930379593
2814,0.530461122085,0.54655420866
2815,0.530118485455,0.546162160469
2816,0.67123011104,0.690397247977
2817,0.530302520155,0.546492456809
2818,0.529933417345,0.546229888603
2819,0.52956138044,0.545945670895
2820,0.528818813012,0.545207520998
2821,0.52781744696,0.544205997211
2822,0.526404664299,0.542583236726
2823,0.671586834315,0.692556455601
2824,0.523442027663,0.539138386112
2825,0.522877693365,0.538476534465
2826,0.521670353472,0.537203171952
2827,0.521430337596,0.536921059306
2828,0.520636286123,0.536072494499
2829,0.519739262672,0.535177425523
2830,0.658128172434,0.678512872919
2831,0.517983926538,0.533378782886
2832,0.5173614651,0.532726915415
2833,0.516062498573,0.531343651988
2834,0.514491514806,0.529554940959
2835,0.512497824769,0.527346163065
2836,0.510607882211,0.525303228231
2837,0.63623896216,0.654671446638
2838,0.508671031653,0.523519173242
2839,0.507648109875,0.522616586295
2840,0.506422813994,0.521348506979
2841,0.505409272727,0.520229673894
2842,0.50364959615,0.518343446315
2843,0.502191204897,0.516712957399
2844,0.613416582387,0.630825128684
2845,0.499118609003,0.513364420788
2846,0.497188540233,0.511245564823
2847,0.494692697215,0.508424425873
2848,0.492318173276,0.505769048197
2849,0.490963564636,0.504505236183
2850,0.489247528982,0.502695910886
2851,0.586266729906,0.601935267722
2852,0.486384701284,0.499873843753
2853,0.485198461963,0.498749132962
2854,0.485242892936,0.498890527314
2855,0.485144554421,0.498796391903
2856,0.485094596774,0.498608682165
2857,0.486414673676,0.499899745114
2858,0.586490451038,0.602147115182
2859,0.489357774414,0.502796112795
2860,0.491111980508,0.504648501034
2861,0.492153709149,0.505580612336
2862,0.494881866325,0.508592370807
2863,0.49699617071,0.511050351617
2864,0.498887580777,0.513110174443
2865,0.613085824107,0.630493643891
2866,0.502245638605,0.516805672226
2867,0.503638100231,0.51830544843
2868,0.505029062949,0.519836854296
2869,0.506404857787,0.521338997382
2870,0.507497095467,0.522463631963
2871,0.508670400007,0.523509879667
2872,0.636426477636,0.654864283611
2873,0.510363555164,0.525052240984
2874,0.512337205784,0.527185078936
2875,0.514806033761,0.52988928352
2876,0.515902544942,0.531191755507
2877,0.517133618989,0.532515468335
2878,0.51822480279,0.533635127555
2879,0.657818937759,0.67817871267
2880,0.520069661936,0.535498436547
2881,0.520659485098,0.536115633498
2882,0.521195662285,0.536685767533
2883,0.522187436676,0.537725377074
2884,0.522493263286,0.538089297343
2885,0.523753960985,0.539481604865
2886,0.67149985022,0.692463696131
2887,0.526519506291,0.542684611983
2888,0.527939336241,0.544331941564
2889,0.528810243559,0.545181775702
2890,0.529510009318,0.545884433071
2891,0.529969502271,0.54625526809
2892,0.530174389964,0.546375174747
2893,0.671034432415,0.690187875328
2894,0.529967332872,0.546018586654
2895,0.530341814317,0.546438044785
2896,0.530575081265,0.546744557609
2897,0.531043122944,0.547293053759
2898,0.53152745686,0.547837640452
2899,0.531945673777,0.54837685783
2900,0.522505676395,0.53854053715
2901,0.522333523757,0.53837361794
2902,0.521794428812,0.537713850217
2903,0.52174308984,0.537618819092
2904,0.520763636878,0.536557971384
2905,0.520609477203,0.536344190402
2906,0.5203307752,0.536094194299
2907,0.520202433384,0.536049773071
2908,0.520177167363,0.536072403493
2909,0.519847781097,0.535815932056
2910,0.519586177211,0.535626195136
2911,0.518856071104,0.534891970114
2912,0.517966239326,0.533986104332
2913,0.516466485179,0.532273682045
2914,0.515052146381,0.530609155795
2915,0.514110997507,0.529520623596
2916,0.513226207975,0.528527787602
2917,0.512298824485,0.527565184275
2918,0.511449312102,0.526669658
2919,0.511076087829,0.52623427716
2920,0.510211634443,0.525378787885
2921,0.50929881082,0.52444697095
2922,0.508714293887,0.523864991915
2923,0.50775958545,0.522857794283
2924,0.506431963773,0.521409430084
2925,0.504989508669,0.519795989553
2926,0.503196803515,0.517823238103
2927,0.501596878537,0.516196075271
2928,0.500572436023,0.515260275696
2929,0.499891459408,0.514641311471
2930,0.498640923634,0.513384673887
2931,0.497112703277,0.511721080055
2932,0.495716741469,0.510200947779
2933,0.49431121882,0.508673968736
2934,0.492693185906,0.506862106187
2935,0.490951496752,0.504962490431
2936,0.489204366368,0.503054675587
2937,0.487324397535,0.500995712507
2938,0.485655279769,0.499186206429
2939,0.484003909884,0.497353676916
2940,0.483153859224,0.496475339014
2941,0.482885539578,0.496214045117
2942,0.48366267245,0.49701382856
2943,0.485383672392,0.498913294909
2944,0.487431188679,0.501129545707
2945,0.489246972962,0.503087046891
2946,0.490805533725,0.504835942136
2947,0.492670916169,0.50684934734
2948,0.494310944526,0.508657130631
2949,0.495874572693,0.510356833486
2950,0.49715941821,0.511780544293
2951,0.498548581704,0.513259496082
2952,0.499536058519,0.514289662762
2953,0.500565418861,0.515264353651
2954,0.502053099762,0.516686351532
2955,0.503288623837,0.517919875082
2956,0.505122697159,0.519975984813
2957,0.506542440307,0.521516315744
2958,0.507332816382,0.52239646227
2959,0.508693431651,0.523836715193
2960,0.509009260581,0.524162436661
2961,0.510091503258,0.525250145909
2962,0.510970713679,0.526154725149
2963,0.511717046611,0.526908291329
2964,0.51248228313,0.527735441043
2965,0.513032789892,0.52836005753
2966,0.51389888768,0.529276466491
2967,0.514962383207,0.530535778196
2968,0.51652996585,0.53232802329
2969,0.518023551876,0.534023045105
2970,0.518820534267,0.534842603658
2971,0.51951974182,0.535553179184
2972,0.519584843941,0.535523363758
2973,0.520367638891,0.536285611673
2974,0.520336088404,0.536161582413
2975,0.520192027914,0.535932965214
2976,0.520650426035,0.53638956623
2977,0.520974961957,0.536778869839
2978,0.521366842929,0.537228303986
2979,0.521997489264,0.537945701872
2980,0.522327863885,0.538349447739
2981,0.522470946761,0.538542165947
2982,0.509311156163,0.524882159426
2983,0.509315503829,0.524884048002
2984,0.508814412665,0.524332724504
2985,0.508670985166,0.524130356264
2986,0.508530018257,0.523865916466
2987,0.508234547722,0.523484962536
2988,0.507994388646,0.523268306458
2989,0.508118704488,0.523463596178
2990,0.508060376548,0.523455111804
2991,0.508195217576,0.523664242523
2992,0.507657177642,0.523153688819
2993,0.507168815423,0.522718988146
2994,0.506398337241,0.521922197667
2995,0.505851856023,0.521329679591
2996,0.504056233962,0.519325272022
2997,0.503038356133,0.518069168215
2998,0.501954747916,0.51686894717
2999,0.501261440123,0.516095745355
3000,0.500438291038,0.515231265523
3001,0.499617159246,0.514355296399
3002,0.498963653634,0.513703594347
3003,0.498252397499,0.513000407597
3004,0.497502057354,0.51226736879
3005,0.497028720639,0.511784201113
3006,0.495636053725,0.510327291426
3007,0.494758315745,0.509359042752
3008,0.49308725751,0.50753245204
3009,0.491757262123,0.506101614198
3010,0.490379735316,0.504722413576
3011,0.489387682858,0.503781519623
3012,0.488290987113,0.502698444395
3013,0.486746420984,0.501004263168
3014,0.485616151612,0.499762793952
3015,0.484412602434,0.498416173262
3016,0.482773296267,0.496614909484
3017,0.481062802996,0.49475608956
3018,0.480407933913,0.494057143998
3019,0.480445809314,0.494094104192
3020,0.480763686316,0.49445615399
3021,0.482607199021,0.496448809138
3022,0.48429790688,0.498321407062
3023,0.485626252588,0.49979276537
3024,0.486697279969,0.500963709603
3025,0.48829202056,0.502669907281
3026,0.48920177167,0.503583243758
3027,0.490397667996,0.504739980607
3028,0.491536358464,0.50587269828
3029,0.49340059062,0.507858675691
3030,0.49469201052,0.509269207711
3031,0.49564202732,0.510329628676
3032,0.49707702296,0.511863934849
3033,0.497406496698,0.512135739043
3034,0.498248539068,0.513006517678
3035,0.499388737776,0.514184073971
3036,0.499712541768,0.514484412181
3037,0.500572162084,0.515357750128
3038,0.501208709144,0.516063290323
3039,0.502091183332,0.517005080723
3040,0.50290952017,0.517935367641
3041,0.504251958483,0.519529740676
3042,0.505984912087,0.52148468949
3043,0.506488700259,0.521999235364
3044,0.507525645116,0.523069745054
3045,0.507773396438,0.523274294907
3046,0.508237068828,0.523708076322
3047,0.507976527439,0.523368978575
3048,0.508053011334,0.523373843987
3049,0.50832107077,0.523607062656
3050,0.507925579853,0.523188379822
3051,0.508700313541,0.524081259267
3052,0.508912177242,0.524369871603
3053,0.509253389016,0.524780875027
3054,0.509540438287,0.525138884432
3055,0.363217274009,0.375301775435
3056,0.431741921188,0.445946267502
3057,0.497064904505,0.513161656582
3058,0.539705515554,0.556791452087
3059,0.509483400344,0.526041406434
3060,0.445327358445,0.459709147454
3061,0.377980007931,0.390201473255
3062,0.417433690562,0.431250652548
3063,0.482066537157,0.497906888853
3064,0.533059899178,0.550192385203
3065,0.514952641091,0.531096557745
3066,0.457367283401,0.471741454087
3067,0.390487687404,0.402976303457
3068,0.401494648803,0.415198952728
3069,0.465222976032,0.480674602785
3070,0.516636106195,0.53217560118
3071,0.513979484652,0.529070592357
3072,0.468742690596,0.483035975663
3073,0.405199820958,0.418287464223
3074,0.381645295431,0.394560822501
3075,0.443410321282,0.456857070089
3076,0.500814999583,0.515501237698
3077,0.511597966436,0.526239996024
3078,0.475119578102,0.489135026491
3079,0.420358567551,0.434195679136
3080,0.420500299586,0.434334789764
3081,0.475246981115,0.489264679285
3082,0.51154827604,0.526177308866
3083,0.500479845546,0.515171391862
3084,0.443330905951,0.456796395758
3085,0.380868549753,0.393742153998
3086,0.405470302999,0.418592601895
3087,0.468674975454,0.482954449852
3088,0.51390387094,0.528994096598
3089,0.516703073947,0.532247806428
3090,0.465629200464,0.481104185083
3091,0.401611663746,0.415304063846
3092,0.391077045496,0.403576689385
3093,0.457565934908,0.471926944837
3094,0.514756578897,0.530890366789
3095,0.532921561657,0.550049487108
3096,0.481834406464,0.497701654234
3097,0.417521710139,0.431354966883
3098,0.377603851991,0.389804951812
3099,0.44525301276,0.459657550136
3100,0.509392823632,0.525941244136
3101,0.539629868875,0.556742676893
3102,0.496848252805,0.512907480134
3103,0.431246032087,0.445427616499
3104,0.363144037462,0.37525273629
3105,0.669295910447,0.691352592551
3106,0.610394202022,0.628417046882
3107,0.567492372921,0.585004130521
3108,0.520302836458,0.536326399799
3109,0.512449945529,0.528358040578
3110,0.551639942461,0.567983620991
3111,0.59688749127,0.614372871057
3112,0.654076231836,0.673835738507
3113,0.696075480273,0.720500215722
3114,0.641539859631,0.663764563556
3115,0.575469018893,0.593220909865
3116,0.530740621104,0.54758281165
3117,0.503555468922,0.519089401029
3118,0.539346248474,0.55599613526
3119,0.584235235401,0.601969693292
3120,0.642308551391,0.662156757522
3121,0.685474486684,0.70884193474
3122,0.638410889153,0.659884101543
3123,0.58163553306,0.599749432411
3124,0.530722270714,0.546482610468
3125,0.497560724846,0.512343012364
3126,0.52109508361,0.536682226846
3127,0.56826144998,0.585860543877
3128,0.622702346458,0.641740339084
3129,0.666416246271,0.687619873765
3130,0.626884749409,0.646453251006
3131,0.579727466154,0.597205822272
3132,0.543070771421,0.561026350921
3133,0.542524440789,0.560450062464
3134,0.579912545895,0.597376421773
3135,0.627043487872,0.646610474853
3136,0.666310597204,0.687515659068
3137,0.622206006649,0.641197398441
3138,0.568586923652,0.586174067318
3139,0.52126786714,0.536848776279
3140,0.497687708575,0.512486875389
3141,0.5306072031,0.546387393922
3142,0.581426353338,0.599544336142
3143,0.638366594224,0.659815803245
3144,0.685607082023,0.708981869564
3145,0.642152628012,0.662003319808
3146,0.584075463991,0.601787227727
3147,0.539103232591,0.555726390934
3148,0.503818319832,0.519386808922
3149,0.53101307561,0.547866443735
3150,0.575562366069,0.593312183843
3151,0.641497296157,0.663766452811
3152,0.696133186076,0.720567246489
3153,0.653826926467,0.673553918525
3154,0.596731320785,0.614252581993
3155,0.551657486779,0.568003020546
3156,0.512405197387,0.52834744712
3157,0.52053955374,0.536573069356
3158,0.567013621266,0.584541893378
3159,0.610643253211,0.628652636446
3160,0.66943556257,0.691509153665
3161,0.659542867647,0.678673199098
3162,0.46912439951,0.484203244073
3163,0.468640404293,0.483617477387
3164,0.468569390626,0.483512436006
3165,0.46752886725,0.482353576702
3166,0.467614157267,0.48239333578
3167,0.466960255148,0.481639274496
3168,0.466893259795,0.481519259047
3169,0.655308499546,0.674005352144
3170,0.656531893228,0.675618039218
3171,0.466430680243,0.481106557619
3172,0.466025280997,0.480706224639
3173,0.46563057324,0.48028555757
3174,0.465274386779,0.479915305844
3175,0.464183557109,0.478730174922
3176,0.462794977223,0.477131095617
3177,0.654266295183,0.674456560827
3178,0.653798871313,0.674049805468
3179,0.460532368811,0.474447322345
3180,0.459903227098,0.473761122851
3181,0.463309896095,0.478067983298
3182,0.463341275958,0.478087792445
3183,0.459972108291,0.473819807224
3184,0.460585182498,0.474481937991
3185,0.653868661949,0.674070639136
3186,0.654636814771,0.674824488929
3187,0.463102131715,0.47743419912
3188,0.464048327577,0.478594512296
3189,0.464906085565,0.479549213944
3190,0.465505554425,0.48015883777
3191,0.46559229717,0.480254135402
3192,0.466300248012,0.480993527021
3193,0.65621254416,0.675272030691
3194,0.655325242844,0.673988504603
3195,0.467283031562,0.481909910745
3196,0.467658722514,0.482372922849
3197,0.467704600001,0.482477398627
3198,0.468056503832,0.482920607393
3199,0.468210310201,0.48310886534
3200,0.46877725281,0.483794090698
3201,0.46896499486,0.48403300769
3202,0.460665165678,0.475358647567
3203,0.460778043651,0.475425007679
3204,0.460809354368,0.475433754608
3205,0.46021421121,0.474776204977
3206,0.460252964629,0.474763290035
3207,0.459647702233,0.4740857717
3208,0.459368757784,0.473737208563
3209,0.458930927429,0.473311037705
3210,0.459098060237,0.473475866211
3211,0.458995117024,0.473388789049
3212,0.458932947453,0.473312255387
3213,0.459473869873,0.473840497099
3214,0.459449811743,0.473884313358
3215,0.460265344783,0.474780429697
3216,0.460322793723,0.474889024154
3217,0.460273163665,0.474881533055
3218,0.460854704557,0.475556580952
3219,0.460913578759,0.475602240595
