id,unit_kW_m2,optical
1,0.565249791502,0.582736670858
2,0.608023373407,0.628057415136
3,0.606818686755,0.626761816531
4,0.603826909275,0.623501575491
5,0.570863266263,0.58705782553
6,0.591472658122,0.60915009785
7,0.588221790735,0.605406069024
8,0.563122248724,0.573945230824
9,0.559357734602,0.573561357168
10,0.561482209576,0.577907983133
11,0.571523478851,0.588790223681
12,0.566116830077,0.583075749279
13,0.558901381225,0.575342608875
14,0.552415781803,0.568520992137
15,0.546825605471,0.562494160244
16,0.539826955459,0.554920670295
17,0.531410187324,0.545572177566
18,0.523772947091,0.537122747945
19,0.515789659352,0.528136375881
20,0.508793184882,0.520474307769
21,0.50260274386,0.513781552821
22,0.498216665304,0.509156320995
23,0.494960780053,0.506087353257
24,0.492775755047,0.504197811947
25,0.490488850996,0.502157214696
26,0.487183815002,0.498471508882
27,0.483728260778,0.494508921424
28,0.481706181271,0.492254182806
29,0.481094199529,0.491773147532
30,0.483190252068,0.494153937088
31,0.4810213841,0.491699213691
32,0.481594035232,0.492143518906
33,0.483699226749,0.494477731666
34,0.487175301704,0.498471669473
35,0.490574498394,0.502241198552
36,0.49306164643,0.504506460008
37,0.494812240778,0.505952748309
38,0.498114951251,0.509056565726
39,0.502696691746,0.513866832588
40,0.508779752385,0.520452835438
41,0.51572107664,0.528085494989
42,0.523462162388,0.536788130305
43,0.531810091364,0.545985749148
44,0.539980259607,0.555068870282
45,0.546990865122,0.562680430743
46,0.552555684516,0.568617948609
47,0.559117299371,0.575543434487
48,0.565921093128,0.582851315128
49,0.571711707894,0.588983920151
50,0.561492058527,0.577921729465
51,0.559060243316,0.573298261886
52,0.562927056015,0.573748693522
53,0.588129867377,0.605388290288
54,0.591625318832,0.609364595767
55,0.57089200218,0.587118759507
56,0.603974301086,0.623679463182
57,0.606941198605,0.626855744924
58,0.607837083469,0.627831730461
59,0.623111538293,0.641578223783
60,0.623874536868,0.642047588624
61,0.622579875343,0.640816630989
62,0.604002546118,0.620431113422
63,0.59534066654,0.612399265135
64,0.611121216509,0.62842938018
65,0.60351128681,0.619298845671
66,0.596590045492,0.612135863988
67,0.595233187118,0.611703238447
68,0.579027329446,0.594916611529
69,0.585159265034,0.601157373642
70,0.578233298254,0.593482011058
71,0.571039349101,0.58601712501
72,0.566460280366,0.581752765313
73,0.561737631758,0.577002103493
74,0.554177194302,0.56886135562
75,0.546606377914,0.560646778711
76,0.539372482494,0.553049386303
77,0.532579123093,0.545471324754
78,0.523942261286,0.536124143815
79,0.517188346024,0.528655800014
80,0.513138340052,0.524488782122
81,0.510622167113,0.522346429297
82,0.50877960351,0.520779106137
83,0.503855584651,0.515757066944
84,0.500242981379,0.511596676322
85,0.496157066728,0.506927754325
86,0.49461499869,0.505251873616
87,0.494439918826,0.505161865035
88,0.493973207813,0.504679155313
89,0.495158199982,0.505787311849
90,0.496513621304,0.507316573788
91,0.499951567002,0.511286096833
92,0.504255523849,0.516145858688
93,0.509028884884,0.521039778702
94,0.510585815236,0.52229237637
95,0.513287278629,0.524638920708
96,0.517384683597,0.528843879796
97,0.52420117938,0.53637708858
98,0.532228984495,0.545135656312
99,0.539567485719,0.55322910326
100,0.54657783126,0.560616698643
101,0.554190265646,0.568879515589
102,0.56156647999,0.576853550746
103,0.566372690136,0.581675402273
104,0.571026632562,0.586029357917
105,0.577956254891,0.593214935722
106,0.585279209137,0.601258611879
107,0.579259301541,0.595153648135
108,0.595548531727,0.612043134001
109,0.596496956122,0.612080274169
110,0.603682923879,0.619500605592
111,0.610921387198,0.628221403252
112,0.595707100636,0.612809907546
113,0.603884771747,0.620314558072
114,0.622546016129,0.640815072453
115,0.623558456701,0.641739998738
116,0.623255613423,0.641700794431
117,0.610989318884,0.626916727801
118,0.642284213967,0.660470506464
119,0.641268018612,0.659627852987
120,0.642388798021,0.661390818514
121,0.621014243835,0.638306536524
122,0.634934439524,0.653510356433
123,0.631093874627,0.649443051955
124,0.606515267208,0.618781860577
125,0.602103920869,0.617447099729
126,0.601770795055,0.618677538763
127,0.607451538017,0.624413757495
128,0.599508855106,0.615681639084
129,0.590758828779,0.606122924953
130,0.583010668734,0.597974984913
131,0.578580258595,0.593905777176
132,0.571947271462,0.586885643122
133,0.564424795921,0.578823981223
134,0.557062556145,0.571161686351
135,0.55155301994,0.565470816248
136,0.54287668325,0.55605254585
137,0.534301105393,0.546544219517
138,0.527457548657,0.53909654471
139,0.523592085606,0.535373167571
140,0.521318313131,0.533431014379
141,0.517423514429,0.529534032246
142,0.512031789053,0.523812000965
143,0.506961101622,0.517953477555
144,0.504808182234,0.515388264066
145,0.50329519916,0.513665820909
146,0.504522427112,0.514802644129
147,0.503316533459,0.513688820901
148,0.504673636699,0.515277685141
149,0.506507618763,0.517483775828
150,0.511670800372,0.52344183207
151,0.51721953107,0.529333216546
152,0.521482578736,0.533570145892
153,0.523637622537,0.535381697936
154,0.527378380766,0.538997439625
155,0.534172416802,0.546419722894
156,0.54303759268,0.556228984759
157,0.551208644761,0.565144519692
158,0.55707462412,0.571149061646
159,0.564233518247,0.578624856503
160,0.572088550723,0.58701427829
161,0.578492581102,0.593803449653
162,0.58304978963,0.598043198143
163,0.591132457752,0.60650481039
164,0.599379136015,0.615545397905
165,0.607149809985,0.624118130479
166,0.601877664771,0.618786293715
167,0.602097716629,0.617443594456
168,0.606380171364,0.618666839577
169,0.630895014499,0.649228730984
170,0.634781591507,0.653362876268
171,0.620839484304,0.638096077866
172,0.642425957683,0.661451871723
173,0.641503413727,0.65984210032
174,0.642027952674,0.660189336684
175,0.656549216767,0.674319731257
176,0.656890481727,0.675166663826
177,0.658228107982,0.677286476895
178,0.643512509074,0.66136817388
179,0.65670934593,0.676732186239
180,0.651662050595,0.671150646316
181,0.643390776901,0.661395954784
182,0.638690167758,0.657051038546
183,0.635538188358,0.65423681458
184,0.621197640496,0.638969934921
185,0.618297845821,0.635426052199
186,0.609143564288,0.625360186826
187,0.599436969548,0.614695812749
188,0.591841501377,0.606691758354
189,0.584238127148,0.598875367516
190,0.577667575612,0.592013632905
191,0.570861857532,0.585035985358
192,0.564702747352,0.578939872932
193,0.558268461481,0.572308776087
194,0.547959544239,0.561005788175
195,0.539004079039,0.551002922681
196,0.533171739646,0.544857377998
197,0.530368969782,0.54242155067
198,0.526897430212,0.539059803768
199,0.521873454031,0.533839564793
200,0.515260832483,0.526579668908
201,0.511658694283,0.52228821939
202,0.509423196364,0.519572998224
203,0.507330675649,0.51694348147
204,0.50734734985,0.516988762141
205,0.509049204503,0.519191395011
206,0.511234400853,0.521872162069
207,0.515135707837,0.526446012616
208,0.521468264055,0.533447659088
209,0.526755509653,0.538932828087
210,0.530430994229,0.542471277128
211,0.533287915288,0.5449652144
212,0.53910625994,0.551094161024
213,0.547939386708,0.560955213383
214,0.558002393838,0.572034743466
215,0.564790949682,0.57905986243
216,0.570753613337,0.584907241784
217,0.577819851322,0.592170497551
218,0.584138096247,0.598790534262
219,0.591442429338,0.606287647656
220,0.599591356843,0.61485155772
221,0.608968383382,0.625162206159
222,0.618275394602,0.635381366899
223,0.621123785834,0.638878366306
224,0.635821405512,0.654521769123
225,0.638580284279,0.656913958304
226,0.643357780852,0.661374295488
227,0.651225915272,0.670711101576
228,0.657526903573,0.677582641139
229,0.64392973122,0.661821063668
230,0.658258955032,0.677282056062
231,0.656665260565,0.674920905917
232,0.656497520292,0.674269341258
233,0.632336144238,0.646530562276
234,0.668375143667,0.686153724157
235,0.671043910649,0.689989975549
236,0.672522724136,0.692369553522
237,0.655878126524,0.674672725863
238,0.670259887314,0.690970913646
239,0.664417971315,0.684622576226
240,0.636904767745,0.650445715342
241,0.632558952537,0.649425598121
242,0.645786442694,0.665039897495
243,0.635908843929,0.654194034871
244,0.625176969025,0.642282719696
245,0.615065991199,0.631133404634
246,0.604630776411,0.619744415135
247,0.595970326433,0.610560837959
248,0.590410882604,0.605289081806
249,0.584465830523,0.599312795977
250,0.578396979769,0.593501525091
251,0.571249051242,0.586183603293
252,0.560145387595,0.573979706871
253,0.550023931501,0.56271636757
254,0.542344495263,0.554274681601
255,0.537460020422,0.549446844583
256,0.533851384189,0.545980278364
257,0.528373396621,0.540341534819
258,0.522446074191,0.534100400683
259,0.518188227619,0.529383045343
260,0.517013336505,0.528243042243
261,0.516272084929,0.527377365866
262,0.514883716832,0.525279231306
263,0.51632379857,0.527397701577
264,0.51699322818,0.528263019509
265,0.518234122759,0.529412416369
266,0.522683000727,0.534351340123
267,0.528491608422,0.540480662318
268,0.533450092244,0.545589165803
269,0.537280487216,0.549262752015
270,0.5423710405,0.554314489308
271,0.550201255834,0.562888014625
272,0.56040838723,0.574240384585
273,0.571054440118,0.585989717586
274,0.578289486738,0.59341759459
275,0.584583092013,0.599427136139
276,0.589971934883,0.604822981563
277,0.595757096109,0.610346873757
278,0.604709916426,0.619804236031
279,0.615073041525,0.631135956823
280,0.625247563213,0.64235038033
281,0.636109983784,0.654395928703
282,0.646089333519,0.665364735502
283,0.632198349032,0.649021688053
284,0.636778405114,0.650322030538
285,0.664960318243,0.685172107793
286,0.670389343133,0.691102007598
287,0.655321111418,0.674089077614
288,0.672503257308,0.692303460026
289,0.671142082283,0.690059606322
290,0.668279800498,0.686067860149
291,0.678797676715,0.70002002836
292,0.699065751254,0.721132551542
293,0.697759950502,0.719187973666
294,0.689295240782,0.711292574975
295,0.696799581778,0.719881891851
296,0.682832048473,0.70289718371
297,0.668352194623,0.686681020471
298,0.677435423075,0.697586040891
299,0.680940151911,0.701344776292
300,0.663658311879,0.681312983509
301,0.641311019558,0.654053505753
302,0.662125456489,0.680416297262
303,0.650979279097,0.66869344856
304,0.638812053013,0.655289861665
305,0.6442484504,0.6614770928
306,0.647462866153,0.666694063488
307,0.634765860302,0.653460115218
308,0.628438424619,0.645369313514
309,0.62435050239,0.641187381052
310,0.616652783061,0.634033253081
311,0.613690456183,0.631089724257
312,0.608254478331,0.624908769388
313,0.598261347902,0.614406021383
314,0.591462967124,0.607398312509
315,0.588065610976,0.603507335976
316,0.578191294648,0.592815304588
317,0.56582941134,0.579105266955
318,0.563049081438,0.575683095875
319,0.5551572382,0.567004344821
320,0.545694605501,0.556731705545
321,0.542288759755,0.552845971257
322,0.536521763197,0.546569565082
323,0.530448318322,0.540387543461
324,0.530093504351,0.540434191747
325,0.529079872323,0.539954009347
326,0.527011481333,0.538194705593
327,0.523242592793,0.534128757895
328,0.521032031858,0.531709464958
329,0.519219925046,0.529797578204
330,0.516896517971,0.527478689904
331,0.51784613487,0.528624443788
332,0.517909109077,0.528734003132
333,0.517923290119,0.528782278908
334,0.517883446979,0.528730305696
335,0.517926368989,0.528697688053
336,0.516971295447,0.527572565853
337,0.518915672825,0.529501481916
338,0.520986291268,0.5316744168
339,0.523419368902,0.534332076301
340,0.527192294766,0.538360538479
341,0.529381664547,0.540234036222
342,0.530309825994,0.540646245249
343,0.53048073364,0.540438682316
344,0.536651291063,0.546703859095
345,0.542538422105,0.553110499123
346,0.545768772227,0.556812955696
347,0.555526814589,0.567371830973
348,0.56320219243,0.575857184486
349,0.56598236775,0.579265954152
350,0.578501928643,0.593094682546
351,0.588317087181,0.60377490243
352,0.591370444734,0.607265588686
353,0.598106705232,0.614251673027
354,0.608231679936,0.624911908578
355,0.61364139689,0.631035159319
356,0.616343343197,0.633726297143
357,0.624591947436,0.641442052147
358,0.628279479057,0.645221282229
359,0.63516928921,0.653863489371
360,0.647698240194,0.666914462985
361,0.644550923802,0.66182483986
362,0.638672628435,0.655167533108
363,0.650744910505,0.668487501188
364,0.66217264308,0.680488364371
365,0.641058982915,0.65379555073
366,0.663979624148,0.681673997734
367,0.680524223791,0.700944625338
368,0.67768685543,0.697853276336
369,0.668346163138,0.686680522884
370,0.682916402399,0.702997139082
371,0.696710206988,0.7197920473
372,0.68916200697,0.711128509178
373,0.697802500409,0.719247111138
374,0.699125886538,0.721186599833
375,0.687583901322,0.70708571569
376,0.686338134428,0.705499993119
377,0.684880233007,0.703700349866
378,0.685884202685,0.705285982037
379,0.686956450349,0.707085352479
380,0.655927820067,0.672969727933
381,0.681282590445,0.701154185448
382,0.676755310809,0.696139053518
383,0.673288231225,0.692485326085
384,0.666174801263,0.683815324942
385,0.65411078897,0.669619563471
386,0.640482970073,0.655952624104
387,0.654672901382,0.672540184189
388,0.649309493196,0.66695211701
389,0.643485040588,0.660797075381
390,0.637342652227,0.654195743116
391,0.630591392013,0.64668737485
392,0.6230932429,0.638593595481
393,0.617681219672,0.633269429007
394,0.613132256856,0.628900571031
395,0.609003116847,0.624900116878
396,0.60413091224,0.61997942071
397,0.598704760203,0.614393327886
398,0.591656403192,0.606948252093
399,0.584739779674,0.599635069453
400,0.577728418695,0.592103824828
401,0.569560853203,0.582974239591
402,0.562115024048,0.574722001384
403,0.555228459465,0.567131960516
404,0.547874323397,0.559048112927
405,0.541150137368,0.551622696597
406,0.535697188863,0.545786971202
407,0.532807163852,0.543035758451
408,0.531126456592,0.541858567805
409,0.530141959976,0.541287418706
410,0.527559761176,0.538657452121
411,0.523097375713,0.533763886488
412,0.520293240721,0.530765472766
413,0.518413571169,0.528790322716
414,0.517386211478,0.527739247199
415,0.517267807067,0.527786512504
416,0.517642393151,0.528266161486
417,0.517618157829,0.5282402362
418,0.517435553222,0.527957165462
419,0.517245474994,0.527619445035
420,0.518385106039,0.528757276202
421,0.520160329373,0.530643364895
422,0.522683377279,0.533365794783
423,0.527564122722,0.538670271195
424,0.530062045483,0.541212599846
425,0.531331143188,0.542059907924
426,0.532520214481,0.542752096559
427,0.535761163292,0.545855500707
428,0.541365276164,0.551849903004
429,0.548100931516,0.559292525881
430,0.555291165818,0.567212794369
431,0.562268200707,0.574897664704
432,0.569466648477,0.58290540085
433,0.57725071166,0.591590870009
434,0.584757406766,0.599676244406
435,0.591525297698,0.606823033898
436,0.598765567845,0.614456113742
437,0.603993457883,0.619848273019
438,0.608752783878,0.624648880069
439,0.613205808618,0.628989722491
440,0.617906783482,0.633497553243
441,0.623145907489,0.638633281666
442,0.630284151191,0.646401874066
443,0.637181739292,0.654050279839
444,0.643163181522,0.66049158717
445,0.648979202144,0.666653878246
446,0.654352692792,0.672190509468
447,0.64026407367,0.655732162425
448,0.654107767833,0.669599385873
449,0.666282984874,0.683949298199
450,0.673855442454,0.693048448585
451,0.676664636302,0.696039874781
452,0.680808933926,0.700654862781
453,0.656369987388,0.673445447717
454,0.68669097461,0.706815565559
455,0.685721929428,0.705109126877
456,0.6845259782,0.703385550072
457,0.68663667868,0.705816034135
458,0.687526750667,0.707031998462
459,0.695891245452,0.714904763178
460,0.697226240174,0.716378228687
461,0.694713618313,0.713401056542
462,0.694905303746,0.71412803422
463,0.697422981193,0.717479759026
464,0.692264767425,0.712217422806
465,0.696593419919,0.717489296512
466,0.692108641396,0.712503683693
467,0.687584071321,0.707544379045
468,0.684093307308,0.70385338783
469,0.663617146803,0.678129819359
470,0.674647154429,0.693674005432
471,0.664677542478,0.682671599208
472,0.66380380901,0.682197860195
473,0.65710933301,0.675185365702
474,0.650534241954,0.668152588203
475,0.643059109577,0.659934877791
476,0.635391658088,0.651575446632
477,0.626962491316,0.642481998666
478,0.620921122374,0.636453234901
479,0.615709056306,0.631430088962
480,0.611242349866,0.627161600316
481,0.605386426404,0.621174282868
482,0.598280010599,0.613586437566
483,0.590672589096,0.605622645558
484,0.583965655897,0.598613208453
485,0.576991167107,0.591201959065
486,0.568559618765,0.581889743863
487,0.561074122104,0.573669072382
488,0.553451175142,0.56525771113
489,0.545613083466,0.556601237777
490,0.539044262535,0.549408465329
491,0.534804068839,0.545066368691
492,0.532667107068,0.54329334482
493,0.530927034229,0.541986002539
494,0.528658060333,0.539912999659
495,0.524337597349,0.535128258637
496,0.520173712276,0.530633039991
497,0.517723891585,0.527967350026
498,0.515844968977,0.525925695903
499,0.515170585428,0.525246686551
500,0.515595002572,0.525841885748
501,0.516666837041,0.527046907615
502,0.515687422311,0.52594267293
503,0.51503557979,0.525110735974
504,0.515604713233,0.525685527943
505,0.517510375787,0.527732742708
506,0.520264578255,0.530747845323
507,0.524158309917,0.534968273609
508,0.528694706117,0.539936111656
509,0.530888765742,0.54195909932
510,0.532355257167,0.542969592027
511,0.534615587784,0.544895321078
512,0.53916651161,0.549526623329
513,0.545592795334,0.556585215653
514,0.553611008741,0.565438606859
515,0.561190866487,0.573764211433
516,0.568737680028,0.58207164799
517,0.576846661516,0.591069918883
518,0.583684191042,0.598353625921
519,0.590709911345,0.605645841696
520,0.598062588143,0.613373160217
521,0.605677923622,0.62148473517
522,0.611180453817,0.627088277266
523,0.61558054663,0.63132834972
524,0.620961588787,0.636485541112
525,0.627272465818,0.6428068584
526,0.635374377781,0.651559564485
527,0.642868943856,0.659736718679
528,0.650755022753,0.668392943929
529,0.657235881854,0.675304873866
530,0.663644449667,0.682033279412
531,0.665020085663,0.683032999484
532,0.674905751602,0.69394539844
533,0.663478759379,0.678003266506
534,0.683765126698,0.703502892197
535,0.687369156006,0.707341179857
536,0.692264635813,0.712667051824
537,0.696518067833,0.717402149297
538,0.692572709995,0.712500941321
539,0.69733315369,0.717419613257
540,0.695198973313,0.714421316531
541,0.694943663785,0.713668333374
542,0.697750058014,0.716900228951
543,0.705964104538,0.724794126855
544,0.704375181104,0.723027997963
545,0.704846258953,0.723961093005
546,0.706387752929,0.726279542882
547,0.708933623151,0.729766703145
548,0.703332764731,0.723922993495
549,0.707033770823,0.728442999263
550,0.701724739291,0.722600758661
551,0.69689301561,0.717412621482
552,0.68953409917,0.708612062423
553,0.676809204645,0.693620375615
554,0.663379318104,0.680262615371
555,0.676939887649,0.69616878274
556,0.669536975155,0.688399862372
557,0.662177950396,0.680590856009
558,0.654931329295,0.672621940726
559,0.64644190495,0.663390118996
560,0.638094948942,0.654237925466
561,0.62916841198,0.644567268715
562,0.622918369445,0.638349307489
563,0.617466847905,0.633121586632
564,0.612086277048,0.62784255406
565,0.605156733634,0.620447063306
566,0.597418114127,0.612333604846
567,0.590180396787,0.604873311229
568,0.583693101516,0.598240338639
569,0.576588092601,0.590689885623
570,0.567828154192,0.581070208223
571,0.559808520638,0.572300468415
572,0.550575527874,0.562140713435
573,0.542842995603,0.553597387743
574,0.536920762334,0.547281667438
575,0.533508576717,0.54404651412
576,0.531475129457,0.542443050623
577,0.528734744593,0.539948756462
578,0.525243512702,0.536254415996
579,0.520567922019,0.531177242318
580,0.51676699608,0.526963928779
581,0.514384315866,0.524292350759
582,0.512804265314,0.522573574653
583,0.512547591455,0.522335626062
584,0.512945390357,0.522804617824
585,0.512853138108,0.522696912211
586,0.512520579981,0.522300990731
587,0.51282306618,0.522600122658
588,0.514419055558,0.524329944766
589,0.516687424589,0.526888023649
590,0.520468202852,0.531093375292
591,0.525216307038,0.536218924635
592,0.528882827355,0.540104846678
593,0.531476039088,0.542468220477
594,0.533695729572,0.544254225358
595,0.537082319327,0.547449920201
596,0.542699418068,0.553459326217
597,0.550942313687,0.562506013572
598,0.559892089496,0.572374816974
599,0.567822326973,0.5810573816
600,0.576201666436,0.59028946648
601,0.583550023197,0.598082259313
602,0.590192091055,0.604867920099
603,0.597371645384,0.612271551628
604,0.60496506381,0.62024725786
605,0.612339463336,0.628087662705
606,0.617785199611,0.633441337938
607,0.623009563647,0.638458591683
608,0.629407497771,0.644824789664
609,0.638247803406,0.654426916649
610,0.646825691047,0.663769883426
611,0.65479219082,0.672471370697
612,0.662303557555,0.680720600167
613,0.669546093795,0.688411321674
614,0.676904977141,0.696147430316
615,0.663353366914,0.680234546568
616,0.676598799229,0.69342500544
617,0.689436979832,0.708515766684
618,0.697254499134,0.717773380106
619,0.701916203851,0.722767321935
620,0.706980410335,0.728382257122
621,0.703548489618,0.724144680802
622,0.708886998577,0.729714741264
623,0.7062842034,0.726149081045
624,0.704717022416,0.723824953
625,0.704523058292,0.723154900013
626,0.706359724777,0.725180534981
627,0.709980683774,0.728107713659
628,0.709894095096,0.72800397039
629,0.710756756331,0.729597812032
630,0.712616991656,0.732314925435
631,0.714368933523,0.734915414635
632,0.710888663518,0.731591173221
633,0.716177089787,0.738254445024
634,0.712304052455,0.734083079321
635,0.70713912046,0.728439624769
636,0.702339950883,0.723261336051
637,0.681515557994,0.697343277565
638,0.692098922202,0.712287875446
639,0.685719340883,0.70549936475
640,0.679849669413,0.699513778203
641,0.671986652327,0.691173733814
642,0.664285972965,0.682849394057
643,0.655806557941,0.673563751113
644,0.646948560804,0.663825562703
645,0.637828215512,0.653799492395
646,0.628508246183,0.643685363502
647,0.621926816386,0.637094109236
648,0.615673064916,0.630760598369
649,0.610626912045,0.626013655587
650,0.605064321588,0.620601154446
651,0.597665212212,0.61309516413
652,0.590851578914,0.606078784427
653,0.58363055085,0.598572895103
654,0.575766985325,0.590149601762
655,0.565896765427,0.579137822035
656,0.556712258569,0.568910357795
657,0.547541253941,0.558789036272
658,0.540618978402,0.551220960524
659,0.535264283041,0.545786885424
660,0.53247574006,0.543353582657
661,0.529932446721,0.541099131887
662,0.525974397441,0.537150533642
663,0.522100969892,0.533005361042
664,0.518143642316,0.528922990425
665,0.515647666986,0.526261017116
666,0.512997730593,0.523309341827
667,0.510767388584,0.520654287907
668,0.511586414758,0.521867720533
669,0.512170646797,0.522525458155
670,0.511416026646,0.521708685278
671,0.510797375961,0.52068559501
672,0.513235685179,0.523554782359
673,0.515516664858,0.526124956289
674,0.518227555039,0.52901709064
675,0.521609933999,0.532506179933
676,0.526164062752,0.53733745662
677,0.529645576096,0.540812232057
678,0.532628655855,0.543505874943
679,0.535377095579,0.545890422872
680,0.540445907271,0.551059879206
681,0.547693120193,0.558939253029
682,0.557018193903,0.569216733121
683,0.566059932656,0.579288683998
684,0.575766930928,0.59013106938
685,0.583893711074,0.598856981792
686,0.590740642815,0.605940158521
687,0.597813019991,0.613226322454
688,0.604732776513,0.620256460666
689,0.610345268946,0.625717763492
690,0.615425513141,0.630495824389
691,0.621850086389,0.637013951336
692,0.628313245564,0.643489703411
693,0.637984521104,0.653977215417
694,0.646572544795,0.663456967902
695,0.655488380127,0.673224899796
696,0.664049747532,0.682606796633
697,0.672368964423,0.691558274562
698,0.67998675908,0.69964810292
699,0.686048784134,0.705851004301
700,0.692145054963,0.712321106838
701,0.681523511213,0.69734889483
702,0.702091573351,0.723044260521
703,0.706654957338,0.727968924322
704,0.712305289323,0.734103608107
705,0.71596404995,0.738032853496
706,0.711055342452,0.73180870978
707,0.71426840436,0.734823530584
708,0.712450069178,0.732123773352
709,0.710781610154,0.729632424294
710,0.709928267445,0.728037616166
711,0.590796458156,0.60980617489
712,0.672563539722,0.69375825233
713,0.731514499442,0.753669900856
714,0.683239210163,0.70423137151
715,0.593145680894,0.612152558731
716,0.660100243953,0.681785328868
717,0.729319512817,0.752506284382
718,0.684621065603,0.704666070621
719,0.589063795556,0.606139989752
720,0.63612872242,0.656000419785
721,0.713334948548,0.735396672269
722,0.684567922682,0.704103187945
723,0.587338011283,0.602219083097
724,0.600389694266,0.614780544428
725,0.682899016307,0.700793982868
726,0.678572891661,0.69763568465
727,0.594041438264,0.610085554127
728,0.57926002383,0.593974591459
729,0.660892734898,0.678802631889
730,0.670956636584,0.690748561656
731,0.59984234023,0.61800092301
732,0.562593667467,0.578010994511
733,0.633383203553,0.650036956262
734,0.648063708141,0.665615259355
735,0.591159510478,0.607854660763
736,0.543922334485,0.559128243255
737,0.612430592714,0.62953683326
738,0.626395194161,0.643326544053
739,0.582324534659,0.598150687533
740,0.527080767902,0.541183576476
741,0.587955901125,0.604244479717
742,0.604094598107,0.62043762143
743,0.570801124794,0.585902290062
744,0.51404165627,0.52669745036
745,0.556036122543,0.569472491635
746,0.572224849267,0.585423138758
747,0.551104750235,0.563260073621
748,0.500691505522,0.510819892437
749,0.527717221114,0.538480173917
750,0.545311851627,0.55573524778
751,0.534370012911,0.544348192926
752,0.490919474174,0.499808912437
753,0.504729068628,0.513568933967
754,0.524161038976,0.533243011988
755,0.521856239799,0.531355234357
756,0.490233929946,0.500066949008
757,0.494571995198,0.503979474149
758,0.517602278605,0.52779379823
759,0.51547450632,0.525609137223
760,0.488322219707,0.498241528022
761,0.485097823803,0.494125348673
762,0.509812275273,0.519796953544
763,0.509332020957,0.519485236235
764,0.487704943764,0.497843309317
765,0.484830762832,0.49441106283
766,0.50852947207,0.5187188717
767,0.508678876822,0.518872218376
768,0.484676473347,0.4942635981
769,0.487412612126,0.497554795556
770,0.509436861912,0.519583753599
771,0.509721600471,0.519710925839
772,0.484987635983,0.49401316218
773,0.488227225184,0.498145991595
774,0.515718094877,0.525861474663
775,0.517453137771,0.527637996799
776,0.494897475556,0.504296507085
777,0.490063814305,0.499903538546
778,0.522019713351,0.531530438784
779,0.523944523583,0.53302955715
780,0.504738976777,0.513558717815
781,0.491031976676,0.499925617279
782,0.534705454691,0.544688790462
783,0.545233427229,0.555631249391
784,0.527529541471,0.538307272199
785,0.500978340761,0.511089867362
786,0.55112082226,0.563277818105
787,0.572091603711,0.585297939523
788,0.556057470053,0.569490614038
789,0.513820591008,0.526466580821
790,0.570986027685,0.586068142364
791,0.604000591284,0.620345619866
792,0.587621616622,0.603900517745
793,0.527168370329,0.541269614088
794,0.582254367288,0.598078302643
795,0.626621360252,0.643555277648
796,0.612560299174,0.62966538403
797,0.543983953768,0.55919964861
798,0.591303644574,0.607996707698
799,0.648424410233,0.665976400668
800,0.633428493941,0.65007656191
801,0.562638123634,0.578051968515
802,0.599778225654,0.61792194499
803,0.670907735363,0.690713044745
804,0.660791169049,0.678707254766
805,0.579220124518,0.593928736403
806,0.593612129352,0.609621078556
807,0.678670814266,0.697718135171
808,0.682445053554,0.700313938488
809,0.600413808377,0.614797418348
810,0.587395632476,0.602274891894
811,0.684757461287,0.704301985266
812,0.713152894968,0.735208569635
813,0.636231720208,0.656107689882
814,0.589144298966,0.606237965127
815,0.684788890578,0.704841396555
816,0.729395534941,0.752576561362
817,0.660170616584,0.681864292097
818,0.592972004957,0.611966280378
819,0.683274201026,0.704245723551
820,0.731708903387,0.753852511381
821,0.672494031714,0.693691969579
822,0.696499335317,0.71627933269
823,0.694997879707,0.714470510785
824,0.69302708129,0.712119502834
825,0.691631184543,0.710624668737
826,0.693513496716,0.713101930297
827,0.695115807425,0.715443419683
828,0.696523220133,0.71740362268
829,0.695369880593,0.716399422939
830,0.691302345823,0.711923950611
831,0.687232581333,0.707515434366
832,0.68406843062,0.70414763782
833,0.681483766642,0.701544956964
834,0.677278293797,0.696737535151
835,0.655943329782,0.670362403723
836,0.670443301979,0.689476125221
837,0.664961878689,0.683354540796
838,0.660066948609,0.67828197471
839,0.65509787467,0.673141398565
840,0.650074741373,0.667869435471
841,0.644771400547,0.662235625387
842,0.639750870455,0.656902655432
843,0.633773393407,0.650362772346
844,0.627021176285,0.64293510024
845,0.621439080937,0.637009233318
846,0.617323779579,0.633033624105
847,0.612971795762,0.628904208633
848,0.6092798376,0.625362115069
849,0.605182448253,0.621340986673
850,0.600464958101,0.616478711111
851,0.595303679798,0.61117273283
852,0.590297575979,0.606047084601
853,0.584319379413,0.599820451461
854,0.578114711934,0.593297623782
855,0.571756795274,0.586473633251
856,0.564576213931,0.57856959057
857,0.557053942201,0.57024004796
858,0.550195100961,0.562665798296
859,0.543812805634,0.555592770563
860,0.537645521387,0.548770808475
861,0.531592026165,0.542110060234
862,0.525772792559,0.535699618171
863,0.520217399461,0.529627799802
864,0.516531246328,0.525855286545
865,0.514507747216,0.524131936139
866,0.512899828196,0.522913156182
867,0.511267527907,0.521533846691
868,0.509718301685,0.520089486792
869,0.507473941201,0.517770307273
870,0.50466515742,0.514754370721
871,0.502215470511,0.512106507405
872,0.50093074455,0.510875600481
873,0.499831071761,0.509854463222
874,0.499449212386,0.509554813576
875,0.499244594076,0.509398316561
876,0.499272230462,0.509501180736
877,0.499611244404,0.509872308927
878,0.49930796487,0.509547348111
879,0.499043229899,0.509195281992
880,0.499303249651,0.50940589814
881,0.500114441248,0.51014492024
882,0.500877513636,0.510817303556
883,0.502349392785,0.512243515063
884,0.504805987199,0.514880060262
885,0.507329720802,0.517618844494
886,0.509879146151,0.520251820186
887,0.511478984434,0.52175495767
888,0.512873074529,0.522872124938
889,0.514243368419,0.523864160447
890,0.516622236516,0.525973143056
891,0.520030817348,0.529432360685
892,0.525505557319,0.535436900927
893,0.531778498895,0.542314517415
894,0.537787368833,0.54891214121
895,0.543906697525,0.555677354306
896,0.550188309376,0.562646034062
897,0.55711062452,0.570290508743
898,0.564457474931,0.578467940649
899,0.571689607361,0.586402706599
900,0.578034058175,0.593194149418
901,0.584765329759,0.600273308518
902,0.590431036871,0.606195398
903,0.595501012459,0.611364437972
904,0.600482959235,0.616507124636
905,0.604928627397,0.621049309185
906,0.608890009953,0.624961126221
907,0.612902395189,0.628833248956
908,0.617132958829,0.632846249417
909,0.621511504037,0.637080271708
910,0.626969249596,0.642885820756
911,0.633697891792,0.650294590387
912,0.639594183545,0.65672835583
913,0.644963151228,0.662443257936
914,0.650142920295,0.667934630947
915,0.655488508145,0.673530769678
916,0.660246390774,0.678462207931
917,0.664976993139,0.683357118077
918,0.670383904051,0.689378257956
919,0.655732471768,0.670153939497
920,0.677242902915,0.696691300094
921,0.681516889057,0.701589596339
922,0.684101568673,0.704185136964
923,0.687635028622,0.707945057208
924,0.691334033481,0.711965181705
925,0.6953048102,0.716336729613
926,0.696446273763,0.717297587027
927,0.695395046666,0.715729235289
928,0.693541172541,0.713116070558
929,0.691914179878,0.71092113976
930,0.693233504567,0.712316495233
931,0.695142177052,0.714623648671
932,0.696718984275,0.716515555552
933,0.708623925228,0.728299133579
934,0.708002199034,0.727614530793
935,0.705899082302,0.725155235424
936,0.703935641689,0.722955608311
937,0.703927980002,0.723476519322
938,0.706372264931,0.72675224548
939,0.708291496785,0.729427666411
940,0.708622669077,0.730286590178
941,0.705788546376,0.727313041396
942,0.702135458293,0.723256273104
943,0.698202998847,0.71895582377
944,0.694572399716,0.715014625058
945,0.690813338644,0.711054907008
946,0.678643863717,0.695553435394
947,0.679499942415,0.698017355482
948,0.679332553859,0.698535622614
949,0.673445718616,0.692229440248
950,0.668342815142,0.687014315728
951,0.662798237497,0.681250616293
952,0.657136939854,0.675346400513
953,0.65181669697,0.669646227591
954,0.645584982376,0.662845198221
955,0.638326846371,0.654942394744
956,0.631682487459,0.647673578722
957,0.625546039662,0.641215860029
958,0.620272563765,0.63610738933
959,0.615662548635,0.631624845086
960,0.611310703912,0.62742076393
961,0.606705407868,0.622896175724
962,0.601839570627,0.617900418328
963,0.596058080208,0.611963292113
964,0.589820852957,0.605365987695
965,0.583181643277,0.598438997287
966,0.576966725122,0.591973113475
967,0.570342079398,0.584863432702
968,0.562909912328,0.576718631216
969,0.555708390373,0.568729863203
970,0.54920421293,0.5615522137
971,0.542563915455,0.554243534385
972,0.535901803885,0.54691213608
973,0.529071739171,0.539442051129
974,0.523131991088,0.53290661011
975,0.518034472772,0.52752136045
976,0.514928426407,0.524527026799
977,0.512873626215,0.522852881297
978,0.511224422534,0.521513464856
979,0.50924531926,0.519693789142
980,0.506854740084,0.517227333
981,0.503561792153,0.513683666099
982,0.500445356448,0.510330071218
983,0.498324274817,0.508142487136
984,0.496951384108,0.506717620701
985,0.496012364926,0.505792870276
986,0.495585017344,0.50546844232
987,0.495725254031,0.505705633866
988,0.49632014058,0.506411731227
989,0.496258359631,0.506345249577
990,0.495801586136,0.505785116695
991,0.495723791333,0.505592247332
992,0.495819843093,0.505596709219
993,0.497029447316,0.506816994788
994,0.498294595701,0.508111163388
995,0.500435795179,0.51032535084
996,0.503564601073,0.513689345782
997,0.506777326226,0.517141668099
998,0.509341408745,0.51978646262
999,0.511358293884,0.521666253351
1000,0.513025726076,0.522986745522
1001,0.514844266042,0.524434710921
1002,0.518074568577,0.527550114907
1003,0.523016736403,0.532812742733
1004,0.529123140059,0.539494952717
1005,0.535681274973,0.546710050078
1006,0.54258284747,0.554250581886
1007,0.549187387158,0.561538440958
1008,0.555746806781,0.568764964815
1009,0.563029184733,0.57683107238
1010,0.570355414613,0.58487997687
1011,0.576992349593,0.591997614806
1012,0.58355703905,0.598821558825
1013,0.589579238704,0.605127363306
1014,0.596359803424,0.612270583247
1015,0.60164817365,0.617729899175
1016,0.606762117527,0.622943178209
1017,0.611441320512,0.627570351439
1018,0.615691956846,0.63165267671
1019,0.620573619926,0.636414759396
1020,0.625476460794,0.641165706759
1021,0.631915365701,0.647913634842
1022,0.638898768637,0.655516393835
1023,0.645191722766,0.662451927585
1024,0.651906302146,0.669731882366
1025,0.65738658598,0.675598588825
1026,0.662747825052,0.681183616122
1027,0.668283246218,0.686945457948
1028,0.673453514093,0.692243274295
1029,0.678992156568,0.698205425435
1030,0.679093324878,0.697586267222
1031,0.678843347264,0.695768630857
1032,0.691014474031,0.711274298973
1033,0.69425797888,0.714725077824
1034,0.698298698012,0.719045832388
1035,0.70180266114,0.722939833644
1036,0.705841467766,0.727355803354
1037,0.708713574962,0.73037648623
1038,0.708585172101,0.729748773409
1039,0.706541408482,0.726894626466
1040,0.704351387746,0.723905367272
1041,0.704036112042,0.723074283187
1042,0.705698139319,0.724949334702
1043,0.708118876567,0.727721105814
1044,0.715277962539,0.734693420254
1045,0.714495712188,0.733774016691
1046,0.712521300794,0.731526421795
1047,0.712751016106,0.732202879422
1048,0.714333870436,0.734444535358
1049,0.716612559425,0.737575180714
1050,0.718602161106,0.740341577646
1051,0.718118623436,0.74024239834
1052,0.714353430561,0.736209792964
1053,0.709986158645,0.731420326094
1054,0.705725887416,0.726783373225
1055,0.701827098401,0.722638192483
1056,0.697719188803,0.717998567918
1057,0.675919158638,0.691174396089
1058,0.690404888295,0.710363329375
1059,0.68487405689,0.704280368611
1060,0.679453398556,0.69871875498
1061,0.673715377682,0.692757515912
1062,0.667486914053,0.686252884988
1063,0.661671146821,0.68008584297
1064,0.655381305997,0.673241346339
1065,0.648663251907,0.665909836823
1066,0.641741030622,0.658362838602
1067,0.634116468946,0.650095403217
1068,0.627049549999,0.642711427879
1069,0.62183208503,0.637613358573
1070,0.61707778305,0.63297020121
1071,0.612897677484,0.628969072187
1072,0.608175165737,0.624293276165
1073,0.602509466716,0.618450451892
1074,0.595302765165,0.610794813052
1075,0.588738716431,0.603928037982
1076,0.582345539413,0.59732048446
1077,0.575946613342,0.590670703937
1078,0.569439486163,0.583726312498
1079,0.562028182026,0.575596258633
1080,0.555044649601,0.567894764341
1081,0.548130102497,0.56032200577
1082,0.54083706124,0.552323050345
1083,0.533340520354,0.544137103474
1084,0.527048612733,0.537192991554
1085,0.520747497017,0.530364651838
1086,0.516820459485,0.526400002797
1087,0.514131184455,0.524042230469
1088,0.512163832297,0.522409224017
1089,0.509834299555,0.52029976713
1090,0.507113849699,0.517549459878
1091,0.503273102244,0.513420381207
1092,0.500107023254,0.510020538934
1093,0.49727691592,0.507000686153
1094,0.495081398033,0.504642994711
1095,0.493713620618,0.503201621124
1096,0.492771408738,0.502288862952
1097,0.49268988779,0.502308546657
1098,0.493200789163,0.503007301583
1099,0.493786441305,0.503681408099
1100,0.492869105682,0.502680104676
1101,0.492518499885,0.502140090192
1102,0.49293249093,0.502437445491
1103,0.493599580935,0.503096055607
1104,0.495134676578,0.504716620571
1105,0.497018887885,0.506743961557
1106,0.500201714513,0.510115885451
1107,0.503395441272,0.513543503241
1108,0.507158553728,0.517596224031
1109,0.509750419384,0.520225788417
1110,0.512185937594,0.522438753376
1111,0.513927363456,0.52384099218
1112,0.516696241361,0.52629569614
1113,0.520783875222,0.530393383489
1114,0.526767373234,0.536909704942
1115,0.533137731883,0.543933502848
1116,0.540640519751,0.552121276325
1117,0.54801178095,0.560197845043
1118,0.554852188426,0.567702131277
1119,0.562075189442,0.575620390421
1120,0.56958577884,0.583847892902
1121,0.576174324896,0.590919452058
1122,0.582342045786,0.597292001289
1123,0.588481931542,0.603654258843
1124,0.595282891756,0.610794291857
1125,0.602397509905,0.618326292144
1126,0.608272470009,0.624418134105
1127,0.612598910245,0.628667310415
1128,0.616804260023,0.632680413074
1129,0.621942844834,0.637701393391
1130,0.627265922414,0.642917352932
1131,0.634133777045,0.650128109495
1132,0.641693765698,0.658311206022
1133,0.648662997162,0.66590322641
1134,0.655394710102,0.673293173369
1135,0.661671251106,0.680098263037
1136,0.667658382927,0.68641856871
1137,0.673509283325,0.692525005939
1138,0.679164158143,0.698410098287
1139,0.684730050567,0.704141406007
1140,0.690484372877,0.710473857261
1141,0.675738672739,0.690980775031
1142,0.69778807683,0.718087847377
1143,0.70162932611,0.722420046611
1144,0.706042140653,0.727120745809
1145,0.710295532566,0.731725937746
1146,0.713909577334,0.735746793681
1147,0.717939004863,0.740035660862
1148,0.718504155744,0.740213925904
1149,0.717018820471,0.73796558914
1150,0.714322507249,0.73442661396
1151,0.712705576565,0.732145733314
1152,0.712694606594,0.7317281846
1153,0.714544774081,0.733821848316
1154,0.715423956425,0.73482757692
1155,0.716608261747,0.735349543383
1156,0.716244726029,0.734903921851
1157,0.714970870011,0.733574221288
1158,0.715251652414,0.734349043528
1159,0.71623287408,0.735906787803
1160,0.71772782431,0.738174038615
1161,0.720044426556,0.741342971485
1162,0.72086863711,0.742878780085
1163,0.719883937355,0.742124120698
1164,0.715996614634,0.737842021707
1165,0.711439047431,0.732855430195
1166,0.706851583423,0.727919582255
1167,0.703214206555,0.72407555448
1168,0.690609334962,0.70814367415
1169,0.691771376957,0.711139898148
1170,0.69006767283,0.709945727038
1171,0.685028884763,0.704610309145
1172,0.679461746518,0.698869619258
1173,0.67325553108,0.692417008566
1174,0.66660855153,0.685436147181
1175,0.660634366917,0.678957394041
1176,0.653759409649,0.671500684327
1177,0.646934497899,0.664029450248
1178,0.639216589268,0.65563295584
1179,0.631416679817,0.647083043508
1180,0.623981181389,0.639184203934
1181,0.618617374027,0.633789868535
1182,0.613296196764,0.628512559918
1183,0.610017890706,0.625728472318
1184,0.605360225206,0.621115743738
1185,0.599486335742,0.615094732277
1186,0.593071705084,0.608501400961
1187,0.585703799816,0.600658298663
1188,0.580842836751,0.595974745247
1189,0.575450630944,0.590538065599
1190,0.568544681449,0.583086380855
1191,0.560750033524,0.574385328783
1192,0.552673950569,0.56535942684
1193,0.544926355664,0.556867730226
1194,0.537067409856,0.548164164829
1195,0.529704031203,0.540121216208
1196,0.523430922075,0.533263593522
1197,0.518530057214,0.528101800753
1198,0.515068232446,0.524826827924
1199,0.512973719947,0.523110898617
1200,0.510682473782,0.521078319344
1201,0.507999225221,0.518507016947
1202,0.505019873957,0.515510769422
1203,0.501665253649,0.51202864179
1204,0.498697072559,0.508883570114
1205,0.496050116718,0.506034760864
1206,0.493718515472,0.503429192411
1207,0.493376318789,0.503364374444
1208,0.492471325563,0.502409540767
1209,0.491241756726,0.500942767401
1210,0.490011684603,0.499309150848
1211,0.489915669974,0.499220606362
1212,0.491130443914,0.500845169054
1213,0.492446862245,0.502388313427
1214,0.493215405122,0.503210014099
1215,0.493453013602,0.503162472019
1216,0.495994511055,0.505975526794
1217,0.498506558545,0.508703887075
1218,0.501622150064,0.511983331058
1219,0.504899394002,0.515376406112
1220,0.507965758714,0.518489737334
1221,0.510683666347,0.521078306561
1222,0.513028883051,0.523163886074
1223,0.515248076785,0.525008210441
1224,0.518541721504,0.528089990965
1225,0.523339872082,0.533174354445
1226,0.529790855918,0.540189292074
1227,0.537036249123,0.548128005914
1228,0.545219438215,0.557158670719
1229,0.552675990806,0.565339623556
1230,0.560703304741,0.574365542735
1231,0.568381909863,0.582915931978
1232,0.575397391736,0.590480335587
1233,0.580610841262,0.595740072328
1234,0.58584697602,0.600815522747
1235,0.593105820145,0.608526104496
1236,0.599210559266,0.614816672687
1237,0.604936855009,0.620700049333
1238,0.609851172142,0.625547597152
1239,0.613605662115,0.628829595203
1240,0.618635153558,0.633809710346
1241,0.624304083612,0.639510241558
1242,0.631652185612,0.647336320633
1243,0.639353375232,0.655751641755
1244,0.646981610332,0.664086249926
1245,0.654058277846,0.671810103114
1246,0.660368985957,0.678681531223
1247,0.666694364322,0.685493597783
1248,0.672991211554,0.692128270015
1249,0.679277027614,0.698689899398
1250,0.685058362584,0.704629296734
1251,0.690302885515,0.7101628571
1252,0.691694671846,0.711044661968
1253,0.690688964435,0.708231988257
1254,0.702987376919,0.723841508027
1255,0.706693540578,0.727761832415
1256,0.711086003766,0.732468764914
1257,0.71559786311,0.737448200177
1258,0.71952885345,0.741750351329
1259,0.720920683282,0.742908309805
1260,0.720005688497,0.74129749068
1261,0.717490502281,0.737920327792
1262,0.716012539542,0.735686756306
1263,0.714822815824,0.7339113579
1264,0.714868193351,0.733475178014
1265,0.71625580924,0.734930273629
1266,0.488450508956,0.504110832289
1267,0.594933416144,0.613982135009
1268,0.7134751041,0.735509803034
1269,0.712463345455,0.734515410393
1270,0.591712827522,0.610175413208
1271,0.4882546415,0.504030801301
1272,0.594385724638,0.613842789435
1273,0.714504728645,0.737777175567
1274,0.704600118943,0.726352947487
1275,0.584204290408,0.601667019824
1276,0.480081876109,0.494498088243
1277,0.589306479354,0.608623174438
1278,0.702135383067,0.724441029873
1279,0.690608874752,0.71102301328
1280,0.572031680947,0.587671450697
1281,0.474105569927,0.487614258927
1282,0.572120130104,0.588301763886
1283,0.664480526995,0.679336047024
1284,0.675486893336,0.69490196403
1285,0.564878938463,0.58055513119
1286,0.465998258408,0.47909401383
1287,0.559191727304,0.574530290087
1288,0.663114133373,0.681669179577
1289,0.659348459883,0.678881519934
1290,0.559475703126,0.576633909339
1291,0.460842103348,0.474071153519
1292,0.548450740377,0.563507128596
1293,0.641541110642,0.658814302331
1294,0.635115098878,0.652801506658
1295,0.542288500435,0.558125781875
1296,0.451857274642,0.464452239327
1297,0.538514771234,0.553540593213
1298,0.621828928431,0.639108987245
1299,0.611870677054,0.628451856117
1300,0.525271496767,0.540210885726
1301,0.445686337734,0.457791678428
1302,0.526712998082,0.541485162394
1303,0.600478195174,0.617501327391
1304,0.590754294089,0.60703054698
1305,0.510099426108,0.524256671147
1306,0.437610700435,0.448980462408
1307,0.509938997082,0.52314517709
1308,0.571181276833,0.585974491563
1309,0.561131642644,0.575018546783
1310,0.485922197546,0.497055370771
1311,0.424576116352,0.434121740276
1312,0.49079939432,0.50171707298
1313,0.538997754189,0.55006939368
1314,0.531661980428,0.542256434991
1315,0.46628371284,0.475185119413
1316,0.417822104367,0.426340706461
1317,0.474996350565,0.483994287803
1318,0.512991197716,0.521598134322
1319,0.506853647089,0.515400928314
1320,0.45263810296,0.461438351366
1321,0.416007558716,0.424452481546
1322,0.467003833839,0.475732496309
1323,0.501589676923,0.510941949929
1324,0.495959671978,0.505558389563
1325,0.446953935957,0.456938470884
1326,0.414997949855,0.423152348156
1327,0.467376363161,0.476521583623
1328,0.493787745331,0.503189673991
1329,0.482120918657,0.491262851571
1330,0.435935709368,0.445509254107
1331,0.420785163625,0.429418845684
1332,0.467891301929,0.477196657715
1333,0.490372291063,0.500125225414
1334,0.474531360531,0.484021778433
1335,0.429704699085,0.439154725945
1336,0.42953594106,0.438988962846
1337,0.474544875064,0.484021755631
1338,0.490219881725,0.49997570018
1339,0.467938975945,0.477218020933
1340,0.420822391767,0.429455015362
1341,0.435802333441,0.44537217567
1342,0.482068723228,0.49122388626
1343,0.494113471441,0.503503573931
1344,0.467328714318,0.476446393415
1345,0.414843541252,0.422993562642
1346,0.446858772138,0.456860211615
1347,0.495670112782,0.505272909518
1348,0.501887377032,0.511247032202
1349,0.467081223394,0.475812779752
1350,0.416042414094,0.424477846701
1351,0.45265377866,0.461450437946
1352,0.506925681821,0.515450724891
1353,0.51283195141,0.521436379737
1354,0.474994133265,0.483998887949
1355,0.417920355817,0.426436910497
1356,0.466387135109,0.475293681575
1357,0.531569385167,0.542152005457
1358,0.538890492909,0.549967879897
1359,0.490904226848,0.501820381749
1360,0.42448190036,0.434036406602
1361,0.486020623821,0.497169004502
1362,0.560947011783,0.574833134582
1363,0.571258213477,0.586047870623
1364,0.510069647771,0.523272568049
1365,0.43763403117,0.448985585134
1366,0.510043698644,0.524193153732
1367,0.590583390437,0.606879567203
1368,0.60082397379,0.61785606625
1369,0.526697725878,0.54146993384
1370,0.445454228072,0.457566379301
1371,0.525184517129,0.540103010921
1372,0.611713485814,0.628295973235
1373,0.621551461712,0.638830999683
1374,0.538448800216,0.553482307584
1375,0.451895280248,0.464488354262
1376,0.541993367405,0.557821318908
1377,0.634674034494,0.652372790716
1378,0.641717349667,0.659002679673
1379,0.548453854662,0.563524353699
1380,0.460693639515,0.473922726602
1381,0.559508664994,0.576666632793
1382,0.659498460543,0.679053848853
1383,0.663018782443,0.681590418368
1384,0.559386608864,0.574744564506
1385,0.465943744059,0.479032577416
1386,0.564930058343,0.580632751931
1387,0.675369391194,0.69479298632
1388,0.664357400296,0.679185165368
1389,0.572067452132,0.588262314525
1390,0.473717348888,0.487209076944
1391,0.571764490132,0.587395836864
1392,0.690790590719,0.711198799167
1393,0.701884150658,0.724178558202
1394,0.589471818386,0.608782501778
1395,0.48010604912,0.494548513637
1396,0.5841213014,0.601599078803
1397,0.704567320994,0.72629551887
1398,0.714756745842,0.738002531772
1399,0.594679033478,0.614178057605
1400,0.487993393087,0.503776285816
1401,0.591822000417,0.610293386591
1402,0.71256469804,0.734614307628
1403,0.713565132836,0.735589829453
1404,0.594910783324,0.613986562301
1405,0.688552909626,0.708402322563
1406,0.687434132532,0.70700635249
1407,0.685818274702,0.705096761745
1408,0.683869714616,0.702813500465
1409,0.68354623166,0.702556487576
1410,0.684616967356,0.704133070264
1411,0.685979243838,0.706089983093
1412,0.687359057286,0.707981463173
1413,0.688008222066,0.709065588459
1414,0.686032523734,0.707012995008
1415,0.68320514438,0.703856211695
1416,0.679613454769,0.699985152538
1417,0.677270399187,0.697557690715
1418,0.67443750001,0.694667452284
1419,0.672097041766,0.692275873952
1420,0.669331544782,0.689416300762
1421,0.657012913291,0.673994424831
1422,0.659393918997,0.677990109203
1423,0.657736394273,0.676566218242
1424,0.652843865749,0.671215028468
1425,0.648958087938,0.667254910679
1426,0.644479635366,0.662586445922
1427,0.639957549443,0.657878030144
1428,0.635634220102,0.65328213596
1429,0.631535597207,0.649000120793
1430,0.627079058725,0.644250952282
1431,0.622245903336,0.639098709381
1432,0.616997383446,0.633290323025
1433,0.61179105417,0.627554093945
1434,0.607163219855,0.622721768209
1435,0.603715121221,0.61938000608
1436,0.600272120163,0.616149403099
1437,0.597179196693,0.613246960504
1438,0.594048437507,0.610286608607
1439,0.590293492798,0.606512865051
1440,0.585787070026,0.601900831057
1441,0.581311748386,0.597232537939
1442,0.577676654184,0.593554606711
1443,0.572567154033,0.588328565208
1444,0.567916407407,0.58352766593
1445,0.562756779744,0.578112731987
1446,0.556708536173,0.571678960765
1447,0.551541531405,0.565992569647
1448,0.544885725974,0.558610550109
1449,0.538495672209,0.551515206131
1450,0.532659978426,0.545034092459
1451,0.527049554814,0.53876050736
1452,0.52193100396,0.533162099234
1453,0.516684780013,0.527404868679
1454,0.511247814008,0.521443736476
1455,0.50586732992,0.515590993658
1456,0.500303899989,0.509474937565
1457,0.495915300403,0.504818312585
1458,0.492482299425,0.501380773859
1459,0.490409368173,0.499597980826
1460,0.488495895631,0.497959667547
1461,0.486886319416,0.496572863541
1462,0.485452146498,0.495315034256
1463,0.484483304653,0.494473383243
1464,0.482498793359,0.492494694642
1465,0.480212880868,0.49008387611
1466,0.477517421466,0.487140482455
1467,0.475721556058,0.48524610256
1468,0.474671335384,0.484284281224
1469,0.474199326226,0.483964182439
1470,0.47365544833,0.483488612814
1471,0.473328626886,0.483182050842
1472,0.473052312636,0.482984191828
1473,0.473236579602,0.483173606895
1474,0.473525501851,0.483472714737
1475,0.473159597854,0.483101036324
1476,0.473231348889,0.483156630222
1477,0.473371286328,0.483237868029
1478,0.473845718623,0.483684557013
1479,0.474326011203,0.484080627384
1480,0.474634388364,0.484235786413
1481,0.475721388677,0.485241543518
1482,0.477499902186,0.487124042378
1483,0.480436070661,0.490306884252
1484,0.482499559658,0.492482226
1485,0.484202589797,0.494199033527
1486,0.485577708931,0.495413271271
1487,0.486674536678,0.496364342669
1488,0.488589080616,0.498052823781
1489,0.49041356505,0.499599770075
1490,0.492555179754,0.501451153102
1491,0.495920281231,0.504836484069
1492,0.500506065178,0.509681898543
1493,0.505717277855,0.515438407261
1494,0.511072302446,0.521265345927
1495,0.516485301865,0.527204386035
1496,0.522127863218,0.533355279884
1497,0.527006773476,0.538726258567
1498,0.532792627224,0.545186064735
1499,0.538788713839,0.551807545352
1500,0.545022980043,0.558735060451
1501,0.551260209259,0.565713749817
1502,0.55706254296,0.572008797075
1503,0.562893511549,0.578231069569
1504,0.568075280589,0.583682968911
1505,0.572633579295,0.588360459094
1506,0.577258909316,0.59310087639
1507,0.58152000219,0.597467651123
1508,0.586128702756,0.602239740728
1509,0.590241008285,0.606457582888
1510,0.594261596195,0.610499290267
1511,0.597247123045,0.613350655378
1512,0.600327720248,0.616181605832
1513,0.603610845775,0.6192935442
1514,0.607325529871,0.622880397644
1515,0.611572506571,0.627333206039
1516,0.617052969471,0.633333154449
1517,0.622261430453,0.639106890124
1518,0.627209611701,0.644411514192
1519,0.631794408889,0.649244027292
1520,0.635429110721,0.653087290983
1521,0.639914082588,0.657823579067
1522,0.644070161874,0.662171391953
1523,0.648663008958,0.666932150076
1524,0.652994429211,0.671352607919
1525,0.657665352129,0.676522014864
1526,0.659282771464,0.677890239884
1527,0.657091493897,0.6741176121
1528,0.669426887851,0.689561183435
1529,0.672121816625,0.692335881151
1530,0.674566575709,0.694819277287
1531,0.677274077138,0.697574462869
1532,0.679711695339,0.700073093654
1533,0.682740022129,0.703400675145
1534,0.686090201546,0.707049080085
1535,0.687801231064,0.708874415882
1536,0.687327404667,0.707953185622
1537,0.685825848912,0.705904063358
1538,0.684559974783,0.704048795207
1539,0.683615288884,0.702649050809
1540,0.6841156569,0.703112673564
1541,0.685886706531,0.705158466909
1542,0.687665189663,0.707267299689
1543,0.688638147316,0.708465364042
1544,0.686449078621,0.705559677696
1545,0.686102532192,0.705163864274
1546,0.684864404824,0.70365850029
1547,0.683655361109,0.702248440355
1548,0.68288720866,0.701397785254
1549,0.683597370935,0.702513347058
1550,0.684621879555,0.704050192636
1551,0.685801759987,0.705799056841
1552,0.686066198558,0.70648974441
1553,0.685451216864,0.706114924046
1554,0.682814981966,0.703252264243
1555,0.67919223646,0.699309079795
1556,0.676173455333,0.695988274179
1557,0.673432973495,0.693053466552
1558,0.671113791932,0.690579451889
1559,0.668627036194,0.687996978963
1560,0.66058085166,0.677967397439
1561,0.647455252938,0.662310079258
1562,0.6590567643,0.67778312664
1563,0.654234155552,0.672441304842
1564,0.649522910076,0.667454945263
1565,0.645051199489,0.662905217954
1566,0.641299091509,0.659075154093
1567,0.637027290429,0.654682589285
1568,0.633108411987,0.650589436716
1569,0.62871151531,0.645863070311
1570,0.624158677429,0.640975267256
1571,0.618865447421,0.635130944209
1572,0.613539409456,0.629274146762
1573,0.60786087804,0.623162774453
1574,0.603484250317,0.618689207949
1575,0.599667518779,0.615053247219
1576,0.59556144931,0.611083532116
1577,0.592172909245,0.607833062711
1578,0.588901044212,0.604665688957
1579,0.585572673645,0.60130485321
1580,0.580986488924,0.596621498332
1581,0.576647023894,0.592192443482
1582,0.571720065708,0.587154637221
1583,0.566569493381,0.581810613872
1584,0.561453418756,0.576373046417
1585,0.555740025062,0.570364715956
1586,0.55001375693,0.564227107176
1587,0.544253550977,0.557882258649
1588,0.538159434199,0.551065448746
1589,0.532515534148,0.544779647906
1590,0.527017720781,0.538725964912
1591,0.521925667031,0.533087205795
1592,0.516311721911,0.526967645121
1593,0.510916811589,0.521075594409
1594,0.505599014951,0.515301222944
1595,0.500643039012,0.509894781423
1596,0.495922006806,0.504787965563
1597,0.491916459184,0.500694085357
1598,0.489674773368,0.498682516332
1599,0.48770624394,0.497023949349
1600,0.486376509333,0.495985628847
1601,0.484852937248,0.494636670758
1602,0.483192580921,0.493067128407
1603,0.481176351267,0.490963800169
1604,0.478782089297,0.488372402191
1605,0.476120082433,0.485443044683
1606,0.473742113529,0.482942667934
1607,0.472660791218,0.481911879285
1608,0.471936914658,0.481280691478
1609,0.471421479369,0.480853482407
1610,0.471380525153,0.480941575339
1611,0.471500376868,0.481191045983
1612,0.472021401452,0.481790699071
1613,0.472340224398,0.482146897722
1614,0.472320653176,0.482136411976
1615,0.471984755611,0.48174602518
1616,0.471427618593,0.481111245594
1617,0.471386914671,0.480947164295
1618,0.471455055259,0.480881603723
1619,0.471874749747,0.481208123589
1620,0.472527267664,0.481791940932
1621,0.473961991873,0.48314371982
1622,0.476113798867,0.48543964224
1623,0.478939788948,0.48854039052
1624,0.481233606918,0.491022222004
1625,0.483410173142,0.493267123924
1626,0.484930819783,0.494716950387
1627,0.486304612425,0.495909784577
1628,0.487649987602,0.496976911754
1629,0.489621773708,0.498633761211
1630,0.492036822085,0.500815140472
1631,0.495808704433,0.504686706619
1632,0.500441164236,0.509699584518
1633,0.505674589838,0.515373554684
1634,0.511209413038,0.521380675646
1635,0.516387589199,0.527055941712
1636,0.521886006325,0.533050336956
1637,0.527008768977,0.538705264556
1638,0.532622887945,0.54489178381
1639,0.538146080194,0.551040344709
1640,0.544392467441,0.558018854862
1641,0.55019589862,0.564416819873
1642,0.555951629521,0.570569411992
1643,0.561272032164,0.576218303269
1644,0.566712455936,0.581961450464
1645,0.571530041354,0.586952130772
1646,0.576535943593,0.592090869205
1647,0.580920871351,0.596558989847
1648,0.585085438428,0.600826810748
1649,0.588885500096,0.604665213206
1650,0.592354407102,0.607989454534
1651,0.595694639114,0.611214222843
1652,0.599552144152,0.614954434635
1653,0.603278873866,0.618472789942
1654,0.60800348504,0.623316776773
1655,0.613521235711,0.629234763665
1656,0.618745128362,0.63500246771
1657,0.623873495055,0.640686785441
1658,0.628768974465,0.64593759435
1659,0.633312957634,0.650793465223
1660,0.637206630076,0.654856197573
1661,0.641299028534,0.659076113424
1662,0.645283487427,0.663129763515
1663,0.649727148744,0.667676107899
1664,0.654111091022,0.67230683615
1665,0.658762990204,0.677486372156
1666,0.647118362434,0.661961068035
1667,0.660468735817,0.677876051771
1668,0.668193601549,0.687550274612
1669,0.670967237396,0.690424608694
1670,0.673597350104,0.693205613804
1671,0.676553147638,0.696389605862
1672,0.679325402906,0.699437991248
1673,0.682734840255,0.703172875945
1674,0.685371000945,0.706065951005
1675,0.685907171552,0.706310147491
1676,0.68600865784,0.706043536696
1677,0.684808684055,0.704263494461
1678,0.683680480535,0.702592156628
1679,0.683100037375,0.701620861043
1680,0.683778504765,0.702347367704
1681,0.684886931748,0.70370968866
1682,0.685815645035,0.704843878469
1683,0.678199322849,0.696762752119
1684,0.677797142288,0.696317023575
1685,0.676396272085,0.694677908108
1686,0.675487455603,0.693632988435
1687,0.675642042171,0.694074125999
1688,0.676259333021,0.695139623981
1689,0.677699397431,0.697129960692
1690,0.678703483094,0.69861150552
1691,0.677939638426,0.698195089606
1692,0.67664425764,0.696971234598
1693,0.673445634596,0.69345391324
1694,0.670249026848,0.689883046833
1695,0.667741977494,0.687162144404
1696,0.664867028132,0.684134645404
1697,0.662698444439,0.681876402273
1698,0.660316256138,0.679446143376
1699,0.651653766277,0.668573692719
1700,0.654170616844,0.672875008387
1701,0.650481194284,0.668819869229
1702,0.646074956987,0.663995057874
1703,0.642097042005,0.659946499774
1704,0.637762379367,0.655513095403
1705,0.633778195303,0.651403863583
1706,0.630366894108,0.647875739534
1707,0.626107098905,0.643333019614
1708,0.621699279541,0.63858510291
1709,0.616129366489,0.632430496043
1710,0.610858651878,0.626714698137
1711,0.60571958823,0.621116860887
1712,0.600382526299,0.615417882135
1713,0.595845557143,0.610827421338
1714,0.592198844655,0.607312387267
1715,0.588265180136,0.603442790159
1716,0.584775292431,0.600086577823
1717,0.581702066607,0.597106276432
1718,0.577636029364,0.593009955356
1719,0.573580136089,0.588822618353
1720,0.569065899525,0.584163152697
1721,0.563635448894,0.578461939698
1722,0.558629696077,0.573134631528
1723,0.553109376727,0.567354440871
1724,0.548004707385,0.561958313251
1725,0.542503371834,0.556030277732
1726,0.537036763944,0.549997760586
1727,0.531380323039,0.543662945279
1728,0.526182579592,0.537888437763
1729,0.521059268774,0.532251491897
1730,0.515844239199,0.526547678603
1731,0.510420825674,0.520633614507
1732,0.505345573168,0.515086511521
1733,0.500534133016,0.509873639064
1734,0.495730756175,0.504668743192
1735,0.491695623892,0.500422787642
1736,0.488933203304,0.497774712654
1737,0.487091876667,0.496268618188
1738,0.485706940493,0.495176592362
1739,0.484077641931,0.49371858157
1740,0.482230057075,0.49195492267
1741,0.480050285151,0.48969090919
1742,0.477570310808,0.486986798461
1743,0.475063092628,0.484214813829
1744,0.472647943174,0.481660845469
1745,0.470862572035,0.47985224651
1746,0.469787604419,0.478781296222
1747,0.469004099758,0.478020845144
1748,0.468680727585,0.477801824618
1749,0.468913376165,0.478226019891
1750,0.469561120606,0.479044590135
1751,0.470136598649,0.479741812181
1752,0.470741920325,0.480431447328
1753,0.470102729606,0.47970235949
1754,0.469627817593,0.479108797157
1755,0.468895614312,0.478203090044
1756,0.468712170304,0.477832514517
1757,0.469085644756,0.478120820732
1758,0.469758011355,0.478760295568
1759,0.471056875398,0.480035438664
1760,0.472683479516,0.481683175594
1761,0.475047078285,0.484202449071
1762,0.477532214716,0.48695717475
1763,0.480029162339,0.489682113475
1764,0.482170155559,0.491887682037
1765,0.484032922729,0.493679338919
1766,0.485441326672,0.494918184542
1767,0.487103351812,0.496279037639
1768,0.488899765901,0.497727438634
1769,0.49164807692,0.500370278479
1770,0.495855787889,0.504792020412
1771,0.500565092747,0.509907583781
1772,0.505559117287,0.515312038943
1773,0.510462524239,0.520661958021
1774,0.515731601734,0.526429675691
1775,0.521041132636,0.53223420259
1776,0.525686831507,0.537390390119
1777,0.5314385034,0.543726176885
1778,0.536934158172,0.549886965643
1779,0.542543814914,0.556067861606
1780,0.548054890517,0.562006978825
1781,0.553181244632,0.567415007334
1782,0.558479877075,0.572985220932
1783,0.563570037377,0.578367778189
1784,0.569054628992,0.584182892154
1785,0.573591142479,0.588821420441
1786,0.577938212083,0.593320164361
1787,0.581463102044,0.596883413123
1788,0.585004500413,0.60031301706
1789,0.588368587933,0.603546958062
1790,0.592168385311,0.607287580428
1791,0.596018228769,0.611025627304
1792,0.600269018641,0.615306841234
1793,0.605953417983,0.621345481686
1794,0.610998946806,0.62682741506
1795,0.616068297119,0.632405871608
1796,0.621449870514,0.63829872586
1797,0.62645992236,0.643681771986
1798,0.630338832565,0.647829346942
1799,0.633863283367,0.65149298696
1800,0.637795776965,0.655550990346
1801,0.642226280966,0.660098512468
1802,0.646062275805,0.664009255825
1803,0.650808436629,0.669184201887
1804,0.654391421067,0.673080254528
1805,0.65185220269,0.668749118739
1806,0.660504163614,0.679637692043
1807,0.662803405478,0.681984479073
1808,0.665035146443,0.684293701377
1809,0.667727068721,0.687139114323
1810,0.670401685929,0.690046585581
1811,0.673574904628,0.693549699922
1812,0.676554424331,0.696883622871
1813,0.678164530773,0.698397579811
1814,0.678422155443,0.698349065405
1815,0.677661200574,0.697098864057
1816,0.676282009538,0.695150706291
1817,0.675457432535,0.693853096758
1818,0.67538954902,0.693543517268
1819,0.676489553113,0.69475820803
1820,0.677786187695,0.696302246229
1821,0.677961601112,0.696517488149
1822,0.659397685705,0.677307819556
1823,0.659420936738,0.67731319113
1824,0.6590798049,0.676927895682
1825,0.657929494746,0.675592610067
1826,0.658141771047,0.676034637065
1827,0.658616015507,0.676863929741
1828,0.659468274514,0.678174172443
1829,0.660463524428,0.679621960087
1830,0.66076549161,0.680326121937
1831,0.660118060584,0.679861971865
1832,0.658047689884,0.677764031904
1833,0.655252591325,0.674614664338
1834,0.652335554416,0.671407948382
1835,0.650101820672,0.668967976657
1836,0.647738281526,0.666507496434
1837,0.645759085521,0.664489146292
1838,0.638622001624,0.655527076588
1839,0.63930451512,0.657346017639
1840,0.637475623888,0.655676694079
1841,0.634115163473,0.651973715956
1842,0.629862369414,0.647525988195
1843,0.626932069652,0.644549511922
1844,0.622786623507,0.640292916955
1845,0.619238030728,0.636555672755
1846,0.615165090418,0.632208338697
1847,0.611063760955,0.627771431942
1848,0.606452565163,0.622767234301
1849,0.60197321165,0.617867610206
1850,0.597042900824,0.612510528906
1851,0.592232157667,0.607258135579
1852,0.587140195597,0.601775883934
1853,0.582838642009,0.597376138182
1854,0.579468877684,0.594100257335
1855,0.575858236759,0.590495583984
1856,0.572437928554,0.587075342385
1857,0.568544558707,0.583007491352
1858,0.565108773608,0.579564301726
1859,0.56240642234,0.577122114965
1860,0.557837033091,0.572421044065
1861,0.553254573961,0.567687913852
1862,0.548819223136,0.563092788672
1863,0.544185682109,0.55819992517
1864,0.53862946254,0.552137914636
1865,0.534428033961,0.547700041907
1866,0.529310033441,0.542196775253
1867,0.523554052001,0.535721638975
1868,0.51798022559,0.529489567388
1869,0.512799037495,0.523755909741
1870,0.507498305951,0.517837117404
1871,0.502170148921,0.511986064939
1872,0.497559826051,0.506934658902
1873,0.49334946248,0.502360532776
1874,0.489465884484,0.49818518525
1875,0.486510103701,0.495228405179
1876,0.484499188087,0.493500313836
1877,0.483062178107,0.492344710146
1878,0.481662347735,0.491159333053
1879,0.480071451086,0.489701322893
1880,0.478344025978,0.48798222401
1881,0.476364024115,0.48597751719
1882,0.47426707328,0.483661670794
1883,0.472864327911,0.482352366305
1884,0.471103406771,0.480510748506
1885,0.469530749896,0.478838746432
1886,0.468033348753,0.477155489868
1887,0.467279259718,0.476320779565
1888,0.465683798708,0.474492076452
1889,0.465727231206,0.474667447264
1890,0.467455968858,0.476901281353
1891,0.467730796367,0.477264072476
1892,0.467782119481,0.477309193749
1893,0.467535163328,0.476973070196
1894,0.465884787255,0.474831271909
1895,0.4656741498,0.474466687565
1896,0.467127258454,0.476169476597
1897,0.468138234689,0.477284077693
1898,0.469673370537,0.478964054232
1899,0.471193467908,0.480600245232
1900,0.472786301244,0.48226814296
1901,0.474033027047,0.483454190975
1902,0.476314642781,0.485930608994
1903,0.478289262146,0.487932842757
1904,0.479984479017,0.489615244021
1905,0.48189620814,0.491385965105
1906,0.483095836206,0.492380274261
1907,0.484606883228,0.493608898595
1908,0.486403279905,0.495125025373
1909,0.489448041799,0.498158888686
1910,0.493242368275,0.502252222579
1911,0.49754590469,0.506906328736
1912,0.502228486316,0.512053970047
1913,0.507436045433,0.517772991173
1914,0.513096179924,0.524049023839
1915,0.518112864994,0.529642624338
1916,0.523665899423,0.535824858559
1917,0.529401957604,0.54230288559
1918,0.534383769094,0.547648472335
1919,0.538873240151,0.552385023475
1920,0.544213796111,0.558225087496
1921,0.548689279863,0.562952453074
1922,0.553347990411,0.567763409953
1923,0.557912098928,0.572491074739
1924,0.562321033581,0.577026299419
1925,0.565031291691,0.579481868489
1926,0.56847567282,0.582952228334
1927,0.572290272964,0.586893013459
1928,0.575784329476,0.590441057938
1929,0.579453717351,0.594076043039
1930,0.582800314356,0.597337570315
1931,0.587196717843,0.601833770993
1932,0.592082075715,0.60711489814
1933,0.597483692907,0.612955087739
1934,0.6018783593,0.617783510952
1935,0.606267468068,0.622593604058
1936,0.610981579956,0.627670892
1937,0.615206768061,0.632255173574
1938,0.619022352005,0.63633747516
1939,0.622814325016,0.640305588675
1940,0.626678281823,0.644296569584
1941,0.630385751812,0.648065397043
1942,0.633987320865,0.651825884277
1943,0.63747701337,0.65569246356
1944,0.63918232059,0.657235592749
1945,0.63844467524,0.655340503956
1946,0.645706321948,0.664431396934
1947,0.647655388181,0.666421130616
1948,0.650006865957,0.66889503463
1949,0.652433442097,0.671477011492
1950,0.655307421303,0.674668700182
1951,0.658348457017,0.678077214708
1952,0.659979962108,0.67972892697
1953,0.660734536292,0.680271520926
1954,0.660302423129,0.679452321605
1955,0.659845080726,0.678557018583
1956,0.65856563008,0.676793326215
1957,0.65810728731,0.675992889662
1958,0.657849309684,0.675517444673
1959,0.658855797601,0.676676008095
1960,0.659406079275,0.67732346918
1961,0.410764619079,0.423902530812
1962,0.507307313345,0.52357809109
1963,0.61931784659,0.638311482525
1964,0.695463881692,0.716344696058
1965,0.641538679227,0.661285699084
1966,0.528217999871,0.54482103743
1967,0.417063037208,0.430494099579
1968,0.4836569776,0.499522552771
1969,0.597128930971,0.616195808273
1970,0.687789550847,0.709186585719
1971,0.654265980233,0.674070879219
1972,0.542874795421,0.559144048704
1973,0.426384417251,0.439126866278
1974,0.455290802051,0.470230776732
1975,0.57078545312,0.589491470689
1976,0.663558023281,0.683581256957
1977,0.655010146181,0.673906863819
1978,0.556198157363,0.571828336857
1979,0.441354383206,0.453593267835
1980,0.424926484189,0.437702002903
1981,0.53606640177,0.552492902051
1982,0.63262474124,0.650739516631
1983,0.651378895181,0.669695277697
1984,0.569461675598,0.585594309477
1985,0.457091531504,0.470227061111
1986,0.401859518121,0.413509238293
1987,0.500392913575,0.514401413717
1988,0.598180513902,0.614991542396
1989,0.638738096136,0.656694620788
1990,0.580842716321,0.598425226585
1991,0.473980449555,0.48870650341
1992,0.388925589764,0.400106185862
1993,0.469954385167,0.483377228468
1994,0.565129295068,0.580929832879
1995,0.614172430309,0.630047627943
1996,0.574866269389,0.590577466903
1997,0.481363997294,0.495461787047
1998,0.384780596853,0.395491202787
1999,0.442234398859,0.454869000727
2000,0.537783613598,0.553509685222
2001,0.593396191572,0.609654702457
2002,0.570576147586,0.586256573087
2003,0.48624899665,0.500498856305
2004,0.392673281332,0.403550084597
2005,0.414620201262,0.425545776937
2006,0.505999332762,0.52036102062
2007,0.566843345971,0.582392204736
2008,0.55850921651,0.573752733674
2009,0.486032218746,0.499630188481
2010,0.400011302604,0.410854514033
2011,0.391509230686,0.401327714711
2012,0.471771305905,0.483577354923
2013,0.529532278451,0.542039649719
2014,0.534538981233,0.546620404425
2015,0.475656820737,0.486521679347
2016,0.39703128376,0.405657224855
2017,0.372390451836,0.381114683274
2018,0.442445890835,0.452184247783
2019,0.496565755099,0.506132682501
2020,0.506833599804,0.515998633004
2021,0.465811347616,0.474865592825
2022,0.40391281119,0.413750623204
2023,0.420544855574,0.42855253245
2024,0.471160943782,0.479386195176
2025,0.484846999617,0.493032433864
2026,0.458483266996,0.467708050704
2027,0.399696201516,0.408776612532
2028,0.360889303995,0.368571783589
2029,0.406607533001,0.414527811656
2030,0.461195769223,0.47050882023
2031,0.47743762864,0.486537697536
2032,0.456047423656,0.46535738436
2033,0.400826611066,0.410538063328
2034,0.364866892826,0.373235143708
2035,0.398681433089,0.406914337251
2036,0.453905843277,0.463498823159
2037,0.470658698771,0.479921017761
2038,0.451758659344,0.460993851023
2039,0.394742732866,0.403783831377
2040,0.369072517369,0.377753316826
2041,0.395788254861,0.404090008573
2042,0.448310806519,0.457439538244
2043,0.469893268057,0.479309391439
2044,0.448385195432,0.457517555968
2045,0.395895075857,0.404200709869
2046,0.369228116541,0.377926027355
2047,0.394580401694,0.40363937068
2048,0.451974035905,0.461207601498
2049,0.470417225919,0.479688022687
2050,0.453806755756,0.463411220953
2051,0.398643251481,0.406868364236
2052,0.365070913102,0.373451961154
2053,0.400706180831,0.410411890627
2054,0.455989401286,0.46530968231
2055,0.477534616092,0.486613240735
2056,0.460988171342,0.470306682405
2057,0.406949195991,0.414870324865
2058,0.360763907865,0.368446482846
2059,0.399570687896,0.408658674484
2060,0.458593743749,0.467840032489
2061,0.484944818238,0.493140437005
2062,0.471167919332,0.47939318112
2063,0.420411716396,0.428419991991
2064,0.403828536217,0.413667633131
2065,0.465885699891,0.474948037314
2066,0.506803267223,0.51597153362
2067,0.496635079712,0.506208087353
2068,0.442516772883,0.452245025342
2069,0.372644664813,0.381367232949
2070,0.397178501472,0.405822559817
2071,0.475753100959,0.486596345842
2072,0.534172945404,0.546262671415
2073,0.529424161373,0.541918664401
2074,0.471761670818,0.483578005428
2075,0.391858373516,0.40167295825
2076,0.399958771843,0.410787181582
2077,0.486102725241,0.499686052308
2078,0.558559517528,0.57378036518
2079,0.566631714157,0.582142906113
2080,0.506151956241,0.520523010578
2081,0.414705721639,0.425634928174
2082,0.39262774668,0.403477410924
2083,0.486554189649,0.500810307203
2084,0.570499651666,0.586180854309
2085,0.593279586513,0.609540802427
2086,0.53768417592,0.553433356746
2087,0.44216654283,0.454808683624
2088,0.384757372192,0.395472057326
2089,0.481232406478,0.495313233012
2090,0.574867920274,0.590607092137
2091,0.614012769402,0.629869061919
2092,0.565277260259,0.58109468464
2093,0.470153439207,0.483565728533
2094,0.388765301161,0.399928734849
2095,0.473837800472,0.48855818087
2096,0.580637527133,0.598196461312
2097,0.639102692766,0.657063497264
2098,0.598016272124,0.614817394002
2099,0.500399022854,0.514402347273
2100,0.4018503798,0.413521819112
2101,0.457149886626,0.470300143317
2102,0.569362184809,0.585502186073
2103,0.65085506924,0.669147845156
2104,0.632877116251,0.651042043389
2105,0.535998019979,0.552434648609
2106,0.424865099395,0.437649164406
2107,0.441408210714,0.453633062479
2108,0.555988692989,0.571629794017
2109,0.654909219403,0.673801944136
2110,0.663306719509,0.683346033004
2111,0.571092640361,0.589827449947
2112,0.454953556949,0.469870774382
2113,0.426139955307,0.438885891745
2114,0.542995696031,0.55929317706
2115,0.654125194649,0.673941523349
2116,0.687877092082,0.709296289226
2117,0.597005303596,0.616100597031
2118,0.483988037393,0.499858059777
2119,0.41705065559,0.430492932197
2120,0.528305425674,0.544922846795
2121,0.641569267748,0.661314271983
2122,0.695370259253,0.716246047336
2123,0.619503498571,0.638516232093
2124,0.507241335314,0.523495164739
2125,0.679289695416,0.699026735441
2126,0.668983271974,0.688209339368
2127,0.653999783102,0.672395718593
2128,0.652625041301,0.670923319563
2129,0.663611643484,0.682176442075
2130,0.673245753131,0.692185773204
2131,0.675037969162,0.694404270409
2132,0.66860290491,0.688158633001
2133,0.656253616679,0.675759301258
2134,0.650868047253,0.670221141451
2135,0.663776961108,0.683878505
2136,0.672718292104,0.693304702092
2137,0.673392317885,0.694013260874
2138,0.664701173992,0.684878110714
2139,0.647245772673,0.666243678914
2140,0.638180335385,0.656651004214
2141,0.649423842925,0.668628304879
2142,0.658711877294,0.678613695323
2143,0.660291947425,0.680437469588
2144,0.644225856851,0.661079148319
2145,0.635929802143,0.654384819251
2146,0.62436445463,0.642065178562
2147,0.63144605438,0.649251128988
2148,0.637516834628,0.655534733796
2149,0.637910063002,0.656058764253
2150,0.631317132358,0.6491572882
2151,0.616287341496,0.633401838683
2152,0.604987562685,0.621766251664
2153,0.609833027677,0.626721687357
2154,0.616361735264,0.633666697115
2155,0.615436771647,0.632564181524
2156,0.609855724206,0.626601447412
2157,0.596976014347,0.613103885373
2158,0.58428127437,0.599510272023
2159,0.584134558435,0.599096685778
2160,0.590628281368,0.606044622625
2161,0.59108837889,0.60676531599
2162,0.587927299308,0.603780454805
2163,0.578533991562,0.594475637059
2164,0.567316445044,0.582997148544
2165,0.565257924425,0.580543422803
2166,0.573000816587,0.588972093344
2167,0.572728023022,0.588815491685
2168,0.569189364892,0.585146108499
2169,0.560729858015,0.57651416703
2170,0.548674120626,0.563847171331
2171,0.544480938548,0.559410192742
2172,0.550584726829,0.565952657227
2173,0.548756276556,0.564073289908
2174,0.544085426015,0.559090464326
2175,0.535463464372,0.549868574344
2176,0.5220661619,0.535259073496
2177,0.515274411522,0.527662490263
2178,0.518921098039,0.53141994127
2179,0.516855899423,0.529049680863
2180,0.511902807809,0.523542382936
2181,0.505950221765,0.517107575415
2182,0.494324614205,0.504449411856
2183,0.487859853747,0.49745717107
2184,0.489999257261,0.499630529365
2185,0.488044479526,0.497386661318
2186,0.497279146736,0.505840169893
2187,0.48216939871,0.490687725268
2188,0.472195195193,0.480664874278
2189,0.467823382019,0.476364145039
2190,0.469448707283,0.478249326813
2191,0.469862482754,0.47903571652
2192,0.468297302038,0.477684472108
2193,0.467123199214,0.476715321189
2194,0.46457838975,0.474399804074
2195,0.461081290696,0.470834407473
2196,0.461229957571,0.4710439234
2197,0.461456027858,0.471286248546
2198,0.461107579447,0.470870199897
2199,0.464647973178,0.474458905554
2200,0.467053211018,0.476649791019
2201,0.468306584063,0.477702989694
2202,0.469995086771,0.479169089118
2203,0.469212916055,0.478002696024
2204,0.467903315691,0.47644729684
2205,0.47218970645,0.480648702911
2206,0.48214033119,0.490669602045
2207,0.497411708496,0.505962695451
2208,0.48816669953,0.497507957179
2209,0.489841098274,0.499481402589
2210,0.487903189196,0.49751578532
2211,0.4943992733,0.504525407312
2212,0.505866491055,0.517028539294
2213,0.512036732157,0.523682684485
2214,0.516927795065,0.529133997487
2215,0.519042041612,0.531550334699
2216,0.515116814334,0.527516438009
2217,0.522144096809,0.535349367376
2218,0.53570990169,0.550127441905
2219,0.544139937643,0.559135858346
2220,0.54873995371,0.56406608794
2221,0.550649918551,0.566016638285
2222,0.544658292091,0.559615579627
2223,0.548843556991,0.564024502786
2224,0.560792700885,0.576593145985
2225,0.569116510364,0.585077041578
2226,0.572415515309,0.588490688223
2227,0.572865755874,0.588865307706
2228,0.565268231946,0.580570385704
2229,0.567511754447,0.583182628586
2230,0.578529849084,0.594479618767
2231,0.587803871996,0.603655927904
2232,0.591184840052,0.606859476208
2233,0.590818546504,0.606241886164
2234,0.584601908012,0.599555056904
2235,0.583900883915,0.599142028644
2236,0.596834818253,0.612945284686
2237,0.609757165711,0.626505321237
2238,0.615442427723,0.632559714779
2239,0.616299735849,0.633598990072
2240,0.609763300193,0.626644966307
2241,0.604821130969,0.621585745632
2242,0.616040482022,0.63312780834
2243,0.63100031241,0.64881679586
2244,0.637915797841,0.656062205583
2245,0.637607304807,0.655650671214
2246,0.631697137188,0.649512013421
2247,0.624429956515,0.642127715789
2248,0.636180939744,0.654666760169
2249,0.644537872803,0.661382650869
2250,0.660473943234,0.680650125469
2251,0.658399573198,0.678287195384
2252,0.64948589858,0.668689605945
2253,0.637980952052,0.656459654175
2254,0.647522208761,0.666520438015
2255,0.664882211758,0.685076508067
2256,0.673298834409,0.6938952066
2257,0.672988653749,0.693601370674
2258,0.663646948441,0.683746210307
2259,0.650924341902,0.670278793281
2260,0.656468855951,0.675989790595
2261,0.668375070439,0.687921249628
2262,0.675121619085,0.69452958637
2263,0.673425228429,0.692381177465
2264,0.663538501406,0.682107127032
2265,0.652601883334,0.670933775377
2266,0.654086583175,0.672480889053
2267,0.669000379003,0.688222054245
2268,0.679313278502,0.699051483629
2269,0.609459941046,0.627333073566
2270,0.609245433199,0.627097394354
2271,0.608502421533,0.626205243267
2272,0.608330601458,0.62594466951
2273,0.607627502842,0.625176019153
2274,0.607037309669,0.624523152787
2275,0.607426327393,0.625148744316
2276,0.607682642309,0.625666533371
2277,0.608255664924,0.626492452086
2278,0.607419438051,0.625801665582
2279,0.606971603144,0.625433094817
2280,0.605311248994,0.623695218315
2281,0.602622524215,0.620710401873
2282,0.600236952451,0.61800843555
2283,0.598596135387,0.61621207919
2284,0.59708035389,0.614570143299
2285,0.595891579608,0.61333572313
2286,0.594451399117,0.611831040837
2287,0.593520343388,0.610904727267
2288,0.589522271567,0.605990641031
2289,0.590580761113,0.60786359131
2290,0.588389079214,0.605416671348
2291,0.585073336349,0.601780455499
2292,0.582056914403,0.598418714306
2293,0.579848003053,0.596160365348
2294,0.577432263218,0.593750873923
2295,0.57559924759,0.591935503536
2296,0.573368351923,0.589663187836
2297,0.57130268023,0.587477676732
2298,0.568678856797,0.584679979332
2299,0.565891610854,0.581639203499
2300,0.562660420877,0.578128017232
2301,0.559548279598,0.574674302381
2302,0.555594995157,0.570292573125
2303,0.551946290735,0.566301224564
2304,0.548982383741,0.563215842599
2305,0.546209978184,0.560494657537
2306,0.544225101141,0.558650578035
2307,0.541966188982,0.556513125397
2308,0.539754938931,0.554394795829
2309,0.538033502671,0.552756083493
2310,0.535372756609,0.550089563056
2311,0.532789854836,0.547431658769
2312,0.530233669631,0.544818237122
2313,0.52720388377,0.541679779501
2314,0.523783561976,0.538075928359
2315,0.520301841823,0.534423290888
2316,0.516930850956,0.530790305656
2317,0.512945950469,0.526458813795
2318,0.509244977106,0.522468760579
2319,0.505430574127,0.51827883784
2320,0.501762965397,0.514159481897
2321,0.497694133276,0.50952385559
2322,0.493262430283,0.504560538736
2323,0.48907297883,0.499875605733
2324,0.485636546613,0.496054950674
2325,0.481633684641,0.49163761061
2326,0.478555534639,0.488370621762
2327,0.474702572895,0.484089526605
2328,0.470775383404,0.479790761271
2329,0.467841663012,0.476570690959
2330,0.464755169858,0.473172448306
2331,0.483312546929,0.49203804935
2332,0.467717312042,0.477845858118
2333,0.467716096313,0.477851914672
2334,0.483210081888,0.491924705973
2335,0.464848944,0.473275955987
2336,0.46784261042,0.476556255561
2337,0.470920408679,0.479943187949
2338,0.474713698629,0.484114289142
2339,0.478731714582,0.488552728965
2340,0.481642630036,0.491651176862
2341,0.485413471705,0.495827796332
2342,0.489205324216,0.50001083214
2343,0.493174271179,0.504450751903
2344,0.497499499102,0.509346393193
2345,0.50166934613,0.514085442803
2346,0.505590295104,0.518446748288
2347,0.509469610951,0.522700698412
2348,0.513026914786,0.526556379485
2349,0.516986414218,0.530837348427
2350,0.520354545076,0.534490214461
2351,0.523651018506,0.537941687362
2352,0.526960314301,0.541423409279
2353,0.530106536743,0.544703392929
2354,0.533056854171,0.547705756416
2355,0.535680339173,0.550385996015
2356,0.537968948642,0.552707306438
2357,0.540066743991,0.554713337854
2358,0.542040964234,0.556616159677
2359,0.544311654895,0.558754638523
2360,0.54639800506,0.560703763276
2361,0.548931854535,0.563167589698
2362,0.551780017074,0.56615825249
2363,0.555460316007,0.570174799081
2364,0.559254758485,0.574374697198
2365,0.563036224612,0.578534261428
2366,0.565963731505,0.581700279938
2367,0.568389502173,0.584379486692
2368,0.57105817496,0.587227860914
2369,0.573435026745,0.589778517901
2370,0.575322310621,0.591654591356
2371,0.577417980884,0.593730931677
2372,0.579528601201,0.595851204669
2373,0.58201099325,0.598340943593
2374,0.585097451963,0.601779071718
2375,0.588133606495,0.605185689788
2376,0.590504683439,0.607796688956
2377,0.589359162916,0.60582228119
2378,0.593166229146,0.610546670539
2379,0.594474994479,0.611873636261
2380,0.595970158413,0.613407334047
2381,0.597188639176,0.614657477991
2382,0.598888186613,0.616487160445
2383,0.600211998884,0.617975226065
2384,0.602594499305,0.620688719519
2385,0.604866191137,0.623254394381
2386,0.606734658216,0.625212204148
2387,0.607685062334,0.626082776191
2388,0.608171914904,0.626391432148
2389,0.607747162043,0.625744566562
2390,0.607763666661,0.625497554192
2391,0.607008827639,0.624505118028
2392,0.607628362766,0.625133728935
2393,0.60788618628,0.625511266155
2394,0.608475545752,0.626199370435
2395,0.609342126219,0.627239894525
2396,0.596572535689,0.613962540204
2397,0.596535026774,0.613913114276
2398,0.595872330486,0.613141707213
2399,0.595304974778,0.612461271462
2400,0.594614773015,0.611730234178
2401,0.594890590572,0.612160465517
2402,0.595083847518,0.612592793608
2403,0.595289346792,0.613027235079
2404,0.595164523027,0.613057066035
2405,0.594785954092,0.61282426462
2406,0.593650852143,0.61174108921
2407,0.592057025982,0.610040537356
2408,0.589934302827,0.607590945248
2409,0.58763622664,0.605009075386
2410,0.586074164113,0.603336799149
2411,0.584796078853,0.601962952948
2412,0.58356721411,0.60066894779
2413,0.582319868392,0.599431686025
2414,0.581229047051,0.598363496816
2415,0.575328154447,0.590793429711
2416,0.578189718719,0.595130484727
2417,0.575647482796,0.59232564602
2418,0.573137668512,0.589544889664
2419,0.570513421766,0.586740694966
2420,0.568656522873,0.584915762464
2421,0.566403205279,0.582675703503
2422,0.564605743757,0.580833817262
2423,0.56208887855,0.578137452964
2424,0.559560119638,0.575417131667
2425,0.556926435631,0.572527260286
2426,0.553943413465,0.569287248965
2427,0.550888686334,0.565896787657
2428,0.547705068391,0.562330633686
2429,0.544676146797,0.559006613017
2430,0.541523506163,0.555643819732
2431,0.538709437677,0.552723149105
2432,0.536370125072,0.55047192591
2433,0.534363881365,0.548566404382
2434,0.53196214221,0.546212134
2435,0.52969885053,0.543997020265
2436,0.528017967347,0.542366504826
2437,0.525233123275,0.539530960256
2438,0.523122133936,0.537354299042
2439,0.520221386396,0.534380947278
2440,0.517199448228,0.531195973463
2441,0.513856389025,0.527641136554
2442,0.509908155896,0.523371994235
2443,0.506333303075,0.519432123964
2444,0.502848686493,0.515639955073
2445,0.49922925114,0.511758561676
2446,0.495844244128,0.508027039805
2447,0.492316759575,0.504088173349
2448,0.490181509101,0.501975261485
2449,0.486203965254,0.497478648922
2450,0.482280619426,0.493039083936
2451,0.478602601444,0.48891688136
2452,0.480130415177,0.491397459542
2453,0.480078815137,0.491334439247
2454,0.47852510587,0.488824443018
2455,0.482323911668,0.493082154558
2456,0.486291858749,0.497546179536
2457,0.490096262901,0.501902682053
2458,0.492378760556,0.504157888281
2459,0.495691976417,0.507865437514
2460,0.499134754782,0.511666678413
2461,0.502697312512,0.515488626642
2462,0.506186638374,0.519296340273
2463,0.509925254026,0.523373243301
2464,0.513623654965,0.527389198045
2465,0.517108413877,0.531097332793
2466,0.520119329933,0.534270870467
2467,0.522652396285,0.536897555273
2468,0.525162940579,0.53945275036
2469,0.527774983802,0.542111474044
2470,0.529838588844,0.544137035094
2471,0.53185771345,0.546096803957
2472,0.534233592054,0.548439533101
2473,0.536473649899,0.550582469518
2474,0.538665512018,0.552682720517
2475,0.541955381291,0.556065310495
2476,0.544460498119,0.558781338325
2477,0.547853060433,0.562455581612
2478,0.550788467155,0.565794879853
2479,0.553977798757,0.569324146292
2480,0.557074259188,0.572679405151
2481,0.559545604245,0.575379484124
2482,0.562176012855,0.578237873248
2483,0.564292306093,0.580515958674
2484,0.56621294774,0.582452095083
2485,0.568363987006,0.584620465456
2486,0.57036418257,0.586591146298
2487,0.573065290845,0.589459063823
2488,0.575737773188,0.592445870117
2489,0.577757298875,0.59472242761
2490,0.5751664401,0.590645921146
2491,0.581060445116,0.598193350487
2492,0.582284048183,0.599412677043
2493,0.583666969646,0.600803167522
2494,0.584738198314,0.601904814924
2495,0.58599868943,0.603234680484
2496,0.587463583673,0.604841096869
2497,0.589578844299,0.607227495247
2498,0.591928672252,0.609910864556
2499,0.593640719307,0.611739047737
2500,0.594456962054,0.612512205368
2501,0.594960298087,0.612893437481
2502,0.594970249499,0.612699084002
2503,0.594951710299,0.612427409566
2504,0.594644917009,0.611945664385
2505,0.594542614798,0.611618900577
2506,0.595372396866,0.612514174587
2507,0.595724044602,0.612997949045
2508,0.596562124409,0.613950980138
2509,0.596604650138,0.613992184784
2510,0.578692419887,0.595486962203
2511,0.578696333346,0.595501003643
2512,0.578646277897,0.595393018465
2513,0.578110769737,0.594748025352
2514,0.577573510585,0.594107309392
2515,0.577689913808,0.594349836552
2516,0.577455454746,0.594263375247
2517,0.578214027435,0.595241185178
2518,0.578239773858,0.595447756752
2519,0.578041734119,0.595399879694
2520,0.577683355054,0.59513381515
2521,0.576856298293,0.594348008889
2522,0.575073494271,0.592409128006
2523,0.572952047861,0.589971772961
2524,0.571431597414,0.588253246249
2525,0.569977208836,0.586686423303
2526,0.568333893893,0.585018713047
2527,0.567272359158,0.583915878917
2528,0.566095560369,0.582745924106
2529,0.564824423415,0.581332559961
2530,0.56349184319,0.580059545751
2531,0.561770668371,0.578197588339
2532,0.559834074306,0.576042544736
2533,0.557239074484,0.573187566389
2534,0.555002110615,0.570963193331
2535,0.553052558088,0.569012701814
2536,0.551335580304,0.56729516948
2537,0.549091169056,0.56483760214
2538,0.54685947212,0.562405038702
2539,0.543974584779,0.559291809407
2540,0.541778559174,0.556864680144
2541,0.539032553314,0.553875706144
2542,0.536562331224,0.551143589454
2543,0.534076576373,0.548431097168
2544,0.531250236287,0.545318162965
2545,0.527992243498,0.541807143749
2546,0.525101726864,0.538768899669
2547,0.523089850286,0.536752369836
2548,0.521025027698,0.534644161821
2549,0.518393406715,0.531865151365
2550,0.516229511038,0.529640519441
2551,0.515623816684,0.529476528871
2552,0.51339556248,0.52719422905
2553,0.510752285334,0.524473478888
2554,0.50838998001,0.522014320241
2555,0.505178945804,0.518658361069
2556,0.502129425864,0.515409646949
2557,0.499129690717,0.512201606318
2558,0.496166528394,0.509063378164
2559,0.493538027739,0.506238727183
2560,0.490411715567,0.502904759068
2561,0.487074137049,0.499286567684
2562,0.485971046652,0.498119667781
2563,0.486118837756,0.498277548239
2564,0.487262418751,0.499487898062
2565,0.490378619984,0.502909548096
2566,0.493133922219,0.505844769409
2567,0.496158687253,0.509042137818
2568,0.499186843211,0.512226114508
2569,0.502298258433,0.515560315479
2570,0.505436806251,0.518918555793
2571,0.508247718922,0.521882967572
2572,0.510960829563,0.524683975209
2573,0.513041716185,0.526861701226
2574,0.51574369443,0.529579436559
2575,0.516305012641,0.52971846566
2576,0.518421948644,0.531887457855
2577,0.520878369083,0.534491203725
2578,0.523082125351,0.536756998085
2579,0.525295001914,0.538994230855
2580,0.528144047987,0.541962211368
2581,0.530997279073,0.545087858358
2582,0.534139877839,0.54847353834
2583,0.536578337138,0.551155613077
2584,0.539047442253,0.55388607226
2585,0.541746324119,0.556848839069
2586,0.544253628998,0.559575612918
2587,0.546662369036,0.562199540815
2588,0.548884039617,0.564639345197
2589,0.551028426788,0.56698151373
2590,0.553142630156,0.569126661549
2591,0.555227365241,0.571208606207
2592,0.557416822685,0.573390834028
2593,0.559689702742,0.575873276841
2594,0.561711234054,0.578136586173
2595,0.563541818879,0.580089728111
2596,0.564714603528,0.581283718928
2597,0.566099298373,0.582733529725
2598,0.567427398919,0.584051407856
2599,0.568327843375,0.585002183624
2600,0.569804234822,0.586536193646
2601,0.570935117577,0.587743627276
2602,0.572991628188,0.590018787571
2603,0.575006846315,0.592357803428
2604,0.576953276721,0.594454813738
2605,0.577551970491,0.595006924238
2606,0.578351808135,0.595712573366
2607,0.578226387226,0.595415879703
2608,0.578190250469,0.595186921383
2609,0.577625659093,0.594438672493
2610,0.577765792272,0.594388491405
2611,0.577283096332,0.593794631408
2612,0.577969085345,0.594615223474
2613,0.578453507383,0.595193997235
2614,0.578696651399,0.595471221828
2615,0.431334814702,0.445395993845
2616,0.520271644463,0.536803397725
2617,0.60005431498,0.618843677139
2618,0.597879515117,0.616619583472
2619,0.517873716568,0.534211053328
2620,0.427525892262,0.441180178704
2621,0.433158741076,0.44743600341
2622,0.522594523473,0.539448349098
2623,0.601246181292,0.62043200581
2624,0.589389400676,0.60735248467
2625,0.511628952824,0.52725726775
2626,0.422676436974,0.435950019267
2627,0.433996616563,0.448661195
2628,0.523036465781,0.540353198063
2629,0.590942769114,0.60862433375
2630,0.578560362821,0.595415840803
2631,0.504156919633,0.518645832522
2632,0.416860117504,0.429897975582
2633,0.431410574374,0.445896393409
2634,0.513232817377,0.528699871173
2635,0.583951189282,0.600819794933
2636,0.568369440308,0.584531941635
2637,0.497285024642,0.511260700236
2638,0.410780672737,0.423910002497
2639,0.420076123185,0.432443083228
2640,0.506135054821,0.52074080218
2641,0.57110381266,0.587279430843
2642,0.556785894861,0.572508773784
2643,0.49267782442,0.507745525343
2644,0.402010358842,0.414679205389
2645,0.416053011262,0.428473543334
2646,0.499721085833,0.514722409415
2647,0.557725357859,0.572967640036
2648,0.541292316839,0.556033861105
2649,0.479073092055,0.493360969766
2650,0.390277802001,0.401714187683
2651,0.412205126778,0.424607970589
2652,0.493944258138,0.50896290132
2653,0.542199084473,0.557143125286
2654,0.524855542932,0.538899692996
2655,0.46515339262,0.478897718829
2656,0.381209944362,0.392520405241
2657,0.407301641985,0.418993616863
2658,0.483998124315,0.498455206903
2659,0.524285431839,0.538453862845
2660,0.508419197886,0.521981765165
2661,0.452217101293,0.465494038714
2662,0.4520540082,0.465322975779
2663,0.5085438474,0.52211351918
2664,0.52431154448,0.538477851868
2665,0.483971263144,0.49842837488
2666,0.407113755389,0.418804781824
2667,0.38119045315,0.392516556205
2668,0.465458898232,0.479196420938
2669,0.525169177946,0.539249066299
2670,0.542275652589,0.557206012854
2671,0.493970676649,0.508996887355
2672,0.412236713997,0.424635974749
2673,0.389944261703,0.401381970652
2674,0.478987434887,0.493255948644
2675,0.541118510001,0.555867891453
2676,0.557780810309,0.573029478605
2677,0.499945122194,0.514900260667
2678,0.416395296336,0.42882291631
2679,0.401911850872,0.414568317524
2680,0.492280446986,0.50733604546
2681,0.557017967518,0.572757887257
2682,0.571352039946,0.587520372011
2683,0.506156741125,0.520733915489
2684,0.420547969333,0.432917013517
2685,0.410501459435,0.423628347618
2686,0.497245901073,0.511188676371
2687,0.568180829843,0.584369559548
2688,0.584268067217,0.601162462601
2689,0.513324585337,0.528800812219
2690,0.431393776708,0.445895318495
2691,0.416897521355,0.429937954536
2692,0.50417144365,0.518628328395
2693,0.578477120431,0.595316173454
2694,0.591450826301,0.609142468518
2695,0.522944190936,0.540251791036
2696,0.433934789076,0.448593558727
2697,0.422395127788,0.435690885286
2698,0.511621654282,0.527245413332
2699,0.589513000499,0.607491792365
2700,0.601165565951,0.620358549812
2701,0.522457080186,0.53929930997
2702,0.43319233724,0.447481718091
2703,0.427497706555,0.441179077025
2704,0.517695652938,0.534020370947
2705,0.59756932636,0.616313045352
2706,0.600223959212,0.618985015128
2707,0.520518929428,0.537070304147
2708,0.43086759703,0.444939691307
2709,0.688294704821,0.71094037651
2710,0.63422922406,0.652867251201
2711,0.599307962833,0.617193150026
2712,0.574394328435,0.591436120479
2713,0.597803405224,0.615209709393
2714,0.633165858797,0.651534571364
2715,0.679895264601,0.699953072819
2716,0.686667051613,0.710391028759
2717,0.63161411204,0.650454958243
2718,0.597396600438,0.615728729542
2719,0.572521956916,0.590001198124
2720,0.599659699295,0.617944365883
2721,0.633521085567,0.652854668225
2722,0.679126960605,0.700111797043
2723,0.67343379963,0.696289310854
2724,0.624975156716,0.644329723485
2725,0.585512751728,0.602871433185
2726,0.563813398162,0.580320685402
2727,0.592149073918,0.609676509167
2728,0.626934005681,0.646018108625
2729,0.670021725449,0.69057665828
2730,0.651733997124,0.672204485808
2731,0.61064753645,0.629084427204
2732,0.575024829972,0.591756183633
2733,0.556081108199,0.572149712741
2734,0.584121245416,0.601156129796
2735,0.611757961902,0.629432196739
2736,0.654924468228,0.674614049205
2737,0.624427359888,0.642212870747
2738,0.589722957195,0.60628357963
2739,0.558224554402,0.57392057582
2740,0.542909096205,0.558271717245
2741,0.56961230263,0.585818218496
2742,0.594810567604,0.611817738112
2743,0.641709568121,0.662317363664
2744,0.600311819656,0.617009376346
2745,0.571303890785,0.587278108789
2746,0.543163814195,0.558365908632
2747,0.528219864272,0.542341529783
2748,0.551157196353,0.565790882685
2749,0.571423929709,0.586578825979
2750,0.618987092598,0.638608146625
2751,0.575412482398,0.590893140167
2752,0.552001878094,0.567469139638
2753,0.527309709999,0.54246990247
2754,0.514586214122,0.528520375423
2755,0.536272552989,0.55078190162
2756,0.556424314538,0.572187203949
2757,0.591772255496,0.609683460676
2758,0.559214740418,0.57541037752
2759,0.558931062546,0.575109854975
2760,0.591644505993,0.609555756414
2761,0.556578474845,0.572326580059
2762,0.535792932647,0.550289478841
2763,0.51459202485,0.528537349822
2764,0.527078369802,0.542217637992
2765,0.551864543172,0.56734836264
2766,0.575279529978,0.590727406714
2767,0.6191295097,0.638770406385
2768,0.571802478452,0.586979683211
2769,0.551172409368,0.565794948745
2770,0.528180854706,0.5422885602
2771,0.543186346257,0.558369740173
2772,0.570747554909,0.586703632223
2773,0.60042204868,0.617135248483
2774,0.641355005446,0.661972946154
2775,0.594686930693,0.611693624313
2776,0.569695869046,0.585910242942
2777,0.543099526905,0.558439822192
2778,0.557996002264,0.573683201793
2779,0.589782733953,0.606319749969
2780,0.624330722796,0.642146120001
2781,0.655181951351,0.674891254271
2782,0.611404077256,0.629096503051
2783,0.5843388753,0.60137435172
2784,0.555613796089,0.571678891887
2785,0.574867346778,0.59159832308
2786,0.610772540895,0.629225679733
2787,0.65202263597,0.672506819735
2788,0.670154351841,0.690743331257
2789,0.626805991987,0.645897234158
2790,0.591813524257,0.609326361399
2791,0.563774160197,0.580304567913
2792,0.585492818058,0.602844284691
2793,0.625072734863,0.644415164526
2794,0.673304175213,0.696165613267
2795,0.67925465084,0.700210818357
2796,0.633352784168,0.652692084262
2797,0.599661143144,0.617922770519
2798,0.572800557264,0.590295223116
2799,0.597189385448,0.615535480985
2800,0.631512372297,0.650370255559
2801,0.686306827387,0.710001068857
2802,0.679959420241,0.700069184248
2803,0.633395538356,0.651751792663
2804,0.59838154252,0.615787428762
2805,0.574356566059,0.591370913355
2806,0.59963824847,0.61752213048
2807,0.633852866582,0.652472381356
2808,0.688445692439,0.711123454942
2809,0.675596981386,0.695239667788
2810,0.53187508202,0.548265738587
2811,0.531459205526,0.547781487634
2812,0.531389837284,0.547662456838
2813,0.530797418511,0.54697014298
2814,0.53007759476,0.546161587819
2815,0.529960462933,0.545991552812
2816,0.671102213939,0.690279639911
2817,0.53010630748,0.546319240519
2818,0.529816350157,0.546107132824
2819,0.529612857313,0.545975524591
2820,0.528892170177,0.545277840836
2821,0.527955116617,0.544358853548
2822,0.526661582486,0.542844446507
2823,0.671443004733,0.692389758008
2824,0.523597773547,0.539319582154
2825,0.522728654634,0.538356335066
2826,0.522036120362,0.537575479495
2827,0.521215432179,0.536703854083
2828,0.520497908471,0.535944388077
2829,0.520014322057,0.535428488008
2830,0.657846978078,0.678219326825
2831,0.517974618099,0.533378656847
2832,0.517151541524,0.532529041107
2833,0.516291708069,0.531593588997
2834,0.514505652231,0.529590007394
2835,0.512451854244,0.52731203368
2836,0.510447785878,0.525122796273
2837,0.635938727359,0.654395761104
2838,0.508486119718,0.523347391308
2839,0.507716601029,0.522683635227
2840,0.506663327124,0.521578795468
2841,0.505130871929,0.51992619121
2842,0.503513042009,0.518177337249
2843,0.502099521154,0.516636365604
2844,0.613323842944,0.630737626415
2845,0.498889668801,0.513131484824
2846,0.497036147233,0.511063536225
2847,0.494807474299,0.508543078311
2848,0.492316809551,0.505751348725
2849,0.491339553705,0.504884502612
2850,0.489346101852,0.5027844886
2851,0.586591067882,0.602251157803
2852,0.486194078884,0.499684738487
2853,0.484826245177,0.498338734432
2854,0.485612369276,0.499267028828
2855,0.485237027502,0.498907088945
2856,0.485060498889,0.498570298173
2857,0.486192800926,0.499696257343
2858,0.58633669595,0.601988294549
2859,0.489379700775,0.502832333714
2860,0.491284845197,0.504827918924
2861,0.492201106442,0.505632972534
2862,0.494989871565,0.508728834917
2863,0.496844231514,0.510888980906
2864,0.498781022698,0.513003739708
2865,0.613084192297,0.630509666305
2866,0.502151360084,0.516696361666
2867,0.503974310764,0.518677729961
2868,0.505141223995,0.519956844093
2869,0.506641647572,0.521537714885
2870,0.507666755915,0.52260754882
2871,0.508594889154,0.523447319131
2872,0.636335311624,0.654778119875
2873,0.510488725228,0.525176551337
2874,0.512430598565,0.527299635688
2875,0.514239951543,0.529321464366
2876,0.5162150805,0.531486380422
2877,0.517337745474,0.532712899541
2878,0.518158818079,0.533568585005
2879,0.658125735151,0.678493117975
2880,0.51989560662,0.535326311341
2881,0.520579115101,0.536022311967
2882,0.521527748052,0.537028474185
2883,0.521997453161,0.53754278155
2884,0.52295613855,0.538563071196
2885,0.523658309191,0.539388460631
2886,0.671900546806,0.692841108982
2887,0.526488346959,0.542668260386
2888,0.528055700971,0.544453520286
2889,0.528787543383,0.545185867115
2890,0.529878470557,0.546256213702
2891,0.529701005956,0.545991353997
2892,0.530079445561,0.546293574809
2893,0.671112027771,0.69027032167
2894,0.529856623162,0.545895420641
2895,0.530418714914,0.546510551926
2896,0.530787804275,0.546951694727
2897,0.531455629549,0.547654996523
2898,0.531741925108,0.548064374427
2899,0.531977486502,0.548384083598
2900,0.522231014306,0.53828338648
2901,0.52235218353,0.538392692471
2902,0.52219468146,0.53817086863
2903,0.521473753868,0.537333001744
2904,0.521218552453,0.537037040735
2905,0.520534160001,0.53625251651
2906,0.520223674675,0.535980113555
2907,0.520158540275,0.535996750148
2908,0.519954616222,0.535857311094
2909,0.519903965204,0.535904092297
2910,0.519643113785,0.535666537211
2911,0.518930781764,0.534940664259
2912,0.517758834047,0.5337769585
2913,0.516485206879,0.532292716798
2914,0.515054512069,0.530622793875
2915,0.513831461472,0.529206904157
2916,0.513135425815,0.528447485428
2917,0.512240406266,0.527505463007
2918,0.51191138583,0.527145031823
2919,0.510701978752,0.525875908427
2920,0.510288424837,0.525422493292
2921,0.509372681828,0.524530709098
2922,0.508641932588,0.523800166322
2923,0.50766036448,0.522747582142
2924,0.50632358628,0.521270809645
2925,0.505031819415,0.519855051668
2926,0.503166828559,0.517791439877
2927,0.501771320932,0.516386011171
2928,0.500640650772,0.515330573604
2929,0.49972871047,0.514529985899
2930,0.498646546712,0.513387850279
2931,0.496825753506,0.511443261105
2932,0.49598815193,0.510468498754
2933,0.494027675613,0.508349229959
2934,0.492876287089,0.507069486032
2935,0.490785389322,0.504801159528
2936,0.489119114427,0.502968711234
2937,0.487342331303,0.501013358619
2938,0.485585022838,0.499100607268
2939,0.483833979296,0.497184580154
2940,0.483009522546,0.496311786907
2941,0.482907548383,0.496217434378
2942,0.484008130534,0.497347833789
2943,0.485756335382,0.499285939522
2944,0.487238650815,0.500916249806
2945,0.489284332758,0.503152764315
2946,0.490964898104,0.504966634349
2947,0.49260649258,0.506790740472
2948,0.494227747109,0.508571568133
2949,0.495579950271,0.51007843831
2950,0.497209037124,0.511816269022
2951,0.498479661689,0.513186345976
2952,0.499654488889,0.51440658423
2953,0.50073021406,0.515418619875
2954,0.501985221971,0.516601322833
2955,0.503000549836,0.517638258798
2956,0.504973956678,0.519798907315
2957,0.50628871669,0.521243700477
2958,0.507571189518,0.522652403316
2959,0.508504594798,0.523658827178
2960,0.509558948796,0.524708283861
2961,0.509883855893,0.525067433787
2962,0.510602100243,0.52575859268
2963,0.511913466457,0.527111757649
2964,0.512451125341,0.527717264639
2965,0.513056509909,0.528355989379
2966,0.513811101807,0.529216693266
2967,0.514938497735,0.530491454575
2968,0.51631619528,0.5321335291
2969,0.517840937632,0.533849496063
2970,0.518910418908,0.53494494963
2971,0.519620516335,0.535662109999
2972,0.519839125285,0.53581966505
2973,0.520008529748,0.535900941553
2974,0.520389987681,0.536255369299
2975,0.520137206333,0.535885341377
2976,0.520498892602,0.536220375615
2977,0.521052637136,0.536837276816
2978,0.521747097011,0.537616529227
2979,0.52190819104,0.537838841297
2980,0.522213105028,0.538246464004
2981,0.522311970149,0.538366704332
2982,0.509104904441,0.524694221776
2983,0.508907797866,0.524432903458
2984,0.509448548647,0.524953657349
2985,0.509209400225,0.524680305846
2986,0.50861011457,0.523954950601
2987,0.50827892109,0.523546742781
2988,0.507957767303,0.523213949539
2989,0.50829655868,0.523630960081
2990,0.507883404841,0.523265624983
2991,0.508092528604,0.523547908311
2992,0.508117516434,0.523604685463
2993,0.50757422665,0.523108720198
2994,0.506705722714,0.522258311243
2995,0.505691129526,0.521184262048
2996,0.504565259888,0.519838997056
2997,0.502817542285,0.517821726211
2998,0.501799431885,0.516697611844
2999,0.501054006281,0.515898964419
3000,0.500341542256,0.515131304799
3001,0.499737801422,0.514532935194
3002,0.49896809654,0.51371718384
3003,0.498380079437,0.513135235058
3004,0.497840347514,0.512622590627
3005,0.496776672603,0.511504048432
3006,0.495687985096,0.510387274304
3007,0.494588214581,0.509162480108
3008,0.49328381883,0.507726362404
3009,0.491589120275,0.505911317668
3010,0.490584307504,0.504950359758
3011,0.489497171756,0.503931630189
3012,0.488299343994,0.502699022554
3013,0.486883539144,0.501166924291
3014,0.485473654057,0.499609672667
3015,0.484494792265,0.498516964344
3016,0.482777926312,0.496641205145
3017,0.481131841015,0.494833082324
3018,0.480051934997,0.493730574964
3019,0.480358860135,0.494014221564
3020,0.481024082773,0.494720932396
3021,0.482723783391,0.49657673832
3022,0.484230524084,0.498254825021
3023,0.48544882912,0.499609970173
3024,0.486955146581,0.501219945368
3025,0.488274745463,0.502664790779
3026,0.489401064479,0.503792792243
3027,0.490481225461,0.504841746633
3028,0.491907575155,0.506242077311
3029,0.493506804847,0.507987368464
3030,0.494642883372,0.509209469122
3031,0.49609465197,0.510786274312
3032,0.496755129112,0.511495364994
3033,0.497396207945,0.51214841236
3034,0.498385897164,0.513139171215
3035,0.499150094132,0.513902398062
3036,0.499818929632,0.514604284097
3037,0.500706299632,0.515508595999
3038,0.501139596704,0.51597915093
3039,0.502027414292,0.516949331255
3040,0.502793685429,0.5178256979
3041,0.504335045276,0.519622521174
3042,0.505864999147,0.521369931765
3043,0.506924040205,0.522448936083
3044,0.50728625215,0.522828450402
3045,0.507693826106,0.523160977537
3046,0.508175086001,0.523623592116
3047,0.507987804616,0.523364803976
3048,0.50793172882,0.523239462088
3049,0.507853751087,0.523099626584
3050,0.508099008398,0.523344303049
3051,0.508491461364,0.523824554892
3052,0.508930395749,0.52437580784
3053,0.509368267404,0.524922815092
3054,0.509130924493,0.524667688814
3055,0.363029140626,0.375124660125
3056,0.431477227231,0.445667565554
3057,0.496636029119,0.512725654699
3058,0.539860463893,0.556969557565
3059,0.50913505569,0.525690720207
3060,0.445578311888,0.459988442749
3061,0.377659279171,0.389849551223
3062,0.417080166451,0.430898439401
3063,0.481956775201,0.497767978655
3064,0.533194478108,0.550308417738
3065,0.514931169755,0.531065312106
3066,0.457345475977,0.471685866884
3067,0.390529997931,0.403012758159
3068,0.401475493455,0.41521573591
3069,0.465478845598,0.480947909341
3070,0.516741356228,0.532288946497
3071,0.513944296705,0.529028158252
3072,0.468735449408,0.483027894007
3073,0.405029493032,0.418105238612
3074,0.381416709203,0.394320787176
3075,0.443645030493,0.457113498533
3076,0.500898821843,0.515599696774
3077,0.51132491676,0.525953173074
3078,0.475087976193,0.489061035178
3079,0.420521730454,0.434405537473
3080,0.420318638447,0.434165143565
3081,0.475187549142,0.489220640563
3082,0.511285416131,0.525892744883
3083,0.500871424563,0.515560483982
3084,0.443268636248,0.456734157905
3085,0.381502138932,0.394411977441
3086,0.405032318331,0.418134039908
3087,0.468976455199,0.483263198765
3088,0.513687675522,0.528729725187
3089,0.516687463522,0.532233040813
3090,0.465318173619,0.480786276793
3091,0.401450257846,0.41518295482
3092,0.390673109225,0.403150164715
3093,0.457312611175,0.471668157553
3094,0.514758276009,0.530927429882
3095,0.532868390393,0.549989357448
3096,0.482011247781,0.497846536402
3097,0.417584466821,0.431413915042
3098,0.377587743865,0.389796448163
3099,0.445304361228,0.459733655464
3100,0.509880881209,0.526450806005
3101,0.539599640022,0.556677297582
3102,0.496899216044,0.512941889296
3103,0.431464815947,0.445644028905
3104,0.363539252365,0.375653643187
3105,0.669606280699,0.691695290731
3106,0.610771244003,0.628789248038
3107,0.567088447811,0.584603231321
3108,0.520143534153,0.536147944446
3109,0.512475700176,0.528369083235
3110,0.550966222811,0.567297410719
3111,0.597037651604,0.61453748711
3112,0.654258079645,0.673997376435
3113,0.696203949712,0.720638707544
3114,0.641299876501,0.663517458274
3115,0.575708556438,0.593451777419
3116,0.530731756411,0.547600571653
3117,0.50366886507,0.519249563313
3118,0.539254984733,0.555890691179
3119,0.583893422821,0.601652130392
3120,0.642584151884,0.662447229915
3121,0.685667055609,0.709041489016
3122,0.638025828488,0.659465266751
3123,0.581777700628,0.599881011942
3124,0.530803294586,0.546562456643
3125,0.497507570445,0.512284269757
3126,0.521211013176,0.536816703256
3127,0.568509557974,0.586102398988
3128,0.622483835391,0.641486878327
3129,0.66642906143,0.687672592427
3130,0.626768506434,0.646308229124
3131,0.580244865672,0.597721549223
3132,0.543112926802,0.561054001879
3133,0.543331853481,0.561268522826
3134,0.579868566586,0.597310341445
3135,0.626931293526,0.646489851732
3136,0.666379377707,0.687592083271
3137,0.62232876816,0.641323098832
3138,0.568552495689,0.586124705377
3139,0.521194817672,0.5367573909
3140,0.497313801301,0.512117642182
3141,0.530966043837,0.546711268491
3142,0.581783826335,0.599898059473
3143,0.63837525929,0.659830336877
3144,0.685660889653,0.709031459148
3145,0.642360435055,0.662260594018
3146,0.584240739342,0.60196389586
3147,0.539623070215,0.556274504515
3148,0.503812595571,0.519372761137
3149,0.53083418124,0.547689149648
3150,0.575839252535,0.593594503892
3151,0.641449713132,0.663682865424
3152,0.696081392057,0.72051722373
3153,0.654076251768,0.673819775026
3154,0.596903542124,0.61438115818
3155,0.551258979939,0.567600264641
3156,0.512621637619,0.528525064782
3157,0.520324720852,0.536343447141
3158,0.567006366571,0.584500111939
3159,0.610467721803,0.628463393386
3160,0.669336321018,0.691418345759
3161,0.65992674146,0.679052599824
3162,0.468961977033,0.484003215679
3163,0.468799572181,0.483789699566
3164,0.468383246441,0.483304187449
3165,0.468139585853,0.483012746164
3166,0.467462284005,0.482235559516
3167,0.467537261671,0.482252731868
3168,0.467001995576,0.481651466277
3169,0.655537227539,0.674205627329
3170,0.656237799582,0.675326532784
3171,0.46648205887,0.481150168171
3172,0.465960638373,0.480645286471
3173,0.465390765463,0.480067062019
3174,0.464875629481,0.479520735885
3175,0.464133945797,0.478670647895
3176,0.462944136808,0.477284250646
3177,0.654825378233,0.67500664665
3178,0.654017899736,0.674250484342
3179,0.460522423812,0.474429118838
3180,0.460017315389,0.473882580371
3181,0.463533135066,0.478315874678
3182,0.463571586528,0.478342188457
3183,0.459823591158,0.473697190446
3184,0.460515430685,0.474437590722
3185,0.653928157281,0.67417200951
3186,0.654449688131,0.674636826028
3187,0.462834827002,0.477153667203
3188,0.464376119371,0.478951659655
3189,0.464778966208,0.479400997289
3190,0.465568966345,0.480233650256
3191,0.465965022965,0.480648623615
3192,0.466297993667,0.480948192497
3193,0.656553344885,0.675628897934
3194,0.655439189571,0.674123344449
3195,0.467096743807,0.481741598659
3196,0.467476635476,0.482171319196
3197,0.467421647348,0.482201767294
3198,0.467785994278,0.482626456906
3199,0.468340113951,0.483233010894
3200,0.468366657596,0.483372949089
3201,0.468928680453,0.483977751592
3202,0.460809508823,0.475516308952
3203,0.461150799056,0.475816875408
3204,0.460651175473,0.47526746293
3205,0.460315149546,0.474883637188
3206,0.460490458383,0.475039821105
3207,0.460002559809,0.474460435654
3208,0.459195260045,0.473570876588
3209,0.459313981782,0.473668674946
3210,0.459197140815,0.473589938818
3211,0.459139078323,0.473539425196
3212,0.458997703163,0.473337223737
3213,0.459177721032,0.473535280562
3214,0.459698218159,0.474143700126
3215,0.459905618492,0.47441340801
3216,0.460287472166,0.47486006406
3217,0.460762710688,0.475386253225
3218,0.460597752167,0.475266973513
3219,0.460975006061,0.475673070871
