id,unit_kW_m2,optical
1,0.565264821862,0.582753509987
2,0.608137758393,0.628158530213
3,0.607063904339,0.627007531957
4,0.60379326727,0.623491236074
5,0.570551355263,0.586755245101
6,0.591435726238,0.6091423555
7,0.58831471106,0.605552339375
8,0.562734239079,0.573578227625
9,0.559359181154,0.573557874394
10,0.561537116583,0.577973450846
11,0.571542952789,0.588805812547
12,0.566176259216,0.58311903387
13,0.558837829477,0.575268112359
14,0.55263373549,0.568714686535
15,0.546953627463,0.562662997389
16,0.539865708087,0.554990675774
17,0.531588792653,0.545763522918
18,0.523212775388,0.536548877545
19,0.515710629,0.528052230889
20,0.50860311358,0.520295437261
21,0.502688958208,0.51385048101
22,0.498154637429,0.509094519322
23,0.494872439705,0.506001715216
24,0.493133062728,0.504585479736
25,0.490747083893,0.502430489005
26,0.487010388285,0.498304463482
27,0.483782011116,0.494554231429
28,0.481547036459,0.492096139521
29,0.481164243691,0.491842705629
30,0.482632126713,0.4936095258
31,0.481038979377,0.49171188232
32,0.481456843124,0.492012609072
33,0.483429665214,0.494197187749
34,0.487008019619,0.498317236989
35,0.490588042246,0.502248695093
36,0.493228180458,0.504678706487
37,0.495092049149,0.506218377968
38,0.49824128283,0.509178279953
39,0.502313754954,0.51346385139
40,0.50829508404,0.520011425726
41,0.516095573333,0.528456422682
42,0.523430552263,0.536777468541
43,0.531782903397,0.545958109554
44,0.539708558117,0.554817443091
45,0.54684772052,0.562497186072
46,0.552819816565,0.568911875279
47,0.559366288933,0.575817338412
48,0.566019645481,0.582982702135
49,0.571881501704,0.589131312217
50,0.562026411176,0.578447276867
51,0.559239948535,0.573453720651
52,0.562693221509,0.57350392628
53,0.58809730029,0.605326862296
54,0.591351733682,0.60905043304
55,0.570594615269,0.586782859288
56,0.604015728285,0.623698270133
57,0.60702764707,0.626972045073
58,0.60802741781,0.628017732295
59,0.623075350722,0.641547187698
60,0.623776928392,0.641941639025
61,0.622317898194,0.640577490495
62,0.603796795111,0.620262647842
63,0.595659287027,0.612729356344
64,0.6106792142,0.6279829907
65,0.603837482218,0.619651137233
66,0.596627109993,0.612171809446
67,0.595132969428,0.611596138545
68,0.578871914472,0.594762485404
69,0.585320726649,0.601321698053
70,0.578027753214,0.593315186498
71,0.570854568979,0.58581480786
72,0.566445670547,0.581712028686
73,0.561253127939,0.576535755675
74,0.554230762026,0.568924542035
75,0.546724957754,0.560748483137
76,0.53939152827,0.553056996755
77,0.53263815317,0.545516227671
78,0.524266467934,0.5364424546
79,0.51746825241,0.52893896939
80,0.513154775853,0.524491931008
81,0.510670931849,0.522370724813
82,0.508782131183,0.520809851026
83,0.503922590047,0.515809048371
84,0.500147893645,0.511486304405
85,0.496292916881,0.507069053511
86,0.494926837625,0.505543311231
87,0.494354801941,0.50503771821
88,0.49427678793,0.504981188499
89,0.495019467319,0.505656854249
90,0.496385990429,0.50716334901
91,0.500040305972,0.511402827416
92,0.504056792356,0.515960173847
93,0.509210568757,0.521229428901
94,0.510542964616,0.522267412667
95,0.513091306972,0.524429163825
96,0.517489118596,0.528966959459
97,0.524217436293,0.536396624032
98,0.532284530937,0.545184656885
99,0.539427933101,0.553109505897
100,0.546744687947,0.560781303452
101,0.554257020765,0.568956417555
102,0.561403163116,0.576663952845
103,0.566590440366,0.581865166633
104,0.570690207107,0.585690167886
105,0.577913282122,0.593184153594
106,0.585746441871,0.601731272815
107,0.57917444036,0.59507705759
108,0.59515198715,0.611637410657
109,0.596742136678,0.612317124686
110,0.603501136017,0.61931331568
111,0.611104418065,0.628417988379
112,0.59576117851,0.612836372735
113,0.603818601183,0.620236381482
114,0.622431225799,0.64068496919
115,0.623646554717,0.641771105701
116,0.623107428342,0.641568845051
117,0.611129107255,0.627066900251
118,0.642244445894,0.660418108653
119,0.641383433116,0.659732767973
120,0.642180638054,0.661196496983
121,0.620797375513,0.638056356221
122,0.635028584967,0.653590792695
123,0.630809795177,0.649156298284
124,0.606594564549,0.618857366904
125,0.602095964251,0.61742667048
126,0.602247632204,0.619205130458
127,0.606951192885,0.623910568274
128,0.599906399971,0.616071142887
129,0.59109168944,0.606467204189
130,0.583056362095,0.598040533931
131,0.578477160096,0.59380338496
132,0.571870249701,0.586786294662
133,0.564439029092,0.57882159844
134,0.556868073948,0.57094914712
135,0.551632579697,0.565557233928
136,0.543109739556,0.556304408645
137,0.533969552957,0.54621350292
138,0.527409724633,0.539012726815
139,0.523738470815,0.535497757702
140,0.521293206213,0.533404537419
141,0.517207727996,0.529333535385
142,0.512041464023,0.523816460522
143,0.506641422293,0.517643822442
144,0.504908259874,0.515510277688
145,0.503387302501,0.513768815647
146,0.504246860731,0.514510190381
147,0.503296970955,0.513678047055
148,0.504687935514,0.515293960716
149,0.506910609815,0.517904980816
150,0.511924111803,0.523688268534
151,0.517306018425,0.529447319273
152,0.521536430596,0.533656361285
153,0.523611405183,0.535381776849
154,0.527423898901,0.539040963941
155,0.534195389081,0.546429880022
156,0.543106335697,0.556306958605
157,0.551936308848,0.565860906391
158,0.557082674002,0.571178984993
159,0.56409622773,0.578486351359
160,0.571685017763,0.586605257442
161,0.578475348218,0.593789218206
162,0.583434146942,0.598403287571
163,0.590860290292,0.60622164764
164,0.59956286092,0.615756722168
165,0.606969492209,0.623946241777
166,0.601858828922,0.618785505177
167,0.602066677132,0.617410171343
168,0.606335222977,0.618601294748
169,0.630594876485,0.648934975551
170,0.634853001546,0.653449217978
171,0.620786442223,0.638073038175
172,0.642493438103,0.661492072978
173,0.641308084827,0.659697116034
174,0.641996744629,0.660178677299
175,0.656494887136,0.67427916435
176,0.656973602241,0.675247836874
177,0.657992637798,0.677035366372
178,0.644084705887,0.661950844328
179,0.657287937312,0.677308858629
180,0.6509720202,0.670432866861
181,0.643386478275,0.661386835158
182,0.638717767309,0.657049237113
183,0.635435132409,0.654125708099
184,0.621306516643,0.639063058151
185,0.618335986815,0.63546483229
186,0.609128498142,0.625341707818
187,0.599537336105,0.614813667609
188,0.591488347387,0.606338521902
189,0.584311292883,0.598943596397
190,0.577855404886,0.592212915668
191,0.5708817027,0.585038539552
192,0.564900082779,0.579157074348
193,0.558358375672,0.572412005405
194,0.547915116421,0.560934813548
195,0.538825842555,0.55080019249
196,0.533256862922,0.544924831952
197,0.530418889608,0.542465865328
198,0.526899815261,0.539072388832
199,0.52177207919,0.533742095505
200,0.515319353792,0.526624117494
201,0.511426827731,0.52206287082
202,0.509132598205,0.519265633199
203,0.507726350813,0.517352772747
204,0.507483671868,0.517099044683
205,0.509182041258,0.519322274172
206,0.511271302308,0.521913254155
207,0.515274775301,0.526596658061
208,0.521411208661,0.533385705425
209,0.527019044623,0.539175505633
210,0.530456290899,0.542509757042
211,0.533412525533,0.5451102456
212,0.539009837739,0.550987251212
213,0.547945123583,0.560980550523
214,0.557978562577,0.572024009331
215,0.564944991897,0.579213036431
216,0.570717949899,0.584877547451
217,0.577546326085,0.591922863367
218,0.584724982834,0.59935501983
219,0.590891817324,0.605727322149
220,0.59938518571,0.614668571595
221,0.609411679946,0.625619191671
222,0.618274157151,0.635404464172
223,0.621114331723,0.638907771823
224,0.635451629009,0.654132397404
225,0.639062891302,0.65741216388
226,0.643406258843,0.661420162291
227,0.651559253907,0.671047744261
228,0.65729286926,0.677327546754
229,0.643909280546,0.661820636019
230,0.658329768702,0.677361012351
231,0.656783418379,0.675056301628
232,0.656288646976,0.674046502306
233,0.632783935094,0.646995650764
234,0.668617695591,0.686427720586
235,0.670991095279,0.689935372469
236,0.672175202916,0.692013352024
237,0.655730291232,0.674506404486
238,0.670301607034,0.691025081739
239,0.664371173546,0.684588654564
240,0.636637505145,0.650187789797
241,0.63253359595,0.649362601631
242,0.645519491342,0.664749723369
243,0.635845138649,0.654137052564
244,0.625021555753,0.642126134986
245,0.614892911923,0.630953644197
246,0.60446486615,0.619548723121
247,0.59579409089,0.610374202503
248,0.590320717382,0.605178405927
249,0.584311236713,0.599148646081
250,0.578247412616,0.593371277276
251,0.571373050705,0.586312762402
252,0.560211888104,0.574021464018
253,0.550085206014,0.562792988496
254,0.542175469794,0.554119797364
255,0.537477626763,0.549465685061
256,0.533311437643,0.545430791329
257,0.528408794264,0.540398138771
258,0.52243389259,0.534125543208
259,0.518591314456,0.529765194789
260,0.516926261729,0.528150932554
261,0.51614602242,0.527238816138
262,0.514917029244,0.525327238288
263,0.516377530422,0.527472186669
264,0.517357463465,0.528592782515
265,0.518355680084,0.529539881357
266,0.522316446405,0.533989464854
267,0.528254911754,0.540239102504
268,0.533483041976,0.545615738396
269,0.537694827398,0.549681301332
270,0.542402923839,0.554352811342
271,0.55006130077,0.562765335818
272,0.56015978746,0.573962030414
273,0.571166488955,0.58612036359
274,0.578566775823,0.593687433809
275,0.584437420087,0.599264390827
276,0.590119833065,0.604984288575
277,0.5958954207,0.610485862248
278,0.604792162988,0.619884619373
279,0.615146821508,0.631220846072
280,0.625486590217,0.642606619721
281,0.635750212666,0.654046092253
282,0.645644772286,0.664876791703
283,0.632113619613,0.648967114564
284,0.63723221542,0.650797250411
285,0.664656063084,0.684869535477
286,0.670420166582,0.691203944652
287,0.655300574932,0.674088955073
288,0.672557800685,0.692398487013
289,0.671009350585,0.689940958176
290,0.668285678249,0.686086030464
291,0.678720774828,0.699938179619
292,0.699088296876,0.72112399907
293,0.69777829183,0.719203984544
294,0.689199010786,0.71118279171
295,0.696581061597,0.719663659938
296,0.682967321625,0.70302242426
297,0.668552701785,0.686858777979
298,0.677521730264,0.697676567409
299,0.680531337641,0.700948199388
300,0.663863748204,0.681545796512
301,0.641127340873,0.653841892587
302,0.661778486017,0.680090667455
303,0.650889999969,0.668628627655
304,0.638732729682,0.655220656783
305,0.644679224234,0.661936115032
306,0.647564715886,0.66679006458
307,0.635049653017,0.653709247761
308,0.628338333752,0.645275173619
309,0.624347914293,0.641208754567
310,0.616592115761,0.633982347105
311,0.613633926463,0.631008311452
312,0.608450488809,0.625135927694
313,0.598065699562,0.614181955998
314,0.591560810869,0.607467690835
315,0.58816147084,0.603640630424
316,0.578130427854,0.592723976245
317,0.565846525514,0.579115138654
318,0.563056607464,0.57570355667
319,0.555508791202,0.567367289964
320,0.545526549199,0.556577243051
321,0.542534145422,0.553108075365
322,0.536357798342,0.546408194998
323,0.530378085138,0.540339701339
324,0.530226460919,0.540577436762
325,0.529061161434,0.53991663752
326,0.526889643876,0.538092468431
327,0.523126678976,0.534025517074
328,0.521059477945,0.53172251562
329,0.519227722862,0.529837270925
330,0.516759117732,0.527341154324
331,0.517870894725,0.528643877426
332,0.517911101934,0.528747432395
333,0.517673361683,0.528555676485
334,0.51801936392,0.528853172258
335,0.51786495554,0.528654138033
336,0.516737742311,0.527331958684
337,0.519054292597,0.529636794899
338,0.521086764596,0.531747662357
339,0.523345328769,0.534237728548
340,0.526593335454,0.53779699423
341,0.529098682015,0.53996425246
342,0.530145861454,0.540499111465
343,0.530445257256,0.540394629304
344,0.536485264923,0.546548794459
345,0.542635954181,0.553210887892
346,0.545535310326,0.556586681558
347,0.55527424075,0.567107459801
348,0.563088466815,0.57573541411
349,0.566182926953,0.579459834826
350,0.578295263977,0.592880397339
351,0.588212917869,0.603665496886
352,0.591129263589,0.607024862674
353,0.598194727627,0.614351756884
354,0.608431077254,0.625106749496
355,0.613993344584,0.63139259653
356,0.61662950521,0.63406044965
357,0.624388243259,0.641214893505
358,0.628485366936,0.645424346845
359,0.635039140679,0.65371144054
360,0.647775916516,0.66701387974
361,0.644609926025,0.661889370593
362,0.638850392005,0.655357029727
363,0.650830013984,0.668533579564
364,0.662065322264,0.680386607522
365,0.640891326363,0.653615377038
366,0.663997466953,0.681668350172
367,0.68118113255,0.70157970317
368,0.677625774445,0.697788206747
369,0.668683378136,0.687001059924
370,0.683182291592,0.703252795539
371,0.696878433362,0.719961323258
372,0.689162140511,0.711131574576
373,0.697611412569,0.719039473821
374,0.698857103997,0.720870277899
375,0.687189078084,0.706688537805
376,0.686178341169,0.705335848003
377,0.684380360775,0.703224086244
378,0.685829850916,0.705227066403
379,0.686857445791,0.706987720821
380,0.656143010604,0.67322887326
381,0.681244779917,0.701107571841
382,0.676682631432,0.696064138258
383,0.673292730824,0.692495500093
384,0.666319339815,0.683970239444
385,0.654020134502,0.669522640345
386,0.640278286356,0.655742093199
387,0.654369501258,0.672234707656
388,0.648873627363,0.666524574043
389,0.643330404691,0.660687860055
390,0.637189007374,0.654028840529
391,0.630276341191,0.646370408887
392,0.623129627015,0.638629587956
393,0.617906728131,0.633523581532
394,0.612999209088,0.628756767264
395,0.608572559107,0.624478279704
396,0.604033183247,0.619895021304
397,0.598481296865,0.614174122934
398,0.591936123968,0.607234658598
399,0.584274996182,0.599129142608
400,0.577265020412,0.591612044801
401,0.569408659408,0.582849846811
402,0.562127246515,0.574740122869
403,0.555178937554,0.567102595314
404,0.54757780861,0.558770474605
405,0.541103143024,0.551575031185
406,0.535869405737,0.545957212724
407,0.532364095639,0.542595037851
408,0.531416900124,0.542154111541
409,0.530059984033,0.541204131866
410,0.527600895038,0.538702284841
411,0.522779479398,0.533440622292
412,0.520290644943,0.530767423139
413,0.518050254572,0.528439483724
414,0.517302471015,0.527668860901
415,0.517334805925,0.527851777868
416,0.517465651319,0.528077082391
417,0.517653829371,0.528270920784
418,0.517298326183,0.527823902817
419,0.517437346689,0.527795485063
420,0.518195702882,0.528577017119
421,0.520360947757,0.53084268185
422,0.522806161611,0.533471928613
423,0.527511863751,0.538614975455
424,0.530095622504,0.54123169317
425,0.531488454932,0.542227422409
426,0.532674581487,0.542894050745
427,0.535885376538,0.545966569169
428,0.541116584777,0.55158538838
429,0.547662786574,0.55884079353
430,0.555068290483,0.566999630822
431,0.562113277243,0.574738657265
432,0.569727551715,0.583172977452
433,0.577571772923,0.591932917353
434,0.584365059369,0.599254577757
435,0.591665657581,0.606958912777
436,0.598543631486,0.614230263606
437,0.604092060426,0.619951613112
438,0.608803177734,0.624729106282
439,0.613057272303,0.628851032725
440,0.617797281739,0.633357337592
441,0.62283585709,0.638340481632
442,0.630230206952,0.646321722126
443,0.637224327186,0.654080275175
444,0.643160789891,0.660479436115
445,0.649015118924,0.666687010904
446,0.654352508299,0.672181147053
447,0.640540863046,0.655991644799
448,0.654348795907,0.669854879218
449,0.666108943589,0.683734516669
450,0.673518002342,0.692710349071
451,0.676850754013,0.696230161827
452,0.681078575522,0.700929247161
453,0.656227190494,0.673324262377
454,0.686840010771,0.706948634938
455,0.685656033827,0.705026145243
456,0.684855964387,0.703717653889
457,0.68676181314,0.705922838288
458,0.68741974133,0.706908704925
459,0.695925464746,0.714956475543
460,0.697365085458,0.716495040522
461,0.695101491606,0.71378765142
462,0.694972568479,0.714179528291
463,0.697163312389,0.717221339769
464,0.692585252491,0.712531508948
465,0.696231252563,0.717124694057
466,0.692150896904,0.712514598463
467,0.687582624799,0.707548646844
468,0.684166878872,0.70395434018
469,0.66381623478,0.678389186693
470,0.674920567867,0.693963543704
471,0.664828980864,0.682835096806
472,0.663547462375,0.68194768502
473,0.657295020887,0.675356466864
474,0.650147808065,0.667770617039
475,0.642975179871,0.659856575044
476,0.635630003326,0.651815169055
477,0.627235702792,0.642749818977
478,0.620990057952,0.636506012027
479,0.615836276516,0.631563550303
480,0.611037914238,0.626947887216
481,0.605771994892,0.621555726135
482,0.598257890938,0.613569383482
483,0.590892777162,0.605835378948
484,0.583787513323,0.598454597296
485,0.576867474084,0.591072839335
486,0.568816316536,0.58214999241
487,0.561273089093,0.573856414844
488,0.553447905164,0.565265208724
489,0.545911130931,0.556912327063
490,0.539193773721,0.549539391407
491,0.534659527153,0.544941549169
492,0.53251664497,0.543143397171
493,0.53076290767,0.541814534821
494,0.528434513743,0.539668612099
495,0.524182541624,0.534994538059
496,0.520395619634,0.530867088815
497,0.517705505761,0.527932981494
498,0.515875206702,0.52595748365
499,0.515284538856,0.525364066089
500,0.515774458992,0.526018487811
501,0.516696393828,0.527067460352
502,0.515763624265,0.526017154175
503,0.515039064328,0.525116664146
504,0.515966299407,0.526048972938
505,0.517671184281,0.52788869722
506,0.520230511082,0.530694878644
507,0.524166159162,0.534992777995
508,0.528584472976,0.539825413552
509,0.530696282631,0.541751418398
510,0.532345729681,0.542979353125
511,0.534748790876,0.545028348121
512,0.539014206309,0.549363148235
513,0.545659285613,0.556636672957
514,0.553653178731,0.565483901554
515,0.561117780093,0.573714498256
516,0.56862911978,0.58199148418
517,0.576988392996,0.591192458722
518,0.583826833561,0.59851219102
519,0.590842186948,0.605792937531
520,0.598252113314,0.613590611138
521,0.605631232656,0.621419980779
522,0.611167543485,0.627075274399
523,0.61552211334,0.631240164088
524,0.621112532947,0.636645188744
525,0.627355266888,0.64288898337
526,0.635481925287,0.651652746664
527,0.643052350786,0.659909034965
528,0.650232452049,0.667840547626
529,0.656982727855,0.675059737089
530,0.663699161575,0.682114053014
531,0.664933519642,0.682961939279
532,0.674562090069,0.693600628856
533,0.663424567288,0.677966244224
534,0.683976217955,0.703715556138
535,0.687822896159,0.70777976238
536,0.692238389408,0.712609375356
537,0.696400664273,0.717281696258
538,0.692421724799,0.71236577699
539,0.697251005338,0.717317239439
540,0.695089165603,0.714325025578
541,0.694883618466,0.713595565805
542,0.69748611983,0.716623040745
543,0.705908585221,0.724750884603
544,0.704595571248,0.72323395065
545,0.704635712691,0.723756792362
546,0.706411783378,0.726282821548
547,0.708924027987,0.729756212753
548,0.70332964392,0.723911914642
549,0.707097335063,0.72850710345
550,0.701580590863,0.722430331784
551,0.696971588398,0.717493857467
552,0.689561078565,0.708661616174
553,0.676539560962,0.693347127726
554,0.663307205117,0.680194315494
555,0.676947498926,0.696172444898
556,0.669386656637,0.688234477419
557,0.662035281902,0.680420771701
558,0.654600946041,0.672292351436
559,0.646764125875,0.663711002672
560,0.638257069377,0.654411096684
561,0.629151374479,0.644543671372
562,0.623161755179,0.638625180287
563,0.617333593134,0.632977602131
564,0.611972657258,0.627727426635
565,0.605162608222,0.620430167592
566,0.597267432808,0.612160565825
567,0.590322551752,0.605001200529
568,0.583647133321,0.598195391699
569,0.576203759882,0.590290059179
570,0.56771080572,0.580935724479
571,0.559859827958,0.572361338558
572,0.550868916529,0.562427015748
573,0.542947230777,0.553701075486
574,0.536894428018,0.547227363125
575,0.533332483906,0.543875702506
576,0.531660129013,0.542638687177
577,0.528768671257,0.539984959451
578,0.525247064727,0.536257145267
579,0.520441488409,0.531062980192
580,0.516754140629,0.526951972978
581,0.514274290301,0.524168430727
582,0.512770619293,0.522530269251
583,0.512361897226,0.522144622077
584,0.512830247078,0.52268717263
585,0.512604751712,0.522454579963
586,0.512333406433,0.522150835867
587,0.512987274911,0.522762141596
588,0.514299694712,0.52419992201
589,0.516848333775,0.527042680926
590,0.520527313307,0.531142548081
591,0.525009835998,0.536016929789
592,0.528983772657,0.540207117772
593,0.531491934476,0.542458820565
594,0.533630931479,0.544169301702
595,0.537009592736,0.547373716622
596,0.542886641473,0.553644972055
597,0.550722934224,0.562279078875
598,0.560132242653,0.572618167368
599,0.567823509977,0.58106279394
600,0.576169858736,0.590264198964
601,0.583518266509,0.598049768589
602,0.590204369612,0.604904199751
603,0.597407383489,0.612315992188
604,0.604637779794,0.619918762721
605,0.611972148254,0.627702252342
606,0.61753703315,0.633196404476
607,0.623016975791,0.638456041692
608,0.629285727811,0.644685033276
609,0.638255526398,0.654419134189
610,0.646727078295,0.663651993945
611,0.654827821564,0.672512287318
612,0.662324396633,0.680726661337
613,0.669735491364,0.688608017779
614,0.676835856477,0.696077474587
615,0.663396737821,0.680270398888
616,0.676478258459,0.693281330671
617,0.689657547411,0.708768476868
618,0.696982550776,0.717504224118
619,0.701228852323,0.722067755369
620,0.707024398175,0.728413412019
621,0.703069123333,0.723656319876
622,0.709191408614,0.730026786945
623,0.706122877824,0.726024438862
624,0.704637422235,0.723751433054
625,0.704339369085,0.72298558064
626,0.705897687936,0.724738900352
627,0.710297717009,0.72841579417
628,0.709742649506,0.727869249547
629,0.710841258761,0.729699628936
630,0.712149460121,0.73184594171
631,0.714265906442,0.734821965586
632,0.710645163195,0.731359982491
633,0.715897950427,0.73796180018
634,0.71193567124,0.733721686501
635,0.706882502695,0.728156861681
636,0.702164125503,0.723107913708
637,0.68171839691,0.697538632392
638,0.692305315628,0.712489949434
639,0.685691586509,0.705483366822
640,0.679882854525,0.699528920124
641,0.672432314909,0.691616315736
642,0.664109815179,0.682643579244
643,0.655902122871,0.673645707581
644,0.646975420861,0.663837268988
645,0.637750807094,0.653736426816
646,0.628496569506,0.643687038315
647,0.621989612603,0.637155759145
648,0.615514787446,0.630603563581
649,0.610569523397,0.625955376142
650,0.605066486845,0.620593326011
651,0.597953506067,0.613381691403
652,0.590814476227,0.606025355926
653,0.583822429522,0.598773425473
654,0.575837603616,0.590199002949
655,0.566120036758,0.57935881723
656,0.556532501331,0.568744648534
657,0.547796529205,0.559047948491
658,0.540490326867,0.551094128609
659,0.535522547787,0.546031604267
660,0.532505541143,0.543373118477
661,0.52978013959,0.540942015529
662,0.526366776721,0.537528470074
663,0.521763802313,0.532655304982
664,0.518418342776,0.529200742071
665,0.515671803101,0.526276977289
666,0.513039805828,0.523349893156
667,0.510804331023,0.520679468572
668,0.511647130812,0.521927252608
669,0.512249897913,0.522616536856
670,0.511712353536,0.521995531296
671,0.510815026566,0.52069383442
672,0.513015493084,0.523317864193
673,0.5156310867,0.52623344507
674,0.518166835528,0.528944945551
675,0.521999464416,0.532902771861
676,0.526174360426,0.53734630701
677,0.529611168757,0.540770338052
678,0.532589149827,0.543456492588
679,0.535353646028,0.545875211108
680,0.540477035392,0.551088085253
681,0.547452735873,0.558700749936
682,0.5567339932,0.568944206351
683,0.56596988742,0.579204745071
684,0.575831858074,0.590209081504
685,0.583673172664,0.598614022555
686,0.590818161854,0.60603901426
687,0.598080988918,0.613505026292
688,0.604645595486,0.620178173898
689,0.610300252256,0.625688821266
690,0.615410686661,0.63049729211
691,0.621851542744,0.637029652127
692,0.628483127997,0.643664556625
693,0.637578709118,0.653552527846
694,0.647242228989,0.664132809514
695,0.655810348489,0.673533605456
696,0.664126179157,0.682665701035
697,0.67214809908,0.691337516948
698,0.680306770239,0.699970640549
699,0.68601592814,0.705827631514
700,0.692120651689,0.712300315143
701,0.681948582598,0.697777343327
702,0.701878413609,0.722809148687
703,0.706912663773,0.728193136045
704,0.711992843602,0.733767905592
705,0.715782728221,0.737808787556
706,0.710764435129,0.731462353024
707,0.714530502771,0.735071721205
708,0.712558005731,0.732217289319
709,0.710670255435,0.729495497907
710,0.709614216646,0.727703171792
711,0.590706381153,0.609708848147
712,0.672707678264,0.693883134639
713,0.731645599931,0.753789938561
714,0.683435353388,0.704423945042
715,0.593111186866,0.612093334244
716,0.659905279915,0.681574512906
717,0.729592081761,0.752804552228
718,0.684751392815,0.704794428484
719,0.589006946593,0.606080314863
720,0.636420322796,0.656268084581
721,0.71303895347,0.735092947554
722,0.684257629199,0.703778669182
723,0.58741656418,0.602311446597
724,0.600340538968,0.614733876059
725,0.682840448878,0.7007470009
726,0.679127244905,0.698172383843
727,0.593867973458,0.609865731405
728,0.579201374261,0.593924332801
729,0.660617405291,0.678518037345
730,0.670944373211,0.690757560818
731,0.600230948193,0.618381635023
732,0.562678118535,0.578095681456
733,0.633778430444,0.650413045903
734,0.647883158928,0.665426853332
735,0.591292582981,0.607981422928
736,0.544163157431,0.559375020268
737,0.612465742435,0.629581244579
738,0.626576727641,0.643494826615
739,0.582229693287,0.598046278244
740,0.527190559301,0.541295683834
741,0.587421426583,0.603689492251
742,0.603814129328,0.620141850977
743,0.570660726745,0.585739766472
744,0.514149410249,0.526794766488
745,0.555770408623,0.569215778303
746,0.57223906557,0.585433329436
747,0.551152750466,0.563312464372
748,0.500849490139,0.510968080222
749,0.527844814514,0.538631589647
750,0.545242178366,0.555643842528
751,0.534595186195,0.544576949817
752,0.490910612853,0.499800575641
753,0.504847753146,0.513676778048
754,0.52417115339,0.533253309457
755,0.521775094807,0.531282022637
756,0.490166969187,0.500007577071
757,0.494713388452,0.50411805384
758,0.517521342946,0.527716647998
759,0.515671366178,0.525808228242
760,0.488171903138,0.498097968144
761,0.48497790159,0.494009038937
762,0.509835582236,0.519829513449
763,0.509332516963,0.519483430355
764,0.487429147841,0.497568324106
765,0.484755600284,0.494337251208
766,0.508487762968,0.518677823215
767,0.508453818384,0.518644451382
768,0.484859794808,0.494449137754
769,0.487411923246,0.49755596845
770,0.509353950776,0.519499655583
771,0.509672992389,0.519638547305
772,0.485081852574,0.494103030391
773,0.488315546053,0.498252284334
774,0.515700950166,0.525842346619
775,0.517561912189,0.527763639305
776,0.49480209976,0.504207503591
777,0.490265492636,0.500122219694
778,0.521973089643,0.53146961621
779,0.524386513431,0.533469692396
780,0.504699122484,0.513535068481
781,0.490936424449,0.499829776374
782,0.534555575568,0.54453245543
783,0.545187063075,0.555592053048
784,0.52768478434,0.53845812214
785,0.500840372031,0.510959045578
786,0.551133481295,0.563294232593
787,0.572051786766,0.585237413337
788,0.555850133126,0.569297256762
789,0.513999296694,0.526640688304
790,0.570546784721,0.585620082537
791,0.603993688622,0.620342255621
792,0.587746904964,0.604022323574
793,0.527133688398,0.541252917499
794,0.582064319035,0.597895508494
795,0.626346836183,0.643268788775
796,0.612812324147,0.629945077523
797,0.544071106159,0.559275896883
798,0.591017098949,0.607687773296
799,0.648377510504,0.66593801614
800,0.633664459822,0.650323709871
801,0.562837620403,0.578255607262
802,0.599926104807,0.618075494566
803,0.67133007516,0.69113782841
804,0.660987551802,0.678880731141
805,0.579304234741,0.594012202682
806,0.593847165655,0.60986747196
807,0.678477062372,0.69754716424
808,0.68295814664,0.70083496155
809,0.600219943672,0.614592708249
810,0.587275938832,0.602169948845
811,0.684334359082,0.703849114194
812,0.713272273143,0.735337860986
813,0.636123507602,0.655979623423
814,0.589359762595,0.606452086206
815,0.684642029994,0.704687082157
816,0.72937089563,0.752558698732
817,0.659998324767,0.681660938193
818,0.593045640193,0.612038045232
819,0.683453835947,0.704427432851
820,0.731752932237,0.753896774275
821,0.672332872489,0.693520445869
822,0.696407548849,0.716183114632
823,0.695093185565,0.714604251769
824,0.692736620998,0.71181913846
825,0.692058017568,0.711075634928
826,0.693343320525,0.712927902222
827,0.695260406252,0.715589006259
828,0.696522572316,0.717354224559
829,0.695032282656,0.716059432436
830,0.691441149022,0.712103681332
831,0.687263135984,0.707534653765
832,0.684059119012,0.704128000861
833,0.681538349756,0.701642023252
834,0.677185394537,0.696616555691
835,0.655774340207,0.670189293931
836,0.670346215788,0.689349416792
837,0.664984065377,0.683369250272
838,0.660044412633,0.678240437225
839,0.655383037293,0.673435182177
840,0.650264218721,0.668056977484
841,0.644919587943,0.662376601523
842,0.639431784493,0.656594415385
843,0.633634576513,0.65021930079
844,0.627077574454,0.64302391826
845,0.621494196477,0.637056531374
846,0.617294816731,0.633010361111
847,0.613018006889,0.628957588623
848,0.609184305708,0.625262856242
849,0.604929693413,0.621072964987
850,0.600201660409,0.616198801545
851,0.5956295149,0.611515080967
852,0.59065604724,0.606411741623
853,0.584861425439,0.600373836287
854,0.577935968182,0.593097480886
855,0.571633192201,0.586326550912
856,0.564163601747,0.578173265335
857,0.55709228753,0.570264670818
858,0.550403367052,0.562862001317
859,0.544012186662,0.555787555009
860,0.537853981274,0.548988226633
861,0.531478028989,0.542006918787
862,0.525703315046,0.535631327635
863,0.520403957177,0.529798951956
864,0.516659871742,0.526005487098
865,0.514235648366,0.523861159923
866,0.513020339839,0.523012791246
867,0.51166598538,0.521943107217
868,0.509729842951,0.520092257396
869,0.507403500122,0.517690790414
870,0.504747444035,0.514829590711
871,0.502228414371,0.512125239162
872,0.500805732161,0.510752570695
873,0.499894421636,0.509910001867
874,0.499470019927,0.509563284548
875,0.499349717495,0.509509080608
876,0.499260473789,0.509498396052
877,0.499741098787,0.509995901717
878,0.499265891674,0.509498983219
879,0.499117580547,0.509285397087
880,0.499297799802,0.509382368729
881,0.499893265661,0.50991549203
882,0.500686185562,0.510620954191
883,0.502220085417,0.512113225559
884,0.504706804336,0.514792202648
885,0.507521672015,0.51780688498
886,0.509752228533,0.520121269553
887,0.511597873532,0.521878124447
888,0.513216957912,0.523214425151
889,0.514304170265,0.523933010799
890,0.51674766105,0.52609033124
891,0.520327286468,0.529731137412
892,0.525937712302,0.535844199701
893,0.531617883385,0.542170160396
894,0.53800227649,0.5491454695
895,0.544019072573,0.555806195796
896,0.550467708447,0.56291180164
897,0.557109685696,0.570291812915
898,0.564323796096,0.578328722991
899,0.571702453725,0.586396378923
900,0.578226041824,0.593399808722
901,0.584499283926,0.600008285885
902,0.590515731023,0.606257317426
903,0.595477395102,0.611359507599
904,0.600140813463,0.616181117251
905,0.604804541766,0.620944928397
906,0.609062117338,0.625140223269
907,0.612981500385,0.62890642538
908,0.617287385715,0.633010894873
909,0.621415034796,0.636981832119
910,0.627360887926,0.643281562997
911,0.633986456124,0.650603017011
912,0.63949581156,0.656645641477
913,0.645097173634,0.662574936599
914,0.650040531689,0.667817987777
915,0.655207568983,0.673248437123
916,0.660275800718,0.678493174439
917,0.664868751153,0.683259034003
918,0.670264698193,0.689276130343
919,0.655829795568,0.670265585662
920,0.677002805,0.696431890598
921,0.681231839545,0.701310216643
922,0.684219480587,0.704291242779
923,0.687287187003,0.707563512859
924,0.691309117594,0.711941272259
925,0.69533447407,0.716373077738
926,0.696554955349,0.717408701644
927,0.695150567645,0.715474412611
928,0.693291300826,0.712844480839
929,0.691884111555,0.710895113098
930,0.693163115988,0.71223919128
931,0.694832261173,0.714310111106
932,0.696588861923,0.716344589622
933,0.708851876277,0.728547600558
934,0.707909163681,0.727492508991
935,0.705645227861,0.724909386661
936,0.703796639275,0.722826441188
937,0.704287651824,0.723834172762
938,0.706521024678,0.726857464248
939,0.708294416002,0.729437101659
940,0.708792112627,0.730456495735
941,0.706158258975,0.727679165851
942,0.701891047902,0.722990097762
943,0.698353560171,0.719095449133
944,0.694465727195,0.714928428871
945,0.691060482797,0.711317219413
946,0.678656943614,0.695592522259
947,0.67942683601,0.697957328088
948,0.678926171198,0.698124550198
949,0.673446727202,0.692237155729
950,0.668359772502,0.68702758355
951,0.662924200442,0.681378720047
952,0.657721674137,0.675958140682
953,0.651989358886,0.669835110282
954,0.64524582582,0.662505457846
955,0.638907288684,0.65553280814
956,0.632165753958,0.648152423518
957,0.625300803241,0.641009695907
958,0.620566152533,0.636407660492
959,0.615546141226,0.631522010097
960,0.611239561798,0.627379555054
961,0.606620813281,0.622798510585
962,0.601886343252,0.617948223015
963,0.59617587329,0.612071952531
964,0.58954322753,0.605103499413
965,0.583322367504,0.598576607597
966,0.577332091547,0.592354652024
967,0.57030148877,0.584829917416
968,0.562920457085,0.576706013363
969,0.555589074102,0.568607792578
970,0.549161714224,0.561490230105
971,0.542439860057,0.554132059846
972,0.535709594083,0.546713007256
973,0.529112309801,0.539481955895
974,0.522937067899,0.532711157731
975,0.518304526755,0.527771552909
976,0.514914800235,0.524501826977
977,0.512690892588,0.52268571086
978,0.511232698265,0.521530724214
979,0.509493827326,0.519933739941
980,0.506580609488,0.516961821752
981,0.503464397432,0.513578160842
982,0.500227784102,0.510100273094
983,0.498317005727,0.508129849707
984,0.496795018233,0.506576595777
985,0.495812355209,0.505595482005
986,0.495729069458,0.505601624808
987,0.495526960641,0.505517033982
988,0.496386073473,0.506476939088
989,0.496340696602,0.506430673202
990,0.495730088732,0.505722477156
991,0.49555527825,0.505421787533
992,0.495883591966,0.505659118982
993,0.496947030791,0.506735279475
994,0.498119245492,0.50793566486
995,0.500415037954,0.510294990611
996,0.503559285932,0.513677402184
997,0.506955652864,0.517331830427
998,0.509380502683,0.519830962821
999,0.511193647482,0.521484730434
1000,0.513093036456,0.523064686294
1001,0.514908694511,0.524504683941
1002,0.518150666586,0.527623991914
1003,0.522924569665,0.532698446081
1004,0.529326135806,0.539698969639
1005,0.535720341864,0.546724582505
1006,0.542636413274,0.554328869913
1007,0.549099044079,0.5614410167
1008,0.555669027308,0.568692547172
1009,0.563189364689,0.576993366164
1010,0.570248306415,0.584783276433
1011,0.577178479565,0.59217118302
1012,0.583093549675,0.598338880351
1013,0.589854131588,0.605408128084
1014,0.596175538111,0.612071221281
1015,0.601670227284,0.617738573071
1016,0.606652917938,0.622831595792
1017,0.611409895621,0.627549441181
1018,0.615683283141,0.63165973057
1019,0.62047995821,0.636333350766
1020,0.625206369085,0.640881600881
1021,0.631866731898,0.64785624798
1022,0.638970442545,0.655594601334
1023,0.645409937029,0.662675051156
1024,0.65167207946,0.669512197003
1025,0.65764566529,0.675872780327
1026,0.662976732643,0.681404251734
1027,0.668505595571,0.687157327907
1028,0.673275207925,0.692113777045
1029,0.67892683655,0.69813188415
1030,0.679122807892,0.697629182422
1031,0.678724694791,0.695651675088
1032,0.690843063954,0.7111121373
1033,0.694055343181,0.714486775541
1034,0.69821551088,0.718983855975
1035,0.70208045148,0.723211317503
1036,0.706109418727,0.727644125053
1037,0.709058987143,0.730757612727
1038,0.708079749197,0.729228368608
1039,0.706435197842,0.726781228461
1040,0.70405494008,0.723611151607
1041,0.703842871398,0.722873071617
1042,0.705932886001,0.725198599865
1043,0.707680325766,0.727280711977
1044,0.715524674594,0.734932174016
1045,0.714130577761,0.733408270095
1046,0.712438413655,0.731464822225
1047,0.712644509466,0.732061641523
1048,0.714259357189,0.734382707666
1049,0.716687173397,0.737622301173
1050,0.718280743049,0.740019522596
1051,0.71788802104,0.739993704308
1052,0.714392167779,0.736224398814
1053,0.710090047014,0.731518236006
1054,0.705733623014,0.726784376854
1055,0.701971682407,0.722775475121
1056,0.697603970683,0.717881840762
1057,0.675817867771,0.691049481103
1058,0.690530278104,0.710498019455
1059,0.68455998133,0.703974903966
1060,0.679470851963,0.698723635158
1061,0.673640876822,0.692670711155
1062,0.667680770657,0.686423418431
1063,0.661979168922,0.680418955835
1064,0.655357091965,0.673239687582
1065,0.648458217846,0.665701909985
1066,0.641579698513,0.65820835102
1067,0.634101508453,0.650107842971
1068,0.627349815978,0.64300575498
1069,0.621836635914,0.637604190211
1070,0.616783923369,0.632676748225
1071,0.612900043517,0.628978410481
1072,0.608064569825,0.624203257157
1073,0.602249773568,0.618186180456
1074,0.595189807312,0.610688347448
1075,0.588513601398,0.603679748561
1076,0.58224728829,0.597209439034
1077,0.576048575791,0.590785501203
1078,0.569474539808,0.583768997799
1079,0.562133867033,0.575710820529
1080,0.554969774059,0.567840073488
1081,0.547897038103,0.560101281806
1082,0.540788637486,0.552263396365
1083,0.533184366257,0.543980068588
1084,0.526816923242,0.536956082388
1085,0.52078262938,0.530402089039
1086,0.516472673873,0.526060074279
1087,0.514074549025,0.523989566823
1088,0.512189593944,0.52243314404
1089,0.509932291479,0.520418499909
1090,0.507060234698,0.51749504002
1091,0.503522566593,0.51368593227
1092,0.500127360301,0.510039709599
1093,0.497193317911,0.506909604826
1094,0.495062637954,0.504644551266
1095,0.493656895278,0.503159475295
1096,0.492841533154,0.502352608831
1097,0.492575625498,0.502190852652
1098,0.493257901342,0.503064109916
1099,0.493639948366,0.503532638826
1100,0.493250908331,0.503060921044
1101,0.492835968059,0.502454943807
1102,0.492826053477,0.50233407564
1103,0.493607713577,0.503124012121
1104,0.494971209775,0.504534252623
1105,0.497076476078,0.506801706149
1106,0.500183507619,0.510097612537
1107,0.50344143996,0.513579929009
1108,0.507135816469,0.517583677834
1109,0.509893144499,0.520371970662
1110,0.512187041208,0.522443385542
1111,0.514275430774,0.524169986135
1112,0.516787905419,0.526384697811
1113,0.520709464942,0.530313490035
1114,0.526720677609,0.536868621745
1115,0.533264053088,0.544046513025
1116,0.540604151234,0.552073742552
1117,0.548224657716,0.560439710522
1118,0.554797686862,0.567643510898
1119,0.562175287613,0.575726960322
1120,0.569528656744,0.583822498076
1121,0.576184337296,0.590919807034
1122,0.582246435415,0.597181728418
1123,0.588565651716,0.603740948266
1124,0.595237554266,0.610735964134
1125,0.602170942515,0.618098826155
1126,0.608282295421,0.624412929132
1127,0.612644455358,0.628717609767
1128,0.616856101883,0.632744708666
1129,0.621771792757,0.637548557605
1130,0.627206585588,0.64285792793
1131,0.634065919944,0.650052668784
1132,0.641727640153,0.658346312033
1133,0.648619811533,0.665876521402
1134,0.655171764434,0.673048211019
1135,0.661798050441,0.680230610729
1136,0.667650843053,0.686433546662
1137,0.673769293394,0.692784102877
1138,0.679240660935,0.69849203732
1139,0.684885055038,0.704265521404
1140,0.69051505934,0.710465213634
1141,0.675763021662,0.69100267365
1142,0.697238047553,0.717527832851
1143,0.70189521395,0.722675186883
1144,0.705887088164,0.726953338342
1145,0.710207092939,0.731623361733
1146,0.714889488136,0.736751769387
1147,0.718041334473,0.740126188423
1148,0.718530571104,0.740256233489
1149,0.71672623984,0.737663638417
1150,0.714464550461,0.734557901299
1151,0.712738063558,0.732155790635
1152,0.712659922487,0.731676517779
1153,0.714535289494,0.733802096348
1154,0.715799168917,0.735215832148
1155,0.716540691138,0.735254831536
1156,0.715878811116,0.734536262883
1157,0.714946139696,0.733558312028
1158,0.715335571239,0.73439904946
1159,0.716172601999,0.735872965223
1160,0.717747680399,0.738181698826
1161,0.720058287369,0.741320255212
1162,0.720742793819,0.742729952304
1163,0.71953219393,0.741763828468
1164,0.715499418615,0.737339016181
1165,0.71114362507,0.732555794614
1166,0.706769840995,0.727843295602
1167,0.702675299394,0.723535069208
1168,0.690541512298,0.708050973825
1169,0.692083953099,0.711459141294
1170,0.69053695379,0.710419851672
1171,0.684958247769,0.704522455063
1172,0.679149120893,0.698545059399
1173,0.672896215821,0.692016730888
1174,0.666847481754,0.685667565519
1175,0.660430499011,0.678738904061
1176,0.653691508325,0.671418422457
1177,0.646990044681,0.664092396865
1178,0.639446956346,0.655855209147
1179,0.631364017036,0.647038775683
1180,0.624088476482,0.639294392902
1181,0.618388169862,0.633547291553
1182,0.613477571647,0.628686262199
1183,0.610089551592,0.625787933983
1184,0.605140792478,0.620891185987
1185,0.599160238911,0.614784055111
1186,0.593035259879,0.608465601928
1187,0.585828066327,0.600777194868
1188,0.580870194847,0.595989032243
1189,0.575365081428,0.590439851096
1190,0.568678820388,0.583198058328
1191,0.560677381188,0.574330768623
1192,0.552261864946,0.564909239821
1193,0.54501287767,0.556941504345
1194,0.536851159791,0.547953093201
1195,0.52984617037,0.540250804028
1196,0.523397083841,0.533231730583
1197,0.518449848361,0.528019476963
1198,0.515327109453,0.525076969504
1199,0.513154190925,0.523274793152
1200,0.510776218422,0.521180381653
1201,0.507909091502,0.518429096864
1202,0.505002581857,0.515490698986
1203,0.501691697259,0.512044832643
1204,0.498351990579,0.508556200993
1205,0.495774589215,0.505763734425
1206,0.493650021836,0.503367959271
1207,0.493314627831,0.503307277605
1208,0.492278882379,0.502218651031
1209,0.491001128375,0.500723903463
1210,0.490100360821,0.499396930149
1211,0.489993341407,0.499292893579
1212,0.491376404772,0.501086570781
1213,0.4923381458,0.502284353751
1214,0.493301276778,0.503288385911
1215,0.493410306601,0.503124336986
1216,0.495887347672,0.505877604285
1217,0.498558167018,0.508747795053
1218,0.501818600249,0.512171118279
1219,0.504776823641,0.515273755211
1220,0.507955183134,0.518473975247
1221,0.510758422692,0.521149208333
1222,0.512957323377,0.523082872951
1223,0.515298821404,0.52504921814
1224,0.518471526103,0.528027490355
1225,0.523490600526,0.533339675157
1226,0.52976239638,0.540174480748
1227,0.536724567723,0.547806073815
1228,0.545116346059,0.557049686772
1229,0.552267105265,0.564935005062
1230,0.560853133062,0.574524808938
1231,0.568590510266,0.583109107863
1232,0.57552701454,0.59061853193
1233,0.580917667227,0.596028436694
1234,0.585866595455,0.600834860721
1235,0.593150123086,0.608600695032
1236,0.59936591535,0.614985147797
1237,0.604994646673,0.620736601489
1238,0.609994282027,0.62570738382
1239,0.613303946869,0.628496937612
1240,0.618834456138,0.633994862327
1241,0.624274870217,0.639479678641
1242,0.631445095403,0.647139877443
1243,0.639607588519,0.656049008312
1244,0.647088161095,0.664175667843
1245,0.653706306183,0.671460245678
1246,0.660547097299,0.678874957976
1247,0.666903044213,0.685713360999
1248,0.673163575686,0.69229541525
1249,0.679413456242,0.698829974054
1250,0.684897052464,0.704493731574
1251,0.690374791247,0.710262521297
1252,0.691877176079,0.711258623006
1253,0.69065467254,0.708182170778
1254,0.702951972647,0.723796145058
1255,0.706734950496,0.727773024031
1256,0.711236251468,0.732653556956
1257,0.71542374163,0.737283052205
1258,0.719572686081,0.7417788136
1259,0.720732867189,0.742736055247
1260,0.719933246577,0.741204049846
1261,0.717656885709,0.73809235461
1262,0.716043132524,0.735742282005
1263,0.715443652893,0.734499437348
1264,0.714793656357,0.733376844833
1265,0.716182720616,0.734831736733
1266,0.488138971922,0.503789227554
1267,0.594894459477,0.61394905862
1268,0.713664370425,0.735692998388
1269,0.712338432943,0.734393706166
1270,0.591905869937,0.610371373031
1271,0.487978665253,0.503745725474
1272,0.594159318157,0.613618800788
1273,0.714667938029,0.737928878626
1274,0.704679651467,0.726403449651
1275,0.584304894068,0.601791507911
1276,0.479973969785,0.494408712117
1277,0.589227373832,0.608557161092
1278,0.701983763039,0.724296807609
1279,0.690443179373,0.71084755789
1280,0.571910711557,0.587571597589
1281,0.474022466609,0.487545514578
1282,0.572163460981,0.588346147702
1283,0.664194756358,0.679000950606
1284,0.675692301187,0.695096653938
1285,0.565099194645,0.580801050696
1286,0.465971712855,0.479039969876
1287,0.559213680269,0.57456003683
1288,0.663436685888,0.68201292982
1289,0.659226152822,0.678768626209
1290,0.559454772604,0.57659973558
1291,0.460711510293,0.473924851265
1292,0.548271572725,0.563333641581
1293,0.641660750206,0.658940891374
1294,0.634896445659,0.652609254988
1295,0.542190731021,0.55802263955
1296,0.451755722573,0.464313180772
1297,0.538446806374,0.553473757166
1298,0.621526553376,0.63880345183
1299,0.61182455966,0.628403224966
1300,0.525317087172,0.540243894746
1301,0.44562798422,0.457751887223
1302,0.526826394919,0.541596779454
1303,0.600828147028,0.61788659619
1304,0.590658768949,0.606949681757
1305,0.50993120953,0.524083515071
1306,0.437719804529,0.449081241858
1307,0.50989843685,0.523093157653
1308,0.571060166531,0.585873669837
1309,0.561189901392,0.575077663035
1310,0.485908912003,0.497057613759
1311,0.424422047208,0.4339720883
1312,0.490782356592,0.501675905655
1313,0.539089498584,0.550164245636
1314,0.531543485828,0.542154956402
1315,0.46624730231,0.475140108189
1316,0.417683316472,0.426188110983
1317,0.475109618653,0.484104124326
1318,0.512904867021,0.521484289647
1319,0.506803062363,0.515350317692
1320,0.452806439516,0.461611182592
1321,0.416023891399,0.424460004705
1322,0.4669534757,0.475690212081
1323,0.501681941344,0.511031468233
1324,0.49584848543,0.505455667338
1325,0.447049052131,0.457043954726
1326,0.41479238828,0.422943267038
1327,0.467358096771,0.476483350059
1328,0.494050314376,0.503439046072
1329,0.481926641732,0.491063975402
1330,0.435854968017,0.445427901122
1331,0.420980422486,0.429608350656
1332,0.468034964092,0.477323257693
1333,0.490433495252,0.500174266808
1334,0.474427916281,0.483913486103
1335,0.429465121708,0.438905504698
1336,0.429677652333,0.439121010435
1337,0.474551213535,0.484029353529
1338,0.49027070913,0.500013507037
1339,0.467977656315,0.477267801168
1340,0.420944219208,0.429571536839
1341,0.43618272986,0.445751450834
1342,0.482089134638,0.491243426461
1343,0.493969014318,0.50335388555
1344,0.467267242914,0.476399288628
1345,0.414773823548,0.422921765779
1346,0.447058084495,0.457041610043
1347,0.49578915358,0.50538312792
1348,0.501753971769,0.511107983409
1349,0.46712638217,0.475857902778
1350,0.415898700799,0.424333939785
1351,0.452986014434,0.461784972617
1352,0.506964306011,0.5155035665
1353,0.512860673245,0.521453558017
1354,0.474991033793,0.483999113552
1355,0.418035188745,0.426545817452
1356,0.466286172634,0.47518065105
1357,0.531698727475,0.542310990497
1358,0.539028853113,0.550112139803
1359,0.491074047219,0.501978722312
1360,0.424587025272,0.434144262152
1361,0.485925267801,0.497043849189
1362,0.561003242395,0.574880770209
1363,0.571034908152,0.585815917446
1364,0.510125662546,0.523347283581
1365,0.437660464885,0.449023967954
1366,0.509919522108,0.524079136145
1367,0.5903995735,0.606677268864
1368,0.600867787222,0.617881772105
1369,0.526590803847,0.541372103136
1370,0.445646970886,0.457747880819
1371,0.525355547003,0.540264821518
1372,0.611473543692,0.628055910865
1373,0.621737944886,0.639015156149
1374,0.538566852645,0.553612691029
1375,0.452072714747,0.46465837376
1376,0.542147210768,0.55799904126
1377,0.634901770788,0.652595744406
1378,0.641683993862,0.658987931215
1379,0.548430351914,0.563457152518
1380,0.460730140951,0.473954850202
1381,0.559368031084,0.57653254316
1382,0.659380141842,0.678917344756
1383,0.663242067006,0.681812806231
1384,0.559258119391,0.574599933817
1385,0.466136291847,0.479212843031
1386,0.564932564012,0.580653965222
1387,0.675644125328,0.695056221168
1388,0.664495301813,0.679329227608
1389,0.572164891124,0.58835454688
1390,0.473763210196,0.487261658753
1391,0.571950312283,0.587590950694
1392,0.690512477177,0.71094456102
1393,0.702368637849,0.724676388732
1394,0.589710499287,0.609058120845
1395,0.480029798694,0.494463500325
1396,0.584160684624,0.601640332166
1397,0.704657559187,0.726416881943
1398,0.714580658308,0.737822500743
1399,0.594551801691,0.61402754594
1400,0.488057323204,0.503813516064
1401,0.591772153782,0.610235118433
1402,0.712886254727,0.734925374739
1403,0.713583896541,0.735621513299
1404,0.594780902085,0.613835011081
1405,0.688790585656,0.708629260989
1406,0.687508585147,0.707096566815
1407,0.685761239328,0.705023781179
1408,0.684022653476,0.703006750261
1409,0.683639075905,0.702659243628
1410,0.684702830847,0.704189097273
1411,0.685976850448,0.706063100598
1412,0.687522327067,0.708149062947
1413,0.68780546599,0.708837032079
1414,0.686241924611,0.707217899644
1415,0.6829542777,0.703599588572
1416,0.679244623201,0.69958445069
1417,0.676744015541,0.697015691107
1418,0.674707100992,0.694969669368
1419,0.672393232509,0.69259467104
1420,0.669732362331,0.689874535706
1421,0.657101682746,0.674071529235
1422,0.659350745194,0.677947233676
1423,0.657632083192,0.676492770872
1424,0.652974886917,0.671358795017
1425,0.648934389672,0.667224490635
1426,0.644129358932,0.662231388349
1427,0.639853207382,0.657775195333
1428,0.635604018091,0.653225441407
1429,0.631481405626,0.648926006948
1430,0.626926479944,0.644110950587
1431,0.622070367707,0.638931945259
1432,0.617092736356,0.63339584697
1433,0.611573602729,0.627322414033
1434,0.60701932548,0.622554939222
1435,0.603799463852,0.61947120244
1436,0.600203881056,0.616070494609
1437,0.597480277744,0.613552675722
1438,0.593802079517,0.610042705585
1439,0.590074304382,0.606287112896
1440,0.586080479355,0.602185376563
1441,0.581498272153,0.597450846668
1442,0.577465866302,0.593307179455
1443,0.572781768452,0.588522416042
1444,0.568087030545,0.583691716499
1445,0.562894562263,0.578238050201
1446,0.556879217469,0.571823584437
1447,0.551493486227,0.565941631332
1448,0.544831621975,0.558562467104
1449,0.538602472308,0.551641489225
1450,0.533070102499,0.545464359759
1451,0.527207179957,0.538923325879
1452,0.522047108715,0.533270961275
1453,0.516709582558,0.527423480449
1454,0.511229272244,0.5214108867
1455,0.505962147143,0.515692673515
1456,0.500449381045,0.509623451883
1457,0.495955519682,0.504859643834
1458,0.492579781571,0.501475015525
1459,0.49042093388,0.499602858907
1460,0.488545034436,0.498007873722
1461,0.486682093922,0.496372772372
1462,0.485521473676,0.495386986491
1463,0.484406597917,0.494395572253
1464,0.482490291829,0.492465448836
1465,0.480611392309,0.490469846754
1466,0.477686944922,0.487311150785
1467,0.475640227651,0.485165963199
1468,0.474807677041,0.484420533728
1469,0.474276317844,0.484035211894
1470,0.473563087316,0.4833980012
1471,0.473107220007,0.48297982982
1472,0.473088010332,0.483003098162
1473,0.473163273341,0.483096526753
1474,0.473480458681,0.483428842284
1475,0.473309593813,0.483248128554
1476,0.473076632391,0.483007411328
1477,0.473299665869,0.483159938987
1478,0.473887940098,0.483716566652
1479,0.474231462273,0.483992178184
1480,0.474662723694,0.484271694952
1481,0.475801636093,0.485351809026
1482,0.477552794259,0.48718535346
1483,0.480188141602,0.490054486267
1484,0.482384547668,0.492366852826
1485,0.484452825366,0.494436021103
1486,0.485402800847,0.49525221733
1487,0.486724481001,0.496413562582
1488,0.488624034266,0.498070393711
1489,0.490373191769,0.499569328803
1490,0.492476152813,0.501367193424
1491,0.496078768741,0.504973135768
1492,0.500339366553,0.509512096812
1493,0.506035132582,0.515767989149
1494,0.511059434281,0.521257364664
1495,0.516554120705,0.527277066521
1496,0.522166485694,0.533389532012
1497,0.526866470257,0.538568515358
1498,0.532799996606,0.545204206657
1499,0.538645093341,0.551659169721
1500,0.544718272003,0.558442585831
1501,0.55112965796,0.565598535334
1502,0.557039964427,0.571991762137
1503,0.562708027375,0.578064703394
1504,0.567900499099,0.583523285834
1505,0.572819629043,0.588558039117
1506,0.577348480427,0.593208277798
1507,0.581581161754,0.597508547334
1508,0.58615828794,0.602250023789
1509,0.590276278567,0.606501447831
1510,0.594086174045,0.610345156559
1511,0.597223140054,0.613295498807
1512,0.600257885115,0.616128036392
1513,0.603541984528,0.619209403405
1514,0.607164418205,0.622720214658
1515,0.611927082367,0.627697349605
1516,0.616901077206,0.633193079209
1517,0.621948899076,0.638811874066
1518,0.627151718318,0.644329434404
1519,0.631416021306,0.648880090427
1520,0.635364521271,0.652999387755
1521,0.640016312628,0.657916395994
1522,0.644197545595,0.662277870831
1523,0.648719676763,0.666989088397
1524,0.65294405522,0.671288413839
1525,0.657674454857,0.676508502683
1526,0.659198663622,0.677811333115
1527,0.657334977435,0.674348583671
1528,0.669667756612,0.689808399248
1529,0.671956481953,0.692152454394
1530,0.674554676646,0.694815963366
1531,0.676977026631,0.697262406099
1532,0.679725521305,0.700113701584
1533,0.682855903833,0.703539438958
1534,0.686393320375,0.707390548104
1535,0.688046210895,0.709088771145
1536,0.687386448271,0.707982733463
1537,0.685785993951,0.705878963596
1538,0.684836360995,0.704341430304
1539,0.68374738984,0.702795147828
1540,0.684144271105,0.703115654015
1541,0.685952091222,0.705206830294
1542,0.687288053727,0.70686535073
1543,0.688909047567,0.708740445201
1544,0.686302568029,0.705400441404
1545,0.685975494248,0.705014204896
1546,0.684932326501,0.703743811262
1547,0.683703671006,0.702285389581
1548,0.682921013792,0.701454032205
1549,0.683640996526,0.702572921708
1550,0.684752314302,0.704218702808
1551,0.686089706872,0.706130952765
1552,0.686123997282,0.706551668433
1553,0.685493279576,0.706168162905
1554,0.682529944535,0.702994233029
1555,0.679311500428,0.699423080585
1556,0.676185542758,0.695983982341
1557,0.673791111727,0.693410627889
1558,0.670910230086,0.690353405791
1559,0.668673159582,0.688037587607
1560,0.660529660827,0.677935131817
1561,0.647246128885,0.66211218989
1562,0.659110417216,0.677807636171
1563,0.654189646584,0.672408791941
1564,0.649627141714,0.667567370605
1565,0.645255325984,0.66311414608
1566,0.641357302285,0.659138227369
1567,0.637175962759,0.654840023579
1568,0.633201295226,0.650683726752
1569,0.628969896412,0.646157716583
1570,0.624022509371,0.640837382288
1571,0.618895928511,0.635165422541
1572,0.613457055338,0.62918635882
1573,0.607889062741,0.623173379813
1574,0.603408085283,0.618599973713
1575,0.599456657905,0.614828465941
1576,0.595615250967,0.611122427097
1577,0.592137433636,0.607773192095
1578,0.58887374238,0.604633083676
1579,0.584946957844,0.600677270967
1580,0.581136301101,0.596758626732
1581,0.576653196021,0.592196653877
1582,0.571710442274,0.587148600778
1583,0.566829394243,0.58206621654
1584,0.561176951257,0.576112577809
1585,0.555717797627,0.570338426714
1586,0.550045817602,0.564255247099
1587,0.544137399496,0.557766801237
1588,0.538169948352,0.551069247498
1589,0.532497010843,0.544757153433
1590,0.526963251254,0.538664886533
1591,0.52156455555,0.532729422909
1592,0.516502190778,0.527155488738
1593,0.511124918813,0.521278980707
1594,0.505926626972,0.515634015828
1595,0.500440342765,0.509692435307
1596,0.495614455614,0.504487184221
1597,0.492057351888,0.500839867851
1598,0.489705136969,0.498717809517
1599,0.487861974887,0.497182259814
1600,0.486088920881,0.495718502666
1601,0.485154966268,0.494938628315
1602,0.483532253817,0.493389716482
1603,0.481344559381,0.491136320276
1604,0.47881744833,0.488405961466
1605,0.47610580461,0.485437233473
1606,0.473981583877,0.483165733799
1607,0.472706991434,0.481971195916
1608,0.47196148385,0.481310022641
1609,0.471520678245,0.480951719932
1610,0.471247305596,0.480830954935
1611,0.471422781884,0.481094132532
1612,0.471894546151,0.481660899607
1613,0.472414457384,0.482222096378
1614,0.472342646961,0.482149110385
1615,0.471838689944,0.481617536381
1616,0.471414862232,0.481093465959
1617,0.471307160274,0.48088326228
1618,0.471400037105,0.480836180128
1619,0.471870697017,0.481209376884
1620,0.472713567533,0.481953949385
1621,0.473957182529,0.483154595742
1622,0.47596641807,0.485296858247
1623,0.478960334753,0.488547620532
1624,0.481277799894,0.49107448876
1625,0.483313200807,0.49319368114
1626,0.485035924025,0.494834452919
1627,0.486377760956,0.495981945742
1628,0.487844933189,0.497169644076
1629,0.489760679314,0.498774422606
1630,0.492035687885,0.500823546768
1631,0.495651550897,0.504514258814
1632,0.500579868649,0.509840489989
1633,0.505784075998,0.515469751675
1634,0.5112487339,0.521418985441
1635,0.516288069473,0.526941821492
1636,0.52181618258,0.532993013995
1637,0.527243617993,0.538932956239
1638,0.532250939873,0.544511081907
1639,0.53808716453,0.550990892408
1640,0.544258226354,0.557875160934
1641,0.550245617778,0.564467240478
1642,0.555743017148,0.570389860169
1643,0.561098098476,0.5760250862
1644,0.566613026672,0.581855735764
1645,0.571705357479,0.587136327008
1646,0.576704390624,0.592268806876
1647,0.58097966698,0.596601759413
1648,0.585073241728,0.600805854491
1649,0.588833921959,0.604595296733
1650,0.592335687014,0.607995548579
1651,0.595884962337,0.611394917764
1652,0.599886494913,0.615294379532
1653,0.603039435416,0.618251814846
1654,0.608135782487,0.623441041226
1655,0.613382558973,0.629105091966
1656,0.618835224493,0.635114336745
1657,0.624168457589,0.640983838862
1658,0.628952366146,0.646131519114
1659,0.633460645388,0.650908556648
1660,0.637215146745,0.654879998612
1661,0.640860625254,0.658622848173
1662,0.645219342143,0.663092130492
1663,0.649244524154,0.667176649348
1664,0.654062376483,0.672254559144
1665,0.658808487689,0.677526391296
1666,0.647315138591,0.662157993557
1667,0.66068748069,0.678080989086
1668,0.668521408809,0.687869673283
1669,0.670872941584,0.690328803951
1670,0.673850064059,0.69348831867
1671,0.676576770341,0.69641213183
1672,0.67952280474,0.699643797037
1673,0.682578315356,0.703016635377
1674,0.685601990868,0.706268590877
1675,0.686046296641,0.706486615516
1676,0.686027027373,0.706058300665
1677,0.684658240849,0.704109340394
1678,0.683375831398,0.702301634609
1679,0.6831249511,0.701634308856
1680,0.683884816107,0.702490483222
1681,0.685035290936,0.703866575808
1682,0.68581599818,0.704820534191
1683,0.677988600662,0.696547344921
1684,0.677885356034,0.696429547596
1685,0.67665734611,0.694963890623
1686,0.675289294768,0.693426877859
1687,0.675733203484,0.694174432382
1688,0.67645104146,0.695339357682
1689,0.67768985503,0.697117530683
1690,0.678541799354,0.698487251432
1691,0.678551134749,0.698827828294
1692,0.676543332508,0.6968869452
1693,0.673565809042,0.693558408468
1694,0.670084538419,0.689698068478
1695,0.667524131621,0.686931140822
1696,0.665212152669,0.684469629211
1697,0.663016237769,0.682212400093
1698,0.660677174867,0.679828146447
1699,0.651976417325,0.668908257477
1700,0.654552623429,0.673253508633
1701,0.650799971472,0.669176395688
1702,0.646068280376,0.66399999886
1703,0.641997270783,0.659863722833
1704,0.638083010773,0.655829414887
1705,0.6340128579,0.651654396647
1706,0.630425251491,0.647897171533
1707,0.626142445962,0.643360974499
1708,0.621626192561,0.638492332319
1709,0.61619793554,0.632517682708
1710,0.61101041799,0.626866678372
1711,0.605827652008,0.621227419118
1712,0.600098224798,0.615122459593
1713,0.596058888141,0.611049370548
1714,0.592170653624,0.607286805094
1715,0.588001174522,0.603209769264
1716,0.584977098897,0.600296214591
1717,0.58191440746,0.597340410998
1718,0.578001924024,0.593360591193
1719,0.573482603743,0.588696852045
1720,0.568785281233,0.583901115324
1721,0.563842185864,0.578652803472
1722,0.558751902063,0.573245635589
1723,0.553221600832,0.567485925464
1724,0.548141355372,0.562097614299
1725,0.54256276757,0.556094123541
1726,0.537433599034,0.550410254733
1727,0.531391155486,0.543687504664
1728,0.526035981592,0.537737616793
1729,0.520977107569,0.53216730138
1730,0.515709500705,0.526409679447
1731,0.510510934564,0.520704211242
1732,0.505315777893,0.515073051787
1733,0.500567711916,0.509901652975
1734,0.495805633194,0.504748217151
1735,0.491661282492,0.500382228824
1736,0.488900862229,0.497732030323
1737,0.487199533496,0.49638075174
1738,0.485568527987,0.495018439133
1739,0.484156328219,0.493809291211
1740,0.482265661715,0.491967682434
1741,0.480187339909,0.489832965184
1742,0.477709045954,0.487129202272
1743,0.474895796824,0.484050564939
1744,0.472517662077,0.481517356924
1745,0.471247294378,0.480232302436
1746,0.469931926257,0.478936199844
1747,0.468987955103,0.478000967444
1748,0.468710943914,0.477845547429
1749,0.469146294576,0.478472365314
1750,0.469537784895,0.479024880852
1751,0.470363795423,0.479971518702
1752,0.4706795892,0.480368239306
1753,0.470051411269,0.47965525557
1754,0.469510113157,0.478991673049
1755,0.469021038964,0.478325661504
1756,0.468732389622,0.477863971815
1757,0.469088637656,0.478111075581
1758,0.469856026412,0.478855332767
1759,0.47104877291,0.48003291531
1760,0.472576087443,0.481582650969
1761,0.47491770733,0.484067720159
1762,0.477743937372,0.487160125555
1763,0.479995838269,0.489633423085
1764,0.482368335924,0.492075139826
1765,0.484154692591,0.493801371005
1766,0.485661149068,0.495118096329
1767,0.487154252347,0.496333012622
1768,0.488890645812,0.497732829599
1769,0.49164402087,0.500360224458
1770,0.49563023183,0.504571556968
1771,0.500503295006,0.509853072334
1772,0.505538108445,0.515281183622
1773,0.510504968426,0.520699047848
1774,0.515978850838,0.526677949379
1775,0.520889831133,0.532084129346
1776,0.525877443859,0.53758415343
1777,0.531481959906,0.543770976008
1778,0.537489415715,0.550439631884
1779,0.542744685971,0.556238889834
1780,0.54811511458,0.562063246691
1781,0.553257230585,0.567509292492
1782,0.558306037871,0.572783936337
1783,0.563847393679,0.578658387131
1784,0.56906643465,0.584183211106
1785,0.573635374231,0.588865226665
1786,0.577820986912,0.593168303107
1787,0.58172383943,0.597134519563
1788,0.584982508241,0.600285981478
1789,0.588402532118,0.603605511078
1790,0.592049123029,0.607153931235
1791,0.595758180296,0.610751691956
1792,0.600542933328,0.615572981935
1793,0.605896169485,0.621303350996
1794,0.611093282717,0.626933661861
1795,0.616223360706,0.632547981873
1796,0.621463573339,0.638331542516
1797,0.626203505666,0.643406044766
1798,0.630314837532,0.647811606707
1799,0.633780126079,0.651410981675
1800,0.637861811869,0.655628239564
1801,0.642195384865,0.660083804113
1802,0.64585590259,0.663804293656
1803,0.650593268829,0.66895258394
1804,0.654397345299,0.67310380509
1805,0.651537358216,0.668458224988
1806,0.660388346298,0.679512734085
1807,0.662704707482,0.681863843172
1808,0.665422212628,0.684696616321
1809,0.667596162839,0.687004618517
1810,0.670414012077,0.690057751696
1811,0.67350284855,0.693491107427
1812,0.676681905565,0.697001360308
1813,0.67833254907,0.698592632979
1814,0.678388597585,0.698328256589
1815,0.677880028134,0.697316186331
1816,0.676303000924,0.695186405635
1817,0.675678705893,0.694107459832
1818,0.67551896291,0.693650608308
1819,0.676581223965,0.694876770009
1820,0.677697765139,0.696188179249
1821,0.67831169833,0.696875886428
1822,0.659715471019,0.67761714574
1823,0.659561803905,0.677474255136
1824,0.658946163043,0.67677375324
1825,0.65777867094,0.675430226349
1826,0.658184362423,0.676080908184
1827,0.658334731879,0.67658419451
1828,0.659457552024,0.678148227098
1829,0.660238658771,0.679385284787
1830,0.660772294099,0.68031894609
1831,0.660217298325,0.6799468802
1832,0.658013496023,0.677732409603
1833,0.655328906811,0.674710729576
1834,0.652417278584,0.671468639686
1835,0.649879152316,0.668750660389
1836,0.647529221627,0.66628872093
1837,0.645821022433,0.664551456305
1838,0.638281448046,0.655188774418
1839,0.639187295094,0.657222071012
1840,0.637812862753,0.656042055508
1841,0.63381425228,0.651652331838
1842,0.630112301778,0.647793138821
1843,0.626653723469,0.644259867225
1844,0.622985065751,0.640496322364
1845,0.619089143337,0.636397524372
1846,0.615300173831,0.632336595366
1847,0.610858263673,0.627545400844
1848,0.606496747382,0.622814676365
1849,0.601874332811,0.617760989598
1850,0.597016771258,0.612479152344
1851,0.592254820296,0.607290763848
1852,0.587273442538,0.601916297553
1853,0.582797602097,0.597337542074
1854,0.579341527283,0.594010496718
1855,0.576026984579,0.590667617666
1856,0.572301273147,0.586923632397
1857,0.568693240793,0.583184204077
1858,0.56507461164,0.579532002682
1859,0.562321924452,0.577022711749
1860,0.557923833209,0.572515804021
1861,0.553171706037,0.567607083245
1862,0.548870306978,0.563128485443
1863,0.544048529107,0.558089671771
1864,0.538549945611,0.552060645097
1865,0.534322828521,0.547568491772
1866,0.52957001545,0.542456247736
1867,0.523700843655,0.535869106524
1868,0.518057550471,0.529560104292
1869,0.5130809273,0.524038888517
1870,0.507619430538,0.517959487237
1871,0.502187573865,0.51199601594
1872,0.497633758047,0.507008865819
1873,0.493287785482,0.502293588485
1874,0.489151122056,0.497868115691
1875,0.486433239162,0.495154329556
1876,0.484623548196,0.49362370327
1877,0.483110487356,0.492399947802
1878,0.481671113748,0.491162402948
1879,0.480106323972,0.489725277278
1880,0.478213911336,0.48786419536
1881,0.476263782366,0.485874167233
1882,0.474108843093,0.483517305726
1883,0.47286699401,0.482362153916
1884,0.470982871603,0.480396140218
1885,0.469627915273,0.478925849915
1886,0.468012364103,0.477152479116
1887,0.467049463127,0.476081726638
1888,0.465884295605,0.474687887801
1889,0.465822652502,0.474775277847
1890,0.467477941382,0.47692284846
1891,0.468003106849,0.477547934865
1892,0.467982405054,0.477521227858
1893,0.46725222154,0.476721105469
1894,0.465888237728,0.474830744879
1895,0.465635799144,0.474431999955
1896,0.466981668266,0.476018696736
1897,0.467886132955,0.477023003713
1898,0.469659941982,0.478963916804
1899,0.471253299732,0.480658548917
1900,0.472798158547,0.482276384877
1901,0.474162566955,0.483559556993
1902,0.476416132327,0.486022232808
1903,0.478383781845,0.488027417177
1904,0.480246697238,0.489874687897
1905,0.481713560887,0.49120358382
1906,0.483031524136,0.492320525983
1907,0.484660562409,0.493659728552
1908,0.486494190704,0.495224726916
1909,0.489308462167,0.498020272835
1910,0.493258054538,0.502265025645
1911,0.497504783801,0.506877335849
1912,0.502249869326,0.51206624909
1913,0.507373990169,0.517705250482
1914,0.512865731994,0.523820062163
1915,0.518206156435,0.529727445388
1916,0.523421434574,0.535588273977
1917,0.529529845674,0.542420865244
1918,0.53434257462,0.547611973991
1919,0.538567399811,0.552088480367
1920,0.544142489101,0.558187898267
1921,0.548809279726,0.563088679302
1922,0.553584332358,0.568017450472
1923,0.557813060058,0.572388772211
1924,0.562313847139,0.577022232725
1925,0.565491970641,0.579969096832
1926,0.568659004286,0.583128939585
1927,0.572582053244,0.587215468521
1928,0.575939883478,0.590582227689
1929,0.579313819035,0.593971082955
1930,0.582791674501,0.597318272547
1931,0.58741193563,0.602052681986
1932,0.592091983904,0.607115071
1933,0.597123781796,0.61260123329
1934,0.601717504985,0.617623621896
1935,0.60649198697,0.622810896604
1936,0.610855430758,0.62753851848
1937,0.614974619372,0.632011695496
1938,0.618968382435,0.636286417524
1939,0.622777681696,0.640255536273
1940,0.626829453198,0.644404385747
1941,0.630152423244,0.64780470118
1942,0.63390454043,0.651736028065
1943,0.637666795591,0.655882000845
1944,0.639119404879,0.657158307254
1945,0.638080572422,0.654951545559
1946,0.645952168398,0.664671623264
1947,0.647670323359,0.666444392644
1948,0.650105548552,0.668993946688
1949,0.652416268224,0.671440873481
1950,0.65534772859,0.674729273028
1951,0.658120195203,0.67783266189
1952,0.659988976306,0.679727574731
1953,0.66075354651,0.680302610208
1954,0.660414074801,0.67958063597
1955,0.659448408278,0.678152611727
1956,0.658341389605,0.676587255516
1957,0.658035624137,0.675883099711
1958,0.658236587244,0.675887436563
1959,0.658857040574,0.676692660532
1960,0.659631990035,0.677536949592
1961,0.410427279361,0.423564875941
1962,0.507294132781,0.52355925887
1963,0.619200182196,0.638206182257
1964,0.6954006512,0.716316035482
1965,0.641495441776,0.661216481078
1966,0.528115528372,0.544735652497
1967,0.417135739019,0.430590818574
1968,0.483782910676,0.499643424545
1969,0.596704751281,0.615765927473
1970,0.687993460881,0.709415312099
1971,0.654093676831,0.673900307555
1972,0.542917435638,0.559189579539
1973,0.426087296131,0.438806865261
1974,0.455402148282,0.470343449505
1975,0.570672705989,0.589369588608
1976,0.663443044484,0.683509802419
1977,0.655435212909,0.67434150054
1978,0.556323909514,0.57200473981
1979,0.441425882069,0.453632604754
1980,0.424865816584,0.437649445545
1981,0.536288544963,0.552712975158
1982,0.632621626123,0.650750244501
1983,0.651086293256,0.669401399582
1984,0.569547986303,0.585666500781
1985,0.457025476007,0.47018198151
1986,0.401770181336,0.413406700902
1987,0.500620209939,0.514627759764
1988,0.598409134254,0.61523102863
1989,0.638738976112,0.656701335706
1990,0.580507362124,0.598040765893
1991,0.473650605056,0.488382696336
1992,0.388778779822,0.399973237362
1993,0.469930681558,0.483350381131
1994,0.565439883748,0.581273073871
1995,0.614024261009,0.629883057392
1996,0.574859375259,0.590567595093
1997,0.481243490076,0.495329232457
1998,0.384754031614,0.395472043091
1999,0.442329892467,0.454969520078
2000,0.537524830577,0.553250910941
2001,0.593178403718,0.609437665697
2002,0.570619118156,0.586288338923
2003,0.486293468363,0.50054447337
2004,0.392755424551,0.403611525105
2005,0.414531637857,0.425459295783
2006,0.506060428335,0.520411454649
2007,0.566780762777,0.582307790087
2008,0.558756489202,0.574006440636
2009,0.486168756706,0.499753289583
2010,0.399943094601,0.410775332862
2011,0.391669201894,0.401472884645
2012,0.471962192483,0.483805853414
2013,0.529370093803,0.541859629147
2014,0.534474293202,0.546554211381
2015,0.475823908598,0.486663398166
2016,0.397336907315,0.405978372103
2017,0.372439715732,0.381153514401
2018,0.442628801209,0.452366552162
2019,0.49631501832,0.505884700894
2020,0.506665859126,0.515852362341
2021,0.465632765997,0.474688099532
2022,0.403859419566,0.413687421363
2023,0.420438200512,0.428442935961
2024,0.471401982078,0.479633059245
2025,0.484883730939,0.493076943654
2026,0.458523106314,0.467777852716
2027,0.399644696361,0.40873549656
2028,0.360700240606,0.368384600234
2029,0.406816740384,0.414732945943
2030,0.461253480854,0.470560959934
2031,0.477314062284,0.486387924289
2032,0.455714355447,0.465026095724
2033,0.400872756708,0.410587695097
2034,0.365343907257,0.373707379156
2035,0.398829149831,0.407052148097
2036,0.45384681876,0.463442505649
2037,0.470376127053,0.479639405178
2038,0.451915676951,0.461135913561
2039,0.394720376465,0.403762592216
2040,0.369083880178,0.377778883292
2041,0.395820845126,0.404108984755
2042,0.448462433804,0.45758370555
2043,0.469561134333,0.478980194825
2044,0.448256316893,0.457384744934
2045,0.395901274654,0.404212546061
2046,0.368888555487,0.377588966977
2047,0.394710905293,0.403747724523
2048,0.451911832367,0.461137034936
2049,0.47038050785,0.479639002376
2050,0.453749434973,0.463345769462
2051,0.39862895266,0.406853854549
2052,0.365096577821,0.373469820003
2053,0.4007247803,0.410431531627
2054,0.455872545444,0.46517666094
2055,0.477284152982,0.486364801702
2056,0.461297603417,0.470614145281
2057,0.406958152635,0.414873990958
2058,0.360887304168,0.368557253904
2059,0.399544576202,0.408630267851
2060,0.458430658801,0.467679918516
2061,0.484890540906,0.493070172597
2062,0.471319675056,0.479548573745
2063,0.42030635588,0.428312976116
2064,0.403923258747,0.413753731249
2065,0.465924008059,0.474991214804
2066,0.506722815287,0.515899607656
2067,0.496551142926,0.506126692671
2068,0.442519691206,0.452251596151
2069,0.372559160657,0.381271125039
2070,0.396938686688,0.405571859361
2071,0.47585368177,0.486713711336
2072,0.534238014659,0.546312543117
2073,0.529452251865,0.541960698883
2074,0.471880388891,0.483724904861
2075,0.391500973714,0.401306736201
2076,0.399958221287,0.410784647379
2077,0.486201315123,0.499781154061
2078,0.559012191217,0.574272888837
2079,0.566874749094,0.582388024109
2080,0.506059244175,0.520420775989
2081,0.414636473025,0.425575487519
2082,0.39248150041,0.403351010728
2083,0.486414756861,0.50065855954
2084,0.570589052124,0.586262056804
2085,0.593261593869,0.609524119424
2086,0.537458719325,0.553186992502
2087,0.442214940685,0.454860747088
2088,0.38485587422,0.395581301572
2089,0.48101222235,0.495092375076
2090,0.574865512174,0.590586806376
2091,0.614146737397,0.630001151562
2092,0.565534740216,0.581347806007
2093,0.469980524763,0.483390481492
2094,0.388610868278,0.399782612926
2095,0.473873636425,0.488610931948
2096,0.580394571892,0.59797041109
2097,0.638706897568,0.65667852153
2098,0.59817348484,0.614986499741
2099,0.500642806293,0.514668781527
2100,0.402097494558,0.413743089199
2101,0.457000887877,0.470166510059
2102,0.569479530958,0.585614333791
2103,0.651023813246,0.669329525649
2104,0.633107059699,0.651236174739
2105,0.536098944165,0.552527282261
2106,0.424776817563,0.437538195081
2107,0.441821839954,0.454066427789
2108,0.556337155414,0.571981134514
2109,0.654866475202,0.673754857136
2110,0.663445678687,0.683459986473
2111,0.57065596383,0.589368752819
2112,0.455422109714,0.470350947759
2113,0.425875507368,0.438600809312
2114,0.542838931155,0.55912157754
2115,0.653837723428,0.673643456821
2116,0.687829968624,0.709235505707
2117,0.596989816441,0.616058368861
2118,0.483521788527,0.499375795744
2119,0.416926030796,0.430365193308
2120,0.528101963305,0.544690975533
2121,0.64161527824,0.661362810377
2122,0.695448841602,0.716337752633
2123,0.619549071496,0.638556626275
2124,0.507201039738,0.523439257373
2125,0.679038961131,0.698775890666
2126,0.66913075787,0.688333138638
2127,0.654589782862,0.673002489072
2128,0.652359429447,0.670690631273
2129,0.663872668922,0.682437019857
2130,0.673154230615,0.692105091504
2131,0.675192151872,0.694609669791
2132,0.668472475432,0.68799336727
2133,0.65646032021,0.675960359839
2134,0.650828603911,0.670178502142
2135,0.664082115283,0.684224401379
2136,0.673005976079,0.693630699618
2137,0.673437077924,0.694050762388
2138,0.664780036154,0.685009975429
2139,0.64744975923,0.666465962428
2140,0.638124433092,0.656627205235
2141,0.649464491832,0.668673378949
2142,0.658212159498,0.678110660974
2143,0.660179670659,0.680336722243
2144,0.644346938761,0.661214157887
2145,0.635878567213,0.654319254979
2146,0.624173452818,0.641879657862
2147,0.631536586921,0.649372307147
2148,0.637305586587,0.655325559507
2149,0.637938855764,0.656056899246
2150,0.631097478497,0.648919579147
2151,0.615889954326,0.632982208704
2152,0.60498686412,0.621741408365
2153,0.609908211537,0.62682490359
2154,0.616113054137,0.633445136583
2155,0.615514158652,0.632643252519
2156,0.609550599241,0.626297149721
2157,0.597011935779,0.613130354625
2158,0.58415339667,0.59938214833
2159,0.584158540171,0.599123168358
2160,0.590479414049,0.605907282497
2161,0.59120810079,0.606877318838
2162,0.588241680527,0.6040998877
2163,0.578459485496,0.594413184951
2164,0.567206579136,0.582876257746
2165,0.565327097375,0.580645519024
2166,0.572731418559,0.588702211104
2167,0.572489288817,0.588592025317
2168,0.569218219763,0.585191887323
2169,0.560734145436,0.576510418252
2170,0.548642586095,0.563801270982
2171,0.54463599154,0.559577464695
2172,0.550552856337,0.565906613315
2173,0.549037104783,0.564342724395
2174,0.543963920836,0.558961616771
2175,0.535442516028,0.549849848995
2176,0.522100483947,0.535304398018
2177,0.515175070292,0.527548887592
2178,0.518932998128,0.531449724273
2179,0.516740945763,0.528916543029
2180,0.511768983651,0.523398405161
2181,0.506176731937,0.517330269738
2182,0.494361279063,0.504508893529
2183,0.48772394911,0.497333795941
2184,0.489979314726,0.499624633649
2185,0.488110825918,0.497455689656
2186,0.497170139292,0.505731991333
2187,0.482048028811,0.490569702275
2188,0.472238871277,0.480688513863
2189,0.467859894115,0.47641641457
2190,0.46936769942,0.478158224135
2191,0.469868646568,0.4790398416
2192,0.468434746824,0.477835695465
2193,0.467086940137,0.476676266415
2194,0.464718311546,0.47453252944
2195,0.461156480548,0.470915987422
2196,0.461651011814,0.471473723828
2197,0.461533405673,0.471351446453
2198,0.46133724549,0.471092667835
2199,0.464775479651,0.474580230534
2200,0.467107893954,0.476697258317
2201,0.468274421038,0.477662538202
2202,0.469821402901,0.478994396374
2203,0.469462478479,0.478248130428
2204,0.467940211885,0.476492180099
2205,0.472340800532,0.480802628518
2206,0.482214738298,0.490746650402
2207,0.497236702404,0.505808707098
2208,0.487894299253,0.49722087621
2209,0.489904515091,0.499540550627
2210,0.487775996267,0.497397537429
2211,0.49430439895,0.504430248334
2212,0.505976904347,0.517121094717
2213,0.511654514228,0.523307664278
2214,0.516904508683,0.529112202845
2215,0.518956777004,0.531471194666
2216,0.515121150984,0.527519421985
2217,0.522116006694,0.535306826046
2218,0.535717199573,0.550132609501
2219,0.543965368199,0.558966321289
2220,0.548884022364,0.564209429293
2221,0.550463291567,0.565821801291
2222,0.54453995569,0.559480486691
2223,0.548938561519,0.564129331174
2224,0.560674959046,0.576485873088
2225,0.569305739856,0.585294945725
2226,0.572686966306,0.588785320975
2227,0.573054740574,0.589023966616
2228,0.565282181539,0.580557999069
2229,0.567320930425,0.583007397301
2230,0.578676892369,0.594620214631
2231,0.588052983509,0.603941833411
2232,0.591098305302,0.606778418058
2233,0.590656380894,0.606050288381
2234,0.584703302376,0.599663792621
2235,0.584230550002,0.599451494915
2236,0.596859521595,0.61298252596
2237,0.609891897732,0.626626867642
2238,0.615863238416,0.632993939321
2239,0.616084556846,0.633382617851
2240,0.609779057238,0.626670640731
2241,0.604962203757,0.621729006539
2242,0.616279240091,0.63337025747
2243,0.631345764721,0.649168817488
2244,0.637892408806,0.65602856014
2245,0.637405181733,0.655440342681
2246,0.631210309595,0.649037092897
2247,0.624362141506,0.642072793494
2248,0.636116658939,0.654581899732
2249,0.644694577705,0.661515636323
2250,0.660078143491,0.68023265683
2251,0.658450265623,0.678367482532
2252,0.64943212022,0.668641376495
2253,0.638273951568,0.656767338748
2254,0.64732325949,0.666306535978
2255,0.664702645329,0.684893163543
2256,0.673272780284,0.693886299156
2257,0.672859617401,0.693457337643
2258,0.663706652591,0.683815697042
2259,0.65099757706,0.670341158397
2260,0.65646307306,0.675982877069
2261,0.668487713497,0.688031798408
2262,0.675162354875,0.694566262575
2263,0.673069257057,0.692021212596
2264,0.663277464748,0.681848255525
2265,0.652402882206,0.670740407196
2266,0.654599444296,0.672997584778
2267,0.668933301667,0.68814312311
2268,0.67928976834,0.699037477813
2269,0.609451621717,0.627329614746
2270,0.609246816397,0.627098277332
2271,0.608638451457,0.626347508278
2272,0.607953345633,0.625574442965
2273,0.607637960521,0.625181735847
2274,0.607146403607,0.624634340225
2275,0.607515919196,0.625265613791
2276,0.607893582914,0.62585879029
2277,0.60799417135,0.626224660571
2278,0.607503099128,0.625887926623
2279,0.60662073522,0.625105573234
2280,0.60520832524,0.623606265782
2281,0.602789655242,0.620865545899
2282,0.600057307905,0.617838095413
2283,0.598462199401,0.61606460502
2284,0.597165817949,0.614672909858
2285,0.595871278283,0.613299619679
2286,0.594447651807,0.611815878212
2287,0.593374985209,0.610743655579
2288,0.589570109349,0.606057396875
2289,0.590368223104,0.607630222094
2290,0.588180216861,0.605223297126
2291,0.585008722169,0.601695538271
2292,0.582056051967,0.598411073855
2293,0.579722785365,0.596037908638
2294,0.577414179928,0.593734576625
2295,0.575488189627,0.591844210475
2296,0.573454624088,0.589757147535
2297,0.571150230201,0.587338401567
2298,0.568594378756,0.584584070716
2299,0.565924298925,0.581672786516
2300,0.562618254388,0.578124666008
2301,0.559442149029,0.574576951308
2302,0.555508119795,0.57020913355
2303,0.551971618717,0.566340156479
2304,0.54909490712,0.563333837374
2305,0.546351205983,0.560650521865
2306,0.544204851289,0.558628854024
2307,0.542305824068,0.556864375602
2308,0.539769344992,0.554437536399
2309,0.53809017208,0.552826055392
2310,0.535413603564,0.550110857733
2311,0.533040161535,0.547714845936
2312,0.530254570293,0.544832210151
2313,0.527221724562,0.541674725315
2314,0.523908689177,0.538187662544
2315,0.520447909598,0.534568654827
2316,0.516945625453,0.530805245795
2317,0.513168227232,0.526685090162
2318,0.509439630246,0.522668115658
2319,0.50560428168,0.518457219165
2320,0.501827063726,0.514239087197
2321,0.497686716349,0.509529905222
2322,0.493186597321,0.504478464164
2323,0.489077591246,0.499876111872
2324,0.485589371601,0.495997244647
2325,0.481478623658,0.49147727718
2326,0.478691799304,0.48851850491
2327,0.474885576734,0.48427561601
2328,0.471027018653,0.48004608306
2329,0.467790802243,0.476508345931
2330,0.464623715454,0.473057249473
2331,0.483461938481,0.49218438981
2332,0.467621660884,0.477755071562
2333,0.467890045015,0.478030602786
2334,0.483279346241,0.492006567341
2335,0.464481360891,0.472922520974
2336,0.467874839727,0.476594481708
2337,0.471058265561,0.480075791943
2338,0.474765630461,0.484150480514
2339,0.478450010833,0.488285981499
2340,0.481748318349,0.491765889603
2341,0.485318971097,0.495713730698
2342,0.4891043024,0.499918296096
2343,0.493056861791,0.504360564865
2344,0.497399279434,0.509232480307
2345,0.50180977881,0.514210841747
2346,0.505560553884,0.518404564064
2347,0.509511781877,0.522756178691
2348,0.513258563608,0.526769139975
2349,0.516892584665,0.530777367435
2350,0.520486966761,0.534610179551
2351,0.523706531499,0.537987089271
2352,0.527322300336,0.541786507138
2353,0.530392777239,0.544972986804
2354,0.53314973281,0.547803438278
2355,0.535461958498,0.550173538869
2356,0.537982090823,0.552723123323
2357,0.540219925241,0.554879639188
2358,0.542006145348,0.55658607704
2359,0.544215364611,0.558679839426
2360,0.546624868426,0.560917963206
2361,0.548955865556,0.563199534598
2362,0.55183899684,0.566199722522
2363,0.555524854881,0.570204654301
2364,0.559428769169,0.574544628858
2365,0.562913945897,0.578382486331
2366,0.56585612152,0.581575609
2367,0.568731845853,0.584717807502
2368,0.571108999069,0.587286451786
2369,0.573353477029,0.589672271143
2370,0.575182895381,0.591507231939
2371,0.577334656289,0.593647051896
2372,0.579763422781,0.596068416639
2373,0.581984194882,0.598332725457
2374,0.585246783908,0.601947916898
2375,0.588247927897,0.605297316449
2376,0.590644363098,0.607946425133
2377,0.5898372973,0.606340468823
2378,0.593589999025,0.61097286651
2379,0.594630852476,0.611991423926
2380,0.595905692032,0.613331439204
2381,0.597221227492,0.614718146789
2382,0.59844969821,0.616036101774
2383,0.600521963532,0.618299675821
2384,0.602879899227,0.620981039039
2385,0.605276681924,0.623684069908
2386,0.606510244082,0.624970236606
2387,0.607523944388,0.625932740304
2388,0.607977877479,0.626182813723
2389,0.607495569766,0.625447879091
2390,0.607488758179,0.625211256461
2391,0.607022005125,0.624488808016
2392,0.607588630241,0.625122779668
2393,0.607926421316,0.625561131961
2394,0.608271455127,0.625981207492
2395,0.609160589263,0.627027889007
2396,0.596712092351,0.614078312624
2397,0.596535574765,0.613915559879
2398,0.595857167747,0.613122251062
2399,0.595413407393,0.612584367396
2400,0.594886096625,0.612010361272
2401,0.59491229449,0.612211556624
2402,0.594942144169,0.612427885728
2403,0.594871611001,0.612577843779
2404,0.595213313127,0.613130811722
2405,0.594515181796,0.612539637584
2406,0.593822013468,0.611929138329
2407,0.591847881375,0.609830878067
2408,0.589593694924,0.607255460594
2409,0.587476059206,0.604860481545
2410,0.586126080943,0.603380237645
2411,0.584956427148,0.602167343783
2412,0.583410393615,0.600558871528
2413,0.582398886215,0.59952812563
2414,0.58112502364,0.598247507098
2415,0.575428399311,0.590885708213
2416,0.578014408524,0.594970283229
2417,0.5757356122,0.592415048442
2418,0.572850782074,0.589246577235
2419,0.570175873582,0.586379968684
2420,0.568653284216,0.584914328363
2421,0.566082887824,0.582321068407
2422,0.564206493948,0.580438265961
2423,0.562216486594,0.578285074583
2424,0.559609915547,0.575454651143
2425,0.556956819709,0.572567908178
2426,0.554043617491,0.56938773907
2427,0.550789813458,0.565786906863
2428,0.547879995933,0.562481143131
2429,0.544573260592,0.558906778881
2430,0.541526923204,0.555645844748
2431,0.538655175019,0.552669425221
2432,0.536571017445,0.550694125239
2433,0.534302652406,0.548482218644
2434,0.531846463328,0.546086972133
2435,0.529892270998,0.544184806319
2436,0.52770367579,0.542050681704
2437,0.525358824236,0.539649165841
2438,0.522916202415,0.537165848268
2439,0.520245709025,0.534404290796
2440,0.517110551636,0.531096903228
2441,0.513683638844,0.527464583246
2442,0.509797811334,0.52324494212
2443,0.506299445089,0.519396219671
2444,0.502749924676,0.515543282692
2445,0.499200711193,0.511726116742
2446,0.495957203611,0.508150432234
2447,0.492398327129,0.50417499967
2448,0.490217676893,0.502039540462
2449,0.486186327985,0.497429583199
2450,0.482486375651,0.493254354449
2451,0.478674633087,0.488984823378
2452,0.480262903906,0.49151493889
2453,0.479967097624,0.491220897236
2454,0.478542524513,0.488842170374
2455,0.482392759251,0.493166508077
2456,0.486096959489,0.497355358809
2457,0.490205959788,0.501994920864
2458,0.492337280461,0.504114005126
2459,0.495875122566,0.508061727449
2460,0.499277411732,0.511810650483
2461,0.502556319087,0.515349537891
2462,0.5062149152,0.519313325954
2463,0.509886195483,0.523341815932
2464,0.513722891225,0.527503495075
2465,0.517378973481,0.531386951596
2466,0.520244996397,0.53437731795
2467,0.522782411555,0.537020659049
2468,0.525317657456,0.539605220599
2469,0.528018856664,0.542372584493
2470,0.529868036981,0.544159144469
2471,0.53204461912,0.546294472261
2472,0.534256101011,0.548435461402
2473,0.536495071113,0.550613872858
2474,0.538732391593,0.552755288638
2475,0.541550827484,0.555671908144
2476,0.544683844802,0.559025787666
2477,0.547386078991,0.561986100747
2478,0.551112071946,0.566093664037
2479,0.554059678415,0.569421080862
2480,0.556737878311,0.572342814611
2481,0.559565649013,0.575427589439
2482,0.562121865553,0.57817946393
2483,0.564090547899,0.580302896917
2484,0.56620329076,0.582463982269
2485,0.568398524637,0.584641568504
2486,0.570482512947,0.586689928691
2487,0.573319874438,0.589728246818
2488,0.575657269251,0.592336973535
2489,0.577912212526,0.594870409208
2490,0.57500139915,0.590456639625
2491,0.580998259028,0.598127321577
2492,0.582199003378,0.599326276115
2493,0.583547178802,0.600692965098
2494,0.584720047757,0.601879185436
2495,0.586240008686,0.603506669015
2496,0.587554722658,0.604929010899
2497,0.589858100086,0.607511470632
2498,0.592008901847,0.60997595239
2499,0.593851053492,0.61194011748
2500,0.594702062345,0.612736051367
2501,0.595267892359,0.613192791931
2502,0.59531801284,0.61304117809
2503,0.595066012424,0.612591626513
2504,0.595085807371,0.612365757032
2505,0.594629688611,0.611721490625
2506,0.59543021827,0.612598611758
2507,0.595771007884,0.613066459943
2508,0.596426298528,0.613776410159
2509,0.596668215578,0.614103637226
2510,0.578856352692,0.595660230794
2511,0.578843385762,0.595616043869
2512,0.578224961286,0.594971125564
2513,0.578127154646,0.594769203171
2514,0.577107288624,0.593617599868
2515,0.577494148326,0.594134230667
2516,0.577780371745,0.594591174755
2517,0.577922258902,0.594930964038
2518,0.578212127122,0.59541765639
2519,0.5783631947,0.595744425683
2520,0.577917465622,0.595374893254
2521,0.576669545047,0.594151772404
2522,0.57486440322,0.592213618309
2523,0.572482914464,0.589515605715
2524,0.570996923155,0.587795071646
2525,0.5698635304,0.586576345779
2526,0.568599553106,0.585263174666
2527,0.567408141404,0.584052026083
2528,0.56580449695,0.582414552648
2529,0.565007612478,0.581549309083
2530,0.563244190349,0.579816948151
2531,0.561610570163,0.578007576221
2532,0.559598606163,0.575783027005
2533,0.557074624271,0.57304579507
2534,0.555341581425,0.571355240786
2535,0.553012341033,0.569004386244
2536,0.551307807667,0.567274646703
2537,0.548867295931,0.564605789577
2538,0.546760538486,0.562300783125
2539,0.544240643857,0.559569236107
2540,0.541775574539,0.556873926241
2541,0.53927072811,0.554100150264
2542,0.536694672133,0.55126678531
2543,0.533805203988,0.548137276955
2544,0.531306529609,0.545393038597
2545,0.528241149016,0.542076402305
2546,0.525472066618,0.539153117173
2547,0.523185361165,0.536845430411
2548,0.520916356536,0.534521191753
2549,0.518378938471,0.531850255451
2550,0.515945469781,0.529360066427
2551,0.515585214831,0.529400533178
2552,0.513154878718,0.526953497976
2553,0.510948769406,0.524668001318
2554,0.508335873252,0.5219674908
2555,0.505566460027,0.519053947306
2556,0.50226326808,0.515515256988
2557,0.498890170904,0.511959418467
2558,0.496133047095,0.509026219974
2559,0.49309198081,0.505785126495
2560,0.489986614468,0.50249681984
2561,0.48719464453,0.499398866671
2562,0.485830548549,0.497988784558
2563,0.486068929512,0.498217461455
2564,0.487301017523,0.499520631089
2565,0.490539286777,0.503059160924
2566,0.493373040642,0.506056718329
2567,0.496201712267,0.509098103891
2568,0.499342278286,0.512413320733
2569,0.502175023832,0.5154236607
2570,0.505298570309,0.518754308254
2571,0.508466845597,0.522106564204
2572,0.510914899436,0.524641972989
2573,0.513326063216,0.527116883354
2574,0.515478393261,0.52930819968
2575,0.516036146865,0.529443311329
2576,0.518502262524,0.531976171947
2577,0.520916368559,0.534526028445
2578,0.523218078881,0.536884260474
2579,0.525296503724,0.53898525807
2580,0.528197034812,0.542006470858
2581,0.531178189443,0.545266548382
2582,0.534138065592,0.548466448246
2583,0.536384359749,0.550985974949
2584,0.539289593006,0.554121841785
2585,0.54158427793,0.55666122305
2586,0.544093896505,0.559412733293
2587,0.546648623352,0.562195459264
2588,0.548937898876,0.564701705744
2589,0.551389671569,0.567320522476
2590,0.553075272534,0.569075002634
2591,0.555201415507,0.571175562002
2592,0.557231757586,0.573196308511
2593,0.559548187549,0.575741685277
2594,0.56162073531,0.57802044491
2595,0.56341053264,0.579988514638
2596,0.564447572114,0.580960248285
2597,0.566218642744,0.582862458396
2598,0.567331789671,0.583967521945
2599,0.568522574231,0.585171015677
2600,0.56981672221,0.586547163702
2601,0.571368272191,0.588162927947
2602,0.572591937855,0.589622416362
2603,0.574986029757,0.592298484887
2604,0.576748131734,0.594247232729
2605,0.577921970704,0.595368600266
2606,0.578007245537,0.595374431262
2607,0.578138000397,0.595311148602
2608,0.578059833767,0.595072614652
2609,0.57763152841,0.59444600684
2610,0.577817346596,0.594440714738
2611,0.577372949277,0.593876144367
2612,0.577868812922,0.594493550052
2613,0.578491670003,0.595238884989
2614,0.578457058578,0.595239083699
2615,0.431427410878,0.445520952686
2616,0.520492714042,0.537055663101
2617,0.600555619137,0.619343674819
2618,0.597530888042,0.616268259474
2619,0.517917296801,0.534224225475
2620,0.427246201838,0.4409107142
2621,0.432785833891,0.44702949725
2622,0.522091959861,0.538920633724
2623,0.600987190514,0.620184057309
2624,0.589496811817,0.607487615919
2625,0.511751126434,0.527393918633
2626,0.422732738105,0.436025342901
2627,0.433869014572,0.448522942071
2628,0.522826162345,0.540130079893
2629,0.591373179288,0.609045381302
2630,0.578401653055,0.595277269042
2631,0.503931026499,0.518403943594
2632,0.416455324299,0.429498738514
2633,0.431251015799,0.445736988113
2634,0.513219017153,0.528685300027
2635,0.58416018946,0.601018506686
2636,0.568080465697,0.584239770072
2637,0.496827627482,0.510778351311
2638,0.410858970747,0.423945406522
2639,0.42007769418,0.432442726434
2640,0.505795392052,0.520381938628
2641,0.571195437347,0.58736051563
2642,0.556984624782,0.572730068625
2643,0.492296180506,0.507352849149
2644,0.40171141267,0.414339879379
2645,0.416166048886,0.428589603265
2646,0.499886418481,0.514850456604
2647,0.557796900618,0.573029812131
2648,0.541504785026,0.55623290967
2649,0.479221782556,0.493488200285
2650,0.389975761088,0.401380544484
2651,0.412241187961,0.424667073113
2652,0.4937269531,0.508754063453
2653,0.541701540329,0.556630365337
2654,0.525153026061,0.53922543824
2655,0.465227970312,0.478973117264
2656,0.381313102095,0.392642680553
2657,0.407167411575,0.418860099633
2658,0.484163454284,0.49860495555
2659,0.524452408834,0.538635568407
2660,0.508580457911,0.522144469554
2661,0.452096576961,0.465357624079
2662,0.452239840572,0.465525924103
2663,0.508596620383,0.522167761452
2664,0.52444515933,0.538628181564
2665,0.483902308076,0.498347377177
2666,0.40716045473,0.418856587621
2667,0.381104197495,0.392428335971
2668,0.465299252202,0.479030585968
2669,0.524953917868,0.539007930468
2670,0.541854272051,0.556794828139
2671,0.493993677393,0.509040896552
2672,0.412613688628,0.425025601806
2673,0.38988060243,0.401303311572
2674,0.479086127256,0.493372432838
2675,0.541525849496,0.556266921915
2676,0.557788294097,0.573036840719
2677,0.499732165634,0.514705619447
2678,0.416274087017,0.428691585564
2679,0.402159928225,0.414818810623
2680,0.49218439461,0.507238972037
2681,0.556673779026,0.572428771764
2682,0.571103558094,0.587245827841
2683,0.506032502426,0.520623176834
2684,0.420040427572,0.432400440891
2685,0.410709639322,0.42382540095
2686,0.497419618796,0.511391385212
2687,0.568428136378,0.584622202726
2688,0.584089165295,0.600979561698
2689,0.513012482248,0.528485390931
2690,0.431401043478,0.445898476694
2691,0.416766335321,0.42979331392
2692,0.504253217035,0.518706868611
2693,0.578637441531,0.595490032069
2694,0.591197596148,0.608852655553
2695,0.522973996561,0.540288285624
2696,0.433882791062,0.448538824376
2697,0.422590774312,0.435863287606
2698,0.511745352152,0.527340897974
2699,0.589564610484,0.607548294755
2700,0.601205860653,0.620422911245
2701,0.522337537326,0.53919310646
2702,0.43284355536,0.44709664682
2703,0.427565953361,0.441216029958
2704,0.51819307926,0.534556311061
2705,0.598012248004,0.616750058318
2706,0.600368173703,0.619190504163
2707,0.52028085407,0.536810289855
2708,0.431217606072,0.445279955649
2709,0.688383376298,0.711049510062
2710,0.634302762324,0.652918464216
2711,0.599160120004,0.616994589535
2712,0.574227741772,0.591281654322
2713,0.597961748061,0.615356253429
2714,0.633490898502,0.651843958197
2715,0.680148618151,0.700226696476
2716,0.686454448344,0.710184574563
2717,0.631790288832,0.650645882695
2718,0.597168456259,0.615492091169
2719,0.572782847777,0.59024964561
2720,0.599649354658,0.617933274127
2721,0.633364448106,0.652681466819
2722,0.679140980608,0.700104745835
2723,0.67345883322,0.696327396832
2724,0.625002764661,0.644357757222
2725,0.58516211084,0.602514916632
2726,0.563763495483,0.580270594273
2727,0.592000094229,0.609504220543
2728,0.626821412205,0.645911587368
2729,0.669750646336,0.690316416132
2730,0.652058832308,0.672545841773
2731,0.611004927573,0.629420798277
2732,0.575202420559,0.591952588452
2733,0.555960088585,0.572029664503
2734,0.584059153316,0.60106976308
2735,0.611529782785,0.629221073183
2736,0.65530137367,0.674990353329
2737,0.624048308939,0.641829140967
2738,0.589660516592,0.606196995844
2739,0.557924198289,0.573595114584
2740,0.54308184866,0.558428473107
2741,0.569769991867,0.585976683077
2742,0.594644546623,0.611650033247
2743,0.641493542769,0.662114527371
2744,0.600377985315,0.617069152904
2745,0.571343066629,0.587329309012
2746,0.543129327239,0.558323691767
2747,0.528124305983,0.542227980335
2748,0.551172289791,0.565815074311
2749,0.571864779855,0.587019770951
2750,0.618964945897,0.638614861706
2751,0.575044971247,0.590502162545
2752,0.551933579202,0.567414455746
2753,0.527187626085,0.542349105648
2754,0.514468781351,0.528397184711
2755,0.536339436493,0.550843692563
2756,0.556506870018,0.572270493955
2757,0.591903270553,0.609816972259
2758,0.559223201333,0.57539655498
2759,0.559311384203,0.575491211492
2760,0.591883847966,0.609809407792
2761,0.55633260035,0.572087682326
2762,0.535880445364,0.550399320279
2763,0.51443157469,0.528396522381
2764,0.527331950333,0.542475241281
2765,0.551997360699,0.567473235627
2766,0.575239031335,0.590705300754
2767,0.618786630858,0.638439688
2768,0.571708124427,0.586868839109
2769,0.551541677296,0.566174088399
2770,0.528329505455,0.542481740046
2771,0.543012193111,0.558191408979
2772,0.571036946763,0.587012909294
2773,0.600498105863,0.617203649761
2774,0.641608217344,0.662196662427
2775,0.594262092726,0.611269986182
2776,0.569905099375,0.586097051915
2777,0.543185089495,0.558537742206
2778,0.557842793779,0.573540298608
2779,0.589697224735,0.606271525723
2780,0.624139640439,0.641928390022
2781,0.654817505378,0.674508432849
2782,0.611454689885,0.629116677869
2783,0.584101711373,0.601110384714
2784,0.555828993182,0.571902971481
2785,0.574996906726,0.591732979349
2786,0.610644892431,0.629050178595
2787,0.652094077938,0.672571267657
2788,0.67026274088,0.6908246486
2789,0.626966772806,0.646053307972
2790,0.592070324162,0.609568406176
2791,0.563794628372,0.580331549811
2792,0.585457945796,0.602829687666
2793,0.625101161799,0.644470092285
2794,0.673384887151,0.69624943566
2795,0.679071466119,0.70004029183
2796,0.63340279221,0.652737473802
2797,0.599359296246,0.617622036076
2798,0.572802380858,0.590258770237
2799,0.596912381552,0.615242660188
2800,0.631781047119,0.650623047543
2801,0.686580559996,0.710301518865
2802,0.679929999246,0.700013494049
2803,0.632892632419,0.651239359418
2804,0.598051062062,0.615463705006
2805,0.574469980163,0.59151765007
2806,0.599242598229,0.617115430559
2807,0.634108419859,0.652706979615
2808,0.68841444828,0.711096811599
2809,0.675733551787,0.695399082308
2810,0.531853143112,0.548256369219
2811,0.531816565821,0.548156465697
2812,0.53144929922,0.547698669328
2813,0.530803520741,0.546976905431
2814,0.530478489101,0.546567271408
2815,0.530170150216,0.546211757329
2816,0.671193137852,0.690352288315
2817,0.530162256608,0.54638227414
2818,0.52942555939,0.545713151345
2819,0.529922112262,0.546299064953
2820,0.529021091748,0.545415591946
2821,0.528151992807,0.544546523918
2822,0.526348194793,0.542513245227
2823,0.671409030656,0.692351884269
2824,0.523901231046,0.539609685676
2825,0.522898654571,0.538491800909
2826,0.522162888497,0.537684525669
2827,0.521230478755,0.536710150698
2828,0.520542904945,0.535985119065
2829,0.520175505642,0.5356183304
2830,0.657959697184,0.678319581911
2831,0.518232644263,0.533644609154
2832,0.517480443568,0.532865897793
2833,0.51616204504,0.531426533992
2834,0.514519065948,0.529599202581
2835,0.512380636592,0.52722125337
2836,0.51051341031,0.525201389651
2837,0.6361910371,0.654578225261
2838,0.508382540024,0.523252733296
2839,0.507700724455,0.522645832149
2840,0.506510165996,0.521436974642
2841,0.505032457642,0.51983010627
2842,0.503591999547,0.5182634083
2843,0.502260574464,0.516822201122
2844,0.613134787036,0.630544272886
2845,0.49902879918,0.513260157345
2846,0.496712973645,0.510748094705
2847,0.494749830071,0.508467755948
2848,0.492486587218,0.505927254738
2849,0.491108711747,0.504617837204
2850,0.489363443686,0.502816645304
2851,0.58674823161,0.602406973846
2852,0.486491288049,0.500013965522
2853,0.485167019941,0.498712339764
2854,0.485463379082,0.499141802775
2855,0.485345252587,0.499029844623
2856,0.485078794936,0.498596257307
2857,0.486527555441,0.500039417764
2858,0.586623821952,0.602263357172
2859,0.489377583122,0.502847103981
2860,0.491214546099,0.504738973193
2861,0.492451065102,0.505924853581
2862,0.494968707085,0.5086907007
2863,0.497070257106,0.511126443975
2864,0.498529829126,0.512761352227
2865,0.613537412562,0.630967566502
2866,0.502319979111,0.516863679764
2867,0.503551225699,0.51822459779
2868,0.505108213778,0.519915841036
2869,0.506388182865,0.521296409409
2870,0.507622625819,0.522581210444
2871,0.508324270219,0.523186759782
2872,0.636372875594,0.654830830937
2873,0.510398104456,0.525069061021
2874,0.512496257006,0.527331419345
2875,0.514541319156,0.529619433198
2876,0.516125550526,0.531394026838
2877,0.517383301932,0.532779386338
2878,0.518155056837,0.533549697122
2879,0.657779998693,0.678129235897
2880,0.519795681136,0.535214727602
2881,0.520417051145,0.535874059894
2882,0.521336503043,0.536837601846
2883,0.522156245344,0.537728054596
2884,0.522916503346,0.538524887422
2885,0.523715991382,0.539393573205
2886,0.671494048871,0.692426771307
2887,0.526633000319,0.542821022332
2888,0.528088945284,0.544487935214
2889,0.529066908644,0.545447918269
2890,0.529713288055,0.546082687153
2891,0.529954410538,0.5462454717
2892,0.530097391096,0.546318009289
2893,0.67122532383,0.690393544334
2894,0.530094024733,0.546131114064
2895,0.530139419552,0.546233444475
2896,0.530750784419,0.546889450837
2897,0.530998450371,0.547239244827
2898,0.531715832392,0.548033697492
2899,0.532253842443,0.548704217902
2900,0.522471957155,0.538537934923
2901,0.522328835184,0.538387180392
2902,0.521882480658,0.537833783325
2903,0.521580048558,0.537420760542
2904,0.520956641358,0.536741530727
2905,0.520836282778,0.536560898427
2906,0.520181461685,0.535925277129
2907,0.520408511302,0.536256692796
2908,0.520306715046,0.536219056986
2909,0.52003932326,0.536006106444
2910,0.519362492388,0.535373036822
2911,0.518802124375,0.534837257685
2912,0.517799907837,0.533806935696
2913,0.516407874467,0.532214888546
2914,0.514799002265,0.530351825318
2915,0.513675571343,0.529057871668
2916,0.513038506094,0.528350318784
2917,0.512337348829,0.527596540917
2918,0.511761483596,0.526966017427
2919,0.510867491345,0.52604868002
2920,0.510318889375,0.52548448491
2921,0.50923454933,0.524383419391
2922,0.508843435828,0.524005698659
2923,0.507721488622,0.522811912311
2924,0.506479953804,0.521446213695
2925,0.504946999169,0.519756558944
2926,0.503136403548,0.517774804641
2927,0.501948125494,0.51657428463
2928,0.500519443218,0.5152219438
2929,0.49980593077,0.514583471499
2930,0.498750902875,0.513483834092
2931,0.496956497379,0.511572177384
2932,0.496012187136,0.510510465626
2933,0.4942865528,0.508637398524
2934,0.492582211487,0.506755846424
2935,0.490956028514,0.504978766656
2936,0.488924148057,0.502752800756
2937,0.48743700471,0.50112334361
2938,0.485701222297,0.499212661233
2939,0.483594323361,0.496939137901
2940,0.482987650868,0.496315104666
2941,0.482908025756,0.496223796699
2942,0.483786626725,0.49713554857
2943,0.485665912509,0.499166376638
2944,0.48746151231,0.501157679593
2945,0.489154616449,0.502983752434
2946,0.490802244226,0.504815277997
2947,0.492487711116,0.506678208472
2948,0.494175869627,0.508522399063
2949,0.495772578133,0.510278381201
2950,0.497069251202,0.511664535213
2951,0.498391610352,0.513120741767
2952,0.499901706718,0.514702138048
2953,0.500817407716,0.515512640568
2954,0.501954938338,0.516558462691
2955,0.503083674217,0.517736321944
2956,0.504810410574,0.519625341037
2957,0.506265599868,0.521238333917
2958,0.507423316904,0.522515306805
2959,0.50853244612,0.523651076129
2960,0.509521029773,0.524664049211
2961,0.509902118698,0.525069062459
2962,0.51087997937,0.526060449734
2963,0.511435441874,0.526646489543
2964,0.512320986522,0.527557728001
2965,0.513386321908,0.528710431023
2966,0.514045669009,0.529450669944
2967,0.515053639799,0.530615971049
2968,0.516336647026,0.532133376333
2969,0.518073945622,0.534116021342
2970,0.51900359099,0.535046082425
2971,0.519432534472,0.535466130388
2972,0.51983139382,0.535812025889
2973,0.520172046394,0.536087586652
2974,0.520177677144,0.53600558891
2975,0.520524276176,0.536297152104
2976,0.520534073839,0.53624859929
2977,0.521103304357,0.536899628525
2978,0.521569981779,0.537451673727
2979,0.522073572046,0.538001595654
2980,0.522040622106,0.538081662241
2981,0.522361912898,0.538444818154
2982,0.508999223681,0.524562578559
2983,0.509223602794,0.524779451854
2984,0.509090257052,0.524631127227
2985,0.508836999585,0.524279809622
2986,0.508591459756,0.523928701474
2987,0.507911300479,0.523177646127
2988,0.507960636869,0.5232221011
2989,0.508051628451,0.523366382162
2990,0.508119331161,0.523501336734
2991,0.507619004256,0.523087966205
2992,0.50776786961,0.523280709691
2993,0.507592988284,0.523121226633
2994,0.506612299641,0.522151930055
2995,0.505910396692,0.521405226347
2996,0.504275947461,0.519564520303
2997,0.503004640947,0.518038987195
2998,0.501758004036,0.516656744436
2999,0.501242501659,0.516113372563
3000,0.50079705075,0.515596123535
3001,0.499435292866,0.514197516328
3002,0.499286255883,0.514057396406
3003,0.498261559095,0.513009009438
3004,0.497591054224,0.512372152159
3005,0.49679992034,0.511547196352
3006,0.49583201368,0.510523847239
3007,0.494479593248,0.509056457488
3008,0.49313072673,0.50757540875
3009,0.491606149176,0.505935063618
3010,0.490427938852,0.50480059054
3011,0.489442646822,0.503828209943
3012,0.488318499285,0.502711916664
3013,0.486868065028,0.501121946553
3014,0.485667830816,0.499809249804
3015,0.483960090664,0.497954326785
3016,0.482545304552,0.496406304718
3017,0.480969107119,0.494657417944
3018,0.480452503518,0.494116287989
3019,0.480310316672,0.493978406302
3020,0.481071182937,0.494762452038
3021,0.482765437258,0.496605795515
3022,0.484054669841,0.498032623593
3023,0.485481058248,0.499648318985
3024,0.487069805948,0.501361430198
3025,0.488233665429,0.502630238575
3026,0.489040793786,0.503423811375
3027,0.490401631637,0.504750841338
3028,0.492062666604,0.50642179832
3029,0.49336607468,0.507805305786
3030,0.49436392403,0.508947118998
3031,0.495941020264,0.510619054405
3032,0.496720828674,0.511499600493
3033,0.49768111293,0.512444251742
3034,0.498103136076,0.512856175265
3035,0.498915590474,0.513648092635
3036,0.499798476353,0.514573334165
3037,0.50063588517,0.515425108766
3038,0.501424471372,0.51628893015
3039,0.502251452688,0.517144533514
3040,0.502536180775,0.517556091271
3041,0.504145000656,0.519410885393
3042,0.505902577354,0.52138732414
3043,0.506684322733,0.522217813124
3044,0.507229476469,0.522756571546
3045,0.507851698845,0.523343772145
3046,0.508012152441,0.523442284407
3047,0.508120379825,0.523530506859
3048,0.508151273794,0.523487798447
3049,0.508212570367,0.523487508428
3050,0.508248711881,0.523507020529
3051,0.508423596458,0.523769894786
3052,0.508855195565,0.524321956486
3053,0.509279332306,0.524813396109
3054,0.508992872701,0.524538268843
3055,0.363232339721,0.37532129805
3056,0.431363181457,0.445545031897
3057,0.496960064968,0.513046479787
3058,0.53958234691,0.556705615088
3059,0.509564882221,0.52614174054
3060,0.445284102166,0.459670817615
3061,0.377625671173,0.389833015014
3062,0.417807891917,0.431634164518
3063,0.482285687556,0.498120135835
3064,0.532893235027,0.549983335205
3065,0.514835926915,0.530970694834
3066,0.457543555338,0.471906527384
3067,0.390654933459,0.403148011054
3068,0.401441022832,0.415146937975
3069,0.465518864377,0.480995655035
3070,0.516580407791,0.532142966979
3071,0.513972241341,0.529045437156
3072,0.468995793372,0.483315658365
3073,0.405123217781,0.418201316883
3074,0.381267365677,0.394155971566
3075,0.443562028434,0.45699641612
3076,0.500652164806,0.515337505698
3077,0.511413877303,0.52601031235
3078,0.474763107633,0.488772162352
3079,0.420145129673,0.433996884525
3080,0.420514204467,0.434363351116
3081,0.474900180759,0.48890462359
3082,0.511187713985,0.525829538849
3083,0.500343231098,0.515028309249
3084,0.443543462298,0.456989018009
3085,0.381631733287,0.394539971123
3086,0.405219494093,0.418290581965
3087,0.468686228572,0.48299398248
3088,0.513672415154,0.528740783294
3089,0.516256602186,0.531788978003
3090,0.46549567846,0.480947327446
3091,0.401384513877,0.415092694565
3092,0.390886580124,0.403397025487
3093,0.457471647044,0.47183982425
3094,0.514943537964,0.531104761554
3095,0.532993240172,0.550084446282
3096,0.481908702356,0.497769781885
3097,0.417526764924,0.431351831001
3098,0.377808980767,0.390025967384
3099,0.444962165146,0.459335882101
3100,0.509354546085,0.525914455396
3101,0.539693963215,0.55681978708
3102,0.496591707925,0.512688784411
3103,0.431550180128,0.445705691185
3104,0.363074415825,0.375171896541
3105,0.669490113127,0.69153817627
3106,0.610658833092,0.628659913625
3107,0.566901732838,0.584411989988
3108,0.520206493693,0.536234692958
3109,0.512221388634,0.528162245836
3110,0.551038954258,0.567362443793
3111,0.596766662676,0.614247937404
3112,0.653986877459,0.673732152759
3113,0.696007801168,0.72046604651
3114,0.641686511589,0.663966548204
3115,0.575162452053,0.592902395263
3116,0.530851380992,0.547698817226
3117,0.503861147517,0.519422677416
3118,0.539143311034,0.555790106798
3119,0.584175002414,0.601896266367
3120,0.642360520391,0.662219504849
3121,0.685668581861,0.709029975483
3122,0.638392573828,0.659825444531
3123,0.582047722092,0.600165959759
3124,0.530450595381,0.546211500761
3125,0.497447343452,0.512237506071
3126,0.521200914015,0.536809611882
3127,0.568313151323,0.585896303215
3128,0.622531955624,0.641549941976
3129,0.666316856711,0.687534304234
3130,0.626870302173,0.646437306654
3131,0.579729274458,0.597188700113
3132,0.542837567878,0.560807083882
3133,0.543119190439,0.561068508796
3134,0.579868535534,0.597302439977
3135,0.627213410604,0.646772472111
3136,0.666554763785,0.687788604814
3137,0.62238222395,0.641389014018
3138,0.568440042026,0.58601885173
3139,0.52141395183,0.537004329855
3140,0.497540753389,0.512320614811
3141,0.530720707957,0.546469771721
3142,0.581476270564,0.599592195634
3143,0.638613841648,0.660069229191
3144,0.685886117828,0.709260104151
3145,0.642215625133,0.662084548599
3146,0.583774318495,0.601473640191
3147,0.539354248405,0.555983527753
3148,0.503676501712,0.519228884599
3149,0.530825471142,0.547652455002
3150,0.575649595344,0.593373313995
3151,0.641528738446,0.663763509798
3152,0.696114675024,0.720527507114
3153,0.65427463422,0.674006501652
3154,0.597136390817,0.614637435442
3155,0.551396169118,0.567711030117
3156,0.512381016929,0.528316846513
3157,0.520474994166,0.536517620712
3158,0.566988547845,0.584494648864
3159,0.610673802202,0.628709807402
3160,0.669504587586,0.691584671178
3161,0.659859484107,0.679049936803
3162,0.469132380716,0.484209504085
3163,0.468789257212,0.483791010948
3164,0.468474046908,0.483387817645
3165,0.468023683686,0.48287432942
3166,0.467460651463,0.482246171435
3167,0.467334051951,0.482029704221
3168,0.466853299148,0.481501564789
3169,0.655322308102,0.673994239361
3170,0.656397745374,0.675443764267
3171,0.466526890854,0.48116123768
3172,0.466188372382,0.480893968049
3173,0.465722179159,0.480408873771
3174,0.465059608686,0.479705560855
3175,0.464375980882,0.478950274096
3176,0.462455298642,0.476780086337
3177,0.654783282551,0.674989690583
3178,0.653839557362,0.674102975234
3179,0.460414080634,0.474328669649
3180,0.459928392029,0.473778497644
3181,0.463174886378,0.477927911407
3182,0.463394002362,0.478165257672
3183,0.460013588865,0.473864744341
3184,0.460312474162,0.474227175635
3185,0.653692175984,0.673910595334
3186,0.654208689476,0.674416996039
3187,0.462895993508,0.477244438862
3188,0.463790940546,0.478341830526
3189,0.465108666769,0.479756093037
3190,0.465808803621,0.48046084409
3191,0.466276179681,0.480937090373
3192,0.466573242938,0.48125660256
3193,0.656208909147,0.675266210441
3194,0.65538184466,0.674077464263
3195,0.467193866907,0.481836906142
3196,0.467251330518,0.481959926281
3197,0.467419037386,0.482181036456
3198,0.468118215662,0.482944227799
3199,0.468454922244,0.483376467337
3200,0.468650519334,0.48364288745
3201,0.468846346792,0.483890685327
3202,0.460901553043,0.475621798478
3203,0.460738289279,0.475414607053
3204,0.460216003123,0.47482936462
3205,0.459962486975,0.474500432993
3206,0.460250907315,0.474753110841
3207,0.459815816004,0.474258595426
3208,0.458889082103,0.473261366194
3209,0.45898174164,0.473363677397
3210,0.458790882297,0.473185499369
3211,0.459063265771,0.473434674126
3212,0.45915288305,0.47350928592
3213,0.459269654862,0.47363194793
3214,0.459447213124,0.473885496677
3215,0.46000035617,0.474503462161
3216,0.459916441285,0.474434576627
3217,0.46069034021,0.475313095058
3218,0.460683368118,0.475338778266
3219,0.461056992586,0.475756203552
