id,unit_kW_m2,optical
1,0.565175130646,0.582676436042
2,0.607919992244,0.627914865691
3,0.606936010646,0.626861515912
4,0.603893886631,0.623588529159
5,0.5707440739,0.586931573359
6,0.591241031801,0.608962043128
7,0.587832111237,0.605027067411
8,0.562857961089,0.573668388691
9,0.559534708795,0.573745773523
10,0.561486304551,0.577895516885
11,0.57173267939,0.58903108856
12,0.566255944446,0.583187301057
13,0.559202065084,0.575642072133
14,0.552812623459,0.568921097888
15,0.546745899629,0.562398292393
16,0.539822923476,0.554931750718
17,0.531532076054,0.545707813267
18,0.523659691764,0.537020175699
19,0.51572388786,0.528083661456
20,0.508542947207,0.520236111302
21,0.502460584331,0.513596029705
22,0.498249470351,0.509180073777
23,0.49493182127,0.506094054049
24,0.492962349057,0.504411730064
25,0.490691388838,0.502351524294
26,0.486724123963,0.498024409846
27,0.483883628365,0.49465669981
28,0.481785351198,0.492328103382
29,0.480650378084,0.491333174244
30,0.482818017021,0.49377873332
31,0.480831770456,0.491502740256
32,0.481821753972,0.492367899773
33,0.483387763992,0.494156706162
34,0.487011513829,0.498315700166
35,0.490682250669,0.502366688864
36,0.492808979218,0.504259875337
37,0.49488027711,0.506017390744
38,0.498186274456,0.509118127541
39,0.50255581814,0.513681791682
40,0.508435513037,0.520123337141
41,0.516067798729,0.528467733521
42,0.523284127319,0.536632065618
43,0.531856312871,0.546026396729
44,0.540011572671,0.555137007547
45,0.546952467728,0.56261436483
46,0.553023551176,0.569108396217
47,0.559303436882,0.575765369433
48,0.56641847414,0.583367157781
49,0.571800214008,0.589056408235
50,0.561661098628,0.57809397255
51,0.559533833627,0.573758627669
52,0.562935679139,0.573751953384
53,0.588334268126,0.605574104379
54,0.591334697922,0.609029459235
55,0.570876492398,0.587078577916
56,0.603744402443,0.623455240673
57,0.607005271497,0.626950599223
58,0.608139623839,0.62816004371
59,0.622945776871,0.641394218541
60,0.623378117202,0.641540191269
61,0.622418110093,0.640691738008
62,0.604155989068,0.620590657541
63,0.595729244279,0.612824112413
64,0.61100951071,0.628329156776
65,0.603860777248,0.6196509671
66,0.596746860724,0.612324144324
67,0.595133511699,0.611602383326
68,0.578966594302,0.594869779989
69,0.585271659387,0.601256799883
70,0.577983223214,0.593258244816
71,0.571258133527,0.586235358561
72,0.566509773663,0.581783521783
73,0.561756866427,0.576996423168
74,0.554256693236,0.568954941025
75,0.54664082713,0.560669137416
76,0.539373368476,0.553052290348
77,0.532318171074,0.545231875554
78,0.52420984829,0.536390137834
79,0.517370101656,0.528845820607
80,0.51317578713,0.524520017753
81,0.510542155072,0.522235739499
82,0.509230446983,0.521242537485
83,0.503932740719,0.515832293373
84,0.500133010303,0.511493736511
85,0.496218115948,0.506984562068
86,0.495091385003,0.505732277755
87,0.494630366459,0.505320243282
88,0.494044742018,0.504741709886
89,0.494975675667,0.505613810673
90,0.496310225407,0.507077681065
91,0.500182120173,0.511524515453
92,0.50396530697,0.515891428918
93,0.508890739991,0.520929870081
94,0.510692830707,0.522384551348
95,0.513280877305,0.524613121132
96,0.517541569052,0.529024860014
97,0.524122120999,0.536306686626
98,0.532471903019,0.545378388552
99,0.539252397287,0.55290318462
100,0.546594805965,0.560645361747
101,0.554369748097,0.569070503227
102,0.561590351234,0.57685649238
103,0.566677664313,0.581975824502
104,0.57073815876,0.585707103506
105,0.577871218643,0.593151740569
106,0.585285669675,0.601272299775
107,0.579050405941,0.594958850838
108,0.594978705569,0.611480897665
109,0.597005829786,0.612574389897
110,0.603811532197,0.619602460664
111,0.611062275457,0.628384083981
112,0.595700180857,0.612808833448
113,0.604156009878,0.62061264806
114,0.62237520476,0.640643473736
115,0.623710202499,0.641861470177
116,0.62326347963,0.641749719394
117,0.610982365964,0.626951088087
118,0.642350926503,0.66051156876
119,0.641441844026,0.659798398295
120,0.642401371636,0.661407230346
121,0.620898646414,0.638162347586
122,0.634690949061,0.65328499603
123,0.630825128051,0.649193928304
124,0.606176959946,0.61844856208
125,0.602223403517,0.617594607288
126,0.601744174721,0.618670035399
127,0.607367071161,0.624340492478
128,0.599656356948,0.615839176244
129,0.590924761185,0.606297035993
130,0.583088446163,0.598072487386
131,0.578451250608,0.593766297902
132,0.571645000248,0.586564006182
133,0.564227569028,0.578584283846
134,0.557078496062,0.571138220406
135,0.551514025417,0.565457026404
136,0.543120153695,0.556311090815
137,0.534267642699,0.546520623258
138,0.527597141565,0.539211046711
139,0.523745402839,0.535498685305
140,0.521144369479,0.533248258881
141,0.51721851182,0.529318943378
142,0.511914368984,0.523683761328
143,0.506731242159,0.517719791299
144,0.50502033508,0.515627614524
145,0.503441013264,0.513820052276
146,0.504225937784,0.514507868885
147,0.503381395916,0.513759766001
148,0.50465575851,0.515256882944
149,0.506663879861,0.517642048478
150,0.511865374181,0.523637499815
151,0.517581584522,0.529681907218
152,0.521392350234,0.533478097425
153,0.523709390844,0.535473693308
154,0.527702279289,0.539315685126
155,0.534280784289,0.546504554808
156,0.543211858284,0.556390259929
157,0.551520927422,0.565448991686
158,0.556899221329,0.570996670382
159,0.56450420264,0.578878768274
160,0.571662833995,0.586614024429
161,0.578453619608,0.593751424947
162,0.5831204082,0.598093634606
163,0.590917142674,0.606301394216
164,0.59993465507,0.616101705733
165,0.607183182713,0.624134930744
166,0.602032174797,0.618964548179
167,0.602322727793,0.617674601177
168,0.606581734411,0.61885345328
169,0.630866894864,0.649231291123
170,0.635016103279,0.653591622583
171,0.620937336516,0.638225755513
172,0.642621749573,0.661633990722
173,0.641279616095,0.659655350526
174,0.642345065992,0.660500312722
175,0.656262552249,0.674033663779
176,0.657008249495,0.675281319524
177,0.658031735945,0.677052340668
178,0.643511533784,0.661354522453
179,0.65716827089,0.677213905992
180,0.651343923302,0.670789540259
181,0.643167803357,0.661173804588
182,0.638960074261,0.657304655435
183,0.635503351389,0.654185666175
184,0.621147751399,0.638891581344
185,0.618558571646,0.635707852561
186,0.609327193377,0.625538147783
187,0.599373268045,0.614677161991
188,0.591362732401,0.606199497356
189,0.584427387041,0.599061042561
190,0.577678639922,0.592020079717
191,0.571001616368,0.585157548607
192,0.564777767691,0.579022470503
193,0.558159781454,0.572220319498
194,0.547818738497,0.560832738775
195,0.53903052888,0.551035712745
196,0.533404877849,0.545087082096
197,0.530441220208,0.542482867352
198,0.526768158026,0.538938625016
199,0.521321040692,0.533296621468
200,0.515469268436,0.526768684763
201,0.511346282583,0.521987027991
202,0.509127550518,0.519267795625
203,0.507514377027,0.517119196609
204,0.507437593738,0.517053286441
205,0.509192416874,0.519344220108
206,0.511446184958,0.522095268307
207,0.515002158916,0.526327313234
208,0.521612178225,0.533573699274
209,0.526809528679,0.538994199416
210,0.530553821587,0.542617491839
211,0.533391807572,0.545086882538
212,0.538956117512,0.550950526187
213,0.548014137221,0.561032205289
214,0.558395035547,0.572453772666
215,0.5647402546,0.578996587903
216,0.571068169683,0.58520911908
217,0.577590717436,0.591940449945
218,0.584338427391,0.599004509176
219,0.591344679929,0.606168275507
220,0.599294622115,0.614584525541
221,0.609189154686,0.625414440052
222,0.618248042113,0.635381149025
223,0.620853341042,0.638598322433
224,0.635659797717,0.654349253291
225,0.638466906003,0.656823073555
226,0.643286840395,0.661282862559
227,0.651155229373,0.670609271788
228,0.657201872018,0.677209823974
229,0.643512582668,0.661397439181
230,0.658313420576,0.677361498311
231,0.656939625468,0.675213842752
232,0.65649185886,0.674245078862
233,0.632538338805,0.646757626989
234,0.668388437074,0.686176111011
235,0.671011281399,0.689919335624
236,0.672790742414,0.692623929839
237,0.656046349911,0.674825958247
238,0.670461903689,0.69121645442
239,0.664658646664,0.684852457254
240,0.637189608687,0.650719247263
241,0.63214290925,0.648987691815
242,0.645853668676,0.665116310577
243,0.636217183461,0.654490480173
244,0.62535398006,0.642472681133
245,0.615267827062,0.631329959287
246,0.604651388171,0.619736384416
247,0.596038148512,0.610645957802
248,0.59023423067,0.605098684439
249,0.584380006621,0.599219957521
250,0.578425555595,0.593532072835
251,0.571535889295,0.586471291603
252,0.560424708524,0.574248365791
253,0.550293767827,0.562992166588
254,0.542292608534,0.55423421784
255,0.53756511591,0.5495336731
256,0.533519154745,0.545638663449
257,0.528492965331,0.540492043663
258,0.522568865242,0.534230794663
259,0.518419737751,0.529613941097
260,0.517293161813,0.528532844422
261,0.516026467238,0.527107759974
262,0.514884503375,0.52531485153
263,0.516108221358,0.527203423939
264,0.517186033507,0.528435520037
265,0.518356562305,0.529532752755
266,0.522643864906,0.534299173572
267,0.528145461698,0.540103058128
268,0.533185624508,0.545302704541
269,0.537531847859,0.549530526108
270,0.54214105465,0.554089578614
271,0.550328755499,0.563017394287
272,0.560283038827,0.574113042404
273,0.571459953884,0.586426386673
274,0.578399862822,0.593507503377
275,0.58447853217,0.599329807551
276,0.589962035348,0.604845096289
277,0.596057149323,0.610652340041
278,0.604776455931,0.619886854958
279,0.614959515616,0.631035227952
280,0.625226153081,0.642361169177
281,0.63613618548,0.654419873015
282,0.645587027329,0.664846603653
283,0.632089857603,0.648944278021
284,0.636843935843,0.650393007981
285,0.664357292449,0.684548485303
286,0.670211660568,0.690950046863
287,0.655371885434,0.674118103438
288,0.672523106838,0.692362677793
289,0.671220462788,0.690143896535
290,0.668400299283,0.686201469403
291,0.678678256152,0.699871451528
292,0.698788287974,0.720833867106
293,0.697684752369,0.719116364431
294,0.689136767144,0.711104540417
295,0.696881877292,0.719945585665
296,0.682902181755,0.702991254917
297,0.668565175745,0.686903909238
298,0.677492087456,0.697631295606
299,0.68079458494,0.701217924334
300,0.663608442039,0.681264030375
301,0.641075356673,0.653800912419
302,0.66192246915,0.680220172831
303,0.650812612833,0.668545906669
304,0.63870262637,0.655177258993
305,0.644447805631,0.661695568664
306,0.647502887148,0.666747055326
307,0.63509346388,0.653765426638
308,0.628606304189,0.645539670406
309,0.624600840981,0.64142577157
310,0.616331257271,0.633722902847
311,0.61379230433,0.631157377253
312,0.608471051926,0.625126603696
313,0.598091918645,0.614226972209
314,0.591347919466,0.607273974046
315,0.588235305785,0.603669364792
316,0.57845139135,0.593047431372
317,0.565987447185,0.579267785493
318,0.563052694751,0.575679560227
319,0.555488325655,0.56733544018
320,0.545887357214,0.556929445345
321,0.5423623301,0.552941486261
322,0.536458743745,0.546491955144
323,0.530408357937,0.540379888896
324,0.530265289015,0.540600957121
325,0.529212608011,0.540081510951
326,0.526941089909,0.538120697611
327,0.523380233393,0.534262255042
328,0.521066330016,0.531736960045
329,0.519175309808,0.529781867439
330,0.516559040555,0.527151532562
331,0.517906703021,0.528684680888
332,0.517988684838,0.528818421097
333,0.51774119018,0.528611148399
334,0.517956673873,0.528787899104
335,0.517935109734,0.528712494436
336,0.516685609091,0.527288592253
337,0.519150379913,0.529743727377
338,0.5210818429,0.531749997903
339,0.523216279109,0.534112070825
340,0.526907626745,0.53810039495
341,0.529279334092,0.540147251152
342,0.53052443885,0.540853864555
343,0.530378987993,0.540329136757
344,0.536556832681,0.546598747687
345,0.542495827049,0.553075925373
346,0.54549660355,0.556537295085
347,0.555622250692,0.567467605586
348,0.563160330034,0.575831040197
349,0.565890643688,0.579154336971
350,0.578517783487,0.593108073978
351,0.588158387071,0.603586281902
352,0.591376106602,0.60727506148
353,0.598332245923,0.614470303485
354,0.608147118646,0.624831788734
355,0.613712931699,0.631096324421
356,0.616429161786,0.63381780134
357,0.624371940826,0.641217505341
358,0.628377775027,0.645326553724
359,0.635020897218,0.653700943205
360,0.647746709653,0.667024289625
361,0.644139725917,0.661410398342
362,0.638781346533,0.655267826119
363,0.650889988204,0.668617711469
364,0.66167684488,0.679974392808
365,0.641010763551,0.653735058307
366,0.663463307894,0.68114431726
367,0.680751512314,0.701140408854
368,0.67764962601,0.697822577914
369,0.668520079191,0.686844713623
370,0.682895918359,0.702984680321
371,0.696871290144,0.719930421353
372,0.689369183061,0.711342930371
373,0.697971362584,0.719405801872
374,0.699210517092,0.721258100166
375,0.687339163247,0.706853965394
376,0.686541324861,0.7057319938
377,0.684431441656,0.703266246451
378,0.685506606678,0.704869095373
379,0.686789061359,0.706914905443
380,0.656352660887,0.673434173972
381,0.681024872156,0.700904546041
382,0.676594946166,0.695976541514
383,0.673190234404,0.692350804262
384,0.665947919536,0.68360113671
385,0.654094084088,0.669605914744
386,0.640572421313,0.656043569584
387,0.654785216347,0.672631753153
388,0.648644482317,0.666295976929
389,0.643296177634,0.660618546378
390,0.637370109493,0.654216891482
391,0.630128702942,0.646243710293
392,0.623094764783,0.638588082815
393,0.617635307219,0.633233445227
394,0.613082288916,0.628878561974
395,0.608703817562,0.624614757479
396,0.604365403782,0.620226225566
397,0.598418840418,0.614123583771
398,0.591595721243,0.606900372524
399,0.584617486033,0.599499272286
400,0.577177155389,0.591520681323
401,0.569511252107,0.58294453377
402,0.561869794547,0.574489620502
403,0.554925377397,0.566837207126
404,0.547663994972,0.558851171546
405,0.541098477305,0.551550450406
406,0.535666684434,0.545742274654
407,0.532990875069,0.543232902838
408,0.531411924812,0.542141569312
409,0.529984363004,0.541118655501
410,0.527571046368,0.538670365506
411,0.522776852252,0.533436343972
412,0.520281285959,0.530758917035
413,0.518455331861,0.528845976058
414,0.517302926501,0.527657257862
415,0.517335057664,0.527845796223
416,0.517606903177,0.528225735519
417,0.517899529412,0.528522093143
418,0.517331920624,0.52786261176
419,0.517257073798,0.527629585826
420,0.518202975922,0.528584440393
421,0.520206178219,0.53068713002
422,0.522977602922,0.53364069029
423,0.52752387772,0.538633288701
424,0.530270328623,0.541413899875
425,0.53121416359,0.541960084661
426,0.532614995674,0.542847968295
427,0.535890750369,0.545983244025
428,0.541016786272,0.551499032499
429,0.547742442909,0.558926872953
430,0.555216367365,0.567138850901
431,0.562096355057,0.574720241347
432,0.569351575781,0.58276872285
433,0.577235014107,0.591592738346
434,0.584495487979,0.599387223209
435,0.591486449061,0.60674819873
436,0.59815712138,0.61385091125
437,0.604389494612,0.620252997878
438,0.608659782204,0.624561955771
439,0.613146766745,0.628937400206
440,0.617694333922,0.633305355566
441,0.622916089288,0.638432767839
442,0.630287577524,0.646420299783
443,0.636959388845,0.653782972861
444,0.643320977484,0.66065848221
445,0.648756253998,0.666403628553
446,0.654150779313,0.67200220082
447,0.640336950977,0.655797613203
448,0.654132447453,0.669620635793
449,0.666266214909,0.683913028017
450,0.673642303454,0.692841769814
451,0.676766955401,0.69614077166
452,0.681121601506,0.700970807764
453,0.656222768313,0.673296798689
454,0.686932150014,0.707053523704
455,0.685676795004,0.705041348614
456,0.684763853983,0.703604971869
457,0.686578634126,0.705748062367
458,0.687247773594,0.706745285462
459,0.69605815963,0.71507596135
460,0.697250649216,0.716391343524
461,0.694828973974,0.713534316766
462,0.695398003154,0.714627333793
463,0.697303306388,0.717370350749
464,0.692246844151,0.712208688023
465,0.696269056824,0.717177023274
466,0.692206387388,0.712605073523
467,0.687511669985,0.707488307157
468,0.684044203941,0.703790874124
469,0.663727796242,0.678267104554
470,0.674626091293,0.693646379559
471,0.665041930372,0.683041752511
472,0.66366500968,0.682066954826
473,0.657058696946,0.67512933193
474,0.650495698674,0.668128861393
475,0.643096257875,0.659990310558
476,0.635407110713,0.651580246754
477,0.627337652394,0.642874063668
478,0.620983762891,0.636522474687
479,0.615650390786,0.631368750223
480,0.611173788573,0.627074037628
481,0.605856570777,0.621636969534
482,0.598349323287,0.613665561506
483,0.590673515258,0.60561226144
484,0.584238391516,0.59891177271
485,0.5770951195,0.591314289524
486,0.568594860487,0.581930998937
487,0.561213477995,0.573795797392
488,0.553583156072,0.565396426789
489,0.545426948881,0.556408123813
490,0.539067127271,0.549437602654
491,0.534702043105,0.544975185146
492,0.532576833826,0.543201685617
493,0.530749805691,0.541809744208
494,0.528482421707,0.539716025657
495,0.524155317112,0.534954069875
496,0.5201393119,0.530607368738
497,0.517531111105,0.527741918865
498,0.515739569879,0.525801623234
499,0.515177764746,0.525258991853
500,0.515842865452,0.526076579998
501,0.516810225748,0.527169255507
502,0.515771111342,0.52601874599
503,0.515263758852,0.525350754986
504,0.515862984359,0.525933892469
505,0.51748628667,0.527720585211
506,0.520348443394,0.530815002164
507,0.524191555264,0.535001366532
508,0.528306811728,0.539542996293
509,0.53075273322,0.541821943481
510,0.532323369322,0.542935766374
511,0.534583437424,0.544866556206
512,0.539072514961,0.549432957982
513,0.545771784217,0.556767813677
514,0.553299749845,0.565125598445
515,0.561132474696,0.573722899876
516,0.568910430513,0.582263553911
517,0.577156801006,0.591364942617
518,0.583739097932,0.598420460048
519,0.591026174087,0.605984501906
520,0.5981404324,0.6134614349
521,0.605884338331,0.6216739349
522,0.61137788025,0.627305001411
523,0.615858765635,0.631570075143
524,0.621200665405,0.636729878289
525,0.627481299635,0.643025271222
526,0.635216917858,0.651410092989
527,0.642968409546,0.659829828909
528,0.650557435407,0.668171949047
529,0.656788635842,0.67485701175
530,0.663385257081,0.681764831367
531,0.665047219893,0.683047749346
532,0.674875829372,0.693915760717
533,0.663629572991,0.678168047443
534,0.684303807621,0.704045330561
535,0.687749783635,0.70772205239
536,0.692147869042,0.71251863341
537,0.69633051179,0.717205176052
538,0.692479458235,0.71243558906
539,0.697276315548,0.717336641196
540,0.695226332519,0.714439514319
541,0.694887013335,0.713614683957
542,0.697485761713,0.716622449197
543,0.706020490071,0.724866305243
544,0.704636027105,0.723285909701
545,0.704606038859,0.723729283796
546,0.706246401636,0.726113929302
547,0.709397812496,0.73023498009
548,0.703087450484,0.72364688434
549,0.706941445717,0.728339939359
550,0.701600382458,0.722464213156
551,0.697173671192,0.717714334707
552,0.689708869809,0.708807899956
553,0.676724555648,0.693536435252
554,0.663224256259,0.680122070485
555,0.676897807273,0.696156469629
556,0.669335071624,0.688225937398
557,0.662230837217,0.680636394138
558,0.654779704576,0.672470442724
559,0.646986855349,0.663933794249
560,0.638366175184,0.654516565395
561,0.629269256229,0.644673954759
562,0.622941661655,0.638370708212
563,0.617639708349,0.633290158106
564,0.612297218826,0.628043769971
565,0.604884693192,0.620138688797
566,0.597253186791,0.612169949033
567,0.590152217689,0.60483238919
568,0.583422935329,0.597976336396
569,0.576471712177,0.590552550507
570,0.567722670924,0.580959560377
571,0.559949876944,0.572444022271
572,0.550809843319,0.562391328356
573,0.542792609606,0.553542263297
574,0.537097701657,0.547455285871
575,0.533488582152,0.544018824355
576,0.531166418605,0.542140980048
577,0.529002303181,0.540224652641
578,0.525107155582,0.536111666213
579,0.520427333702,0.53105890417
580,0.516747592875,0.526948112142
581,0.514073283302,0.523979098414
582,0.512975896282,0.522740303013
583,0.512390802239,0.522179461438
584,0.512814722508,0.522666954761
585,0.512678849014,0.522541084975
586,0.512637059773,0.522432930725
587,0.512916395318,0.522675109987
588,0.514454894917,0.524369124002
589,0.51665568428,0.526841173678
590,0.520526566641,0.531125004258
591,0.525005472593,0.536025247413
592,0.528836421927,0.540065870084
593,0.531465191733,0.542446011305
594,0.53362179742,0.544159811788
595,0.537125960298,0.547477064068
596,0.54278291135,0.553535410755
597,0.550801621248,0.56236812856
598,0.559655309901,0.572133258134
599,0.5676971418,0.580927508749
600,0.576362238582,0.590419939661
601,0.583951060474,0.598498113423
602,0.590485423896,0.605170765607
603,0.59735512023,0.612266851868
604,0.605045777707,0.620313033718
605,0.61218740969,0.627926298805
606,0.617519115727,0.633164796301
607,0.622857796253,0.638281019341
608,0.6291311004,0.644535594496
609,0.638269911849,0.654440571253
610,0.646925922729,0.663885627753
611,0.654812036212,0.672501594058
612,0.662361293846,0.680761916264
613,0.669579649013,0.688463923749
614,0.676666464069,0.695889135302
615,0.663392929905,0.680274115978
616,0.676632185631,0.693429415744
617,0.689735232676,0.708824089696
618,0.696911090879,0.717431504963
619,0.701876986433,0.722750128702
620,0.707090934922,0.728498542042
621,0.703377027044,0.723983036369
622,0.709267051369,0.730080860574
623,0.706285917161,0.72615022239
624,0.704608836756,0.723719325863
625,0.704549462064,0.72320109854
626,0.706105477146,0.724916632445
627,0.710010192783,0.728156788193
628,0.709832414775,0.727946109579
629,0.710852082815,0.729675241314
630,0.712493373037,0.732147319771
631,0.714280217046,0.734813701691
632,0.710666951306,0.731373511406
633,0.716163544164,0.738212043449
634,0.712009568737,0.733774340993
635,0.707232165426,0.728553673664
636,0.702103472308,0.723049109467
637,0.681735394771,0.697538408807
638,0.692221188483,0.712407658657
639,0.685920007982,0.705720938223
640,0.680016982221,0.699667334808
641,0.672213360716,0.691404946941
642,0.664241694438,0.682802837188
643,0.655683854207,0.673415261667
644,0.647238151065,0.664126492259
645,0.637681107557,0.653644414044
646,0.628521199273,0.643715929992
647,0.621753018584,0.636909165331
648,0.61571909254,0.63081332584
649,0.610232660841,0.625610556074
650,0.60480604354,0.620342268611
651,0.597879747681,0.613308309369
652,0.590827331849,0.606040279133
653,0.583708736619,0.598649919432
654,0.575769003943,0.590132710555
655,0.565959272301,0.57917404224
656,0.556635766346,0.568836955746
657,0.547551669064,0.558806363089
658,0.540172154265,0.550790468301
659,0.535420640512,0.545946939992
660,0.53267968492,0.543560470653
661,0.529557659653,0.540727724906
662,0.526043004656,0.537212271795
663,0.521884643452,0.532777808455
664,0.518160755627,0.528944906536
665,0.515369495645,0.52598750199
666,0.513180822387,0.52349031504
667,0.510896881515,0.520775773067
668,0.511570074822,0.521854369286
669,0.512206765593,0.522546230692
670,0.511783422112,0.522067629403
671,0.510824550174,0.520718349941
672,0.513001826844,0.523319604051
673,0.5156960331,0.526304560418
674,0.518220886947,0.528981916343
675,0.521641204756,0.532545232726
676,0.526337493448,0.537503209652
677,0.529938054037,0.541114549185
678,0.532505501893,0.543373398028
679,0.535511652761,0.546040827469
680,0.540446768473,0.551060336362
681,0.547676478952,0.558927621855
682,0.556939365236,0.569136771161
683,0.566026611769,0.57925051898
684,0.575570992183,0.589947074022
685,0.583861007117,0.598811591225
686,0.590584043285,0.605810889939
687,0.598079674908,0.613515760507
688,0.604844611182,0.620368141302
689,0.610612943528,0.625994061353
690,0.615345296855,0.630421691786
691,0.621955678325,0.637130345361
692,0.628531763572,0.643722510826
693,0.637515244915,0.65348415616
694,0.646518346023,0.66340415116
695,0.655758742954,0.673509460613
696,0.66414223332,0.682681718609
697,0.672004241691,0.691191842935
698,0.680083659418,0.699744537765
699,0.685725705779,0.705518434142
700,0.692206227239,0.712397170098
701,0.681686439774,0.697501658813
702,0.702443791737,0.723393157093
703,0.706848920103,0.728165057504
704,0.71212220211,0.7338768163
705,0.71588070365,0.737948801485
706,0.710853113732,0.731564016818
707,0.714516015906,0.735089733547
708,0.712522985069,0.73220577495
709,0.710997857129,0.729831561244
710,0.70968453912,0.727805139669
711,0.590607880356,0.60962265772
712,0.672578076654,0.693741641901
713,0.731693227292,0.753822190238
714,0.683239414982,0.704210821138
715,0.593017983809,0.61200875246
716,0.659932791596,0.68158843877
717,0.729758022406,0.752954898302
718,0.684546500808,0.704582655747
719,0.58891323974,0.605996023416
720,0.636457013721,0.656330768502
721,0.713063180731,0.73510709093
722,0.684200902377,0.703735848524
723,0.587348307792,0.602240610729
724,0.600187709097,0.614577429902
725,0.682768164443,0.70065948507
726,0.678461899619,0.697524823764
727,0.593844232414,0.609877052503
728,0.579307048275,0.594022606464
729,0.660679307913,0.678600800585
730,0.670981740006,0.690806629561
731,0.600191560847,0.618338738478
732,0.562766572145,0.5781877916
733,0.633743444215,0.650377397813
734,0.648134788614,0.665685664816
735,0.591034952067,0.6077044319
736,0.544046755923,0.559261488172
737,0.61252045751,0.629621431676
738,0.626571875568,0.643508098972
739,0.581973180044,0.597778383775
740,0.527291255162,0.54140275481
741,0.587592274853,0.603876162285
742,0.603912578668,0.620269747644
743,0.570644351747,0.585740204678
744,0.514039399098,0.526688228802
745,0.555823776561,0.569279867867
746,0.572345281108,0.585548053893
747,0.551310577672,0.563468705051
748,0.500854338776,0.510967636592
749,0.527477634129,0.538258051534
750,0.545267276739,0.555685143259
751,0.534291469737,0.544282208702
752,0.490884288871,0.49977799
753,0.504657028659,0.513484357898
754,0.52419721837,0.533271916178
755,0.522007727287,0.531519035798
756,0.490174762369,0.500024333347
757,0.494567600706,0.503971241189
758,0.517594574104,0.527797092188
759,0.515586816265,0.52573488653
760,0.488347367363,0.49827820071
761,0.485196542036,0.494222825456
762,0.509808377141,0.519794292494
763,0.509326940341,0.519470406106
764,0.487516443784,0.497657599868
765,0.484813260211,0.494407161135
766,0.508532316441,0.518730324334
767,0.508455922733,0.518632373334
768,0.484732641571,0.49431894027
769,0.487496111634,0.497631968459
770,0.509469933117,0.519618905577
771,0.509961866738,0.519934281173
772,0.485056966574,0.494084508552
773,0.48824636487,0.498181043162
774,0.515729034574,0.52587129311
775,0.517408574422,0.527608844477
776,0.494835895588,0.504245893067
777,0.490338643903,0.50017611645
778,0.521897673383,0.531404063389
779,0.524047937791,0.533120247584
780,0.504913998884,0.513744657783
781,0.490897664795,0.499790413664
782,0.534334503632,0.544330881553
783,0.545066265343,0.555465591258
784,0.527636210574,0.538399010164
785,0.500973041999,0.511096183175
786,0.551265145662,0.56342986084
787,0.572174701705,0.585361593936
788,0.555736520781,0.569182158656
789,0.514001868035,0.526656547142
790,0.570596862539,0.58567091933
791,0.603916270867,0.620262839012
792,0.587726197678,0.60401168454
793,0.527246009426,0.54136261858
794,0.582013078222,0.597840190782
795,0.626654153924,0.643575115595
796,0.612556214184,0.629664691494
797,0.544163245366,0.559357245884
798,0.59122934228,0.607921607822
799,0.648326589395,0.665886785397
800,0.633449139607,0.650117671384
801,0.562488321948,0.577902217767
802,0.599767307555,0.617898806921
803,0.671046922718,0.690849479313
804,0.660980322693,0.678880141556
805,0.579186431359,0.593898604298
806,0.593617624666,0.609646767689
807,0.678593631612,0.697655369543
808,0.682639533092,0.700534278064
809,0.600441872499,0.614851378605
810,0.587351673745,0.602250114772
811,0.684369019555,0.703919067711
812,0.713438528459,0.735484346262
813,0.636402538203,0.656260914825
814,0.589024004544,0.60609678043
815,0.684332478212,0.704370970419
816,0.729499395087,0.752697148622
817,0.660032782858,0.68171853244
818,0.593097593025,0.612087500338
819,0.683119505274,0.704101422378
820,0.731748143914,0.753912893784
821,0.672734841307,0.693930511647
822,0.696302936926,0.716073140296
823,0.694982633152,0.714432450109
824,0.692885295674,0.711973560012
825,0.692044358392,0.71105760945
826,0.693324272375,0.71287432519
827,0.695578818285,0.715889880182
828,0.696393298472,0.717267223017
829,0.695475884268,0.71650316966
830,0.69121351245,0.711853819222
831,0.687313557225,0.707581365713
832,0.684217035602,0.704321348487
833,0.681451978668,0.701531892052
834,0.677415697278,0.696852389195
835,0.655917745144,0.670355437527
836,0.670136184355,0.689147718353
837,0.66480166548,0.683151520744
838,0.659795160705,0.678006837424
839,0.655293418687,0.673331533738
840,0.650124713403,0.667929819766
841,0.64495292897,0.662409932133
842,0.639830812378,0.65699725816
843,0.633573421061,0.650149401818
844,0.627157091513,0.643072178704
845,0.621251642272,0.636846862315
846,0.617366293406,0.633087906951
847,0.612915669598,0.628834461839
848,0.609107443116,0.625189905935
849,0.604899920051,0.621034562084
850,0.600418307938,0.61641085163
851,0.595672489217,0.611555686597
852,0.590521852093,0.606269939239
853,0.58434027124,0.599834328397
854,0.578336321807,0.593517554083
855,0.571579230944,0.586289650328
856,0.564466219736,0.578479389912
857,0.557052915511,0.570237582587
858,0.550188142949,0.562625283909
859,0.544151777725,0.555917203658
860,0.53770573134,0.548829782203
861,0.531636092951,0.542166840541
862,0.525684077484,0.535603502094
863,0.520264028475,0.529670383334
864,0.51661579919,0.525958253103
865,0.514226921733,0.523854752003
866,0.512815023052,0.522804018251
867,0.511608687799,0.521872806746
868,0.509931361581,0.520301758264
869,0.507531825997,0.517825742824
870,0.504759677659,0.51484724081
871,0.50202369979,0.511922416655
872,0.500683155114,0.510635534978
873,0.499918572101,0.50993901397
874,0.499372438172,0.509457884072
875,0.498897815382,0.509054101611
876,0.499320861716,0.509562184719
877,0.49960288555,0.509866627669
878,0.499269410833,0.509523011822
879,0.499263484506,0.509412528574
880,0.499246016855,0.509360610457
881,0.499764320443,0.509775880127
882,0.500930263155,0.510870607884
883,0.502049272742,0.511957895316
884,0.50468566771,0.514770717069
885,0.507344330399,0.517631427188
886,0.509820693022,0.520187224298
887,0.511457634648,0.521734391164
888,0.512834350652,0.522837366167
889,0.514343962957,0.523967739676
890,0.516565293,0.52590615559
891,0.520222257783,0.529615430818
892,0.525881527904,0.535806396161
893,0.531669538709,0.542203967561
894,0.537742688087,0.548872217615
895,0.544135685395,0.555899990523
896,0.550201289392,0.562654812865
897,0.557096653047,0.570278894941
898,0.564386469079,0.578373576456
899,0.57153150145,0.586248950931
900,0.57796886702,0.593115329427
901,0.584515604117,0.600003647842
902,0.590332533039,0.606086585113
903,0.595389644788,0.611267973943
904,0.600366941542,0.616394277064
905,0.604849665977,0.620985836295
906,0.609104197933,0.625170873661
907,0.613063090056,0.628978097363
908,0.616981035408,0.632686076137
909,0.621526234542,0.637096515292
910,0.627336421943,0.643261665595
911,0.633778691379,0.650369685403
912,0.639360473664,0.656483549495
913,0.644850120406,0.662300345459
914,0.650069666629,0.667860523179
915,0.655409181716,0.673439777431
916,0.660119196245,0.678347926254
917,0.664763647442,0.68312598367
918,0.670500084103,0.689502986098
919,0.655655705863,0.67008952925
920,0.677195911644,0.696643656314
921,0.681219867413,0.701282203195
922,0.6843344089,0.704411802586
923,0.687255314283,0.707522157031
924,0.691134988401,0.711794288023
925,0.695191068285,0.71618550091
926,0.69645252207,0.717312455152
927,0.695557202354,0.7158829497
928,0.693162220103,0.712720755448
929,0.691811617469,0.710827810715
930,0.692580860803,0.711647945541
931,0.695040073935,0.714492666886
932,0.696710100824,0.716519430183
933,0.708553201072,0.728222543396
934,0.707993444905,0.72757858357
935,0.705636073923,0.724895546567
936,0.70386901235,0.722912836383
937,0.704423513499,0.723989834553
938,0.706512001011,0.726849230834
939,0.707926901072,0.729062071137
940,0.708630761143,0.730290185492
941,0.70613643235,0.727667428563
942,0.702104632728,0.723224476508
943,0.698262277863,0.719029748952
944,0.69435330222,0.714817183216
945,0.691183830591,0.711404797777
946,0.678528392575,0.695442209233
947,0.679393208022,0.697908745687
948,0.679230560511,0.698436145291
949,0.673536480511,0.692337380187
950,0.668340844047,0.686994428308
951,0.66281859848,0.681256670481
952,0.657483827305,0.675718315927
953,0.651766396201,0.669619578089
954,0.645537339331,0.662805097491
955,0.638578137004,0.655193412451
956,0.631805548107,0.647807781922
957,0.625495469092,0.641168895366
958,0.620734944869,0.636598271284
959,0.6156465054,0.631626615494
960,0.611350301469,0.627496750588
961,0.606768107701,0.622956309901
962,0.60199065558,0.618057534991
963,0.596160228607,0.612074352329
964,0.589467691849,0.604998902574
965,0.583209392024,0.598471947983
966,0.577138302284,0.592157402127
967,0.570484171312,0.585024632276
968,0.562889171845,0.57667008093
969,0.555446245658,0.568456790363
970,0.548977924625,0.56132823874
971,0.542643617819,0.554308863283
972,0.53563106478,0.546635255668
973,0.52923522771,0.539612880439
974,0.522744183727,0.532510788218
975,0.518057381564,0.527532378268
976,0.514935515208,0.524529645706
977,0.513106921764,0.523081728525
978,0.51129703941,0.521593145063
979,0.509290131669,0.51972702689
980,0.506806307563,0.517178658491
981,0.503516478078,0.513646332827
982,0.500326471568,0.510198784849
983,0.498289258666,0.508109033162
984,0.496825488187,0.506593377547
985,0.495907075606,0.505680907113
986,0.495698523921,0.505569215534
987,0.495848498184,0.5058206322
988,0.496303615445,0.506392681759
989,0.49623526047,0.506328161706
990,0.495718043438,0.505705608077
991,0.495903693771,0.505784533855
992,0.495935702928,0.505714102731
993,0.496760278024,0.506538243826
994,0.498342887913,0.508152921713
995,0.500206600656,0.510093698087
996,0.503527209507,0.513652823968
997,0.506674155018,0.517057449299
998,0.509229810086,0.519670236635
999,0.51130343551,0.521595224106
1000,0.512924848202,0.52290786373
1001,0.514712709026,0.524307967634
1002,0.518036182013,0.527508862782
1003,0.52280582832,0.53256903311
1004,0.529111013212,0.539484235477
1005,0.53574342629,0.54674710903
1006,0.542728918905,0.554409730804
1007,0.549147699538,0.561480175257
1008,0.555691185025,0.568707072232
1009,0.563100762594,0.576881732846
1010,0.570085519598,0.584612921668
1011,0.57704592686,0.592043892178
1012,0.5834415038,0.5987090084
1013,0.589656516223,0.605200137156
1014,0.596044910205,0.611936072154
1015,0.601742564417,0.617822540239
1016,0.606698921405,0.622879980595
1017,0.611227186277,0.627376175729
1018,0.615661858992,0.631622944477
1019,0.620565447349,0.636403133896
1020,0.625729416303,0.641401953544
1021,0.632045703865,0.648023464511
1022,0.638860290294,0.655477477928
1023,0.645306174747,0.662547616645
1024,0.651803383538,0.66964968285
1025,0.65743478505,0.675642114863
1026,0.663076235504,0.681531736178
1027,0.668469653822,0.687128453981
1028,0.67364848487,0.692468456413
1029,0.679099627167,0.698322024941
1030,0.67937573758,0.697880814696
1031,0.678453068778,0.695356476197
1032,0.691169166555,0.711414451215
1033,0.694154099967,0.714622345493
1034,0.69815343051,0.718897437695
1035,0.702013663109,0.723154372829
1036,0.706087441681,0.727609231937
1037,0.708675290187,0.730351780314
1038,0.708391428737,0.729528593857
1039,0.706397448279,0.726746481562
1040,0.704077650031,0.723609865187
1041,0.703623259736,0.722646987251
1042,0.705941420369,0.725218230633
1043,0.707831394246,0.727428788906
1044,0.715329945907,0.734729749617
1045,0.714651627592,0.733931461846
1046,0.712555339216,0.731589837918
1047,0.71281964961,0.73224255173
1048,0.714343736797,0.734468441994
1049,0.716393433215,0.737342429897
1050,0.718504912659,0.740230690521
1051,0.717784443688,0.739887951185
1052,0.714355329774,0.736194699839
1053,0.710172717785,0.731590240399
1054,0.705577976505,0.726631793569
1055,0.701891615783,0.722685428406
1056,0.697577400143,0.717906102631
1057,0.675829566214,0.691071739133
1058,0.690581560238,0.710580248391
1059,0.684636042846,0.704048330878
1060,0.679236140991,0.698477876061
1061,0.67322175281,0.692253950847
1062,0.667497733345,0.686270105417
1063,0.661696662276,0.680151978857
1064,0.655105158266,0.672965738988
1065,0.64856161726,0.665824030971
1066,0.641818033713,0.658438231202
1067,0.633657855442,0.649633998614
1068,0.627214828734,0.642855269724
1069,0.622092615183,0.637860077434
1070,0.616976017639,0.632876933314
1071,0.612883844763,0.628965188962
1072,0.608290248875,0.624442265487
1073,0.602468260931,0.618393447464
1074,0.595033289955,0.610507704561
1075,0.588501022896,0.60368611291
1076,0.582107688586,0.597047438278
1077,0.576294279076,0.591035724867
1078,0.569513940247,0.583809672817
1079,0.56205773869,0.575631635633
1080,0.554930468411,0.567789319294
1081,0.547864425141,0.560064756404
1082,0.540753467863,0.552253332901
1083,0.533375535402,0.544170856846
1084,0.526823737249,0.536966098932
1085,0.520755226761,0.530369957141
1086,0.516852342807,0.526441965481
1087,0.514187365002,0.524101485887
1088,0.512238983441,0.522485387356
1089,0.510072498024,0.520552737425
1090,0.507011074562,0.517435310717
1091,0.503509314253,0.513659689371
1092,0.500334978975,0.510254322716
1093,0.497200652415,0.506916844646
1094,0.495223604531,0.504802348639
1095,0.493420636644,0.502929016577
1096,0.492799885782,0.502313582334
1097,0.492755878332,0.502373232848
1098,0.493189402446,0.503006129037
1099,0.493718040855,0.503617688911
1100,0.492973759893,0.502791781728
1101,0.49256437966,0.502182157909
1102,0.492739225935,0.50226385546
1103,0.49358696133,0.503090614458
1104,0.49513531373,0.504716936357
1105,0.497033105601,0.506763055249
1106,0.500097130566,0.510021073212
1107,0.503330216176,0.513487203835
1108,0.507104642033,0.51753614463
1109,0.50987275264,0.520346315822
1110,0.512134091656,0.522376853356
1111,0.514343407858,0.524243438106
1112,0.516706388425,0.526288951605
1113,0.520760701629,0.530371969813
1114,0.526665462881,0.536816157624
1115,0.533480148722,0.544275579056
1116,0.540681919121,0.552169528762
1117,0.548298622996,0.560517255584
1118,0.555002859412,0.567859204357
1119,0.562271970872,0.575850193459
1120,0.569531216573,0.583833233554
1121,0.576043608913,0.590766071074
1122,0.582189022072,0.59712307316
1123,0.588600859922,0.603768816998
1124,0.595031962609,0.610517647079
1125,0.602248913391,0.618200058629
1126,0.60802382886,0.624154830411
1127,0.61277445838,0.628860730691
1128,0.617183696647,0.633086487143
1129,0.621743093215,0.637511198998
1130,0.627247410166,0.642902095756
1131,0.634127548214,0.650127847161
1132,0.641436500238,0.658050737958
1133,0.648303179569,0.665550232851
1134,0.655044711484,0.672917853832
1135,0.661616445163,0.680076476987
1136,0.667539594265,0.686299036792
1137,0.67366690747,0.692701803967
1138,0.679487830959,0.698754374511
1139,0.684804393392,0.704224059641
1140,0.690194716653,0.710166340065
1141,0.675989130592,0.69124471145
1142,0.697310763744,0.717608884188
1143,0.701919976291,0.722715689531
1144,0.706115791708,0.727175603906
1145,0.710189929126,0.731613257253
1146,0.714546665821,0.736391853119
1147,0.718139892567,0.740256847156
1148,0.718632006843,0.740379582717
1149,0.716622631343,0.737579505869
1150,0.714452049433,0.734557916853
1151,0.712719690764,0.732158492674
1152,0.712583293685,0.731602160049
1153,0.714045514682,0.73328708615
1154,0.715606016873,0.735020245438
1155,0.716305931834,0.735011748909
1156,0.716269001247,0.734952984138
1157,0.714963715374,0.733575925997
1158,0.715348660537,0.734431922606
1159,0.716077001104,0.735762380841
1160,0.71787354487,0.738317494345
1161,0.71990776028,0.741181333812
1162,0.720615172031,0.742604550278
1163,0.719479758534,0.741673095038
1164,0.715960036531,0.737809260873
1165,0.710986146942,0.732385268693
1166,0.706771705779,0.727838769828
1167,0.702759298877,0.72359799777
1168,0.690180958797,0.707692825099
1169,0.691799518904,0.711202198332
1170,0.690305802712,0.710171245066
1171,0.685040036161,0.70462710998
1172,0.67943446361,0.69887485445
1173,0.673377278657,0.692519435621
1174,0.666858952943,0.685667781104
1175,0.660448032723,0.678763005417
1176,0.654081032268,0.671820064717
1177,0.646738528515,0.663819543792
1178,0.639333285523,0.655744813102
1179,0.631605122692,0.647286692147
1180,0.624342948132,0.639567064957
1181,0.61810148808,0.633260501641
1182,0.613223987688,0.628436535755
1183,0.60979513094,0.625510077655
1184,0.605033187051,0.620775490503
1185,0.599215813454,0.614839854399
1186,0.593110268831,0.608566238703
1187,0.585885332243,0.60084074752
1188,0.580975984457,0.596079988094
1189,0.575325659371,0.590395118085
1190,0.56846816087,0.583006123583
1191,0.560565796077,0.574218846452
1192,0.552406061959,0.565067713867
1193,0.545043575846,0.556968488694
1194,0.536727273721,0.547831526652
1195,0.529718014158,0.540118348691
1196,0.523232383479,0.533047581619
1197,0.518327722603,0.527889728801
1198,0.515199950801,0.524962826786
1199,0.513046160259,0.523173226688
1200,0.510769076445,0.52116745023
1201,0.508218089556,0.518740831846
1202,0.505018518133,0.515516516734
1203,0.501726986358,0.512085765447
1204,0.498634218516,0.508829717014
1205,0.495977989393,0.505956662762
1206,0.493536857895,0.503261088388
1207,0.493400969585,0.50339627851
1208,0.49228540215,0.50222425112
1209,0.491370525502,0.501087929947
1210,0.489979805786,0.499283942067
1211,0.490119564435,0.49942099461
1212,0.491234409441,0.500935107459
1213,0.492240642798,0.502179537572
1214,0.493339047867,0.503330634422
1215,0.493555535032,0.503274093088
1216,0.49586802557,0.505856722865
1217,0.498506514021,0.50869818252
1218,0.501916923995,0.512272778594
1219,0.504882589568,0.515371314317
1220,0.507941722738,0.518463411961
1221,0.510574276129,0.520984876701
1222,0.512932039688,0.523069280814
1223,0.515184395609,0.524950992164
1224,0.518341011944,0.527912886895
1225,0.523480827479,0.533314003442
1226,0.529814347338,0.540225771017
1227,0.536805242313,0.547896883183
1228,0.544978576643,0.55691589498
1229,0.552453014012,0.565115235349
1230,0.560581551691,0.57423626914
1231,0.568745170545,0.583264307495
1232,0.575643606776,0.590730552805
1233,0.580960504339,0.596071088269
1234,0.585756230299,0.600719421022
1235,0.593091278453,0.608524938027
1236,0.599320604768,0.614926984734
1237,0.605119851715,0.620864690416
1238,0.609821091912,0.625516247542
1239,0.613469331249,0.628677071796
1240,0.618459658956,0.633607273366
1241,0.624059408828,0.639273673486
1242,0.631558321034,0.64725652698
1243,0.639784555901,0.65620144637
1244,0.647113739631,0.66420403105
1245,0.653898577868,0.671648992928
1246,0.660485158107,0.678803217217
1247,0.666636251748,0.685441640884
1248,0.673058576724,0.692210108251
1249,0.679251921447,0.698644526363
1250,0.685127956134,0.704704581755
1251,0.690404760987,0.710261721942
1252,0.691984658649,0.711339425094
1253,0.69093276974,0.708489218223
1254,0.703084931573,0.723956691796
1255,0.706721804938,0.727785251125
1256,0.710776250192,0.732162972051
1257,0.715529302888,0.737361690723
1258,0.719756739596,0.741954297506
1259,0.721009623931,0.742977018906
1260,0.720305054915,0.741592269615
1261,0.717895629183,0.738333342344
1262,0.715959084122,0.735674943246
1263,0.715115979002,0.734195648027
1264,0.714737889797,0.733340071304
1265,0.715952228834,0.734618910391
1266,0.488242967123,0.503904945302
1267,0.595156010794,0.61424305664
1268,0.713154310644,0.735154961982
1269,0.712559420795,0.734603393587
1270,0.59207758011,0.610545460361
1271,0.488073111039,0.503855526041
1272,0.594526029367,0.614000171067
1273,0.71438746852,0.737640008543
1274,0.704528114593,0.726283626332
1275,0.584705194953,0.60219271202
1276,0.480031651361,0.494463050449
1277,0.589031431118,0.608342697767
1278,0.702186412364,0.724474448586
1279,0.690841995538,0.711277160638
1280,0.571991978048,0.587616587854
1281,0.473841325753,0.487333160694
1282,0.572206686583,0.588389084255
1283,0.664583407062,0.679405751623
1284,0.675625428263,0.695057649915
1285,0.564893450658,0.580591695492
1286,0.465987390276,0.479075326413
1287,0.559495038339,0.574850316819
1288,0.663099634916,0.681656718611
1289,0.659258694974,0.678804508043
1290,0.559231008424,0.576380662267
1291,0.460828803836,0.47404627525
1292,0.548419897695,0.563460750929
1293,0.641513840639,0.658782103764
1294,0.634816565961,0.652538656246
1295,0.542498582799,0.558318117332
1296,0.451790057366,0.464376849885
1297,0.538777328696,0.553798894818
1298,0.621692054067,0.63896742687
1299,0.611489846102,0.628071666744
1300,0.525258102134,0.540187710703
1301,0.445651018879,0.457752226214
1302,0.526727107695,0.541498709279
1303,0.600914845172,0.617942334892
1304,0.590667488625,0.606966205943
1305,0.509960691643,0.524119826821
1306,0.437714514509,0.449082067429
1307,0.510140705693,0.523347840872
1308,0.571140972815,0.585927034574
1309,0.561081069291,0.574969583487
1310,0.485913838491,0.497053977544
1311,0.424665593547,0.434204462459
1312,0.49072513562,0.501644411218
1313,0.53902042622,0.550097013754
1314,0.531616815493,0.542223826497
1315,0.466301795658,0.475203855425
1316,0.417819601292,0.426327279897
1317,0.475060778233,0.484070954149
1318,0.512949210971,0.521540923339
1319,0.506795510052,0.51533177029
1320,0.452809915447,0.461622499734
1321,0.415911447277,0.424346136603
1322,0.467225783033,0.475960125186
1323,0.501787837839,0.511142895875
1324,0.495765675788,0.505379736565
1325,0.446995370481,0.456992468683
1326,0.414929303443,0.42307514704
1327,0.467208200805,0.47635380487
1328,0.493993142332,0.503379812326
1329,0.481644559987,0.490790662104
1330,0.43595328073,0.445531818387
1331,0.420750278488,0.429382016164
1332,0.468102966864,0.477393158549
1333,0.490419201355,0.50017197773
1334,0.474585254099,0.484064550413
1335,0.429573927771,0.439018476597
1336,0.429580732205,0.439028728997
1337,0.474671465629,0.48415148049
1338,0.490099918471,0.49985123344
1339,0.467989227061,0.477286208135
1340,0.420856972095,0.429491549772
1341,0.435844366256,0.44541864706
1342,0.481865534381,0.491001897572
1343,0.493961690573,0.503371545324
1344,0.467211963364,0.476348881827
1345,0.414673326679,0.422818009856
1346,0.446911366365,0.456911648675
1347,0.495537276457,0.505128218725
1348,0.501791185539,0.511139969165
1349,0.466982191454,0.475725433276
1350,0.416071835139,0.424512920353
1351,0.452800399324,0.461614631871
1352,0.506832671898,0.51535923823
1353,0.512910966798,0.521496922691
1354,0.475034885562,0.484027933454
1355,0.417810556752,0.426323418672
1356,0.466287694789,0.475185412996
1357,0.531432928857,0.542051852938
1358,0.53907877573,0.550164923997
1359,0.490725044353,0.501644222711
1360,0.424504243285,0.434046434363
1361,0.485899542389,0.497036447628
1362,0.561119451976,0.575016042449
1363,0.571147206787,0.585945297969
1364,0.510021794949,0.523209433566
1365,0.437573944753,0.448931260672
1366,0.509979916249,0.52413466658
1367,0.59049993409,0.606799938528
1368,0.600820975708,0.617874394116
1369,0.526627923928,0.541391486016
1370,0.445596249915,0.45769548561
1371,0.525083107076,0.53998953922
1372,0.611598400505,0.628182927945
1373,0.621769402429,0.639062008229
1374,0.538664623411,0.553676712578
1375,0.451782757286,0.464366544254
1376,0.542309615466,0.558138819181
1377,0.634971811698,0.652677285712
1378,0.641238962527,0.658517957708
1379,0.548419164208,0.563479796351
1380,0.461053066102,0.474272100361
1381,0.559344460398,0.57650062719
1382,0.65937151167,0.678924302462
1383,0.663199058185,0.68175606251
1384,0.559009499518,0.57435398971
1385,0.465886122844,0.478973432596
1386,0.56525763486,0.58095857523
1387,0.675865824408,0.69530002139
1388,0.664484633862,0.679318441479
1389,0.572101847194,0.588314596809
1390,0.473724858494,0.487221516735
1391,0.572050111826,0.587700318448
1392,0.690458167017,0.710886318776
1393,0.701870819407,0.724165304467
1394,0.589093224952,0.608406918155
1395,0.479944611237,0.494400350517
1396,0.584437253955,0.60192331792
1397,0.704687030288,0.726430169583
1398,0.71476823931,0.738009381873
1399,0.594220198664,0.613681463197
1400,0.487965827864,0.503731147979
1401,0.591933825198,0.610426275846
1402,0.71248142324,0.73452759919
1403,0.71332735431,0.735351642085
1404,0.595002380375,0.614045312087
1405,0.688907756942,0.708737567502
1406,0.687455976354,0.707052587313
1407,0.685959325828,0.705215858052
1408,0.684486390522,0.70346605018
1409,0.683583359886,0.702614634511
1410,0.684723003992,0.704211746873
1411,0.686161445926,0.706252665142
1412,0.687564942406,0.708170440013
1413,0.687887136703,0.708926041347
1414,0.685862351144,0.706835332929
1415,0.68312722279,0.703792327404
1416,0.679459042168,0.699829705334
1417,0.676916975808,0.697206675914
1418,0.674528736099,0.694799280235
1419,0.672197307876,0.692418615805
1420,0.669442723103,0.689545826757
1421,0.657071442398,0.674051108655
1422,0.659526200738,0.678170136747
1423,0.657656635924,0.676509580904
1424,0.652946766219,0.671310103572
1425,0.648854494358,0.667132575833
1426,0.644009052792,0.662077170754
1427,0.640170849515,0.658057320969
1428,0.63541560214,0.653055698364
1429,0.631396228493,0.648843793259
1430,0.627012426743,0.644190567406
1431,0.622234572166,0.639104236592
1432,0.616960228195,0.633249911488
1433,0.611528802826,0.627287058737
1434,0.607010203468,0.622571091655
1435,0.603819284212,0.619494282058
1436,0.600452754141,0.616315839875
1437,0.59732047145,0.613401452902
1438,0.594186635753,0.610391642767
1439,0.590418435201,0.606662810755
1440,0.586082445104,0.602191075495
1441,0.581432350672,0.597371441728
1442,0.577373943544,0.59322376394
1443,0.572608021904,0.588340600139
1444,0.567984095642,0.583609803099
1445,0.562778452886,0.578136274688
1446,0.557046844473,0.571972131719
1447,0.551380472539,0.565822497856
1448,0.544909932077,0.558639408356
1449,0.538528063211,0.551540779565
1450,0.532838105013,0.545226126825
1451,0.526889568945,0.538604768634
1452,0.5219811834,0.533201959837
1453,0.51666840468,0.527369836202
1454,0.510967983633,0.521158609999
1455,0.505835310516,0.515558135659
1456,0.500444071794,0.509621587391
1457,0.49588018942,0.504797355734
1458,0.492677468024,0.501591805312
1459,0.490209206448,0.499393252028
1460,0.488360258569,0.497819511488
1461,0.486790939582,0.49648149064
1462,0.485321255429,0.49518152836
1463,0.484485428784,0.494469665134
1464,0.482511994357,0.492486981905
1465,0.480336932789,0.490194182385
1466,0.477634371203,0.487260445121
1467,0.475691145242,0.485223408158
1468,0.474798930833,0.484412854191
1469,0.474306199991,0.484051412553
1470,0.473752886693,0.483593433185
1471,0.473492250719,0.48335248645
1472,0.473252535523,0.483180682475
1473,0.473205393406,0.483142225174
1474,0.473529642735,0.483483916018
1475,0.473256940536,0.483184781394
1476,0.473056487632,0.482987585069
1477,0.473181488721,0.483051270951
1478,0.473687390552,0.483516903875
1479,0.47403029656,0.483779638855
1480,0.47503744566,0.484636443877
1481,0.475985704983,0.485503967431
1482,0.477565426975,0.487178408541
1483,0.480416135152,0.490290549656
1484,0.482540099885,0.492517567728
1485,0.484520964262,0.494506923175
1486,0.485551903965,0.495401318691
1487,0.486741132843,0.496423541777
1488,0.488382345102,0.497837663682
1489,0.490516483471,0.49970311743
1490,0.492624728231,0.501525703324
1491,0.496014884827,0.504911194918
1492,0.500433136633,0.509598179126
1493,0.505955182807,0.515672798999
1494,0.511228024603,0.521421729178
1495,0.516547998386,0.527259668824
1496,0.522192429893,0.533432735124
1497,0.527096547354,0.538809884235
1498,0.532712520149,0.545081156564
1499,0.538511834008,0.551531560072
1500,0.544592454336,0.558315947429
1501,0.551452068265,0.565899152131
1502,0.556904185242,0.571857358654
1503,0.562767209809,0.578120804479
1504,0.568134621697,0.583736855853
1505,0.572633962881,0.588388522271
1506,0.577512455912,0.593355577068
1507,0.581469407465,0.597413908371
1508,0.585993251488,0.602092655568
1509,0.590306351936,0.60653524728
1510,0.594204348568,0.610452063011
1511,0.597185745016,0.613261793358
1512,0.60044750347,0.616307155489
1513,0.603748768892,0.619415189151
1514,0.606929033297,0.622466766949
1515,0.611370904433,0.627147907722
1516,0.617089980824,0.633414786879
1517,0.622228760054,0.639100865334
1518,0.627220144121,0.644416818801
1519,0.63120948051,0.648659638132
1520,0.635670325473,0.653298228509
1521,0.640010155687,0.657904899926
1522,0.644159670515,0.662235694503
1523,0.649067411606,0.667359676956
1524,0.652994427629,0.671358963533
1525,0.657489009917,0.676320608837
1526,0.659042203719,0.677637911573
1527,0.657270810679,0.674286212138
1528,0.669651368946,0.689782594129
1529,0.671743200686,0.691944795585
1530,0.674450502282,0.694677691736
1531,0.677030785035,0.697327493993
1532,0.679736695304,0.700070879856
1533,0.682971448906,0.703630947382
1534,0.686098709996,0.707061616917
1535,0.688112335901,0.709175965537
1536,0.687535341698,0.708164776429
1537,0.686053296863,0.706146557087
1538,0.684666526758,0.70416504767
1539,0.683818805415,0.702822497374
1540,0.683918550629,0.702880343875
1541,0.686084256429,0.705359916791
1542,0.687479905878,0.707086933887
1543,0.688925797297,0.708777748934
1544,0.686314710484,0.705402657747
1545,0.686073278499,0.705126383055
1546,0.684849428032,0.703675785361
1547,0.683800582064,0.702397279562
1548,0.682978189437,0.701499030325
1549,0.683577219062,0.702488003941
1550,0.6849281906,0.704394220564
1551,0.686075760768,0.706104161701
1552,0.685922286692,0.706318059713
1553,0.685309188685,0.705992910544
1554,0.682683759258,0.70312750461
1555,0.679550392437,0.699674737319
1556,0.676196823838,0.696035272518
1557,0.673782898854,0.693397037643
1558,0.671104933688,0.690573688679
1559,0.668132570989,0.687499127083
1560,0.660709421252,0.67812081501
1561,0.647391441801,0.662235548262
1562,0.659100247891,0.677807461853
1563,0.653923919438,0.672141762222
1564,0.649399137421,0.667340421864
1565,0.645363898286,0.663249026215
1566,0.64068917088,0.658425855101
1567,0.637161569354,0.654839029671
1568,0.633467284228,0.650929014764
1569,0.628694173059,0.645866482311
1570,0.624208563782,0.641037154857
1571,0.619024955688,0.635283206943
1572,0.613248188525,0.6289650848
1573,0.607808634329,0.623119136774
1574,0.603588310397,0.618796871752
1575,0.599634092454,0.615012547252
1576,0.595965894374,0.611461248505
1577,0.592323906806,0.607977665078
1578,0.589025855252,0.604786629772
1579,0.585167769155,0.600899754004
1580,0.580786928774,0.596402181809
1581,0.576736305563,0.59227031213
1582,0.571857498356,0.587289405901
1583,0.566684973531,0.58190208671
1584,0.561573026082,0.57652340877
1585,0.555875310429,0.570517573563
1586,0.549993557536,0.564191725715
1587,0.544304412229,0.557946493099
1588,0.538093912819,0.550997752005
1589,0.532276630593,0.544521838073
1590,0.527062093585,0.538771264871
1591,0.521829607324,0.533001140836
1592,0.516511842808,0.527169842184
1593,0.511102350238,0.521265008044
1594,0.505816128714,0.51551826862
1595,0.50070306468,0.509960583128
1596,0.495850499729,0.504717302445
1597,0.491791902196,0.500585036144
1598,0.489568673546,0.498573527309
1599,0.487711256943,0.497036103762
1600,0.48638382312,0.495996487457
1601,0.484927175701,0.49471046538
1602,0.483208340446,0.493079965525
1603,0.481233863188,0.491018413742
1604,0.478740101351,0.488343535022
1605,0.476049551791,0.485371996899
1606,0.473904775661,0.483090087506
1607,0.472826870454,0.482079404453
1608,0.471850249898,0.481192310342
1609,0.471422184359,0.480844409785
1610,0.471365668036,0.480930118871
1611,0.471495194484,0.481181111283
1612,0.471989716823,0.481755766347
1613,0.472331145616,0.482143494893
1614,0.472366322985,0.482182366667
1615,0.471863075007,0.481642648976
1616,0.471486033665,0.48116325823
1617,0.471253170626,0.480813163922
1618,0.471358995861,0.480788745593
1619,0.471874936556,0.48122057013
1620,0.472909468333,0.482167520093
1621,0.473971312398,0.483168296428
1622,0.476067242145,0.485395983259
1623,0.478821954276,0.488409734522
1624,0.481193494319,0.490977361702
1625,0.48337085771,0.493244164275
1626,0.48496139824,0.494741333851
1627,0.486425429362,0.496028385342
1628,0.487853994838,0.497174716814
1629,0.489651983564,0.498666441445
1630,0.492129179039,0.500923588016
1631,0.49592026823,0.504791263854
1632,0.500487276765,0.509744427312
1633,0.505591633571,0.515292379061
1634,0.511032170267,0.521196267741
1635,0.516461673583,0.527119181786
1636,0.521917260893,0.533091450035
1637,0.527145042781,0.538840387444
1638,0.532482773798,0.544738628798
1639,0.537970022152,0.550874666124
1640,0.544167584795,0.557790773744
1641,0.550298159613,0.564509268186
1642,0.555885382245,0.570514744576
1643,0.561503788384,0.576454001192
1644,0.566767936067,0.582000461089
1645,0.57193462355,0.587367022378
1646,0.576610707085,0.592152412151
1647,0.581125079826,0.596773404187
1648,0.585119514218,0.600863468556
1649,0.588848631878,0.604599649199
1650,0.592346436761,0.607992624796
1651,0.595802380124,0.611309920031
1652,0.599468696395,0.614846541452
1653,0.603279504972,0.618478580442
1654,0.60817790267,0.6234810114
1655,0.613547697512,0.6292716166
1656,0.619000077013,0.63525407651
1657,0.62417369359,0.640979789078
1658,0.628821759218,0.645976416373
1659,0.633298909854,0.650763823581
1660,0.637220209911,0.654877120701
1661,0.641217038626,0.658993877187
1662,0.645350499022,0.663225162619
1663,0.649603741601,0.667560159577
1664,0.653867935903,0.672084582931
1665,0.659043967942,0.677758995421
1666,0.64722332135,0.662099166231
1667,0.660499765559,0.677919047157
1668,0.668543423376,0.687900402253
1669,0.671275223004,0.690736960373
1670,0.673658468836,0.693277977488
1671,0.676381368991,0.696186632652
1672,0.679466280541,0.699597306743
1673,0.68240471362,0.702849157637
1674,0.685603000998,0.706273046569
1675,0.686370994497,0.706797119258
1676,0.68592265699,0.7059471722
1677,0.684666802057,0.70413386195
1678,0.683474161979,0.702408257912
1679,0.682787815702,0.701317925519
1680,0.683467664539,0.702047726741
1681,0.684603724672,0.70342553152
1682,0.68582648766,0.704866472361
1683,0.678033621345,0.696583628482
1684,0.677550562498,0.696071480025
1685,0.676604402769,0.694910210021
1686,0.675378955298,0.693523657988
1687,0.67585058767,0.694272538139
1688,0.676395324543,0.695278700531
1689,0.677772354597,0.697195247593
1690,0.678174637776,0.698095295283
1691,0.678180051418,0.698419601685
1692,0.676594570751,0.696927321168
1693,0.67347373963,0.693472345914
1694,0.670333429835,0.690008449771
1695,0.667571826268,0.686977720921
1696,0.665224143738,0.68450252263
1697,0.663081833002,0.682270810494
1698,0.660583393866,0.67973264823
1699,0.651900770756,0.668808913287
1700,0.654507868614,0.673231991718
1701,0.650710261071,0.669070239879
1702,0.646086883828,0.664006083002
1703,0.642197670106,0.660065159237
1704,0.637926626695,0.655679598149
1705,0.633962099814,0.651598741411
1706,0.630314542698,0.64780800571
1707,0.626133022688,0.643351202244
1708,0.621720672779,0.638575115236
1709,0.616488166744,0.632828079124
1710,0.61114655386,0.626973809924
1711,0.605919907091,0.621333901591
1712,0.600530566725,0.615584413499
1713,0.596028976789,0.61104076389
1714,0.592064005183,0.607210534043
1715,0.588266874838,0.603466554113
1716,0.585019651542,0.600323285326
1717,0.581715940319,0.597120206142
1718,0.577850327199,0.593213866077
1719,0.573321819311,0.588558012099
1720,0.569092803552,0.584196528547
1721,0.563921704257,0.578745797785
1722,0.558406337098,0.572917453644
1723,0.553236082672,0.567476443354
1724,0.548094225366,0.562040237944
1725,0.542688296362,0.556214115112
1726,0.537188028876,0.550134325913
1727,0.531355977764,0.543650899407
1728,0.525941743794,0.537645506396
1729,0.521002509777,0.532190932463
1730,0.515757567325,0.526453012617
1731,0.510428135037,0.520626362043
1732,0.505398989905,0.515150995928
1733,0.500548250642,0.509885529712
1734,0.495600308348,0.504550395414
1735,0.491564986112,0.500295153907
1736,0.488822977487,0.497652577042
1737,0.487029719958,0.496197681466
1738,0.485502722621,0.494960237345
1739,0.484260161061,0.49390218019
1740,0.482157946739,0.491870090299
1741,0.480237457588,0.489875576265
1742,0.477552301973,0.486973956336
1743,0.474928844272,0.484085200301
1744,0.472460331562,0.481453762724
1745,0.471077850052,0.480061506304
1746,0.469795416671,0.478793117825
1747,0.469114403375,0.478131257415
1748,0.468758108418,0.477892281735
1749,0.468944859306,0.478257608438
1750,0.469503654189,0.478981197233
1751,0.470193181489,0.479790979432
1752,0.47079663692,0.480488907251
1753,0.470189214999,0.479787157093
1754,0.469577833752,0.479068566034
1755,0.469026796139,0.478336137947
1756,0.468637811382,0.477773039256
1757,0.469208366092,0.47822858915
1758,0.469912377742,0.478909940869
1759,0.470871339281,0.479838609952
1760,0.472629215746,0.481617370182
1761,0.474910994528,0.484070646788
1762,0.47763737452,0.4870574685
1763,0.480104240962,0.489747369297
1764,0.482405689545,0.49212502846
1765,0.484008097041,0.493655889343
1766,0.485687236928,0.495159912992
1767,0.48717145077,0.49633784423
1768,0.488974784945,0.497813867045
1769,0.491971795999,0.50070379104
1770,0.495884715738,0.504837978536
1771,0.500767058476,0.510116408977
1772,0.505411988903,0.515150973258
1773,0.51044555156,0.520647478699
1774,0.51569286837,0.526389745294
1775,0.520764493253,0.531976230641
1776,0.526166944175,0.537886270598
1777,0.531533202671,0.54382033488
1778,0.537355049354,0.550315281483
1779,0.542710781153,0.556222359744
1780,0.548092710175,0.562058082726
1781,0.553350619923,0.567582255503
1782,0.558397350459,0.57290009276
1783,0.563772368694,0.578598803883
1784,0.568930057574,0.58404806151
1785,0.573651393892,0.588894652623
1786,0.577684110546,0.593038318249
1787,0.581726785074,0.597162704432
1788,0.585010039486,0.600336652773
1789,0.588358380503,0.603571457955
1790,0.592063657168,0.607182764571
1791,0.595787242171,0.610793844429
1792,0.600137108004,0.615180801416
1793,0.60561562923,0.621022264332
1794,0.610980542731,0.626837658511
1795,0.616144507464,0.632474049574
1796,0.62174073298,0.63860962669
1797,0.626139563515,0.643366364948
1798,0.630329790284,0.647840088167
1799,0.633984161468,0.651603611825
1800,0.638180493473,0.6559556308
1801,0.641917417436,0.65977773687
1802,0.646221820168,0.664155878032
1803,0.650627918382,0.66897825778
1804,0.654468074661,0.673164589772
1805,0.651684601785,0.668619310879
1806,0.660671450197,0.679804578001
1807,0.66273627269,0.681910444794
1808,0.665159105924,0.684432502932
1809,0.667772437312,0.68720124624
1810,0.670446204422,0.690099731634
1811,0.673481696563,0.693458970553
1812,0.676612672,0.696934045667
1813,0.678076571739,0.698319334592
1814,0.678502340499,0.698401372272
1815,0.677672889632,0.697102203361
1816,0.676430112244,0.695312952423
1817,0.675604620627,0.694027064528
1818,0.675451302344,0.693600897564
1819,0.676704022759,0.694993026652
1820,0.67761092093,0.696113505995
1821,0.677857011102,0.696431993998
1822,0.659547362544,0.677461140638
1823,0.659259202627,0.677170614628
1824,0.658672777707,0.676493319866
1825,0.657960883989,0.675622783071
1826,0.658241070284,0.676108716505
1827,0.658756436889,0.677005930656
1828,0.659603460467,0.678281787746
1829,0.660458300281,0.679610627809
1830,0.660875904748,0.680430110316
1831,0.659933574059,0.679648215963
1832,0.658115243698,0.677841964132
1833,0.655166305723,0.67454530126
1834,0.65239616564,0.671457410734
1835,0.649870963779,0.668745192462
1836,0.647831206408,0.666607225738
1837,0.645775708566,0.664501306498
1838,0.638819552872,0.655739169898
1839,0.63907731775,0.657096818427
1840,0.637843237227,0.65607198325
1841,0.633727901163,0.651582504266
1842,0.630335887955,0.647992596795
1843,0.626672289855,0.644274376296
1844,0.622908662158,0.640435059305
1845,0.61919727917,0.636519798184
1846,0.615347043984,0.632394566741
1847,0.610960354281,0.627681998477
1848,0.6067593273,0.623094604795
1849,0.601822782551,0.61772371819
1850,0.597236669087,0.61271476815
1851,0.591729015485,0.606730809688
1852,0.58703150819,0.60166109743
1853,0.582656178732,0.5971949055
1854,0.579325863579,0.593975107574
1855,0.575784692036,0.590448794652
1856,0.572269943168,0.586897170242
1857,0.568638131445,0.583121637496
1858,0.565378503599,0.579858619723
1859,0.562445116026,0.577129357439
1860,0.558034050096,0.572618729138
1861,0.553593932888,0.568013356152
1862,0.548888577329,0.563161839985
1863,0.544237059152,0.558256665007
1864,0.538639268022,0.552135243042
1865,0.534130003788,0.547387940564
1866,0.529776820992,0.542647878885
1867,0.523598144336,0.535765261614
1868,0.517931683485,0.529455639493
1869,0.51302165566,0.523967337234
1870,0.507303556844,0.517631299785
1871,0.502139125617,0.511953005054
1872,0.49751266609,0.506885532317
1873,0.493533961852,0.502535293474
1874,0.489379060103,0.49808319406
1875,0.486572144251,0.495295735637
1876,0.484590350101,0.493593500209
1877,0.483050571081,0.492338718456
1878,0.481744087761,0.491250490681
1879,0.480100072453,0.489724118941
1880,0.478456327633,0.488108367725
1881,0.476352920155,0.485946139698
1882,0.474106778773,0.483508477369
1883,0.472869084677,0.482339289701
1884,0.471074847494,0.480472246472
1885,0.469573501362,0.478861493115
1886,0.468037838858,0.477179752282
1887,0.467076001754,0.476115020957
1888,0.465536491332,0.474328830009
1889,0.465956924423,0.474905260786
1890,0.467277007963,0.476727071482
1891,0.467505645135,0.477052549612
1892,0.467829981026,0.47737957898
1893,0.467331150005,0.476778390599
1894,0.465816532627,0.474756680236
1895,0.465665856477,0.474469405557
1896,0.466993298294,0.476022026747
1897,0.468137095266,0.477280894638
1898,0.469703690409,0.479002461429
1899,0.471162427418,0.480570076773
1900,0.473106414024,0.482598261837
1901,0.474062236779,0.483467438334
1902,0.476402298468,0.486006687746
1903,0.478564419349,0.488211741503
1904,0.480184950897,0.489803709848
1905,0.481697886441,0.491183220749
1906,0.48311859176,0.492407536833
1907,0.484590391967,0.493593389047
1908,0.486314781545,0.495041168705
1909,0.489441473824,0.498167549645
1910,0.493315219453,0.502307855409
1911,0.497551609428,0.506924359457
1912,0.502105621287,0.511928230455
1913,0.507352845183,0.517687650947
1914,0.513039246334,0.523982335321
1915,0.517906776562,0.529422428816
1916,0.523515755717,0.53568483657
1917,0.52973587353,0.542617407564
1918,0.53426376434,0.54752146134
1919,0.538661086868,0.552162248804
1920,0.544109050687,0.558116754394
1921,0.548701997109,0.562975893313
1922,0.553300862287,0.567734895727
1923,0.558076158992,0.572663432509
1924,0.56240640927,0.577117828667
1925,0.565385832999,0.579851521873
1926,0.568586824242,0.583065559082
1927,0.572353013547,0.586958937503
1928,0.575804257927,0.590437813641
1929,0.579237530083,0.593870901182
1930,0.582943005061,0.597479897302
1931,0.586994951404,0.601612964425
1932,0.59203377228,0.607056024008
1933,0.597099951068,0.61258055407
1934,0.60189021384,0.617768528115
1935,0.606532757116,0.622855227456
1936,0.610763967548,0.627478130159
1937,0.615067724787,0.632118612446
1938,0.619180907039,0.63650326297
1939,0.623249711494,0.640758552261
1940,0.626348816203,0.643953337263
1941,0.630374848646,0.64805170575
1942,0.634060088422,0.651911227815
1943,0.637737878275,0.655955942512
1944,0.639362795428,0.657411816377
1945,0.638530211282,0.655419350326
1946,0.64539785623,0.664113860434
1947,0.647967692608,0.666753943186
1948,0.649719844543,0.6685990902
1949,0.652614487683,0.671691807941
1950,0.655293087084,0.674692807532
1951,0.658168549611,0.677884668583
1952,0.659962155981,0.679708895116
1953,0.660638640473,0.680166072339
1954,0.660441431091,0.679591316452
1955,0.659511438588,0.678189760649
1956,0.658680489215,0.676908786699
1957,0.658184184637,0.676044335325
1958,0.657786265612,0.675446423928
1959,0.659063267332,0.676873797724
1960,0.65929329603,0.677186719737
1961,0.41065426837,0.423810461931
1962,0.507275231512,0.523522186244
1963,0.619079271602,0.638098064636
1964,0.695658070505,0.71658325594
1965,0.641433719125,0.661194859887
1966,0.528140369949,0.544744187158
1967,0.417010653358,0.430442406941
1968,0.483799483962,0.499665306334
1969,0.597198915779,0.616260190026
1970,0.687754791032,0.70915593547
1971,0.653820550358,0.673613060688
1972,0.542710574684,0.558977460882
1973,0.42613431705,0.438865360077
1974,0.45549702667,0.470448098426
1975,0.570653821314,0.589379659117
1976,0.663561695902,0.683613397377
1977,0.6547046426,0.673598365513
1978,0.555964237373,0.571598736495
1979,0.441264274052,0.453484402938
1980,0.424893589517,0.437667452171
1981,0.536087486843,0.552506608868
1982,0.632764416399,0.650892977863
1983,0.651056730473,0.669345859984
1984,0.569061187444,0.585198010312
1985,0.457114350059,0.470255206398
1986,0.401933958371,0.413587649742
1987,0.500408980709,0.514425473752
1988,0.598250736645,0.615060592303
1989,0.638769090345,0.656729647343
1990,0.580792058766,0.598372324336
1991,0.474057060981,0.488773224677
1992,0.388805151042,0.400011178778
1993,0.470065020198,0.48348253257
1994,0.565320750631,0.581117457908
1995,0.614260606504,0.630110343307
1996,0.574734655741,0.590485474534
1997,0.481120654272,0.49519966391
1998,0.384721048324,0.395436579623
1999,0.442119552147,0.454739115361
2000,0.537749626125,0.553498392688
2001,0.593033394705,0.609276498435
2002,0.570576395197,0.58626917877
2003,0.486145009569,0.500380335121
2004,0.392808746671,0.403658352349
2005,0.414542606163,0.425465909449
2006,0.506187619473,0.520539224439
2007,0.566787006221,0.582306716209
2008,0.559001420418,0.57424621069
2009,0.48606478726,0.49967470492
2010,0.4002074917,0.411060079346
2011,0.391579861305,0.401385632809
2012,0.471840375075,0.483664747411
2013,0.529487254988,0.54199090288
2014,0.534178517974,0.546257264432
2015,0.475828097893,0.486697486209
2016,0.397149617866,0.405788572621
2017,0.372407448946,0.381116729044
2018,0.442649275165,0.452376152598
2019,0.496379135308,0.505941597678
2020,0.506850533286,0.516026129638
2021,0.465515197141,0.474576019635
2022,0.403833626953,0.413666976214
2023,0.420434595771,0.428442742561
2024,0.471221341466,0.479447735036
2025,0.484922869149,0.49311174653
2026,0.458424333313,0.467666740163
2027,0.399937614961,0.409022772932
2028,0.360894695609,0.368579197353
2029,0.40683484904,0.414748980817
2030,0.461206327651,0.470536597292
2031,0.477510133422,0.486589755167
2032,0.455784313849,0.465107064047
2033,0.400724286404,0.41043869942
2034,0.365042148326,0.373418253659
2035,0.39868224759,0.406904180855
2036,0.453708596977,0.463303157111
2037,0.470478400035,0.479738405956
2038,0.452047031374,0.461273303358
2039,0.394690212395,0.403736645712
2040,0.369045659261,0.377745499982
2041,0.395943201129,0.40423844322
2042,0.448344051066,0.457463804351
2043,0.469826745691,0.479234399952
2044,0.448255450369,0.457384277945
2045,0.395834254292,0.404130898238
2046,0.368919184348,0.377603947608
2047,0.394689557169,0.403744102746
2048,0.451934815139,0.461158433536
2049,0.470431473362,0.479690785907
2050,0.453948408677,0.463542820373
2051,0.398674621016,0.406901038648
2052,0.365065674698,0.373437232629
2053,0.400813447731,0.410521585656
2054,0.455582627121,0.464886982145
2055,0.477454136018,0.486543528437
2056,0.46121383907,0.470531559341
2057,0.406779709912,0.414696473704
2058,0.360777317181,0.368460703617
2059,0.399742656062,0.408831258986
2060,0.458556421409,0.467795696912
2061,0.485039380686,0.493217927545
2062,0.471133251859,0.479357953558
2063,0.420531851379,0.428539252792
2064,0.403740727569,0.413597712944
2065,0.465643415872,0.474697957225
2066,0.506652301529,0.515824094711
2067,0.496195919759,0.505761390591
2068,0.44244975574,0.452190263934
2069,0.372304999094,0.381013420735
2070,0.39723512304,0.405879906728
2071,0.475706404082,0.486568730074
2072,0.534049372839,0.546119641686
2073,0.529492166363,0.541996489934
2074,0.47171981758,0.4835579137
2075,0.391778346412,0.401591638707
2076,0.400131978335,0.41097625673
2077,0.486244281702,0.499837649786
2078,0.558917995031,0.574162294317
2079,0.566874784902,0.58239070656
2080,0.506024559506,0.520384400492
2081,0.41439499383,0.425343735799
2082,0.392683863629,0.40353897548
2083,0.486357531836,0.500592486155
2084,0.570386648267,0.586048392022
2085,0.593173898815,0.609422575382
2086,0.537624634012,0.553340395094
2087,0.442185275575,0.454817288793
2088,0.384639611691,0.395361912288
2089,0.481271154574,0.495356263648
2090,0.574603255431,0.590312951973
2091,0.614203449715,0.630065035265
2092,0.565493582223,0.581314178363
2093,0.470040841888,0.483456308813
2094,0.38874782813,0.39992137318
2095,0.473538687633,0.488249543698
2096,0.58038263484,0.597963285147
2097,0.638804896922,0.656789768218
2098,0.598174481404,0.614973901525
2099,0.500214835556,0.514215148809
2100,0.401801838994,0.413451479803
2101,0.456868415674,0.470016788148
2102,0.569475874548,0.585599567019
2103,0.651107869717,0.669393344479
2104,0.63303311721,0.651177011567
2105,0.536289118185,0.55270218364
2106,0.424680156968,0.437467879106
2107,0.441539220033,0.453773292502
2108,0.556194249566,0.57183778937
2109,0.655255085454,0.674138186213
2110,0.663211043703,0.683243147663
2111,0.570445198009,0.589135985599
2112,0.455186689454,0.470126359839
2113,0.425990189443,0.438721256425
2114,0.542756436896,0.55901206983
2115,0.654151604181,0.673975558172
2116,0.687879902102,0.709305362167
2117,0.597038393038,0.616088230311
2118,0.483518981315,0.499395601845
2119,0.417084835218,0.430519051488
2120,0.528509299103,0.545128040956
2121,0.641301161498,0.661034592632
2122,0.695418160097,0.71631991096
2123,0.619043364231,0.638029068419
2124,0.507275592339,0.523541506355
2125,0.679219301838,0.698956890802
2126,0.669096867178,0.688331066051
2127,0.654238774168,0.672610698017
2128,0.652392945638,0.670696687535
2129,0.663542695532,0.682110640679
2130,0.673310749577,0.692271948285
2131,0.675226130185,0.694635608437
2132,0.66825871691,0.687770121191
2133,0.656346316633,0.675845424025
2134,0.65106595987,0.670431414589
2135,0.663787443664,0.683881207899
2136,0.672874570938,0.693477618003
2137,0.672951335782,0.693564068479
2138,0.664630448181,0.684805303158
2139,0.647346954316,0.66634403459
2140,0.638189588902,0.656692198206
2141,0.64974583073,0.668970777446
2142,0.658191402853,0.67810819556
2143,0.660228990474,0.680412591605
2144,0.644515166902,0.66134645352
2145,0.635935831162,0.654400217178
2146,0.624446465686,0.642151720445
2147,0.631523910621,0.649344390621
2148,0.637441884777,0.65544280166
2149,0.638052209949,0.656180239524
2150,0.631344067184,0.64916857935
2151,0.616017102365,0.633124852639
2152,0.604598734592,0.621357473986
2153,0.609831084664,0.626724710238
2154,0.616164933586,0.633453330526
2155,0.615656101726,0.632789533085
2156,0.609660391042,0.626379177621
2157,0.596748199557,0.612877603428
2158,0.58402629042,0.59926411746
2159,0.58428582379,0.599225672339
2160,0.590699431224,0.606128380634
2161,0.591028591448,0.606684933308
2162,0.588028616495,0.603899361045
2163,0.578324097184,0.594288975952
2164,0.567201901393,0.582877074636
2165,0.56536727737,0.580675818287
2166,0.572840434873,0.588806814235
2167,0.572593625859,0.588691917733
2168,0.56944301107,0.585411461585
2169,0.560822919788,0.576610426093
2170,0.548440457216,0.563618180894
2171,0.544406484332,0.559343689313
2172,0.55081477808,0.566156615207
2173,0.54897963594,0.564284426349
2174,0.544176369757,0.559176993
2175,0.535798706704,0.550218781522
2176,0.521926804734,0.535121574408
2177,0.514940925854,0.527330861772
2178,0.518935281184,0.531439701735
2179,0.516855169675,0.529036118264
2180,0.51179050122,0.523427170616
2181,0.505993179779,0.517162431489
2182,0.494285990978,0.504414160633
2183,0.487760175328,0.497385164637
2184,0.489750211142,0.499383769899
2185,0.487814436994,0.49716236701
2186,0.497034910475,0.505596400133
2187,0.482148623063,0.490670231091
2188,0.472121564148,0.480578619573
2189,0.467812555862,0.476361257663
2190,0.469461481888,0.478265884926
2191,0.469862584299,0.479045717588
2192,0.468295378743,0.47767914288
2193,0.467182602266,0.476781822783
2194,0.465025834842,0.47484002997
2195,0.46127721786,0.471034519154
2196,0.461413978889,0.471240140586
2197,0.461300622406,0.471121908214
2198,0.46108994326,0.470852615364
2199,0.464830992666,0.474650837877
2200,0.467335908019,0.47692663133
2201,0.468236865838,0.477628804353
2202,0.470005471166,0.479177845508
2203,0.469355010808,0.478164940681
2204,0.467856826676,0.476413057443
2205,0.472215784362,0.480660641662
2206,0.482205464492,0.490723227941
2207,0.497225700032,0.505786680106
2208,0.487908299423,0.497249273417
2209,0.489850440698,0.499496160048
2210,0.487732926436,0.497362644281
2211,0.4941858531,0.504308611883
2212,0.506056353456,0.517219520944
2213,0.511817920196,0.523438188592
2214,0.516561371053,0.528764261543
2215,0.51904417005,0.531553133516
2216,0.515323589954,0.5277163472
2217,0.522072980396,0.535284427949
2218,0.535503666757,0.549916861787
2219,0.544182668548,0.55915715283
2220,0.548842127778,0.564175721051
2221,0.550585673986,0.565947802221
2222,0.544415905661,0.559347303155
2223,0.548844519951,0.564004352791
2224,0.560534885843,0.576329719662
2225,0.569411189301,0.58537863762
2226,0.572689362318,0.58877933009
2227,0.572805073202,0.588775263794
2228,0.565264947061,0.580575903704
2229,0.567384342372,0.583063748818
2230,0.578554762871,0.594496111969
2231,0.587980864331,0.603812701948
2232,0.590982080972,0.606646533976
2233,0.590536651385,0.605973033557
2234,0.584432931503,0.599388467981
2235,0.583939800595,0.599178385877
2236,0.596730857218,0.612852070882
2237,0.609595812137,0.626338269378
2238,0.615429217594,0.632575407338
2239,0.616216691322,0.633520438846
2240,0.60980360714,0.626718729629
2241,0.604734342823,0.621489091502
2242,0.616188406172,0.63328303998
2243,0.631089620653,0.648932510356
2244,0.637981908448,0.656113078094
2245,0.637376431427,0.655423619117
2246,0.631415599237,0.649226924497
2247,0.624333902302,0.64205005633
2248,0.63613256903,0.654607468433
2249,0.644501599958,0.66136980745
2250,0.660028654534,0.680180771711
2251,0.658508602159,0.678421060477
2252,0.649485821354,0.668711427978
2253,0.638371096353,0.656872196464
2254,0.647397384006,0.666401660505
2255,0.664587359807,0.684792332234
2256,0.673333777222,0.693975597959
2257,0.672905877412,0.693536423189
2258,0.663868633627,0.683970735682
2259,0.650750393155,0.67010800755
2260,0.656296438617,0.675813080904
2261,0.668692891753,0.688240757546
2262,0.675072100313,0.694481798881
2263,0.673562603037,0.69253247721
2264,0.663559890873,0.682091114514
2265,0.65238993666,0.670702441279
2266,0.654105083289,0.672504263769
2267,0.668873843597,0.688079892219
2268,0.679274425495,0.698980494518
2269,0.60928939717,0.62718952337
2270,0.608922710575,0.626780079936
2271,0.608615965277,0.626335623534
2272,0.608133693077,0.625751528221
2273,0.607425523372,0.624931447989
2274,0.60688391198,0.624387443913
2275,0.607787770328,0.625550779125
2276,0.607905195932,0.625879584663
2277,0.608002303833,0.62623625652
2278,0.607884494352,0.626280952397
2279,0.606694989304,0.625164985979
2280,0.604784026861,0.623170666425
2281,0.602498383529,0.62059222459
2282,0.600273941104,0.618013979905
2283,0.598445886768,0.616044200456
2284,0.597047660391,0.614529541378
2285,0.595687859846,0.613108593853
2286,0.594797875592,0.612216366818
2287,0.593286845837,0.610669692623
2288,0.589589984101,0.606106462055
2289,0.590298836513,0.607554180857
2290,0.588105849997,0.605147057056
2291,0.585203272112,0.601890173702
2292,0.582165293223,0.598517400609
2293,0.579713223752,0.596022041926
2294,0.577617668235,0.593960256173
2295,0.575267097882,0.591606367927
2296,0.573132899592,0.589440651464
2297,0.571167715288,0.587343689336
2298,0.568824681837,0.584847970681
2299,0.565769862362,0.581521750198
2300,0.563007708666,0.578519260523
2301,0.559297685195,0.574398902282
2302,0.555837453545,0.570544459882
2303,0.551931652241,0.566282943242
2304,0.548796058,0.563026545742
2305,0.546425439029,0.560720570132
2306,0.544210267517,0.558642469976
2307,0.542097942874,0.556680441215
2308,0.540000415895,0.554652199995
2309,0.537988426573,0.552729527922
2310,0.535440731157,0.550129235167
2311,0.533073812106,0.547735119237
2312,0.530177629706,0.544746991754
2313,0.527199323442,0.541676477303
2314,0.523821423995,0.538142861463
2315,0.52053366435,0.53465048653
2316,0.516993321016,0.53082783656
2317,0.513093391535,0.526620502863
2318,0.509314336867,0.522530534715
2319,0.505631493747,0.518491327406
2320,0.501911867532,0.514323299567
2321,0.497670303566,0.509514928651
2322,0.493079207032,0.504379734494
2323,0.489278700796,0.500077201126
2324,0.485412147405,0.495817388815
2325,0.481803896418,0.491793876785
2326,0.478565382415,0.488382259615
2327,0.474767852085,0.484164495653
2328,0.470739545562,0.479755493556
2329,0.467752092514,0.476474896754
2330,0.464558637044,0.472996948198
2331,0.483308165961,0.492031793907
2332,0.467722641281,0.477851110131
2333,0.467812272024,0.477945816604
2334,0.48332241654,0.492048536788
2335,0.464732847361,0.473178887111
2336,0.468010489588,0.476729268302
2337,0.470903161703,0.479913248554
2338,0.474782340682,0.484167641131
2339,0.478547756628,0.488367257836
2340,0.4814695835,0.49145312389
2341,0.485378756087,0.495785889385
2342,0.489296281537,0.500111967121
2343,0.493179060512,0.504476596693
2344,0.497447612993,0.509277925558
2345,0.501732543608,0.514133036773
2346,0.505713052692,0.518578007417
2347,0.50933450896,0.522565361339
2348,0.513138865342,0.526660144311
2349,0.516749756245,0.530606260162
2350,0.520508972738,0.534626273473
2351,0.523645555518,0.53794153978
2352,0.527163050914,0.541628940481
2353,0.530106860796,0.544683595862
2354,0.533107261095,0.547775673661
2355,0.535517991178,0.550217530436
2356,0.538108307867,0.552856789241
2357,0.540145693515,0.554820090647
2358,0.542105543606,0.556674701017
2359,0.544159370076,0.558599235876
2360,0.546491249611,0.560800847014
2361,0.549026158824,0.563281307008
2362,0.552222802395,0.566574667387
2363,0.555632448404,0.570311576533
2364,0.559413540449,0.574518665795
2365,0.562648109659,0.578144429014
2366,0.565975708276,0.581725719644
2367,0.568436576141,0.584437656922
2368,0.571342584549,0.587532348175
2369,0.573359854506,0.589663627508
2370,0.575335227475,0.591673437984
2371,0.577512477473,0.593822322144
2372,0.579739205945,0.596040960936
2373,0.581648233691,0.597993283034
2374,0.585060299852,0.601741899897
2375,0.588157118448,0.605190064657
2376,0.590132288291,0.607397730084
2377,0.589714956801,0.606206017132
2378,0.593461453577,0.610836124304
2379,0.59470237563,0.612093520344
2380,0.59613068605,0.613542168487
2381,0.597160516534,0.614665743366
2382,0.598568957166,0.616171874823
2383,0.600611424097,0.618381386349
2384,0.602723294338,0.620822313986
2385,0.605121315542,0.623523607896
2386,0.606566835825,0.625052815658
2387,0.607655422163,0.626057065395
2388,0.607686855448,0.625905776731
2389,0.607968217307,0.625959191045
2390,0.607668424195,0.625403090079
2391,0.607047266968,0.624549001696
2392,0.607352064934,0.624871072702
2393,0.608068931769,0.625692446727
2394,0.608454851311,0.626171916844
2395,0.609122861028,0.62697335623
2396,0.596493626369,0.613887600851
2397,0.596781222212,0.614146540469
2398,0.595771133465,0.613036419126
2399,0.595634759242,0.612805577264
2400,0.59473412333,0.6118598154
2401,0.59480090166,0.612038885547
2402,0.594829531907,0.612323908914
2403,0.595361230562,0.613083027594
2404,0.595224659058,0.613142343192
2405,0.594296977201,0.612305103035
2406,0.593812210332,0.611929814731
2407,0.592194216664,0.610164468679
2408,0.589573933184,0.607224202101
2409,0.587604018961,0.604982424756
2410,0.586263297612,0.603530154882
2411,0.584800988354,0.60198745244
2412,0.583633340254,0.600781870953
2413,0.582558346529,0.599690560982
2414,0.581239468694,0.598340693458
2415,0.575049134965,0.590503994151
2416,0.578159568414,0.595097755712
2417,0.575639622851,0.592337348909
2418,0.57290532667,0.589310208807
2419,0.570271420945,0.5864681896
2420,0.568534680835,0.584805202958
2421,0.566175390334,0.582414003348
2422,0.564386781977,0.58058065776
2423,0.562135408861,0.578213205921
2424,0.559632787202,0.575487852101
2425,0.556996054496,0.572602390781
2426,0.554133917287,0.569474524318
2427,0.550955456992,0.565938308777
2428,0.547802749261,0.562426285174
2429,0.544617907883,0.558953497588
2430,0.541647298356,0.555756181472
2431,0.538752578179,0.552786641725
2432,0.536494700832,0.550617393056
2433,0.534292674555,0.548502123479
2434,0.53213383306,0.546382081264
2435,0.529917890577,0.54422400792
2436,0.5279159614,0.542276195395
2437,0.525550801052,0.539860306616
2438,0.522778916859,0.537003906715
2439,0.520200477605,0.534360831926
2440,0.517195181246,0.531195403864
2441,0.513743668685,0.52751011406
2442,0.509688617251,0.523146589238
2443,0.506174399805,0.519262901779
2444,0.502617867598,0.515400103925
2445,0.499015854542,0.511544151364
2446,0.495542026905,0.507722202231
2447,0.492402700615,0.504176955233
2448,0.490555168554,0.502344204908
2449,0.486195959709,0.497455537546
2450,0.482377319553,0.493149441276
2451,0.478618795825,0.488924756104
2452,0.480193307629,0.491465118484
2453,0.480022593206,0.491273916784
2454,0.478639442335,0.488943259132
2455,0.482181838469,0.49294331489
2456,0.486248959974,0.497495571919
2457,0.490395033842,0.502208692171
2458,0.492528713269,0.504307457321
2459,0.495805030188,0.508007275002
2460,0.499216251839,0.511756589835
2461,0.502526369343,0.515326514342
2462,0.506147846381,0.519245361078
2463,0.509939145273,0.523383872419
2464,0.513838535508,0.527613718237
2465,0.517074916568,0.531056320662
2466,0.520255385501,0.53440615926
2467,0.522918217835,0.537150868138
2468,0.525393086127,0.539699672111
2469,0.527993513114,0.542335785679
2470,0.529783621766,0.544077834367
2471,0.531997577185,0.546246022198
2472,0.534360490385,0.548559231538
2473,0.53643527944,0.550541643438
2474,0.538766469497,0.552795742323
2475,0.541569404146,0.555699571422
2476,0.544549547746,0.55886637488
2477,0.547871477881,0.562497656595
2478,0.550971006679,0.565992020251
2479,0.554086553007,0.569431296844
2480,0.556892868474,0.572495792217
2481,0.559665827484,0.575514018043
2482,0.562135494466,0.578188995496
2483,0.564423444281,0.58064269582
2484,0.566185895575,0.582456609866
2485,0.568192616041,0.584434994991
2486,0.570394354581,0.586603924516
2487,0.573112029041,0.589500958121
2488,0.575752090409,0.592450953899
2489,0.577733947642,0.594670412664
2490,0.575434979195,0.590932308785
2491,0.581293851963,0.598433718494
2492,0.582443273921,0.599576316061
2493,0.583455187863,0.600596484502
2494,0.584810274761,0.601998159993
2495,0.586596980331,0.603878172456
2496,0.587613061978,0.60500150042
2497,0.589587443715,0.607226042574
2498,0.592180622591,0.610167722789
2499,0.593608367241,0.611695422795
2500,0.594472143805,0.612515887383
2501,0.594945836561,0.612855302754
2502,0.595252791797,0.612953494265
2503,0.594926766138,0.612425781303
2504,0.594667626669,0.611939882244
2505,0.59497391136,0.612081875012
2506,0.595421163279,0.612578733477
2507,0.595861536457,0.613121210342
2508,0.596328389087,0.613728335149
2509,0.596877357939,0.614297836567
2510,0.578443337759,0.595244479091
2511,0.578607286449,0.59541378917
2512,0.578627470872,0.595382081709
2513,0.578212985264,0.594846010948
2514,0.577464463295,0.593992525301
2515,0.577689820683,0.594341594424
2516,0.577468395857,0.594249203786
2517,0.578253033842,0.595266880082
2518,0.578220020537,0.595449425429
2519,0.578039166133,0.595411198417
2520,0.577813578867,0.595271859056
2521,0.576622560326,0.594120324744
2522,0.575095961292,0.592406389333
2523,0.57271745281,0.589775987332
2524,0.571190034081,0.587990506973
2525,0.569985511443,0.586717273887
2526,0.568701674538,0.585347963301
2527,0.567223538307,0.583848175821
2528,0.56590342633,0.582526369742
2529,0.564476485407,0.580989066346
2530,0.563344852984,0.57988760985
2531,0.561570830389,0.577963962781
2532,0.559823939735,0.576009689728
2533,0.557424395146,0.573400783987
2534,0.555249551181,0.571241744861
2535,0.553120412287,0.569116199258
2536,0.551375520758,0.567329973473
2537,0.548823651438,0.564548187321
2538,0.546718010605,0.562265883225
2539,0.544154923528,0.55947551675
2540,0.541695426195,0.556774976123
2541,0.539291227159,0.554152277961
2542,0.536639568479,0.551232094311
2543,0.533847063788,0.548184349822
2544,0.531407473487,0.545478802826
2545,0.52797650727,0.541809375161
2546,0.525521344288,0.539220318
2547,0.523238641269,0.536901852717
2548,0.520980349883,0.53460180531
2549,0.518416310812,0.531879850409
2550,0.51608029614,0.529492191021
2551,0.515473158842,0.52931743351
2552,0.513317251194,0.527119510404
2553,0.510721083741,0.524440658343
2554,0.508312471321,0.521954270993
2555,0.505354781391,0.518817769331
2556,0.502409356001,0.515692159193
2557,0.499315026612,0.512370051046
2558,0.496163252929,0.509053618358
2559,0.493361299239,0.506055863514
2560,0.490458215173,0.502964675164
2561,0.487348119383,0.499552315037
2562,0.485856899519,0.498009841711
2563,0.485780040487,0.497951379061
2564,0.487191416402,0.499385697676
2565,0.490317812221,0.502825475701
2566,0.493246542119,0.505976242634
2567,0.496048875066,0.508932922074
2568,0.499226595893,0.512306441446
2569,0.502124307265,0.515369003175
2570,0.505337158714,0.518795844673
2571,0.508514851815,0.522135877625
2572,0.511020910658,0.524762649878
2573,0.513510638029,0.527314536814
2574,0.51572014218,0.529554645075
2575,0.516211599251,0.529624088223
2576,0.518439774762,0.531920949239
2577,0.520832443834,0.534420249899
2578,0.522951954932,0.536596673952
2579,0.525512130896,0.539214442995
2580,0.527890574547,0.541717288233
2581,0.531094541878,0.545177850246
2582,0.53394589961,0.54830303767
2583,0.536797470974,0.551391311726
2584,0.538963767395,0.553797432074
2585,0.54160802827,0.556721557099
2586,0.544491149489,0.559827996073
2587,0.546837104598,0.562395725489
2588,0.5489650987,0.564714779943
2589,0.551176887272,0.567097321655
2590,0.55316330463,0.569156794608
2591,0.555443891118,0.571430268059
2592,0.557131798357,0.573119864726
2593,0.559766114879,0.575947040315
2594,0.561793048565,0.578194840251
2595,0.563313838485,0.579865641022
2596,0.564523644427,0.58104653365
2597,0.56575430063,0.582384270587
2598,0.567187936768,0.583820992178
2599,0.568943787494,0.585605918927
2600,0.569664098023,0.58638282412
2601,0.57104100749,0.587840205411
2602,0.572631332056,0.589667772635
2603,0.575014367136,0.592342390857
2604,0.576518555406,0.594021488065
2605,0.577625276726,0.595089673568
2606,0.578271032094,0.595646359324
2607,0.578465500099,0.595680240152
2608,0.578150584496,0.595162681197
2609,0.57764023806,0.594465381981
2610,0.577616430553,0.594278581306
2611,0.57746658047,0.593947078285
2612,0.577912772894,0.59455845327
2613,0.578520254637,0.595277630883
2614,0.578829825272,0.595612365089
2615,0.430939149345,0.445018343424
2616,0.520538198589,0.537072962628
2617,0.600164307899,0.618954122401
2618,0.597783654547,0.616533940841
2619,0.518137932445,0.534485185127
2620,0.427880120197,0.441552767812
2621,0.432923710507,0.447190653162
2622,0.522394267824,0.539241271379
2623,0.6010822252,0.620270530495
2624,0.589553596417,0.607543902121
2625,0.511777000097,0.527402951824
2626,0.422531013969,0.43582522602
2627,0.434025416547,0.448714938144
2628,0.523185252615,0.540527231412
2629,0.591058367833,0.608727789919
2630,0.578459977759,0.595297096477
2631,0.503804133387,0.518278430919
2632,0.416587509496,0.429610213797
2633,0.431131054123,0.445606033163
2634,0.513052499704,0.528517009617
2635,0.584031729785,0.600913248472
2636,0.56840764866,0.584579459809
2637,0.497186338497,0.511141040988
2638,0.410837626822,0.423950884025
2639,0.420179848028,0.432565168927
2640,0.505956579617,0.5205373961
2641,0.571324473615,0.587464981417
2642,0.557057937155,0.572824139038
2643,0.492517920321,0.507593142019
2644,0.402036925068,0.414695837085
2645,0.416145652565,0.428548491786
2646,0.499891647185,0.514856090099
2647,0.557866033313,0.573100161125
2648,0.541619300069,0.556366386274
2649,0.478934194441,0.493217606934
2650,0.389978440346,0.401383470453
2651,0.411939426213,0.424350292197
2652,0.493801691063,0.508843242617
2653,0.541977774925,0.556892509691
2654,0.525112668212,0.539181550204
2655,0.465442789793,0.479166554034
2656,0.381301872995,0.392627389763
2657,0.40725124893,0.418954211634
2658,0.484012464727,0.498461162971
2659,0.524113527453,0.538294580593
2660,0.508595470808,0.522167213304
2661,0.451821199674,0.46509348669
2662,0.452109435788,0.465383843927
2663,0.508540124592,0.522097410282
2664,0.524241187653,0.538419529131
2665,0.484288596761,0.498737778725
2666,0.407233708282,0.418946601152
2667,0.381272379945,0.392591788853
2668,0.465234004946,0.47898122367
2669,0.525058989677,0.539121029259
2670,0.541913270247,0.556849015478
2671,0.493875141352,0.508899061648
2672,0.4123345533,0.424739775191
2673,0.389933639467,0.401360117206
2674,0.479195165807,0.493492306456
2675,0.54134535218,0.556091145542
2676,0.557991614476,0.573238946464
2677,0.499812994647,0.514785532946
2678,0.416581866322,0.429004115626
2679,0.40219842637,0.414863102181
2680,0.492424011118,0.507516042589
2681,0.556649610209,0.572384322197
2682,0.571271661754,0.58741726362
2683,0.505902316031,0.520487754573
2684,0.420115292411,0.432478574583
2685,0.410762397741,0.423876939884
2686,0.497341783045,0.51130734576
2687,0.567996002616,0.584155638882
2688,0.584198691326,0.601071269915
2689,0.513182874053,0.52864040038
2690,0.431090620263,0.445582030085
2691,0.416766691131,0.429797466578
2692,0.504010052798,0.518462155151
2693,0.57849236426,0.595357851585
2694,0.591119022678,0.608802235515
2695,0.522979008481,0.540315579563
2696,0.433777849433,0.448440799407
2697,0.422704515917,0.435987333646
2698,0.511908039399,0.527515457195
2699,0.589446541439,0.607418293487
2700,0.601339795135,0.620539939618
2701,0.522271719753,0.539097039229
2702,0.433011236043,0.447293423871
2703,0.427653331117,0.441308032847
2704,0.518219168405,0.534572504888
2705,0.597854221073,0.616603306749
2706,0.60030916491,0.619099974735
2707,0.520443539455,0.537003457811
2708,0.430954299517,0.445022148465
2709,0.688047133608,0.710695086937
2710,0.633738549302,0.652335655682
2711,0.599279499011,0.617127473162
2712,0.5745076928,0.591545914648
2713,0.598473773831,0.615904814715
2714,0.633197264497,0.651542868221
2715,0.680108126446,0.700194871886
2716,0.686848828866,0.710534284903
2717,0.631502268971,0.650344907705
2718,0.597411322163,0.615732950838
2719,0.572699608296,0.590179261078
2720,0.599548622903,0.617826246636
2721,0.633336187858,0.652662653213
2722,0.679094889953,0.700054696343
2723,0.673401859206,0.696266440304
2724,0.625391899741,0.644743085821
2725,0.585587003152,0.602958270285
2726,0.563834205672,0.580366021303
2727,0.591976206311,0.60947887483
2728,0.627077451337,0.646151419647
2729,0.67033816279,0.690939701188
2730,0.652048036714,0.672508411199
2731,0.611145719915,0.629587099315
2732,0.574685116831,0.591399817585
2733,0.55584721912,0.571938211026
2734,0.584208460732,0.601225801044
2735,0.611718635972,0.629411580539
2736,0.654937786172,0.674657051389
2737,0.624269608904,0.642068324219
2738,0.589684027888,0.60626456536
2739,0.557760006837,0.573447850666
2740,0.543042770028,0.558383152548
2741,0.569982231807,0.586203812352
2742,0.594891694682,0.611899088441
2743,0.641493935325,0.66209350761
2744,0.600340569038,0.617020671772
2745,0.57115924921,0.58712525796
2746,0.542831373843,0.557995308118
2747,0.527878134348,0.541979797133
2748,0.551074446671,0.56570244487
2749,0.57162898209,0.58678003268
2750,0.618632267056,0.638275678581
2751,0.57549199517,0.590952655034
2752,0.552036980264,0.567505791647
2753,0.527369093845,0.542511486746
2754,0.514813846307,0.52877290899
2755,0.536038722662,0.550565686183
2756,0.556302242751,0.572066195405
2757,0.592282950676,0.61022919805
2758,0.559155461693,0.575339907344
2759,0.558960442825,0.575175054552
2760,0.591898503305,0.609814509979
2761,0.5562610761,0.572031579644
2762,0.535834536047,0.550350974577
2763,0.514503587133,0.528463559065
2764,0.527360747086,0.542501652474
2765,0.551996296973,0.567474919749
2766,0.57544806222,0.590916400984
2767,0.618884405495,0.638527007678
2768,0.571943875917,0.587097148119
2769,0.551290681421,0.565923947908
2770,0.528326765671,0.542439671494
2771,0.542990313201,0.558151325516
2772,0.570971968233,0.586915583423
2773,0.600616381418,0.617316336631
2774,0.641698367058,0.662309346764
2775,0.594725423832,0.611746942713
2776,0.569895762539,0.586080290418
2777,0.54294873923,0.558273395016
2778,0.557590364075,0.573281724991
2779,0.589559880323,0.606096373199
2780,0.624197704597,0.641978058522
2781,0.655432494449,0.6751470266
2782,0.611685765471,0.629384373572
2783,0.584096146126,0.601118400395
2784,0.556028248178,0.572128414541
2785,0.574949352211,0.591696097176
2786,0.610657582311,0.629060757133
2787,0.651964238124,0.672465699838
2788,0.670158755957,0.690751332759
2789,0.627032735962,0.646108444905
2790,0.591876902137,0.609397617371
2791,0.563571446554,0.5800595705
2792,0.585323736716,0.602669558046
2793,0.624989843876,0.644357885934
2794,0.67349514469,0.696376039067
2795,0.679336435312,0.700322700837
2796,0.633510863807,0.652837863791
2797,0.599457691633,0.61773579325
2798,0.572775723391,0.590266352455
2799,0.59738441872,0.615720080907
2800,0.631570102135,0.650400436038
2801,0.686688127861,0.710395298842
2802,0.680057703602,0.700156584624
2803,0.633320259935,0.651681754654
2804,0.598064915921,0.615479908235
2805,0.574430474659,0.59146258589
2806,0.599476489365,0.617346959581
2807,0.634387337286,0.653014412625
2808,0.688032702145,0.710700792703
2809,0.67545242961,0.695125838789
2810,0.532047088965,0.548462896492
2811,0.531589316981,0.54790845618
2812,0.531449511176,0.547680395474
2813,0.531073656043,0.547258777568
2814,0.530281717958,0.546371366413
2815,0.530043228331,0.546079636662
2816,0.671270597157,0.690437369396
2817,0.52995895384,0.546181549412
2818,0.529948812287,0.546254350236
2819,0.529455848661,0.545820608505
2820,0.52917824963,0.545562643963
2821,0.527830978141,0.544211896174
2822,0.526414156798,0.542618829727
2823,0.671498071275,0.692457996194
2824,0.523340499456,0.539025016346
2825,0.522648060849,0.538269160266
2826,0.5223001033,0.537824609128
2827,0.52136402808,0.536869673237
2828,0.520589901921,0.536037416507
2829,0.519898720388,0.53533149727
2830,0.657781572562,0.678138616098
2831,0.51827467855,0.53366305296
2832,0.517322564626,0.532702947469
2833,0.516048759023,0.53134207852
2834,0.514493362672,0.52957912253
2835,0.512458669416,0.52730701054
2836,0.510463364164,0.52515329743
2837,0.636143950948,0.65458358108
2838,0.508303227511,0.523131317688
2839,0.507614683206,0.522580042893
2840,0.506323286201,0.521226442261
2841,0.505174527815,0.519969428066
2842,0.50387502204,0.518550373632
2843,0.502206373514,0.516759050195
2844,0.613407243162,0.63083280986
2845,0.498857564557,0.513103497439
2846,0.496855047246,0.510902286121
2847,0.494563241784,0.508287437829
2848,0.492546892441,0.506002162654
2849,0.491052634901,0.504558513793
2850,0.489186768025,0.502647939641
2851,0.586838871557,0.602505558583
2852,0.486469102505,0.49997979447
2853,0.48507004552,0.498596927007
2854,0.485338638106,0.498998528613
2855,0.485438076153,0.499097750475
2856,0.485175966789,0.498699660372
2857,0.486576322968,0.500065909488
2858,0.586457349068,0.60210543777
2859,0.489193948898,0.502649313225
2860,0.49130722417,0.504823451676
2861,0.492514173974,0.505966632573
2862,0.494870849494,0.508610909018
2863,0.496938826656,0.511020335864
2864,0.498786776276,0.513016431941
2865,0.613009981099,0.630440318833
2866,0.502265084984,0.516804098502
2867,0.503590788118,0.518262018371
2868,0.505184430515,0.519986660701
2869,0.506712603502,0.521649607345
2870,0.507830498999,0.522794718532
2871,0.508489088927,0.523348496687
2872,0.63621428895,0.654664294081
2873,0.510427913948,0.525102731954
2874,0.512552285744,0.527401661847
2875,0.514493203415,0.529575011971
2876,0.516040662309,0.531302531811
2877,0.517431366799,0.532800608078
2878,0.518235228936,0.533655355535
2879,0.658198329457,0.678570776001
2880,0.519953681458,0.535392419457
2881,0.520929039987,0.536400328591
2882,0.521309673343,0.536814910947
2883,0.522579564102,0.538106968665
2884,0.52290758307,0.5385173276
2885,0.523549930023,0.539267883332
2886,0.671689757729,0.692642986178
2887,0.526567159367,0.542765995579
2888,0.528066108627,0.544452285382
2889,0.528954452002,0.545322200469
2890,0.529581770734,0.545957624634
2891,0.529601324079,0.545892163454
2892,0.530000981822,0.546193683098
2893,0.671448810734,0.690628425998
2894,0.529720720296,0.545748734981
2895,0.530482148266,0.54656771595
2896,0.530731467032,0.546893665101
2897,0.531561949856,0.54781306741
2898,0.531791235384,0.548133153352
2899,0.531845487832,0.548252010621
2900,0.522507699085,0.538571697699
2901,0.522310542816,0.538351655634
2902,0.521636542266,0.537568345689
2903,0.521674481177,0.537557751388
2904,0.520917698496,0.536706195781
2905,0.520516369464,0.536214714628
2906,0.520374972078,0.536118042358
2907,0.520494382041,0.536379064003
2908,0.52014996883,0.536081598405
2909,0.519841063628,0.535814149697
2910,0.519591280986,0.535637637756
2911,0.518651112977,0.534701890658
2912,0.518233833399,0.534271559148
2913,0.51649159114,0.532320064424
2914,0.514916600756,0.530468416756
2915,0.513903076905,0.529282516396
2916,0.513492302625,0.528812368515
2917,0.512391078267,0.527626047701
2918,0.511569687145,0.526769499505
2919,0.510823536504,0.52599826051
2920,0.509889107477,0.525057988632
2921,0.509518606078,0.524688278257
2922,0.508503274259,0.523644416622
2923,0.507810603038,0.522898413535
2924,0.506598845724,0.52156624151
2925,0.504740130104,0.519552073954
2926,0.503210110575,0.51786280517
2927,0.501952831214,0.516557053462
2928,0.500806282622,0.515494711555
2929,0.499698262403,0.514438994888
2930,0.498683112649,0.51339770126
2931,0.497231654532,0.511833395439
2932,0.495660772208,0.510157077666
2933,0.493995441538,0.508369320777
2934,0.492786826674,0.506973259778
2935,0.490630291906,0.504670069273
2936,0.489332925778,0.503218145245
2937,0.487319380992,0.501009863826
2938,0.486020440857,0.499554748511
2939,0.483698043401,0.497053678197
2940,0.483147967769,0.496469312712
2941,0.482911682798,0.496239767922
2942,0.483895761781,0.497246511441
2943,0.485835630383,0.499342563497
2944,0.48754069703,0.501231826172
2945,0.489068418719,0.50291746061
2946,0.491070154149,0.505102900106
2947,0.49233396798,0.506492278653
2948,0.494334227272,0.508689648369
2949,0.49599687553,0.510501432923
2950,0.497398248693,0.512024415469
2951,0.498248629696,0.512964774619
2952,0.499973056369,0.514744321655
2953,0.500791276735,0.515500153179
2954,0.50168656976,0.51628788425
2955,0.503040695931,0.517664414496
2956,0.505291329349,0.520123396288
2957,0.506307490809,0.52129981771
2958,0.507861552384,0.52295409971
2959,0.508424873941,0.523564853827
2960,0.509328136692,0.524483158192
2961,0.509813786476,0.524970598294
2962,0.511085287097,0.526261350098
2963,0.511854367641,0.527062617152
2964,0.512438589162,0.527707183512
2965,0.512970005525,0.528294598487
2966,0.513738169899,0.529107821585
2967,0.51482463268,0.530361243099
2968,0.516349552174,0.532152404814
2969,0.51771001187,0.533749273308
2970,0.518713179999,0.534740691914
2971,0.519701567812,0.535725656606
2972,0.519969780189,0.535954038425
2973,0.520051616867,0.535981601096
2974,0.520402041777,0.536242616837
2975,0.519921613942,0.535663418096
2976,0.520364282364,0.536070602301
2977,0.521188155696,0.537001237147
2978,0.521630704033,0.537526958795
2979,0.522069201984,0.538023292599
2980,0.522712984711,0.538724773123
2981,0.522455378822,0.538498403063
2982,0.509175916971,0.524759163545
2983,0.508978343843,0.524532526377
2984,0.509162155702,0.524712463079
2985,0.508951288339,0.524399738305
2986,0.508277185982,0.523607998817
2987,0.507867795085,0.523112724582
2988,0.508016887767,0.52328027243
2989,0.508147464259,0.523482231359
2990,0.507967920336,0.523355527862
2991,0.507825634078,0.523280655853
2992,0.507710315276,0.523220688813
2993,0.507304281724,0.522842930346
2994,0.506751754699,0.522273741733
2995,0.505600138968,0.521093582456
2996,0.504339994209,0.519626650449
2997,0.502712832537,0.517747016314
2998,0.50235802795,0.517279655212
2999,0.501237084066,0.516074531735
3000,0.500305462533,0.515118019718
3001,0.499957370366,0.514742088844
3002,0.499099416747,0.513859499381
3003,0.498567665715,0.513330295596
3004,0.497543093748,0.512315554177
3005,0.496891024743,0.51162937223
3006,0.495551230423,0.510230396903
3007,0.494691131903,0.509266100059
3008,0.493259339513,0.507721895802
3009,0.491652971005,0.505963921108
3010,0.490588147697,0.504956563481
3011,0.489501132922,0.503887125673
3012,0.488287947883,0.502683057398
3013,0.487423723025,0.501688190153
3014,0.485500092261,0.499651011423
3015,0.484290411381,0.498319130252
3016,0.482543352513,0.496408190205
3017,0.480889673243,0.494609941903
3018,0.480309260059,0.493968288996
3019,0.480771042661,0.494444098735
3020,0.481087949793,0.49478500803
3021,0.482861119557,0.496731364442
3022,0.48432128293,0.498355637646
3023,0.485328631424,0.499487431087
3024,0.487027916775,0.501287751291
3025,0.488105931032,0.502464609723
3026,0.489318003318,0.503706336944
3027,0.490362005866,0.504713239766
3028,0.491737786737,0.506067383715
3029,0.493052423013,0.507518476018
3030,0.494354909209,0.508915040904
3031,0.495819857164,0.510491789116
3032,0.496787615011,0.511528182801
3033,0.49768448702,0.512457140429
3034,0.498079296658,0.512833061408
3035,0.498962782436,0.513724351913
3036,0.499626632176,0.514372578135
3037,0.500273057286,0.515044054309
3038,0.501210289103,0.516054188418
3039,0.501972484811,0.516886551457
3040,0.502880935438,0.517935702692
3041,0.504265958398,0.519552925993
3042,0.505665216469,0.521177557858
3043,0.506570168783,0.522098005273
3044,0.506906743428,0.522438685582
3045,0.507736788222,0.523269494638
3046,0.507764090346,0.523205418444
3047,0.508262202405,0.523652196671
3048,0.507974035608,0.523300889315
3049,0.508117567101,0.523383308696
3050,0.508337705629,0.523591173206
3051,0.508571126653,0.523914939177
3052,0.508731043121,0.524173924155
3053,0.508960375307,0.524493600429
3054,0.509258102642,0.524830457098
3055,0.363281646217,0.375407535469
3056,0.431290487062,0.445470586956
3057,0.496773463094,0.512885842169
3058,0.539814379189,0.556928465734
3059,0.509287012104,0.525839142022
3060,0.445095618812,0.459464460548
3061,0.377801449442,0.390016127053
3062,0.417194539004,0.431020087794
3063,0.481938421097,0.497769718447
3064,0.533110994176,0.550203846071
3065,0.51498321236,0.531119988476
3066,0.457735347064,0.472108231603
3067,0.390596994626,0.403094011097
3068,0.401522254558,0.415243355022
3069,0.465552820636,0.481019104084
3070,0.516761845335,0.532282676874
3071,0.513646281723,0.528706479029
3072,0.468754762888,0.483059420422
3073,0.405281611405,0.418384138371
3074,0.381340023202,0.394239911371
3075,0.443497355071,0.45698390459
3076,0.500821287799,0.515515911794
3077,0.511450356287,0.526068908952
3078,0.475038023554,0.48905781798
3079,0.420826275967,0.434698173713
3080,0.420340290685,0.434210509948
3081,0.474974874879,0.489003759443
3082,0.511562230469,0.526174085302
3083,0.500776137392,0.515471688475
3084,0.443390347954,0.456842121713
3085,0.381372067886,0.394254650182
3086,0.40508030773,0.418169615693
3087,0.46881157863,0.483112181339
3088,0.513806945088,0.528896438076
3089,0.516254357002,0.531773073585
3090,0.465730693452,0.481181010966
3091,0.401354913244,0.415080662743
3092,0.390643925944,0.403134593156
3093,0.457510485022,0.471888135187
3094,0.51512486998,0.531261710722
3095,0.533025304278,0.550144767974
3096,0.482230333829,0.498074087151
3097,0.417324014586,0.431105482999
3098,0.377767919404,0.389954350257
3099,0.445218220953,0.459603375196
3100,0.509609918065,0.526189078659
3101,0.539730104884,0.556833397363
3102,0.496482426624,0.512581530495
3103,0.431307474257,0.445478419824
3104,0.36325832391,0.375344067656
3105,0.669738920993,0.691855922258
3106,0.610377395393,0.62835652711
3107,0.566952105185,0.584448710512
3108,0.520209710974,0.536232673075
3109,0.512660222378,0.528616827547
3110,0.551220220859,0.567576049399
3111,0.597203931677,0.614689172765
3112,0.65370735769,0.673427421009
3113,0.696379903066,0.720833659519
3114,0.641149018093,0.663371796346
3115,0.575731827027,0.59345941242
3116,0.530901092568,0.547752115191
3117,0.503592339793,0.519146663391
3118,0.53925410706,0.55588964061
3119,0.584385915764,0.60213084639
3120,0.642151565535,0.662004044534
3121,0.685783968668,0.70920195905
3122,0.63830248513,0.659709446883
3123,0.581793257428,0.599892837787
3124,0.530756991002,0.546515974712
3125,0.497326319095,0.512111528203
3126,0.521382958631,0.536990622712
3127,0.56822655565,0.585800205613
3128,0.622871194965,0.641872775762
3129,0.666426557502,0.687619267684
3130,0.627064069421,0.646613061135
3131,0.579697413612,0.597157216616
3132,0.543089890575,0.561027391474
3133,0.542790049057,0.560755493361
3134,0.580050541164,0.597530898611
3135,0.626882809203,0.64640580477
3136,0.666576614375,0.687814873904
3137,0.622305699227,0.641308268921
3138,0.568400093715,0.586010137084
3139,0.521107185315,0.536687531283
3140,0.497444890707,0.512224880427
3141,0.530692575492,0.546450646103
3142,0.581956065873,0.600060211958
3143,0.638460123026,0.659929645195
3144,0.685992781899,0.709401279982
3145,0.642443553781,0.662308543183
3146,0.583905433434,0.601645494493
3147,0.539435320944,0.556072410775
3148,0.503938811463,0.519496685431
3149,0.5309488798,0.547809766311
3150,0.575716521783,0.593442504632
3151,0.641305467196,0.663543216928
3152,0.696531658626,0.720993517483
3153,0.654226465474,0.673982852823
3154,0.59689082538,0.614374823985
3155,0.551540355221,0.567876350626
3156,0.512251456691,0.528198219466
3157,0.520461634897,0.536479941986
3158,0.567235248078,0.584753390116
3159,0.610514555786,0.628547664873
3160,0.669473816187,0.691555036473
3161,0.65977194941,0.678897685009
3162,0.469094795756,0.484138531338
3163,0.4687738286,0.483781270782
3164,0.46837008888,0.483276240402
3165,0.468101325923,0.482952865886
3166,0.467733380733,0.48250165706
3167,0.467338535718,0.48204251406
3168,0.466992049445,0.481627299113
3169,0.655182463134,0.673859463623
3170,0.656511488442,0.675571810322
3171,0.466176070569,0.48086039174
3172,0.466194364731,0.48089642586
3173,0.465627986581,0.48029475131
3174,0.465196019818,0.479812818062
3175,0.464413989161,0.478958139524
3176,0.462782159001,0.47711662919
3177,0.654631650322,0.674847297008
3178,0.653812449558,0.674046665132
3179,0.460608596135,0.474515970747
3180,0.460073777205,0.473922303588
3181,0.463343059289,0.47811001791
3182,0.463429913839,0.478182839542
3183,0.459871874722,0.473752676756
3184,0.460553543889,0.474480347418
3185,0.654189875406,0.674443109994
3186,0.654796966845,0.67500936839
3187,0.462794519914,0.477136361672
3188,0.463854268375,0.478426113871
3189,0.46515150767,0.479801795259
3190,0.465432881007,0.480108027894
3191,0.466156747394,0.480832220779
3192,0.466406452134,0.481079983511
3193,0.656414170061,0.675481936759
3194,0.655473373375,0.674181598927
3195,0.466733435378,0.481388885295
3196,0.467286963274,0.481966382805
3197,0.467732172521,0.482531424039
3198,0.467985037921,0.482823829125
3199,0.468701064144,0.483605382433
3200,0.46863238189,0.483625788788
3201,0.469002480473,0.484054312466
3202,0.460917403786,0.475632758686
3203,0.460779757334,0.475461810685
3204,0.460530215839,0.47513184103
3205,0.460395346903,0.474932627462
3206,0.459963791884,0.474502316726
3207,0.459585078552,0.474017597845
3208,0.459079381904,0.473415862028
3209,0.459162203905,0.473527011744
3210,0.458790757708,0.473185374802
3211,0.458652575304,0.473010209781
3212,0.459142039055,0.473508126319
3213,0.459277995893,0.473649332454
3214,0.459528747673,0.473955334068
3215,0.460177001787,0.47472000651
3216,0.460365203706,0.474930069393
3217,0.460446626505,0.475075078131
3218,0.460871515765,0.475540369235
3219,0.461151434233,0.475844136689
