id,unit_kW_m2,optical
1,0.56551527213,0.582997311205
2,0.608651421466,0.628706541029
3,0.606132924876,0.626011333384
4,0.60444827599,0.624157215834
5,0.570834896169,0.586932589647
6,0.59135871563,0.609039050222
7,0.589051873433,0.606305172408
8,0.563583420621,0.574494091086
9,0.559783994345,0.574001248463
10,0.561734979605,0.578167552718
11,0.571814720025,0.589074443029
12,0.56704773714,0.584008782616
13,0.55953956821,0.575949144961
14,0.553963536536,0.570065665236
15,0.547444319546,0.563147330699
16,0.540261014932,0.555411317496
17,0.532383484985,0.546587336934
18,0.524316870439,0.537661396442
19,0.516335068945,0.528672945542
20,0.509004429116,0.520644018717
21,0.503234704847,0.514408311865
22,0.498239011691,0.509203970189
23,0.495361281022,0.506504934511
24,0.493807788425,0.505233674382
25,0.491415885901,0.503043671774
26,0.488157636057,0.499444239429
27,0.484986051388,0.495749799392
28,0.48299105855,0.493528441168
29,0.481615431129,0.492349526767
30,0.483210235208,0.49418027087
31,0.48220772866,0.49291071284
32,0.481925948336,0.49244597415
33,0.484326408571,0.495067066972
34,0.487427287391,0.498761236238
35,0.491409223209,0.503102243387
36,0.494058464564,0.505518990594
37,0.494998953945,0.506149022047
38,0.498955213223,0.509899379484
39,0.503171327218,0.514332939057
40,0.509945666925,0.521623569507
41,0.516757659416,0.529112924345
42,0.524740764735,0.538101760298
43,0.532221407286,0.546381507818
44,0.539815754888,0.554863255285
45,0.547067856907,0.562689656242
46,0.553021110535,0.569167948914
47,0.558811365889,0.575264314187
48,0.566876697315,0.583827408742
49,0.57246642191,0.589771327506
50,0.561911887515,0.578364785593
51,0.560381009405,0.574585023483
52,0.564099549039,0.574998123916
53,0.587156393677,0.604348966367
54,0.591535607404,0.609215132844
55,0.571450089986,0.587620094794
56,0.604213527186,0.623808373352
57,0.606794173936,0.626705129178
58,0.608440706751,0.628423887176
59,0.623269407912,0.641757383882
60,0.624189344589,0.642391987897
61,0.623897753559,0.642232454711
62,0.603812865128,0.620220943939
63,0.59609057691,0.613143861357
64,0.61117552005,0.628468062867
65,0.603600257199,0.6194515909
66,0.596648055783,0.612182325078
67,0.595213615757,0.611721131477
68,0.579335305594,0.595285139733
69,0.585003105766,0.601047550639
70,0.578490707807,0.593765847116
71,0.571670776602,0.586614601969
72,0.567751801607,0.583072917409
73,0.563287500254,0.578586872333
74,0.55507883329,0.569786424432
75,0.547149582176,0.561183347454
76,0.540551943981,0.55418854377
77,0.533260612163,0.546164264081
78,0.525679925598,0.537877421115
79,0.518955737553,0.530457607627
80,0.513990743855,0.52536142401
81,0.511195874742,0.522933772561
82,0.509869490301,0.52191384386
83,0.504551078319,0.516469369302
84,0.500731945526,0.512119803795
85,0.497301958253,0.508126070683
86,0.495778993555,0.506459346229
87,0.495134488303,0.505825729907
88,0.494758067775,0.505513841701
89,0.495453392076,0.506101917669
90,0.497307970483,0.508085429357
91,0.500798319977,0.512132954592
92,0.504234450834,0.516190301859
93,0.5097390943,0.521779139855
94,0.511458255417,0.52321978658
95,0.514014290766,0.52535613985
96,0.517891891469,0.529393697606
97,0.525302500162,0.537511779188
98,0.533596147187,0.546534288302
99,0.540343621933,0.554049310937
100,0.54691408797,0.560925782121
101,0.555640168834,0.570342937646
102,0.562178853052,0.577473130391
103,0.567097392961,0.58235222442
104,0.571846021456,0.58684813361
105,0.578229740749,0.593535950668
106,0.585267552646,0.601224602106
107,0.579663080704,0.595581154625
108,0.596842970338,0.613265507959
109,0.597287761443,0.612882805168
110,0.603725437088,0.61952887351
111,0.611385991238,0.628736908089
112,0.596149920153,0.613211442494
113,0.603702121545,0.620116655142
114,0.622816836889,0.641047531966
115,0.624152494543,0.642343290571
116,0.623158280878,0.641624531948
117,0.611390250682,0.627399309073
118,0.642939288304,0.661110342349
119,0.641480519977,0.659881922193
120,0.642852904605,0.661820650352
121,0.621321319686,0.638636714195
122,0.635524422123,0.654090853546
123,0.631103749997,0.649442608659
124,0.607275100578,0.61955135136
125,0.602937953581,0.618364685383
126,0.60210939682,0.619063934926
127,0.607679021077,0.624600072768
128,0.600032572665,0.616184264835
129,0.591556079718,0.606889511251
130,0.583511010293,0.59844386706
131,0.578811626856,0.594152973857
132,0.572834990642,0.587782732048
133,0.565429544617,0.579830361668
134,0.558513372015,0.572634157435
135,0.552210348414,0.566110880642
136,0.544685484819,0.557933438962
137,0.534706154448,0.546975197527
138,0.528616322889,0.540324765289
139,0.524952108652,0.536800892701
140,0.522046444818,0.534181688725
141,0.517994336475,0.530117419777
142,0.512985604223,0.524777974804
143,0.507432007505,0.518464969737
144,0.50554883225,0.516144730373
145,0.504436631595,0.514821309563
146,0.505002015196,0.515287478201
147,0.504200167968,0.514605787376
148,0.505241367721,0.515863603627
149,0.507957326641,0.518955823455
150,0.512982475374,0.524781534261
151,0.518215551468,0.530404776036
152,0.522010869304,0.534158711493
153,0.524002669689,0.535800722189
154,0.528560824691,0.540188043602
155,0.535422494905,0.547658794435
156,0.544079620891,0.557328066883
157,0.552471616985,0.566392932218
158,0.558566699109,0.572667551437
159,0.565266979694,0.579657633164
160,0.573183666196,0.588170494823
161,0.579706244173,0.595012915786
162,0.583317244885,0.598310800006
163,0.591350021791,0.606684082945
164,0.600471056524,0.616681784945
165,0.60745777196,0.624473853209
166,0.602468362712,0.619465416417
167,0.602673105359,0.618042702128
168,0.606308060899,0.61859270375
169,0.631760692416,0.650130335251
170,0.635179666136,0.653722106393
171,0.621194186998,0.63846403424
172,0.642723924,0.661790402904
173,0.641567040812,0.659892581675
174,0.64223214611,0.660385014534
175,0.657022007171,0.67479248127
176,0.657538246698,0.675764978388
177,0.658386190923,0.677413922264
178,0.644814399307,0.662711402265
179,0.657515556974,0.677537383589
180,0.652604944637,0.672089445869
181,0.644312639661,0.662294569995
182,0.639770841595,0.658140272038
183,0.635848828498,0.65457023514
184,0.62240372644,0.64018150609
185,0.618467490276,0.635595327861
186,0.6098863717,0.626071309405
187,0.600157815762,0.615429168872
188,0.592203080332,0.607061992069
189,0.585639021725,0.600258327691
190,0.578648234354,0.593050927262
191,0.571928716837,0.586040347182
192,0.566020754367,0.580295557544
193,0.559613795426,0.573722567012
194,0.548405774859,0.561415719227
195,0.540060377588,0.552062576612
196,0.533885655994,0.545593989966
197,0.531355184169,0.543402210511
198,0.528416858271,0.540620324988
199,0.522768896391,0.534755115142
200,0.51630915978,0.527620819196
201,0.512152893853,0.522786251676
202,0.50971677069,0.519875526619
203,0.50832499505,0.517985756556
204,0.508346788201,0.517945786309
205,0.509869528872,0.519994587726
206,0.512782862373,0.523431332109
207,0.516333960712,0.527660552242
208,0.522281120875,0.534272364828
209,0.527456196392,0.539678688934
210,0.53156081006,0.543615092626
211,0.53451083084,0.546198427002
212,0.539742575045,0.551729853152
213,0.548631547553,0.561632564591
214,0.559550584152,0.573665900542
215,0.565972327981,0.580231035049
216,0.571648566101,0.585831393733
217,0.577988724481,0.592299988966
218,0.585335705895,0.600019294442
219,0.592856977972,0.607719779056
220,0.600270799936,0.61552203048
221,0.609823802845,0.626072981977
222,0.61893206549,0.636039241537
223,0.621419347537,0.639087986377
224,0.636231881466,0.654983765648
225,0.640363359348,0.65874824734
226,0.643918008196,0.661902265723
227,0.651782761197,0.671249140475
228,0.658452785104,0.678477594111
229,0.644924187855,0.662883976435
230,0.658492950465,0.677510114567
231,0.657489547644,0.675794717363
232,0.656265324527,0.674036160552
233,0.633174171805,0.647448988176
234,0.669074290406,0.686893409225
235,0.672012919826,0.690918792252
236,0.672670090298,0.692522854323
237,0.65658704059,0.675386480259
238,0.671599669624,0.692392557906
239,0.66498054807,0.685173052536
240,0.637782465108,0.651310661646
241,0.633260782073,0.650093256057
242,0.647054449433,0.666344197677
243,0.636531194538,0.654849949946
244,0.625905428292,0.643072393415
245,0.615587207883,0.631673560965
246,0.605318294514,0.620431942017
247,0.596870990618,0.611545935714
248,0.591750273857,0.606591628544
249,0.585621809118,0.600488856739
250,0.57969016054,0.594842565199
251,0.572144518846,0.58708394276
252,0.561669621017,0.575478627958
253,0.551247067897,0.563945523796
254,0.543412297304,0.555372612083
255,0.538588755757,0.550605224989
256,0.53511471035,0.547269404866
257,0.529945516081,0.541977788625
258,0.524228691439,0.535920305107
259,0.519546677708,0.530732636148
260,0.518290278457,0.529523599249
261,0.516992016284,0.528090560831
262,0.516524959319,0.526935778498
263,0.517252594876,0.528327937569
264,0.518120167915,0.529356940807
265,0.519766474785,0.530974102271
266,0.52379841597,0.535434891371
267,0.529339855173,0.541321876591
268,0.534423609387,0.546585130191
269,0.539238141532,0.55122801348
270,0.54317097326,0.555089785415
271,0.551321071777,0.564027992824
272,0.561787927972,0.575636397684
273,0.572407779808,0.587359547727
274,0.579974461863,0.595065175747
275,0.584755718966,0.599609444817
276,0.591427815904,0.606337342716
277,0.5974701418,0.612115676445
278,0.605942829709,0.621060581155
279,0.61627014356,0.632387435518
280,0.625958061169,0.643076626317
281,0.636740005942,0.655029619151
282,0.647576506958,0.666854008478
283,0.632684658366,0.649559351709
284,0.637008250234,0.650522704665
285,0.665184904791,0.685362834805
286,0.671060079343,0.691802688919
287,0.656074661191,0.674861683143
288,0.673825311018,0.693637684482
289,0.671904889005,0.690742393951
290,0.669334980648,0.687075332458
291,0.681100013646,0.702365469287
292,0.700663657102,0.722729226734
293,0.699600645073,0.72109755767
294,0.690982773689,0.713052408439
295,0.698098176301,0.72115706711
296,0.684018973591,0.704066390096
297,0.670688501623,0.689012503933
298,0.679867393461,0.700063619406
299,0.682266883278,0.702738171648
300,0.664817567908,0.682472868612
301,0.642387434621,0.655137546957
302,0.663730311447,0.682034701992
303,0.651923215074,0.669645443796
304,0.640838580417,0.657401148812
305,0.645319418486,0.662609127996
306,0.649052179378,0.668287571944
307,0.637060998025,0.655817339766
308,0.630642670766,0.647587034318
309,0.625637759447,0.64247922197
310,0.61760438994,0.635010374765
311,0.614623545883,0.63205659998
312,0.609445634221,0.62621446406
313,0.600376606544,0.616555684354
314,0.592535843247,0.608455325278
315,0.589372162181,0.604784741111
316,0.579647752704,0.594285675236
317,0.567404292898,0.580689267556
318,0.564319882673,0.577017281133
319,0.557392178421,0.569268446798
320,0.547439228843,0.558456043619
321,0.543534339921,0.554080714557
322,0.537628045877,0.547689190655
323,0.531299349634,0.541267792978
324,0.531325419133,0.541652138037
325,0.530401469021,0.541267669158
326,0.528359356611,0.53951497121
327,0.524687288181,0.535607758139
328,0.522148068918,0.532797629683
329,0.520157637888,0.530721945951
330,0.518621245103,0.529187714262
331,0.519335905934,0.530088855925
332,0.519658369825,0.530482328559
333,0.519393799258,0.530224683412
334,0.519660862354,0.530472953862
335,0.519148851021,0.529945873652
336,0.518145000113,0.528753333203
337,0.520769762108,0.531381178202
338,0.522606121714,0.533279413067
339,0.524677144278,0.535564792207
340,0.528616478324,0.5397669258
341,0.530306803769,0.541174730843
342,0.531641926063,0.541985359488
343,0.532172857932,0.542118270433
344,0.537374215303,0.547419449
345,0.544097674632,0.55469920323
346,0.54717315204,0.558225223185
347,0.557037054801,0.568859761917
348,0.564062975854,0.576689415895
349,0.567950634902,0.58126574603
350,0.580254247632,0.594882929283
351,0.589303415234,0.604769412338
352,0.592673717991,0.608601310381
353,0.599600566965,0.615719976768
354,0.610384377249,0.627074072667
355,0.614768596483,0.632146912246
356,0.618276214347,0.635700899404
357,0.626025525362,0.642853857478
358,0.629325335283,0.646279185391
359,0.637045742344,0.655783902959
360,0.64831775017,0.66757180763
361,0.645283577823,0.662521713248
362,0.639990192329,0.65649987341
363,0.652022022722,0.669776156251
364,0.663142113232,0.681408977681
365,0.642712903436,0.655470439475
366,0.664981945364,0.682636137615
367,0.681937125025,0.702355959964
368,0.679201086152,0.699407322237
369,0.66984909839,0.688252859312
370,0.683562762502,0.703687044493
371,0.697884782026,0.721035798126
372,0.691392805526,0.713471089997
373,0.699000008273,0.720468574731
374,0.699801775325,0.721869427247
375,0.688669352956,0.708195960076
376,0.687260683605,0.706482683138
377,0.685728263329,0.704578511108
378,0.686690892051,0.706036320785
379,0.68731823784,0.707410129649
380,0.657536041976,0.674649290008
381,0.68208027774,0.701924310518
382,0.678015846211,0.697373677098
383,0.67431901709,0.693592960407
384,0.668184057243,0.685813869558
385,0.655116785995,0.670639581771
386,0.641563936556,0.657007175507
387,0.654734180936,0.67257669617
388,0.650581349721,0.668215949204
389,0.644077143427,0.661464840016
390,0.638473225342,0.655322762436
391,0.631853447817,0.647963554349
392,0.624034090532,0.639553630924
393,0.619054219006,0.634608274965
394,0.614628466086,0.630434424682
395,0.610651608683,0.626572719189
396,0.605389138355,0.621211409034
397,0.600056071038,0.615764977847
398,0.593782715736,0.609088485366
399,0.586217678831,0.601119608176
400,0.578566259495,0.592946022202
401,0.570680151153,0.58412319054
402,0.564084549231,0.576698135966
403,0.556464477813,0.568337449108
404,0.548922686617,0.56011862907
405,0.542773707405,0.553210618206
406,0.53733821636,0.547393450418
407,0.534478710158,0.544734830218
408,0.533339159598,0.544076836979
409,0.531974896791,0.54310918596
410,0.52934886866,0.540429673004
411,0.524747642892,0.535376992133
412,0.521535924948,0.532005539593
413,0.519538920532,0.529903615438
414,0.519202477053,0.529556343648
415,0.518538275667,0.529036181671
416,0.519478931826,0.530061799274
417,0.519020969092,0.529631810242
418,0.518627933691,0.529146688685
419,0.518881623377,0.529224057303
420,0.519781340045,0.530152553763
421,0.521766760966,0.532240318507
422,0.524832252509,0.535476091536
423,0.528966273933,0.540092299703
424,0.531451298606,0.542603694249
425,0.532356568674,0.54308779484
426,0.534101032649,0.544318906217
427,0.537542846842,0.547568710036
428,0.542432321643,0.552900264639
429,0.549461639892,0.560642723287
430,0.556969884724,0.568867401118
431,0.563009198346,0.575610346856
432,0.570800784429,0.58424615176
433,0.578464138272,0.592837240544
434,0.586473546569,0.601366585383
435,0.593389096597,0.608723132599
436,0.600186149387,0.615893953438
437,0.604843386322,0.620735579258
438,0.609850728111,0.625763496233
439,0.614321400501,0.630053938643
440,0.618897018515,0.634477207798
441,0.624775608397,0.640254319589
442,0.63118787064,0.647297314177
443,0.638245881031,0.655158319501
444,0.644763117018,0.662102602469
445,0.650456254908,0.668096597118
446,0.65584489018,0.673713918997
447,0.641754859237,0.657198261523
448,0.655139115485,0.670651321531
449,0.66760383994,0.685285413591
450,0.674184367875,0.693375544363
451,0.678074383366,0.697479833677
452,0.682746156308,0.702673116621
453,0.65792928511,0.675048408184
454,0.688125941283,0.708249121131
455,0.687386766945,0.706767234517
456,0.686135474824,0.704948676716
457,0.687768131219,0.706981979139
458,0.688444642545,0.707994251964
459,0.697453254732,0.716517851515
460,0.699016525194,0.718190863096
461,0.696010652745,0.714761458902
462,0.696764676311,0.7159539245
463,0.699021379306,0.719037950717
464,0.693721621219,0.713707829089
465,0.697446455352,0.718345000252
466,0.694447487626,0.714819588496
467,0.689647638842,0.709677682398
468,0.685071459654,0.704815519748
469,0.665582140118,0.680183635759
470,0.676609997341,0.695661968051
471,0.666623993943,0.684600374764
472,0.665753648652,0.684148768393
473,0.659274878674,0.677331115833
474,0.651940389541,0.669573973855
475,0.64475379874,0.661637279613
476,0.637161308681,0.653348099293
477,0.62821294525,0.643742014719
478,0.6224518148,0.637972507472
479,0.617582731784,0.633294124171
480,0.612762654103,0.628715053137
481,0.607094466331,0.622920761846
482,0.599624364973,0.614947721822
483,0.592598270285,0.60757515371
484,0.585659061538,0.600407724358
485,0.578864012549,0.593083687235
486,0.570338171526,0.583640745529
487,0.562728553118,0.575305585901
488,0.555886090328,0.567711188494
489,0.546899593495,0.557872807576
490,0.540912529519,0.551248040954
491,0.536186555321,0.546466837333
492,0.533736305846,0.544345624556
493,0.532795790212,0.543866291484
494,0.530251829178,0.541505114408
495,0.525474022599,0.536262367625
496,0.521774920121,0.532204498793
497,0.519689364313,0.529875844786
498,0.517981238745,0.52804937583
499,0.517302847656,0.52738289392
500,0.517129501341,0.527356671885
501,0.518629462691,0.528999087887
502,0.517433646825,0.527682812627
503,0.516689241263,0.52676149213
504,0.517515002768,0.527617772867
505,0.519576599288,0.529802889949
506,0.521750264525,0.532205485019
507,0.526055979729,0.536854312639
508,0.530387024986,0.541625598715
509,0.53215723636,0.543196909747
510,0.534344627586,0.544971614507
511,0.536465932393,0.546712415783
512,0.540109910626,0.550440433799
513,0.547377389365,0.558337086383
514,0.555087456064,0.566908009774
515,0.562639271133,0.575236667068
516,0.570661236041,0.583997128993
517,0.578756709869,0.592940650527
518,0.585790764711,0.600496671256
519,0.592517542317,0.607489709524
520,0.59946118465,0.614748718017
521,0.607205514128,0.623015629813
522,0.613190616328,0.629127863898
523,0.616690993942,0.632403698212
524,0.622273350348,0.637805744558
525,0.62853262974,0.644059420959
526,0.636898437469,0.653104835253
527,0.644954392364,0.661836532941
528,0.651950694396,0.669635065594
529,0.659376041008,0.67740030794
530,0.665091056658,0.683497208752
531,0.665809192271,0.683830486761
532,0.676228432105,0.695276857614
533,0.665611104049,0.680225932829
534,0.684319203195,0.704072595514
535,0.688568378408,0.708480399607
536,0.693253721657,0.713728359002
537,0.697906837008,0.718875285084
538,0.694029996073,0.714011512227
539,0.698092621584,0.718164998081
540,0.696002277749,0.715208534456
541,0.695641643721,0.714334731623
542,0.699260993608,0.718445768734
543,0.707978046277,0.726919353902
544,0.707044443389,0.725718849866
545,0.707208392104,0.726303529117
546,0.708080804997,0.728008514496
547,0.711691982416,0.732552261683
548,0.705437492556,0.72602533182
549,0.709315988917,0.730731660214
550,0.703514768766,0.724422221384
551,0.699611432533,0.720135339135
552,0.692205593718,0.711333805352
553,0.678933169438,0.69576472404
554,0.664742067004,0.681645630819
555,0.678668433125,0.697918347766
556,0.672499242563,0.69141209498
557,0.664327496358,0.682731060714
558,0.65627247739,0.673922939515
559,0.649314447104,0.666288708674
560,0.640541557427,0.656680921966
561,0.630662430291,0.646111847924
562,0.624453823521,0.639887853473
563,0.619293949256,0.634928463094
564,0.613659516108,0.629392098528
565,0.607090285039,0.622364768805
566,0.599423501607,0.614394532791
567,0.591938427379,0.60663239707
568,0.585678420827,0.600237078508
569,0.578284427311,0.592398733055
570,0.569774922871,0.583054266134
571,0.561393729359,0.57386766888
572,0.552468356945,0.563957465842
573,0.544966910331,0.555686722979
574,0.539195593964,0.549539906562
575,0.535362662047,0.54587672595
576,0.533485282886,0.544467920517
577,0.530622418968,0.541868772901
578,0.526672866713,0.537679736506
579,0.522536771559,0.533125787619
580,0.518522646509,0.528769002994
581,0.516295222267,0.526222322708
582,0.514652513626,0.524404223661
583,0.514681079122,0.524471185758
584,0.5144367689,0.524288495138
585,0.514861283309,0.52469480669
586,0.514476129167,0.524264068188
587,0.514417581892,0.524175016087
588,0.516310377879,0.526254570676
589,0.518738461097,0.528930450103
590,0.522337254823,0.532967736154
591,0.526920755648,0.537936075966
592,0.530769884891,0.541982813643
593,0.533347380665,0.544310827796
594,0.535506969269,0.546046702419
595,0.538984384762,0.549316675125
596,0.544546575794,0.555277990382
597,0.552697520612,0.564228905853
598,0.561750814523,0.574194083302
599,0.569237410554,0.582461784137
600,0.578662452435,0.592757294963
601,0.585712790976,0.600284668684
602,0.592486131277,0.607164249695
603,0.599089011752,0.613991882671
604,0.606617104235,0.621893283949
605,0.614893777144,0.630660745044
606,0.619302999402,0.634956481476
607,0.625249640893,0.640708909396
608,0.631459412365,0.646835851841
609,0.640376853077,0.656578378931
610,0.648524586368,0.665493818347
611,0.656871014597,0.674542413838
612,0.664695105406,0.683129762779
613,0.67189385,0.690829121865
614,0.678863214216,0.698084507439
615,0.66559741117,0.682490371079
616,0.679155171274,0.695995659864
617,0.691951937138,0.711115376121
618,0.699611065343,0.720169783093
619,0.703441823255,0.724307236977
620,0.709610572234,0.731089751019
621,0.705218173959,0.725842843366
622,0.711160326507,0.731966455355
623,0.708289780359,0.728184566516
624,0.705930952124,0.725008227663
625,0.706808418262,0.725508211949
626,0.70800313868,0.726874962227
627,0.712104939487,0.730259804992
628,0.712386049459,0.730490666319
629,0.713612354127,0.732514938861
630,0.715030869485,0.734716886622
631,0.716695503,0.737217756174
632,0.713639597179,0.734439768016
633,0.718946556382,0.741038315379
634,0.715073960873,0.73692142204
635,0.709086046606,0.730416270612
636,0.704661989801,0.725667784537
637,0.684624946978,0.700455340441
638,0.694849159098,0.715087708639
639,0.688864012849,0.708712751185
640,0.683516474219,0.703239440375
641,0.674891524994,0.694060739946
642,0.667328733121,0.685911031024
643,0.657851494349,0.675626250407
644,0.649098842731,0.666015081977
645,0.640728453056,0.656742562332
646,0.630806889939,0.646006803007
647,0.624321764084,0.639482810582
648,0.6176154329,0.632685439079
649,0.61235113794,0.627698854105
650,0.60704748061,0.62259210751
651,0.600137944094,0.615634737653
652,0.592730033524,0.607999316122
653,0.585791359315,0.600711948462
654,0.578072627499,0.592467379006
655,0.567725651104,0.580930481173
656,0.55854712859,0.570752157459
657,0.549500919516,0.560751096067
658,0.54262611787,0.553208377219
659,0.538095220099,0.548615779019
660,0.534680738802,0.545550332973
661,0.531266742496,0.542419971144
662,0.527512840327,0.538675707934
663,0.524356869338,0.535259903337
664,0.520453963453,0.531226225283
665,0.517883180565,0.528484455869
666,0.515048566534,0.525351252473
667,0.513094372236,0.522983334293
668,0.513404901718,0.523696463573
669,0.514156939354,0.52447504983
670,0.513865360278,0.524146421266
671,0.513065440369,0.522949440531
672,0.514880301823,0.525215558214
673,0.517371073456,0.527992410073
674,0.520516987266,0.53130357901
675,0.523808237802,0.534720547975
676,0.527779543324,0.538970056947
677,0.531598294485,0.542730938717
678,0.534349539808,0.545207566702
679,0.537117523477,0.547646749753
680,0.542710277958,0.553330676495
681,0.54986260243,0.561126766145
682,0.558934805103,0.571134627387
683,0.567797554173,0.581079250168
684,0.577757590893,0.592086717184
685,0.585984750453,0.600938697013
686,0.59347726672,0.60873735736
687,0.599428167945,0.614827466396
688,0.606730562224,0.622266587133
689,0.613128527559,0.628494716765
690,0.61815655597,0.633240682009
691,0.624389484337,0.639568151918
692,0.630644815835,0.645855151533
693,0.639597641874,0.655578818295
694,0.649071659891,0.665963514506
695,0.658692356387,0.676465134954
696,0.665960595602,0.684524980549
697,0.675207073483,0.694465899468
698,0.682093976361,0.70173523502
699,0.688876029038,0.708761388135
700,0.695442463284,0.715691205963
701,0.684473311843,0.700326092514
702,0.704036198977,0.725036226741
703,0.709403285242,0.73075534242
704,0.714794375124,0.736584677825
705,0.719250240239,0.741298882037
706,0.713737760349,0.734470893702
707,0.716843607108,0.737404524934
708,0.714758165328,0.734459986683
709,0.71361900764,0.732527708179
710,0.712648748966,0.730787388698
711,0.592523565578,0.611538813831
712,0.675360774757,0.69651029992
713,0.734761999343,0.75697296465
714,0.686210003376,0.707208385164
715,0.595009921207,0.614060884366
716,0.662721373422,0.684429220303
717,0.732485599586,0.755687277232
718,0.686945460216,0.706990246884
719,0.591079904076,0.608160462
720,0.638707931269,0.658615529103
721,0.716240556228,0.738360766359
722,0.687127105963,0.706710446001
723,0.589484439126,0.604387165557
724,0.602046102825,0.61640292467
725,0.685782558262,0.703733911646
726,0.681341775108,0.700408801698
727,0.59536574388,0.611411276005
728,0.581225685056,0.595940773395
729,0.66353617376,0.681472298726
730,0.674521305397,0.694366189027
731,0.602221880055,0.620412062442
732,0.564017975221,0.579451768928
733,0.636145264726,0.652776706079
734,0.651022849358,0.66861695571
735,0.593318796216,0.61005261587
736,0.545369736621,0.560613784775
737,0.615126774315,0.632254752521
738,0.62952716084,0.646441950349
739,0.584953468529,0.600816708889
740,0.528736487177,0.542859205382
741,0.589631689448,0.605945420558
742,0.606652641924,0.623057172628
743,0.572963822806,0.588083178787
744,0.515751866229,0.528392153192
745,0.558083862874,0.571491069171
746,0.574468661015,0.587667506812
747,0.553361683824,0.565547034425
748,0.502143106429,0.512228726822
749,0.529532648624,0.540280999989
750,0.547482105107,0.557879377989
751,0.536528719039,0.546479517358
752,0.492493869581,0.501391083296
753,0.505849701445,0.514705011688
754,0.526230670447,0.535315658886
755,0.524034887052,0.533511111409
756,0.492294351239,0.50212415848
757,0.496704534993,0.506092313752
758,0.519495611047,0.529688066626
759,0.517967903882,0.528118867653
760,0.490070567869,0.500021331314
761,0.486667228052,0.495684377004
762,0.512320095389,0.52229329178
763,0.511371059282,0.521529292247
764,0.489094683493,0.499213130374
765,0.486453275668,0.496050552835
766,0.51064928031,0.520855311589
767,0.510840982024,0.521011456675
768,0.486461437178,0.496035479285
769,0.489248067965,0.499372044407
770,0.5110537494,0.52119263636
771,0.511934262253,0.521925786221
772,0.486878931783,0.495909771132
773,0.490156454224,0.500084318977
774,0.517465485373,0.527606289091
775,0.519584083017,0.529797984968
776,0.496462590362,0.50588080784
777,0.491751276036,0.501610082148
778,0.524447798246,0.533947525813
779,0.526160071645,0.535222872568
780,0.506454684615,0.515261403304
781,0.492484710851,0.501362177561
782,0.536427383904,0.546386781381
783,0.547426487213,0.557816487988
784,0.529296610446,0.540088202603
785,0.502765302038,0.512904028071
786,0.553716805389,0.565867982173
787,0.574676714107,0.587892647604
788,0.55786743128,0.57131059995
789,0.515491637413,0.528165404122
790,0.572613897393,0.587746976458
791,0.606152624844,0.622480905389
792,0.590092051169,0.606389588588
793,0.528401803802,0.542506876461
794,0.584489708699,0.600276538066
795,0.629463447854,0.646385605835
796,0.614381396564,0.631520770076
797,0.545402472977,0.56060620891
798,0.594009006945,0.610721995255
799,0.650843122059,0.668385041446
800,0.636041252244,0.652683414311
801,0.563829615958,0.579219004181
802,0.602676135682,0.620871959236
803,0.673741756433,0.693581062337
804,0.663723977806,0.681608356144
805,0.581075267426,0.595789181951
806,0.595456957409,0.611466046855
807,0.681865878165,0.700959908813
808,0.686698653791,0.704682371937
809,0.60199753653,0.616380820814
810,0.589525573374,0.604411822885
811,0.688284446124,0.707917807718
812,0.716396495124,0.738567184847
813,0.639070216975,0.658999062747
814,0.591161852101,0.608302054026
815,0.687125613496,0.70722682383
816,0.732747695507,0.755989723852
817,0.662116821589,0.683852835653
818,0.595000862953,0.614021120388
819,0.686281426935,0.707332599801
820,0.734948545178,0.757146979983
821,0.674974306059,0.696159824045
822,0.699778747939,0.71962620681
823,0.698438312675,0.717977715841
824,0.695600477098,0.714672648666
825,0.695168610279,0.714213010133
826,0.696472707985,0.716087379141
827,0.69850548217,0.718858787745
828,0.699395825343,0.720313876896
829,0.698590615744,0.719649455983
830,0.694190382067,0.71488933414
831,0.690051230698,0.710402796493
832,0.687191708629,0.707355355632
833,0.685170590487,0.705308310022
834,0.679723802464,0.699222385024
835,0.659032297233,0.673496653453
836,0.673035093153,0.692067842458
837,0.668229177221,0.686617847773
838,0.66199030105,0.680224565237
839,0.657449800241,0.675507784734
840,0.652694510554,0.670508083997
841,0.648068601979,0.6655943732
842,0.642391510273,0.659563124791
843,0.635885256534,0.652488380736
844,0.630640701598,0.646620416304
845,0.624036694765,0.639677154982
846,0.619974234239,0.635675066832
847,0.615493830259,0.631436422459
848,0.61155679619,0.627690817007
849,0.606898458368,0.623012056818
850,0.60248410504,0.61854410705
851,0.597979528904,0.613923366423
852,0.592509859329,0.608294814102
853,0.587310632194,0.602866195018
854,0.580327217999,0.595496096945
855,0.574337406342,0.589102434099
856,0.566953044479,0.581003341555
857,0.558958099561,0.572156627984
858,0.552596572137,0.565088819417
859,0.546314398293,0.558101910107
860,0.539664921185,0.550814468393
861,0.53343347114,0.543953004382
862,0.527378689854,0.537313363407
863,0.522802887729,0.532201787444
864,0.518684126773,0.528035391149
865,0.516433846445,0.526061229741
866,0.514628533973,0.524616904348
867,0.513640968342,0.5238993405
868,0.511855391283,0.522238334134
869,0.509669935888,0.51997004553
870,0.506606437113,0.516672486628
871,0.503871544031,0.513761496152
872,0.502946071095,0.512907552518
873,0.502317559854,0.512353334556
874,0.501203935396,0.511307367267
875,0.501120080454,0.511271717813
876,0.501286038403,0.511522976904
877,0.501453020723,0.511686513823
878,0.501038825787,0.511295192198
879,0.501184044245,0.511376469532
880,0.501501322596,0.511628120767
881,0.501832269559,0.511882272484
882,0.503593089656,0.513542659935
883,0.503973406138,0.513902519546
884,0.506637821279,0.516764189049
885,0.509592850289,0.519894088463
886,0.51179253582,0.522164191633
887,0.513485947827,0.523761003205
888,0.514867368814,0.524864188878
889,0.516491967247,0.526120384876
890,0.518721144377,0.528062472529
891,0.522202216502,0.531584542929
892,0.528086554425,0.538005575691
893,0.533893102983,0.544387643679
894,0.539940373785,0.551077773151
895,0.546147724062,0.557908470425
896,0.552154985035,0.564588506907
897,0.559430877069,0.57265080514
898,0.566356284229,0.580398851226
899,0.573980946232,0.588719738746
900,0.580991568452,0.596237254575
901,0.586718571009,0.602299303967
902,0.593165131367,0.608920888665
903,0.597956193269,0.613829283196
904,0.602564998689,0.618610117208
905,0.607178804964,0.623360910073
906,0.611791112363,0.627893443388
907,0.615526085254,0.631464438785
908,0.619720702402,0.635461188301
909,0.623942804941,0.639546581278
910,0.629156230333,0.645109182859
911,0.636292191136,0.65291820152
912,0.642148740186,0.659280402078
913,0.647602866975,0.665124511882
914,0.652912747825,0.670734097591
915,0.658500853226,0.676539930618
916,0.662577407007,0.68086154169
917,0.667174922429,0.68557911788
918,0.672935178379,0.691993281567
919,0.658834759944,0.673332405932
920,0.67998269756,0.699535163974
921,0.683923297144,0.704032309304
922,0.68723053089,0.707352874468
923,0.690017190349,0.710370110842
924,0.694505776635,0.715186760574
925,0.697777824528,0.718852410208
926,0.699709859011,0.720630619031
927,0.698792332022,0.719140281061
928,0.696665150327,0.716270265205
929,0.694542928962,0.71359046
930,0.695354601183,0.714534213206
931,0.698561673338,0.718077113333
932,0.699483021916,0.719284635652
933,0.712690785279,0.732434101415
934,0.711293916784,0.730889437517
935,0.709221110869,0.728501507479
936,0.706925435947,0.725979840667
937,0.707959028526,0.727595173355
938,0.709285956011,0.729652908069
939,0.711835209895,0.733075982428
940,0.712039426427,0.733773118718
941,0.709014663454,0.73057299615
942,0.705225382846,0.726399380094
943,0.701600552463,0.722373670946
944,0.69806961624,0.718545292715
945,0.694543960059,0.714877660734
946,0.682471021268,0.699419515049
947,0.682983614494,0.70154443737
948,0.682909466886,0.7021479387
949,0.677004679455,0.695882751816
950,0.671524105686,0.690216210668
951,0.66664392206,0.685131748547
952,0.660068880641,0.678269517675
953,0.655630081898,0.673495062179
954,0.648180867729,0.665442257562
955,0.641536662608,0.658193345935
956,0.635581286466,0.651615469872
957,0.629068561305,0.644768201932
958,0.623350738786,0.639292055071
959,0.618624589457,0.634582156062
960,0.614518028632,0.630701301474
961,0.609635928738,0.625833971371
962,0.604262497454,0.620416342313
963,0.598784659886,0.614716251081
964,0.592240576314,0.607855487746
965,0.586082217973,0.601374182887
966,0.579615092518,0.594644171242
967,0.572713031073,0.587300995033
968,0.565757439867,0.579587589821
969,0.558314346533,0.571343095305
970,0.55185681553,0.564195209057
971,0.544650836264,0.5563167019
972,0.537501763389,0.548494082235
973,0.531255052754,0.541604850614
974,0.525463341881,0.535263677983
975,0.520630950199,0.530080941994
976,0.517011384107,0.526592981459
977,0.514985149466,0.52496264489
978,0.513903573158,0.524179987649
979,0.511861394508,0.522315286521
980,0.509185448958,0.519535533243
981,0.505718594065,0.515852225416
982,0.50271270018,0.512566054213
983,0.500090129236,0.509946729947
984,0.498875274701,0.508647968442
985,0.497978897832,0.507748345436
986,0.497913112411,0.507797042221
987,0.497599342041,0.507598454606
988,0.498390200005,0.508470557859
989,0.49810329997,0.508217496482
990,0.497820911568,0.50782088595
991,0.497657779318,0.507523478016
992,0.498228664399,0.508027330357
993,0.499193473442,0.508994598189
994,0.50036427216,0.51020228474
995,0.50226233215,0.512171730602
996,0.50567131726,0.515792058727
997,0.509021222729,0.519393357185
998,0.511969760536,0.522396220317
999,0.513198671723,0.523515068562
1000,0.51527109552,0.525263169972
1001,0.516512027402,0.526112579974
1002,0.520241616538,0.529729815384
1003,0.525094190023,0.534884430619
1004,0.531584215262,0.541947229261
1005,0.537850235959,0.548859972379
1006,0.544522182158,0.556171497343
1007,0.551569665891,0.563940310303
1008,0.558040173088,0.571086074222
1009,0.565492299087,0.579322742755
1010,0.573008400162,0.587565836249
1011,0.579102304926,0.594117345858
1012,0.585728445124,0.601040073952
1013,0.592444861023,0.608041026584
1014,0.598908848153,0.614856037486
1015,0.604896748294,0.621039272307
1016,0.608896293147,0.625038639226
1017,0.613900797353,0.63003843683
1018,0.618081430598,0.634105831343
1019,0.623605404804,0.639499440564
1020,0.628088759151,0.643790073561
1021,0.634480846951,0.650462311934
1022,0.641825884816,0.658514598054
1023,0.64824998786,0.665525173743
1024,0.654658777131,0.672484751171
1025,0.661159146994,0.679426051546
1026,0.666065505916,0.684544524222
1027,0.671530038535,0.690252173108
1028,0.677331451566,0.696166074033
1029,0.68209101747,0.701337907898
1030,0.682678384185,0.701251270986
1031,0.682420407135,0.699398330289
1032,0.695083349346,0.715448058259
1033,0.697980992005,0.718483333716
1034,0.701461520814,0.722260171846
1035,0.705319431553,0.726495985115
1036,0.710105035138,0.731732388289
1037,0.712525367571,0.734278031274
1038,0.711408699525,0.732621270669
1039,0.709393900171,0.729755675019
1040,0.707730582007,0.727332976565
1041,0.70802205094,0.727140289943
1042,0.710113617475,0.72941493577
1043,0.711883767932,0.731556290627
1044,0.720043726387,0.739517191404
1045,0.718732306436,0.738093365071
1046,0.71719183734,0.73626772998
1047,0.717280179317,0.73683265024
1048,0.718468024939,0.73865024507
1049,0.721450143023,0.742500049618
1050,0.723133031678,0.744989127875
1051,0.722870395798,0.745105292784
1052,0.718487127596,0.740413027969
1053,0.7140948009,0.735598106311
1054,0.710635490213,0.731821989653
1055,0.704829811116,0.725678062845
1056,0.701319621268,0.721675371995
1057,0.679906374725,0.69518751367
1058,0.694408322646,0.714522365782
1059,0.689458634104,0.708972211869
1060,0.683407032949,0.702709931245
1061,0.678106053133,0.697200569676
1062,0.671466804706,0.690260782092
1063,0.665855134784,0.684334087883
1064,0.658958282675,0.676938471926
1065,0.652466961498,0.669715243789
1066,0.645147021726,0.661856038547
1067,0.637682926134,0.653706717197
1068,0.629601357426,0.645283629549
1069,0.625121664604,0.640926460515
1070,0.620571092955,0.636489510003
1071,0.615916059765,0.632030959699
1072,0.611336818443,0.627496122198
1073,0.605496892659,0.621487451771
1074,0.598463154414,0.614046496349
1075,0.591493154269,0.606707843088
1076,0.584687677911,0.599684480575
1077,0.579177569401,0.593855454939
1078,0.572443956242,0.586766083848
1079,0.5649291016,0.578524400486
1080,0.557611395113,0.570498958132
1081,0.550324358648,0.562526080881
1082,0.54325024932,0.554732785096
1083,0.535804860281,0.546601582589
1084,0.528970419713,0.539085480698
1085,0.522969408863,0.532600630245
1086,0.519169767456,0.528741361698
1087,0.516458860604,0.526352004315
1088,0.514856879592,0.525101663096
1089,0.512516639489,0.523021104803
1090,0.509324443046,0.519751484718
1091,0.505690200204,0.515850488922
1092,0.50259486755,0.51254801418
1093,0.499460067498,0.509176992635
1094,0.497306864426,0.506907067602
1095,0.495603745031,0.505153210168
1096,0.495189662922,0.504708668461
1097,0.494661990257,0.504290804341
1098,0.495106461303,0.504909524646
1099,0.495763731926,0.505654142212
1100,0.49535870982,0.505210532504
1101,0.49490192905,0.504526166845
1102,0.495222409653,0.504746062332
1103,0.49572595914,0.505249484245
1104,0.4973216793,0.506921249513
1105,0.499788986616,0.50953305744
1106,0.502372419933,0.512323413315
1107,0.505645079094,0.51581508153
1108,0.509116489198,0.519579652663
1109,0.512084592297,0.522560763477
1110,0.514524457484,0.524784614748
1111,0.516662219248,0.526568079466
1112,0.519054165528,0.528631480469
1113,0.522783992503,0.532422537969
1114,0.529098950163,0.539277233574
1115,0.535858469415,0.546641455458
1116,0.54318628472,0.554689735405
1117,0.551286462223,0.563490320965
1118,0.557430983282,0.570329356363
1119,0.564937051008,0.578550451836
1120,0.571907617001,0.586256895282
1121,0.578904543226,0.593689162606
1122,0.585271855779,0.600262777007
1123,0.591169844681,0.606375815933
1124,0.599029180231,0.614511056358
1125,0.605241447031,0.621212088812
1126,0.611525979965,0.627708909587
1127,0.616236132612,0.632385531449
1128,0.620631725783,0.636586402498
1129,0.62504553994,0.640866571227
1130,0.630964568097,0.646646364989
1131,0.63762983592,0.653626180301
1132,0.645408046854,0.662091782447
1133,0.651715511536,0.66901088368
1134,0.659226567646,0.677163438782
1135,0.665300743646,0.683771837188
1136,0.671308278847,0.690126772544
1137,0.676765027229,0.695818499596
1138,0.683591285662,0.70295099461
1139,0.6893394828,0.708814790587
1140,0.694005178893,0.714056297937
1141,0.68033838964,0.695626746853
1142,0.701693231321,0.722098505777
1143,0.705959519223,0.726799049478
1144,0.710863477898,0.732001420621
1145,0.71427471809,0.735740256436
1146,0.719421388086,0.741331640681
1147,0.722236719377,0.744453895897
1148,0.722569813995,0.744408660363
1149,0.720757918501,0.741739021429
1150,0.718635779988,0.738824359596
1151,0.716410984643,0.735869612597
1152,0.716103607551,0.735117948477
1153,0.718513696248,0.737820025986
1154,0.720460112334,0.740017756995
1155,0.721224921824,0.740016326565
1156,0.720706296827,0.739450284036
1157,0.719702198532,0.73837373468
1158,0.719634988787,0.738748873403
1159,0.72102727085,0.740806681112
1160,0.721709454038,0.742304616803
1161,0.724927116161,0.74629819673
1162,0.725861518089,0.747993702569
1163,0.72475714715,0.747128364339
1164,0.720755589378,0.742715318719
1165,0.715461483829,0.736932446339
1166,0.711808046245,0.733000565915
1167,0.707772661449,0.728674895117
1168,0.694712377267,0.712305837856
1169,0.696847250835,0.716349433687
1170,0.694970169137,0.71488855599
1171,0.688757585544,0.708456147534
1172,0.683612238832,0.703068238033
1173,0.677618769808,0.696829322279
1174,0.671303555491,0.690248093715
1175,0.664632015156,0.683004619576
1176,0.657862686882,0.67568461277
1177,0.650381823917,0.667507244035
1178,0.643398641617,0.659900394917
1179,0.6359543573,0.651689685664
1180,0.627751701695,0.64299863729
1181,0.621950409912,0.63712972586
1182,0.617113498693,0.632374540167
1183,0.613201570505,0.628948550437
1184,0.608229416188,0.624027289826
1185,0.603005784809,0.618661759381
1186,0.596666214102,0.612156628296
1187,0.589062108687,0.604040011353
1188,0.583314035441,0.598436418584
1189,0.578365658204,0.59347400923
1190,0.57149408847,0.586059978145
1191,0.563722312745,0.577457112134
1192,0.555382258016,0.568077142215
1193,0.54779259973,0.559762060943
1194,0.539573028499,0.550656575451
1195,0.532474013298,0.542881136514
1196,0.525757406435,0.535592749727
1197,0.521123111436,0.530688692494
1198,0.517525689532,0.527287734971
1199,0.515598624129,0.525770794676
1200,0.513008684344,0.523436153856
1201,0.510491278743,0.521027836937
1202,0.50752434923,0.518025930866
1203,0.503710474034,0.514070627606
1204,0.500504504635,0.510734548466
1205,0.498452085268,0.508433023561
1206,0.495667779618,0.505401358615
1207,0.495769956189,0.505763432142
1208,0.494820926956,0.5047644173
1209,0.49367278582,0.503384390702
1210,0.492427764399,0.501770723083
1211,0.492459559129,0.501742547807
1212,0.493061313151,0.502799859191
1213,0.494804632988,0.504765711513
1214,0.49559777475,0.505612388354
1215,0.495925076606,0.505655982696
1216,0.49828381199,0.508292739952
1217,0.500299934555,0.510492874173
1218,0.504081175842,0.514473065128
1219,0.507753943978,0.518250628429
1220,0.510539656799,0.521088156257
1221,0.512977724937,0.523408207201
1222,0.515622762731,0.525762408874
1223,0.51762090256,0.52739299011
1224,0.521101114622,0.530651863384
1225,0.525820603508,0.535689961138
1226,0.532339995273,0.542750462205
1227,0.539352414831,0.550449408881
1228,0.547360532434,0.559296665913
1229,0.555111938503,0.567807938821
1230,0.563263936743,0.576939069362
1231,0.571384881302,0.585928369195
1232,0.578038754658,0.59311180386
1233,0.58319026698,0.598376114044
1234,0.588896624496,0.603908062605
1235,0.596061873967,0.611479915156
1236,0.602920507966,0.618585482638
1237,0.608923298038,0.624724430388
1238,0.612933949779,0.628684640546
1239,0.616525135884,0.631771399076
1240,0.622104013044,0.637339725697
1241,0.62802273951,0.643249330542
1242,0.635800864084,0.651524558236
1243,0.643422330009,0.659866970234
1244,0.650607558777,0.667744688166
1245,0.658446545428,0.676238652068
1246,0.664490985738,0.682865008275
1247,0.670778688155,0.689663679696
1248,0.676974537556,0.696224639873
1249,0.683356644991,0.702838672155
1250,0.689038662392,0.708703380129
1251,0.694277417619,0.71422132515
1252,0.69640773706,0.715903551104
1253,0.695917954845,0.713485545796
1254,0.707288084119,0.728218491556
1255,0.711497468813,0.732664233596
1256,0.715742108052,0.737206346574
1257,0.719610568679,0.741511927213
1258,0.723898682204,0.746205695682
1259,0.725996412843,0.748094209579
1260,0.725190382831,0.746643740424
1261,0.723211634678,0.743750340962
1262,0.72083056156,0.740595317112
1263,0.719485797213,0.738642418679
1264,0.719854816552,0.738472570463
1265,0.721023279629,0.739728951952
1266,0.490760503169,0.506479891236
1267,0.5982611125,0.617393385846
1268,0.718386580083,0.740553565412
1269,0.717429126264,0.739615572364
1270,0.595920774519,0.614479893683
1271,0.490283989398,0.506135348812
1272,0.597866872676,0.617371129937
1273,0.719267115812,0.742580226933
1274,0.709485526998,0.731337729858
1275,0.587918304273,0.605451157806
1276,0.482373489585,0.496798960845
1277,0.592409309478,0.61184421583
1278,0.707280807612,0.729687766072
1279,0.695016179826,0.715587723609
1280,0.575935627083,0.591691831654
1281,0.476299805712,0.489858377575
1282,0.574877712977,0.591165860313
1283,0.669547172246,0.684446385179
1284,0.680163509799,0.699688375765
1285,0.568483975197,0.584226338346
1286,0.468327059124,0.48145778818
1287,0.562998223662,0.57847753042
1288,0.667103475308,0.685759822771
1289,0.663276495511,0.682893350836
1290,0.563182492365,0.580475164129
1291,0.462421521257,0.47567365787
1292,0.550935421057,0.566042272315
1293,0.645709428483,0.663016337723
1294,0.638760418495,0.656517631916
1295,0.545046261811,0.560943563623
1296,0.453343738638,0.465945110737
1297,0.540681200859,0.555788874193
1298,0.625621536423,0.643005594194
1299,0.615046427853,0.631688532994
1300,0.527947704926,0.542928768773
1301,0.446768256482,0.458835820983
1302,0.529114382499,0.543888824952
1303,0.604060059899,0.621222740012
1304,0.593385616859,0.609732837909
1305,0.513059310187,0.527274320282
1306,0.43937472109,0.450757818781
1307,0.511630484593,0.524864059627
1308,0.573868683019,0.588699652008
1309,0.564697759652,0.578626668156
1310,0.488369948026,0.499515411729
1311,0.426168583593,0.435709204012
1312,0.493098469948,0.504039070114
1313,0.541466844788,0.552527989171
1314,0.534655916893,0.545240923035
1315,0.468612201269,0.477477364521
1316,0.419334182859,0.427861275785
1317,0.477022128483,0.486008125974
1318,0.515220573244,0.523845519314
1319,0.50977880082,0.518323897961
1320,0.454839565598,0.463665892018
1321,0.417628143485,0.426091295401
1322,0.46900054946,0.477743820774
1323,0.504240854176,0.513581539939
1324,0.498437077185,0.508065663294
1325,0.448730724264,0.458739422273
1326,0.416711576136,0.42486639387
1327,0.469135738965,0.478280470492
1328,0.496655680698,0.506034534417
1329,0.484103625802,0.493247320412
1330,0.43754289513,0.447116230827
1331,0.422323553765,0.430924466359
1332,0.470440282735,0.479737753469
1333,0.492566572267,0.502321573599
1334,0.477049274507,0.486528205203
1335,0.431432156935,0.44088372717
1336,0.431231473628,0.440684359969
1337,0.47658033508,0.48607101223
1338,0.492878500638,0.502638638867
1339,0.470344095445,0.47965382353
1340,0.422434916925,0.431058767034
1341,0.437679617345,0.447281975431
1342,0.484169955515,0.493360479952
1343,0.49623646384,0.505621395142
1344,0.4694350299,0.478577782512
1345,0.416524634528,0.424662883944
1346,0.44914820467,0.459177165602
1347,0.498375089914,0.507996088646
1348,0.504660167884,0.514032137297
1349,0.469224196646,0.477935838845
1350,0.417303824212,0.425724532063
1351,0.454686365501,0.46352597122
1352,0.509609753355,0.518140036914
1353,0.515837082316,0.524407719509
1354,0.47687714965,0.485920613999
1355,0.419579247649,0.428108820005
1356,0.468827403294,0.477743102724
1357,0.534002107364,0.544649877243
1358,0.541636515549,0.552736942705
1359,0.492588067357,0.503478935295
1360,0.426327721011,0.435866459785
1361,0.488428524847,0.499593935421
1362,0.564384744932,0.578293811054
1363,0.574316696857,0.589137635112
1364,0.512031917043,0.525298448445
1365,0.439363297435,0.450710496299
1366,0.512942826489,0.527136319409
1367,0.594155596203,0.610479075172
1368,0.604190864947,0.621325701404
1369,0.528939347089,0.543722788652
1370,0.447462535299,0.459592177414
1371,0.528289909482,0.543265775914
1372,0.615550486096,0.632163862599
1373,0.625575421761,0.642919958745
1374,0.540690944844,0.555749671518
1375,0.453287626525,0.465873478619
1376,0.545486568152,0.561360279602
1377,0.638331956742,0.656097506585
1378,0.645893227406,0.663218033241
1379,0.550631616702,0.565741354339
1380,0.462445193048,0.475706652197
1381,0.562250123569,0.579445320657
1382,0.663600532619,0.683229929495
1383,0.667640561827,0.686296369966
1384,0.562082949417,0.577508041008
1385,0.468054607059,0.481178554449
1386,0.568285598342,0.584015739089
1387,0.680172491785,0.699661947409
1388,0.668808466513,0.68368535304
1389,0.575064432625,0.591306368471
1390,0.476195126103,0.489746176195
1391,0.575418179897,0.591123284543
1392,0.695732443802,0.716311727339
1393,0.706807362486,0.729217745836
1394,0.592820993854,0.61221191376
1395,0.482467816423,0.496970204309
1396,0.587477457847,0.604978768434
1397,0.710100410096,0.732038309107
1398,0.719352008554,0.742708320927
1399,0.597766715703,0.617351023113
1400,0.490605768936,0.506445093271
1401,0.595592785343,0.614169472326
1402,0.717740425853,0.739900479032
1403,0.718394454449,0.740519706117
1404,0.597579339623,0.616717348274
1405,0.693022072988,0.712964307023
1406,0.69180462252,0.711445446506
1407,0.69052670246,0.709870268904
1408,0.688641622042,0.707719536927
1409,0.68755048849,0.706678555902
1410,0.688173434061,0.707777010693
1411,0.689958874872,0.710136788607
1412,0.691647348852,0.712337898329
1413,0.692393777912,0.71354911502
1414,0.690214305318,0.711320358388
1415,0.686756079648,0.707557653278
1416,0.684051978499,0.704536482176
1417,0.681702123884,0.702057759498
1418,0.678615950715,0.698947291847
1419,0.676460625865,0.696762746763
1420,0.673989699603,0.694201074662
1421,0.66177642834,0.678836800184
1422,0.66340709048,0.682153441524
1423,0.66230890779,0.681245346039
1424,0.656960799336,0.675371845877
1425,0.652917665635,0.671270622828
1426,0.647879663498,0.666007734991
1427,0.644170051703,0.662120198584
1428,0.639556986281,0.657253321847
1429,0.635206770752,0.652698578258
1430,0.63024809582,0.64748808568
1431,0.62573031151,0.642652662324
1432,0.621105450553,0.637452243811
1433,0.615497155946,0.631360074231
1434,0.610345669292,0.625949771142
1435,0.606736242448,0.622456590937
1436,0.603320411386,0.619256579633
1437,0.600264883868,0.616377413072
1438,0.597294739534,0.613593190282
1439,0.593308705705,0.609563177155
1440,0.589005336202,0.605180567101
1441,0.584449350998,0.600424404365
1442,0.580424272388,0.596285208559
1443,0.575797818691,0.591598007286
1444,0.570566321027,0.586164068196
1445,0.566135309045,0.581552579902
1446,0.559958279911,0.574959962775
1447,0.553881882517,0.568383540722
1448,0.547626490081,0.561372383219
1449,0.540800543005,0.553848387425
1450,0.535994689883,0.548371025483
1451,0.529478354084,0.541202275715
1452,0.524276151022,0.535519691338
1453,0.519124763205,0.529868069754
1454,0.514053192175,0.52423245809
1455,0.508708109623,0.518460618072
1456,0.50282759824,0.512032267019
1457,0.498236153789,0.507120281425
1458,0.494744929461,0.503637063155
1459,0.49255459508,0.501741820616
1460,0.490750484034,0.500215665568
1461,0.489424140004,0.499107900715
1462,0.487508827538,0.49739123625
1463,0.486992975229,0.497030394413
1464,0.484799250931,0.494789084609
1465,0.482453000779,0.49232977619
1466,0.480239002149,0.489878582441
1467,0.478218316882,0.487755068577
1468,0.477101931599,0.486707053276
1469,0.476742817033,0.486513018451
1470,0.475892616392,0.485727902861
1471,0.47549614408,0.485375467608
1472,0.475078165224,0.485025156239
1473,0.475334540358,0.485295897255
1474,0.476121006563,0.486114666101
1475,0.47507803879,0.485043188184
1476,0.475310431494,0.485240588019
1477,0.475481598316,0.485384239926
1478,0.476089951852,0.485958099472
1479,0.476742615813,0.486494901892
1480,0.477090372681,0.486714497697
1481,0.477955610342,0.48749409264
1482,0.480179111038,0.489834024881
1483,0.482891643388,0.492799145999
1484,0.484800172286,0.494801968777
1485,0.486720373385,0.496707992825
1486,0.487668615307,0.497553080084
1487,0.489321109627,0.499012003544
1488,0.490706820066,0.500184712191
1489,0.492878416356,0.502063351135
1490,0.494777686439,0.503676444633
1491,0.498429425507,0.507350089337
1492,0.502765323901,0.511989241233
1493,0.508318753033,0.518082501458
1494,0.513415583514,0.523619490639
1495,0.519210251321,0.529909974937
1496,0.524932559874,0.536179456749
1497,0.529664995734,0.541421522799
1498,0.535487235585,0.547915465296
1499,0.541302544539,0.554377393664
1500,0.547456734695,0.561233948774
1501,0.55391347333,0.568443865568
1502,0.560306046617,0.575300609217
1503,0.565435217065,0.580864608433
1504,0.571546848622,0.58721989773
1505,0.575974184857,0.591757295545
1506,0.580595296101,0.596463789773
1507,0.584843059205,0.600846566655
1508,0.589174741295,0.605324832263
1509,0.593633301995,0.609903414969
1510,0.597693393924,0.614007955191
1511,0.600881286696,0.61701124346
1512,0.6038896669,0.619782020669
1513,0.607083987651,0.622756993879
1514,0.610664674572,0.626253234066
1515,0.614946252765,0.630753950243
1516,0.620668244444,0.637044733352
1517,0.62574500583,0.642709321193
1518,0.630760244589,0.64800332513
1519,0.635155198004,0.652685303095
1520,0.640396124082,0.658108056061
1521,0.643405739876,0.661342567764
1522,0.647633449237,0.665806101082
1523,0.652797610884,0.671157384455
1524,0.657287410141,0.675762190081
1525,0.662149204531,0.681085776764
1526,0.662784307154,0.681463055956
1527,0.661940217303,0.678993069721
1528,0.674086248238,0.694281832759
1529,0.676418837245,0.696761826687
1530,0.678485826273,0.698806723973
1531,0.681554738706,0.702001119662
1532,0.683273362245,0.703721946857
1533,0.687138294467,0.707900537614
1534,0.69045564731,0.711573142676
1535,0.692317982899,0.71342184824
1536,0.692116159915,0.71276567573
1537,0.690504877759,0.710688030734
1538,0.689220462218,0.708791235426
1539,0.687192831293,0.706289348992
1540,0.688989021503,0.708025582222
1541,0.690899129528,0.710246867219
1542,0.692005729996,0.711721023334
1543,0.693511294265,0.713416133218
1544,0.690420450899,0.70955102689
1545,0.689845948449,0.708983144042
1546,0.690311898529,0.709180616008
1547,0.689205855478,0.707919058567
1548,0.68738546865,0.705961766741
1549,0.688599560395,0.707612381145
1550,0.689514300501,0.709060723094
1551,0.690223644958,0.710270054863
1552,0.690797630909,0.711329129856
1553,0.689992703746,0.710811227596
1554,0.686857444871,0.707438886948
1555,0.683699708305,0.703926879971
1556,0.680709349726,0.700594991321
1557,0.678306732439,0.69796845673
1558,0.675221395023,0.694767152532
1559,0.672623118422,0.692055463496
1560,0.665745673551,0.683228654667
1561,0.651350781458,0.6662255467
1562,0.663136321329,0.681874621987
1563,0.659051288278,0.677345229601
1564,0.653653146754,0.671659490418
1565,0.649696695709,0.667620945808
1566,0.645399958402,0.663218552392
1567,0.641043921115,0.658754689215
1568,0.637176073327,0.654722142042
1569,0.63239115805,0.649595243973
1570,0.628653317308,0.645535409943
1571,0.622478008745,0.638771199387
1572,0.617068819585,0.63285122603
1573,0.611819902861,0.627197889671
1574,0.607303463245,0.62256841793
1575,0.603773761567,0.61923545468
1576,0.599162815061,0.61472553072
1577,0.595798146109,0.611485546024
1578,0.591910778777,0.607735987689
1579,0.588658283266,0.604434484172
1580,0.583994464945,0.599661332557
1581,0.579959278196,0.595545928191
1582,0.574839323446,0.59031320695
1583,0.569752858639,0.58501704946
1584,0.564594004997,0.579593003055
1585,0.558951769401,0.573672490185
1586,0.553207825024,0.567457810945
1587,0.546750252386,0.560407663352
1588,0.540569575873,0.553498456457
1589,0.535663505238,0.547971306307
1590,0.530019583284,0.541727717163
1591,0.524525498678,0.535710091398
1592,0.51917277966,0.529851471678
1593,0.513671960968,0.523839246118
1594,0.508620039065,0.518328353581
1595,0.503086159871,0.512361652375
1596,0.497970075715,0.506843531631
1597,0.494290130742,0.503084880791
1598,0.492415375887,0.501438291241
1599,0.490561954088,0.499916265526
1600,0.488744978606,0.498357735345
1601,0.487448298014,0.497229392088
1602,0.485463846561,0.495349887205
1603,0.483566845574,0.493372062735
1604,0.481326121942,0.490939915268
1605,0.478613363797,0.487945984898
1606,0.476163073777,0.485345083752
1607,0.474934190409,0.484215472442
1608,0.474315159863,0.483694218769
1609,0.4737929917,0.483199187635
1610,0.474162661291,0.483748480669
1611,0.474051551153,0.483760152503
1612,0.474323605953,0.484106694388
1613,0.474446210524,0.484307514077
1614,0.474962582317,0.484794681896
1615,0.473804044669,0.483563957494
1616,0.473562658216,0.483273795371
1617,0.474050621066,0.483634212922
1618,0.4738626729,0.483321977302
1619,0.474201096225,0.483540491852
1620,0.47471047531,0.483991411512
1621,0.476049563074,0.48527425591
1622,0.478229293531,0.487585740693
1623,0.481161046082,0.490775210135
1624,0.483248667213,0.493076482944
1625,0.485797817498,0.495682753845
1626,0.487183435167,0.496996706698
1627,0.48884023963,0.498448270619
1628,0.490478909773,0.499833362915
1629,0.492476064606,0.501512360124
1630,0.494926835821,0.503734032543
1631,0.498281760091,0.507168818535
1632,0.502733100885,0.512018099298
1633,0.507832796697,0.517540309474
1634,0.513668383067,0.523860960137
1635,0.51956632444,0.530261004023
1636,0.52453260847,0.535721824543
1637,0.529971228476,0.541702759097
1638,0.535312445053,0.547591184652
1639,0.541219395491,0.554125673128
1640,0.547099047458,0.560773377219
1641,0.552757428648,0.567040175935
1642,0.558919026957,0.573642344126
1643,0.564498176072,0.579506117139
1644,0.569836350598,0.585124086331
1645,0.575277813694,0.590741264434
1646,0.580304503564,0.595900165317
1647,0.584094701809,0.599774019118
1648,0.588500802529,0.604256631396
1649,0.591964177675,0.607775481913
1650,0.595457976897,0.611127936121
1651,0.599038230844,0.614599182033
1652,0.603678485595,0.619097655846
1653,0.607391406349,0.622653497285
1654,0.611642629077,0.627042237881
1655,0.616943629638,0.632736232928
1656,0.623088357329,0.639460015662
1657,0.627572472115,0.644419345067
1658,0.632534486808,0.649795128457
1659,0.637347250418,0.654910077451
1660,0.641040782014,0.658738393424
1661,0.644776139156,0.662561613261
1662,0.649608626521,0.667515117404
1663,0.654007820794,0.672021353968
1664,0.6585256663,0.676828820563
1665,0.663920653208,0.682717008245
1666,0.65153819389,0.666426447973
1667,0.664747798641,0.682171330841
1668,0.672976856695,0.692395981972
1669,0.675322538575,0.694864973886
1670,0.677891120159,0.697606553069
1671,0.680933404126,0.700800660713
1672,0.68422653793,0.704422599736
1673,0.687134343461,0.707681740276
1674,0.690280952245,0.7111397416
1675,0.690777647657,0.711292405463
1676,0.690918604451,0.711028746904
1677,0.689577872293,0.709115567482
1678,0.688800047872,0.707793508206
1679,0.687382165798,0.705949471827
1680,0.688352511415,0.70704045156
1681,0.689664277252,0.708539461088
1682,0.690567613504,0.709675308062
1683,0.682825081616,0.701424363418
1684,0.682943389499,0.701527276426
1685,0.681483794163,0.699853943455
1686,0.680469099747,0.698731420103
1687,0.680051776291,0.698548817067
1688,0.681111304217,0.700058971156
1689,0.682583999234,0.702081135581
1690,0.682981002446,0.70299661959
1691,0.68305093357,0.703400993237
1692,0.681129350235,0.701531896158
1693,0.678486778074,0.698542902356
1694,0.674789413847,0.694530595879
1695,0.672477740461,0.692037416655
1696,0.669749204308,0.68915597474
1697,0.667349350555,0.686585581586
1698,0.665153645207,0.684357266319
1699,0.656028549938,0.67300501823
1700,0.65938774591,0.678184509563
1701,0.654945548378,0.673360224432
1702,0.650325642605,0.668278238886
1703,0.646350222332,0.664294178468
1704,0.642362003326,0.660224595398
1705,0.638236706455,0.655894341759
1706,0.634390979075,0.651951969541
1707,0.630492082201,0.647784350128
1708,0.625841693769,0.642758625171
1709,0.620749291339,0.637099062276
1710,0.615080721851,0.631008851853
1711,0.61012305124,0.625549345335
1712,0.604273558194,0.619335412129
1713,0.59981054083,0.614860679822
1714,0.595514595457,0.61067933916
1715,0.592045652588,0.607285621413
1716,0.588725061028,0.604096954225
1717,0.584950046053,0.600449578338
1718,0.581635406351,0.597045157386
1719,0.576897964998,0.592146946618
1720,0.57231096929,0.587497297937
1721,0.567428698944,0.582318267981
1722,0.561456688416,0.575980319888
1723,0.555700642577,0.569960941856
1724,0.550896659903,0.564909017731
1725,0.545838457924,0.559423521128
1726,0.539895844129,0.552912779585
1727,0.534373937315,0.546671402646
1728,0.52885887439,0.540576342934
1729,0.523546179291,0.53475736118
1730,0.518726179834,0.529433784547
1731,0.512889252091,0.523098571795
1732,0.507843792368,0.517592272199
1733,0.503249244079,0.512623981727
1734,0.498123998854,0.507041559942
1735,0.494502415382,0.503244055904
1736,0.491680048298,0.500506112864
1737,0.489362511235,0.498552887714
1738,0.488179936419,0.497653573951
1739,0.486588700289,0.496250981168
1740,0.484480548606,0.494218404488
1741,0.482965032576,0.492631056829
1742,0.479764947905,0.4892275676
1743,0.477084517712,0.486257007305
1744,0.475146713618,0.484181554026
1745,0.473367339488,0.482352092272
1746,0.472325209388,0.481365013549
1747,0.471560262416,0.480626865501
1748,0.47130090518,0.480472326353
1749,0.471178170791,0.480476728215
1750,0.4716415993,0.481145857284
1751,0.472982260443,0.482619260469
1752,0.473113553395,0.482831260714
1753,0.473011436474,0.482615934874
1754,0.472070903201,0.48157681859
1755,0.471523281945,0.480840335835
1756,0.471362844117,0.480541686066
1757,0.471461452363,0.480484122681
1758,0.472221920794,0.48123399177
1759,0.473460016827,0.482445213711
1760,0.475324726309,0.484320885573
1761,0.47749540886,0.486646617314
1762,0.480162581585,0.489620902609
1763,0.482414222765,0.492090718764
1764,0.4846990226,0.494447165258
1765,0.486759212676,0.496404507366
1766,0.488100921355,0.497555873936
1767,0.489572179596,0.498758884071
1768,0.491425404398,0.500271457489
1769,0.494096238437,0.502823504285
1770,0.498630437925,0.507576200061
1771,0.50352439732,0.512902260098
1772,0.507940280402,0.517696085631
1773,0.513474643496,0.523694771673
1774,0.518627530842,0.529326899695
1775,0.524113519597,0.535339938366
1776,0.529203226595,0.540932623154
1777,0.534523627206,0.546833829043
1778,0.539792394372,0.552767010621
1779,0.545752045336,0.559307387252
1780,0.551269139716,0.565241974553
1781,0.556232401259,0.570536959454
1782,0.561566223112,0.576127190931
1783,0.567487102386,0.582362486023
1784,0.572190926154,0.587363581029
1785,0.576884825541,0.59214722527
1786,0.581724680492,0.597124537072
1787,0.585442716296,0.600920461727
1788,0.588489052323,0.603849736165
1789,0.591738101983,0.606947932213
1790,0.596216527809,0.61142888855
1791,0.599655754396,0.614682220435
1792,0.604016715299,0.619115953928
1793,0.610051026695,0.625509154845
1794,0.614950132495,0.630880069243
1795,0.620001408465,0.63637588389
1796,0.62532716122,0.642207600134
1797,0.630255436957,0.647498668366
1798,0.634112871576,0.651680831972
1799,0.638686340913,0.65637951112
1800,0.641562312878,0.659415209531
1801,0.646766951014,0.664649801322
1802,0.650525584112,0.668491643566
1803,0.654960935356,0.673382196819
1804,0.658717426619,0.677547795036
1805,0.656229714712,0.673256772174
1806,0.664988793433,0.684172981724
1807,0.667210754282,0.686476670216
1808,0.669485645328,0.688826783463
1809,0.671693029984,0.691179827088
1810,0.674402778165,0.694100078434
1811,0.678350118442,0.698420713784
1812,0.681821359806,0.702306922646
1813,0.683079255538,0.703456052643
1814,0.683094450922,0.703109195304
1815,0.681605887604,0.701098877209
1816,0.681361371371,0.700396633937
1817,0.679897997796,0.698438503129
1818,0.680655007295,0.698861651589
1819,0.681591540409,0.699988482049
1820,0.682868581667,0.701463833746
1821,0.682617943523,0.70131805083
1822,0.664607106214,0.68260114533
1823,0.664155235132,0.682206654718
1824,0.663075548878,0.68099420125
1825,0.662601210653,0.680355839925
1826,0.66246048465,0.680402586925
1827,0.662964531084,0.681277937617
1828,0.66398966236,0.682760741998
1829,0.664270999818,0.683487356659
1830,0.66561551252,0.685222562519
1831,0.664938402977,0.684734077489
1832,0.662224539448,0.682031045381
1833,0.65986246199,0.679305627504
1834,0.65677246779,0.675913542761
1835,0.654331711221,0.673250249008
1836,0.651564903172,0.67040142774
1837,0.649905034292,0.668690721363
1838,0.643116938715,0.66008368754
1839,0.643227906731,0.661322611406
1840,0.641668958045,0.659970771041
1841,0.638464517699,0.656392633611
1842,0.634245473635,0.652004907022
1843,0.631068440148,0.648739516842
1844,0.626786426215,0.644343685621
1845,0.622795097523,0.640188869024
1846,0.619558641528,0.636697230038
1847,0.614725780244,0.631509425074
1848,0.610426664986,0.626783755029
1849,0.605449797481,0.621389986245
1850,0.601187927891,0.616747093504
1851,0.596078229911,0.611087923189
1852,0.59042311285,0.605085204114
1853,0.586377696282,0.600967058065
1854,0.583198923844,0.597891166573
1855,0.579207307679,0.593900008608
1856,0.576077270445,0.590734373211
1857,0.572444010799,0.586970980284
1858,0.568277526435,0.582763831096
1859,0.565465149969,0.580206549749
1860,0.561237855432,0.575843159897
1861,0.556521097689,0.571026779456
1862,0.551870846893,0.566128496759
1863,0.547187530213,0.561245348181
1864,0.54158328891,0.55508134427
1865,0.537181133379,0.550475705911
1866,0.532138926254,0.545048560915
1867,0.526519970151,0.538706084997
1868,0.520579678426,0.532124114552
1869,0.515552139654,0.52650864823
1870,0.509967643025,0.520332087819
1871,0.504886961947,0.51470652689
1872,0.499788151581,0.509187615386
1873,0.496141446146,0.505141917506
1874,0.49183911924,0.500546721728
1875,0.489033720303,0.497745681543
1876,0.487125163847,0.496134914482
1877,0.485599294413,0.494905426467
1878,0.484765203265,0.494253914102
1879,0.48238004297,0.492012400141
1880,0.480849850752,0.490529848509
1881,0.479111618968,0.488715424894
1882,0.476586438566,0.485996804619
1883,0.475447165587,0.484951392081
1884,0.473638799548,0.483048446045
1885,0.472014686921,0.481352548183
1886,0.470568728222,0.47973664195
1887,0.469270192909,0.478286253822
1888,0.467881598248,0.476676610398
1889,0.468282398775,0.477241387599
1890,0.469514693561,0.478965757521
1891,0.470453368554,0.480026775037
1892,0.470824682342,0.480384776637
1893,0.469809334196,0.479282212309
1894,0.468287971369,0.477236934362
1895,0.468282856965,0.477089390437
1896,0.469369057901,0.478443571564
1897,0.470884792341,0.48004350573
1898,0.471963244616,0.481252552471
1899,0.474004159716,0.48339173052
1900,0.475034230569,0.484527914134
1901,0.47666549599,0.486090990871
1902,0.479182212176,0.48879607217
1903,0.48116745045,0.490781637959
1904,0.482622815602,0.492261910911
1905,0.484168240795,0.493666447827
1906,0.485523616647,0.494852428322
1907,0.487311749883,0.496332642941
1908,0.489258112466,0.4979936969
1909,0.492570995747,0.501264769283
1910,0.496165380951,0.505177469577
1911,0.500140178841,0.509532716288
1912,0.505238656905,0.515032436946
1913,0.509687025207,0.520008498668
1914,0.51604022116,0.527001150306
1915,0.520953652039,0.532512059713
1916,0.526368480311,0.538544098688
1917,0.532501523789,0.545418624301
1918,0.537101482867,0.550413905025
1919,0.54193018316,0.555464767425
1920,0.547298843842,0.561359491941
1921,0.552496214396,0.566795929384
1922,0.556461177157,0.570964439118
1923,0.561107111403,0.575744800327
1924,0.565379683431,0.580107552448
1925,0.568743831108,0.583267391734
1926,0.572532229303,0.587083280436
1927,0.57566636078,0.590331790078
1928,0.579346026036,0.594014155372
1929,0.582937403796,0.597665521869
1930,0.586541108395,0.601129330056
1931,0.590846745018,0.605558911478
1932,0.59581544052,0.61089702683
1933,0.600698798992,0.616162908575
1934,0.605546617512,0.621499910704
1935,0.610014342891,0.62635237597
1936,0.615252250109,0.632041461508
1937,0.619019431375,0.636087445753
1938,0.623140310272,0.640519857509
1939,0.626698005317,0.644242287914
1940,0.630760775497,0.648410881581
1941,0.634223182325,0.651985771123
1942,0.638241406876,0.656163727256
1943,0.641354151273,0.659622318593
1944,0.643129404193,0.661240519166
1945,0.642794084569,0.659752305437
1946,0.650307225096,0.669129288127
1947,0.652179159268,0.671057465917
1948,0.654215266602,0.673146138422
1949,0.656771329488,0.675828014777
1950,0.660217434248,0.679673538929
1951,0.66311829492,0.682944648718
1952,0.664875873955,0.684735819877
1953,0.665121599092,0.684718395262
1954,0.66522631448,0.684421956493
1955,0.664312846628,0.683124375018
1956,0.662771790623,0.68105108774
1957,0.662872248387,0.680829381844
1958,0.661891051128,0.679615995201
1959,0.663154668686,0.681053542097
1960,0.664092171046,0.682090507758
1961,0.413318188178,0.426492427106
1962,0.510789579815,0.527163226225
1963,0.624318511121,0.64351399083
1964,0.701641838106,0.722739185313
1965,0.646607334366,0.666479862079
1966,0.531915015229,0.548616582729
1967,0.419936333113,0.433480685569
1968,0.487756387946,0.503694544946
1969,0.601911904196,0.621059200856
1970,0.693542680889,0.715095963901
1971,0.65799892104,0.677938928835
1972,0.547246407627,0.563615629319
1973,0.429665290378,0.442468549662
1974,0.458894543482,0.473946533066
1975,0.574689672851,0.593512734125
1976,0.668737149494,0.688877481419
1977,0.660425681034,0.679409429167
1978,0.560573612721,0.57633332216
1979,0.445363722621,0.457675486196
1980,0.427592083561,0.440474835503
1981,0.540126290508,0.556706726402
1982,0.636942412539,0.655146686585
1983,0.656255905549,0.674682865248
1984,0.574263046808,0.590490270999
1985,0.460809969027,0.47408434347
1986,0.404399186993,0.416081545631
1987,0.503938683852,0.518001099868
1988,0.602779635751,0.61970237224
1989,0.644223764294,0.662272724802
1990,0.584379133001,0.602001444579
1991,0.477428522089,0.492261054464
1992,0.390547002315,0.401764237345
1993,0.47285523325,0.486321379122
1994,0.568453957648,0.584345938667
1995,0.618590918241,0.634535810369
1996,0.579328804043,0.595130099388
1997,0.484378691994,0.498538019591
1998,0.386733963198,0.397485457442
1999,0.444240206916,0.45687063251
2000,0.54110686269,0.556901120588
2001,0.597401493497,0.613752777424
2002,0.574275577755,0.590010587492
2003,0.489842417646,0.504151101859
2004,0.395025742078,0.405866297711
2005,0.416553228814,0.427511690667
2006,0.508817378003,0.523193385
2007,0.570511568926,0.586072605902
2008,0.563213176302,0.578510956857
2009,0.489421282719,0.503064470119
2010,0.402752788584,0.413632555208
2011,0.393874312757,0.403700639
2012,0.474109276351,0.485918741748
2013,0.532511717044,0.545067045308
2014,0.537440706127,0.549513078702
2015,0.478889345417,0.489769105519
2016,0.399545002809,0.40816438996
2017,0.374121483593,0.382828405417
2018,0.445076940154,0.454805217826
2019,0.498875950971,0.508481948386
2020,0.510152023871,0.519308546989
2021,0.468940790375,0.47803084598
2022,0.406029149486,0.415852793804
2023,0.422486224223,0.430497964353
2024,0.474219937916,0.482445035178
2025,0.487880102835,0.496056085785
2026,0.461493949944,0.470755729724
2027,0.401823478607,0.410930898313
2028,0.362889768168,0.370583523076
2029,0.409044646432,0.41699853107
2030,0.463623320538,0.47296481839
2031,0.479981593132,0.489083594565
2032,0.458689749426,0.468009502481
2033,0.402812424779,0.412557968849
2034,0.367163649354,0.375547704735
2035,0.400544109765,0.408802703312
2036,0.456598406505,0.466199051094
2037,0.473356096915,0.482609532647
2038,0.454598914322,0.463829061417
2039,0.396899754122,0.405970384816
2040,0.370832137636,0.379536642101
2041,0.398028335751,0.406332956917
2042,0.450781395221,0.45991057133
2043,0.473065751496,0.482491321387
2044,0.450760370791,0.459931531048
2045,0.397896828861,0.406201349539
2046,0.370868022946,0.379548546918
2047,0.396701494041,0.405770384594
2048,0.454484006005,0.463748413553
2049,0.47323261082,0.482502535041
2050,0.455981413133,0.465578447017
2051,0.401092314351,0.40933538285
2052,0.367055199199,0.375448820855
2053,0.402798910204,0.412553132052
2054,0.459043871148,0.468397810246
2055,0.480670282469,0.489766736027
2056,0.46372150908,0.473058462082
2057,0.409171115419,0.417082991795
2058,0.3627110604,0.37039543399
2059,0.402445515899,0.411556792908
2060,0.461325935427,0.47056979565
2061,0.487871837638,0.496064903726
2062,0.473880725147,0.482109229386
2063,0.422939945849,0.430979598553
2064,0.406345298963,0.416217707309
2065,0.468607389568,0.477670537467
2066,0.509925211632,0.519119289554
2067,0.499678547145,0.509281759872
2068,0.445019779438,0.454793893271
2069,0.374252014386,0.382986650462
2070,0.399754470425,0.408374601305
2071,0.478978360379,0.489858987659
2072,0.537347786466,0.549420744745
2073,0.53280133074,0.545320681895
2074,0.474078108145,0.485921642782
2075,0.394022244584,0.403841651765
2076,0.402575427918,0.413431383409
2077,0.488793629313,0.502449389701
2078,0.562635573372,0.577936195352
2079,0.57071861494,0.586282738607
2080,0.508497369196,0.52288194971
2081,0.417125349474,0.428100782987
2082,0.395314577891,0.406173305475
2083,0.489638642924,0.503925605598
2084,0.574055854451,0.589781320883
2085,0.597376730896,0.613692720007
2086,0.540915474677,0.556729475224
2087,0.444489750555,0.457167418102
2088,0.386965847573,0.397727117451
2089,0.484862217264,0.499040099077
2090,0.578565585735,0.594380058506
2091,0.618477444099,0.634391592783
2092,0.568567040136,0.584435158635
2093,0.473143121607,0.486652077955
2094,0.391321935289,0.402525606218
2095,0.477342916438,0.492171142245
2096,0.584878926526,0.602514884613
2097,0.644001318824,0.662063949845
2098,0.602134991763,0.619027699263
2099,0.504039999974,0.51811169995
2100,0.405104393737,0.416828977621
2101,0.461004058781,0.474238265423
2102,0.573494381363,0.589715973521
2103,0.655763669799,0.674050260411
2104,0.637558337718,0.655758879169
2105,0.540103854684,0.556635845087
2106,0.427299543067,0.440131464367
2107,0.445392180327,0.457679208526
2108,0.560187583741,0.575934838249
2109,0.659507609488,0.678495107775
2110,0.668535942145,0.688708092724
2111,0.574650104902,0.593512711537
2112,0.458432553404,0.473412040973
2113,0.428684568351,0.441488665696
2114,0.546330531925,0.562681606239
2115,0.659412272481,0.679355439709
2116,0.693042093271,0.714583391577
2117,0.601491806923,0.620645395552
2118,0.487639864081,0.503613493538
2119,0.419976411507,0.433516836829
2120,0.532425690654,0.549138396354
2121,0.647179225977,0.667090513498
2122,0.701730565035,0.722805762591
2123,0.623265987563,0.64237702682
2124,0.510734907431,0.527108378267
2125,0.684828030486,0.704662632249
2126,0.673817393645,0.693177651536
2127,0.658854914288,0.677342854334
2128,0.657348831793,0.675741306046
2129,0.669910343056,0.688523471325
2130,0.679125748976,0.698171384965
2131,0.680660942503,0.700197025453
2132,0.673819154455,0.693498191474
2133,0.660959377384,0.680526351744
2134,0.655689489893,0.675146299696
2135,0.668671575426,0.688885911989
2136,0.678788351545,0.699531584545
2137,0.679459616065,0.700181015822
2138,0.669605871589,0.689944959985
2139,0.651762953901,0.670867349953
2140,0.642915551385,0.661450332854
2141,0.653967482104,0.673276511634
2142,0.663820851117,0.683864506812
2143,0.665984698583,0.686213538844
2144,0.649548240484,0.6664305597
2145,0.640784145187,0.659371580404
2146,0.628502500868,0.64632017736
2147,0.635754669966,0.653598478961
2148,0.64225308717,0.660411340397
2149,0.643262644859,0.661558376759
2150,0.635963917478,0.65384955253
2151,0.620528817794,0.637743864545
2152,0.608936541718,0.625757781071
2153,0.614104662097,0.631084696467
2154,0.620947677342,0.638407862057
2155,0.619998304193,0.637250861257
2156,0.614080023214,0.630871532808
2157,0.600895357586,0.617149825641
2158,0.58791239987,0.603228955809
2159,0.588109864605,0.603115231416
2160,0.59480083386,0.610297255965
2161,0.595364733718,0.611121523374
2162,0.591784434567,0.607716976016
2163,0.58252760005,0.598587003467
2164,0.570650840301,0.586382422244
2165,0.569109476449,0.584463880416
2166,0.577000570088,0.59305169147
2167,0.576786859626,0.592968540137
2168,0.572894952039,0.588936478619
2169,0.564418595111,0.580319777413
2170,0.552499633237,0.567725423631
2171,0.54768341443,0.562706231466
2172,0.55409416083,0.569514574677
2173,0.552574255105,0.567986013284
2174,0.547374338548,0.562426466654
2175,0.53873343691,0.553211901743
2176,0.525196312582,0.538467447202
2177,0.518230828558,0.530686747888
2178,0.522517620233,0.535115334156
2179,0.52003761225,0.532280476548
2180,0.515428993468,0.52712979637
2181,0.508962117265,0.520156292739
2182,0.497410477399,0.507561597886
2183,0.490125556817,0.499732201902
2184,0.492597512285,0.502252892037
2185,0.491041135935,0.500412564672
2186,0.500729314478,0.50930045645
2187,0.484641035172,0.493175752064
2188,0.474856596564,0.483331505131
2189,0.470171361549,0.478727811339
2190,0.472363770724,0.48117413283
2191,0.472391400208,0.481596092741
2192,0.470894292956,0.480279106794
2193,0.47001682837,0.479644206465
2194,0.467164554018,0.477025673208
2195,0.463584717066,0.473361077718
2196,0.463787175732,0.473652326743
2197,0.464057384747,0.473901990729
2198,0.463630608241,0.473434793121
2199,0.467380058857,0.477241041912
2200,0.469688538751,0.479307274155
2201,0.470879407732,0.480314327561
2202,0.472802947031,0.482023679103
2203,0.47262893707,0.481436523563
2204,0.470836743063,0.479401534383
2205,0.474950686051,0.483436276612
2206,0.485244171329,0.493782755373
2207,0.50061795053,0.509191614763
2208,0.49072851687,0.500116424679
2209,0.492583803281,0.502256166568
2210,0.490615510706,0.500232243256
2211,0.497390476745,0.507557480626
2212,0.509161973419,0.520354535522
2213,0.515228723793,0.52689096603
2214,0.519946168044,0.532190663018
2215,0.522407813523,0.534970662438
2216,0.518156369259,0.530580120685
2217,0.524902605176,0.538154446072
2218,0.539357085384,0.553854769345
2219,0.547248372698,0.562353006932
2220,0.552381537256,0.567793778392
2221,0.55380780256,0.569267848848
2222,0.54759822456,0.562591642165
2223,0.55256159868,0.567778080536
2224,0.563954214971,0.579798601355
2225,0.573064934264,0.589131101701
2226,0.576627982557,0.592828626824
2227,0.576505482887,0.59255439591
2228,0.568474386934,0.583809423983
2229,0.570999244917,0.586766117474
2230,0.583005315013,0.599046060723
2231,0.592494908761,0.608425309428
2232,0.595711827192,0.611448329152
2233,0.594685446556,0.610139961512
2234,0.588669583008,0.603723570262
2235,0.588227390299,0.60353786627
2236,0.601164656601,0.617391556127
2237,0.614733770451,0.631544418903
2238,0.620089158884,0.637311812071
2239,0.621350666281,0.638824633046
2240,0.613962014821,0.630929336269
2241,0.60893464242,0.625767656634
2242,0.620499525918,0.637661390616
2243,0.635808241263,0.653726245366
2244,0.643544275233,0.661805871026
2245,0.642545667151,0.660646301609
2246,0.636622249958,0.654603765255
2247,0.628352918215,0.646109348583
2248,0.640715761762,0.659234282511
2249,0.650024909794,0.666935570588
2250,0.666471055702,0.686776434916
2251,0.664106107193,0.68412893457
2252,0.654600870845,0.673921590615
2253,0.643246988198,0.661869371861
2254,0.652511493481,0.671657695568
2255,0.670142883034,0.690492018217
2256,0.678771685138,0.699518566636
2257,0.678349153912,0.699055381123
2258,0.66919403306,0.689445135177
2259,0.655688193652,0.675146066053
2260,0.661304967046,0.680903596579
2261,0.673816482996,0.693512747539
2262,0.680867106603,0.70043358318
2263,0.678485452751,0.697548928493
2264,0.668302005792,0.686957604902
2265,0.657153730688,0.675585278204
2266,0.658916053431,0.677393726448
2267,0.674155851213,0.693508348497
2268,0.684802864165,0.704677789467
2269,0.613731480168,0.631752232899
2270,0.61300696913,0.630927797844
2271,0.61292530982,0.630761538351
2272,0.611695251616,0.629385697684
2273,0.611424831391,0.62902386096
2274,0.611311739658,0.628932916282
2275,0.611405741362,0.629265500485
2276,0.612188550707,0.630311011036
2277,0.612221901703,0.630556584694
2278,0.61137914463,0.629878539125
2279,0.610161907051,0.628717743864
2280,0.608717550551,0.62723817448
2281,0.606303579549,0.62444478731
2282,0.60441839457,0.622290284452
2283,0.602438398017,0.620122959289
2284,0.600965715686,0.618526005284
2285,0.599839538942,0.617354321531
2286,0.598307183927,0.615751959994
2287,0.596751241885,0.614238180796
2288,0.592961958175,0.609515375125
2289,0.594265403237,0.61163789212
2290,0.591731637621,0.608885602599
2291,0.588644689206,0.605409230571
2292,0.585563302406,0.601972902059
2293,0.583105558877,0.599486454683
2294,0.580961174176,0.59731164387
2295,0.57914760933,0.595560013837
2296,0.576911311404,0.593342276698
2297,0.574656015469,0.590885064856
2298,0.572056813839,0.588130440976
2299,0.569152216358,0.584987755304
2300,0.566146286413,0.581690768375
2301,0.562731967853,0.577937693678
2302,0.559250504929,0.574015061168
2303,0.55543710105,0.569839855431
2304,0.552342079168,0.566664145366
2305,0.550141834286,0.564478166818
2306,0.547596747417,0.562090541539
2307,0.545255677824,0.559893723564
2308,0.54321409146,0.557937753282
2309,0.541179372674,0.555976174957
2310,0.538690337173,0.553462919278
2311,0.53574255766,0.550448011437
2312,0.533689648221,0.548352817348
2313,0.530262819329,0.544820479341
2314,0.527052894893,0.541400771122
2315,0.523311511479,0.537412102326
2316,0.519965615814,0.533851535653
2317,0.516595949,0.530179571176
2318,0.512296499564,0.525555351707
2319,0.507919000912,0.520809553966
2320,0.504469365294,0.516937691419
2321,0.500664558228,0.51252378325
2322,0.495966718922,0.507255685414
2323,0.491603359765,0.50245517663
2324,0.487993373119,0.498404881372
2325,0.484207471529,0.494253749144
2326,0.481214381079,0.491059639137
2327,0.477005947527,0.486404784467
2328,0.473820392915,0.482846629991
2329,0.470388975738,0.479100092566
2330,0.467657645152,0.476139049526
2331,0.486759457675,0.495543468789
2332,0.470180065667,0.480298958063
2333,0.469919664687,0.480069611699
2334,0.486602133706,0.495342813823
2335,0.466937302461,0.475380006886
2336,0.470671691787,0.479424997494
2337,0.47361896118,0.482648271405
2338,0.477039326358,0.486417457049
2339,0.481060494286,0.490910469155
2340,0.48420345207,0.494225022408
2341,0.487964611716,0.498381229933
2342,0.492002036463,0.502845027688
2343,0.495593950614,0.506866006125
2344,0.500274814941,0.512118248321
2345,0.504576074909,0.517024150498
2346,0.508285083172,0.521181805167
2347,0.512729493829,0.525996122518
2348,0.516090750206,0.529626762291
2349,0.519492478017,0.53338035941
2350,0.523036264056,0.537221460825
2351,0.526347769496,0.54070692899
2352,0.530140129172,0.544677125384
2353,0.533186757682,0.54779852335
2354,0.53611249984,0.550805397473
2355,0.53913332385,0.553929282463
2356,0.541090267842,0.55585847324
2357,0.543030200123,0.557749668865
2358,0.545415908358,0.560079955722
2359,0.547425883651,0.561954729805
2360,0.549406775779,0.563759842103
2361,0.552083478521,0.566398256364
2362,0.555041224177,0.569467615649
2363,0.558945413028,0.573706772374
2364,0.562865502203,0.578060820538
2365,0.566549476431,0.582111599394
2366,0.569585210753,0.58538810567
2367,0.571835521085,0.58790404295
2368,0.574785756208,0.591047616018
2369,0.57717683996,0.593569826735
2370,0.578935534437,0.595317512837
2371,0.580838312134,0.59720930877
2372,0.583189438537,0.599584375404
2373,0.58577722835,0.60220018339
2374,0.588747362956,0.605535681468
2375,0.591522595839,0.608593839699
2376,0.594673089238,0.612036111434
2377,0.593369556296,0.609927241704
2378,0.597662140428,0.61509559081
2379,0.59872513864,0.616184443134
2380,0.599725116739,0.617193455766
2381,0.600833252823,0.618393078384
2382,0.602332537845,0.620022056692
2383,0.603987460433,0.621830799356
2384,0.606727794628,0.624912889721
2385,0.609133549757,0.627613616976
2386,0.610765415125,0.629373050852
2387,0.611706852856,0.63021972549
2388,0.611880854863,0.63019478898
2389,0.61219447426,0.630286824793
2390,0.611489544875,0.629341791102
2391,0.610975537323,0.628550190028
2392,0.611510611871,0.629144794065
2393,0.612066022294,0.629812445855
2394,0.612936008715,0.630755845294
2395,0.613329485892,0.631281062519
2396,0.600639684757,0.618203502243
2397,0.60091267504,0.618444053909
2398,0.600257183826,0.617627167728
2399,0.599288115848,0.616581059818
2400,0.599225544102,0.616446816765
2401,0.599545876878,0.61694575427
2402,0.60014672504,0.617735437948
2403,0.599806225548,0.617648146995
2404,0.599786132872,0.617843841378
2405,0.599353956313,0.617493422588
2406,0.597875859746,0.616086207224
2407,0.596229671792,0.61431582937
2408,0.593572658567,0.611360228266
2409,0.59198348189,0.609485391661
2410,0.589727043352,0.607054208153
2411,0.589429201522,0.606718270033
2412,0.587397651362,0.604617127062
2413,0.586272515905,0.603472223877
2414,0.584825494055,0.602019389042
2415,0.578985887991,0.594514020389
2416,0.581964259894,0.598977445594
2417,0.580056476183,0.596797428782
2418,0.57608353716,0.59252879022
2419,0.574279483899,0.590560885984
2420,0.571844640033,0.588191215056
2421,0.570114905163,0.586472810008
2422,0.567286447853,0.583590276375
2423,0.56644129861,0.582614167492
2424,0.563402257279,0.579291716099
2425,0.560626094694,0.576325062435
2426,0.558032684078,0.573450682679
2427,0.555092022731,0.570199983116
2428,0.551730363615,0.566402057546
2429,0.548585361925,0.562972361273
2430,0.545042936085,0.559265813415
2431,0.54243280911,0.556523770519
2432,0.539889364547,0.554094830945
2433,0.537837976955,0.552122515189
2434,0.535454238075,0.549720154544
2435,0.532925386411,0.547247632451
2436,0.531148109703,0.545535352373
2437,0.528766232799,0.543176634162
2438,0.526314037232,0.540611857697
2439,0.522819570026,0.537045315531
2440,0.520741400235,0.534802714121
2441,0.516846446455,0.530659455498
2442,0.513064115882,0.526556204641
2443,0.50922069576,0.52241779768
2444,0.505794084286,0.518638386944
2445,0.502506581828,0.515055435771
2446,0.499196051631,0.511415440383
2447,0.495854131857,0.507644295695
2448,0.493021683596,0.504871440306
2449,0.489082826941,0.500377295313
2450,0.485103635167,0.495889893166
2451,0.481411820883,0.491711305659
2452,0.483018941446,0.49433741758
2453,0.482731158371,0.494028666849
2454,0.481534594676,0.491841436871
2455,0.484938305952,0.495762783477
2456,0.489133572003,0.50042222437
2457,0.493239515265,0.505081790027
2458,0.495472342451,0.507324693744
2459,0.498614668383,0.510782157033
2460,0.502448870198,0.515068755003
2461,0.505570832375,0.518418716807
2462,0.509491618392,0.522617100027
2463,0.513005859105,0.526513849184
2464,0.517381913556,0.53122639466
2465,0.520028775995,0.534078037917
2466,0.523536731603,0.537791168368
2467,0.52587016425,0.540190775681
2468,0.528836158078,0.543232237
2469,0.531173357603,0.545594775713
2470,0.533839834321,0.548197656203
2471,0.535222257661,0.549528831008
2472,0.538162154058,0.55246923372
2473,0.540089162756,0.554260877478
2474,0.542039943042,0.556181433945
2475,0.544805376502,0.558976186547
2476,0.548299877178,0.562683941772
2477,0.551530441276,0.566227460647
2478,0.554425339691,0.569477669684
2479,0.557685082162,0.57311525413
2480,0.560276768456,0.575938922982
2481,0.563513665098,0.579458349712
2482,0.565614349698,0.581773843021
2483,0.567857841725,0.58416835196
2484,0.570452750773,0.586745828035
2485,0.571898268423,0.588183230744
2486,0.574789336763,0.591095887522
2487,0.576795501839,0.593249847187
2488,0.579383093134,0.596165104534
2489,0.581436776275,0.598484197332
2490,0.579253891207,0.594782844125
2491,0.584751280467,0.601913636402
2492,0.58707049935,0.6043132779
2493,0.587124954472,0.604350198403
2494,0.589062320877,0.606351748757
2495,0.590287653255,0.607611558643
2496,0.591608657487,0.609074641851
2497,0.59362917445,0.611417110879
2498,0.595909506295,0.614039511435
2499,0.59783993705,0.61606810335
2500,0.598637794635,0.616794161949
2501,0.599322528822,0.617374838913
2502,0.599534952297,0.617406002209
2503,0.599608407829,0.617227081406
2504,0.59874053593,0.61611663118
2505,0.599144450148,0.616387366307
2506,0.599422911497,0.616689593551
2507,0.600449727135,0.617833712262
2508,0.601070117593,0.618563692479
2509,0.601127110961,0.618695212735
2510,0.583310112334,0.600266277196
2511,0.582875004622,0.599774425159
2512,0.582961599795,0.599812225135
2513,0.583226186385,0.600029342969
2514,0.582363997533,0.599003519182
2515,0.582488873398,0.599247510822
2516,0.581968601092,0.59890624111
2517,0.58263177309,0.599774067997
2518,0.583621985154,0.600984097659
2519,0.583101824064,0.600623427151
2520,0.582469734804,0.600056572129
2521,0.581131648303,0.598747538439
2522,0.579606406502,0.597070447184
2523,0.577230805046,0.594395547531
2524,0.575298762159,0.592197253777
2525,0.574658163277,0.591466428344
2526,0.573713788827,0.590505236098
2527,0.571427766496,0.588158138771
2528,0.570847359086,0.587602021572
2529,0.569082477468,0.585712427233
2530,0.568063512308,0.584682988033
2531,0.565513956496,0.582009772268
2532,0.563889838454,0.580212570406
2533,0.561323090998,0.577421075301
2534,0.559836135093,0.575896128911
2535,0.557167434836,0.573255279787
2536,0.555306420605,0.571336799761
2537,0.55302320166,0.568848983899
2538,0.550653717128,0.566322865699
2539,0.548147348854,0.563590576034
2540,0.545934975045,0.561135365293
2541,0.542324061211,0.557266849156
2542,0.540564718872,0.555238478579
2543,0.537898067194,0.55233553588
2544,0.535483068685,0.549614155277
2545,0.531485086777,0.545394295326
2546,0.5291055132,0.542873792483
2547,0.526717030137,0.540465762222
2548,0.52408018146,0.537773734385
2549,0.521207331051,0.534769021412
2550,0.520334385854,0.533799501466
2551,0.519272934484,0.533196771699
2552,0.516669583948,0.530507896157
2553,0.514779362224,0.528595175351
2554,0.512175919271,0.525923685325
2555,0.509134544734,0.522696211939
2556,0.505383341379,0.518721640679
2557,0.502346593137,0.515460815145
2558,0.499332695833,0.512303010174
2559,0.496938783281,0.509728552174
2560,0.493500697678,0.506068812947
2561,0.490246998063,0.502504014134
2562,0.489093970814,0.501283412484
2563,0.489310668832,0.501564059407
2564,0.49052486092,0.502760928737
2565,0.493539590135,0.506134725205
2566,0.496648895312,0.509373247494
2567,0.499199728004,0.512143164199
2568,0.502838586303,0.515932993865
2569,0.505961716818,0.519291075142
2570,0.509074855035,0.522598796743
2571,0.512116542963,0.525850978677
2572,0.514722310142,0.528538126116
2573,0.517398970724,0.531282367988
2574,0.519523058512,0.53343724557
2575,0.519779160393,0.53324638549
2576,0.521776269373,0.535315754023
2577,0.524413933182,0.53807871673
2578,0.527046974872,0.540786550002
2579,0.529087585588,0.542819198694
2580,0.53180034272,0.545706947086
2581,0.534953514524,0.549144145566
2582,0.537416662732,0.551851392641
2583,0.540688387385,0.555354384454
2584,0.542744877396,0.557631577132
2585,0.5453348732,0.560531231565
2586,0.548091783761,0.5634723922
2587,0.550741954221,0.566341082283
2588,0.553280983006,0.569155729591
2589,0.555512543528,0.571511430293
2590,0.557601956545,0.573716023819
2591,0.559713709531,0.575777976307
2592,0.56136690058,0.577454196042
2593,0.563430290985,0.579717144198
2594,0.566323584633,0.582850674316
2595,0.56801243928,0.584710340821
2596,0.568875267167,0.585540721544
2597,0.570546519159,0.587275893726
2598,0.571619360775,0.588363131512
2599,0.572194592392,0.588901299263
2600,0.574341474424,0.591165221098
2601,0.575542230156,0.592399823787
2602,0.577613244901,0.59471186776
2603,0.579757942241,0.597184209357
2604,0.581696365298,0.599362203817
2605,0.582255904983,0.599780425114
2606,0.582665021257,0.600136756504
2607,0.582766304794,0.600078415061
2608,0.58320037612,0.600323753098
2609,0.58277696697,0.599709635958
2610,0.582261343254,0.599083842487
2611,0.581831530472,0.598394257236
2612,0.582818422359,0.599587184358
2613,0.583124268499,0.599981381548
2614,0.583425828033,0.600339660294
2615,0.435409614478,0.449554595052
2616,0.523827865707,0.540460199372
2617,0.604989094704,0.623938905753
2618,0.601669095934,0.620509114083
2619,0.522055402256,0.538510233364
2620,0.430582245965,0.444329949959
2621,0.43695347301,0.451348357799
2622,0.526298766689,0.543265984048
2623,0.605728638329,0.625104806875
2624,0.5936359381,0.611759344925
2625,0.515753490986,0.53147079197
2626,0.427010980092,0.440404643781
2627,0.437497799538,0.452301004009
2628,0.526732765748,0.54409607614
2629,0.595850070185,0.613717600884
2630,0.582658868278,0.599643234531
2631,0.508511119281,0.523047416922
2632,0.420951093611,0.434075896929
2633,0.435296224255,0.449928227859
2634,0.517094966574,0.532687483236
2635,0.588356774175,0.605386553211
2636,0.57249680343,0.588770088581
2637,0.501105799212,0.515138495719
2638,0.415162476486,0.428397567464
2639,0.423411487064,0.43585067484
2640,0.509965102958,0.524678736266
2641,0.575884338613,0.592142004604
2642,0.560869871967,0.576590113707
2643,0.496203070889,0.511335768045
2644,0.405549140749,0.418330070942
2645,0.419327130182,0.431797961375
2646,0.503321386911,0.518372438246
2647,0.562734454189,0.578069061126
2648,0.544720797037,0.559498275559
2649,0.482564383609,0.496869453063
2650,0.39331210532,0.404826039882
2651,0.416004353643,0.428427965933
2652,0.497595103755,0.512739856997
2653,0.546018031768,0.561017900229
2654,0.528627908214,0.542743773407
2655,0.468753934706,0.482630846029
2656,0.384341973195,0.395699957346
2657,0.410126917585,0.421844428798
2658,0.487216417199,0.501721029671
2659,0.528184000971,0.542414506956
2660,0.512159468423,0.525747077675
2661,0.455333013,0.468636189566
2662,0.455652891398,0.468965976336
2663,0.511705269577,0.525280059514
2664,0.52819190699,0.542475225774
2665,0.486965407007,0.501490350031
2666,0.409986862103,0.421702400501
2667,0.384301860378,0.395693148407
2668,0.469184897466,0.482999517539
2669,0.528663527339,0.542799395327
2670,0.546921975585,0.561902505979
2671,0.497507591599,0.512616662517
2672,0.415403872073,0.427912518356
2673,0.392814643466,0.404280902356
2674,0.482860903432,0.497214666923
2675,0.545626173717,0.560423223341
2676,0.562263056923,0.577572532078
2677,0.503246481669,0.51831802721
2678,0.419404730592,0.431935108734
2679,0.405880681283,0.418638272075
2680,0.496296469958,0.511428858804
2681,0.560602287731,0.576372137251
2682,0.57596114624,0.592224577149
2683,0.509416989229,0.52408208784
2684,0.424396765244,0.436835678291
2685,0.414975760906,0.428178339569
2686,0.501574975677,0.515610170449
2687,0.572281249466,0.588516057943
2688,0.58886023185,0.605836332774
2689,0.517206055027,0.532782131311
2690,0.434529796068,0.449162785538
2691,0.420374942474,0.43353504575
2692,0.508618404246,0.523211195429
2693,0.582919490885,0.599884527794
2694,0.596038692328,0.613824404432
2695,0.526652493319,0.544088278429
2696,0.437739767285,0.45255202309
2697,0.426264150278,0.439602273225
2698,0.516003773716,0.531763415438
2699,0.593600010373,0.611694608938
2700,0.605321891358,0.62462396509
2701,0.526417473302,0.543373291783
2702,0.436534395256,0.450893544068
2703,0.431376630007,0.445112161896
2704,0.521791843828,0.538259025652
2705,0.601311399859,0.620176908338
2706,0.604887482013,0.623784984549
2707,0.524868089179,0.541562611902
2708,0.435494361848,0.44966894498
2709,0.695960044257,0.718904173982
2710,0.640535631184,0.659326316937
2711,0.604782708324,0.622763438555
2712,0.57842111293,0.595574896994
2713,0.602748564295,0.620247502336
2714,0.639213564602,0.657740632502
2715,0.687986703109,0.708275183983
2716,0.694184299275,0.718212625703
2717,0.638142828594,0.657143917494
2718,0.602818938519,0.621413766009
2719,0.577247469582,0.594890364157
2720,0.605165508519,0.62362469954
2721,0.639631329938,0.659181335357
2722,0.686652510772,0.70788287162
2723,0.681159567354,0.704278480604
2724,0.631293653782,0.650835490321
2725,0.590489002438,0.60803204011
2726,0.568179706499,0.584781497558
2727,0.596647478193,0.6142746301
2728,0.632899124715,0.652118512055
2729,0.677850482029,0.69867195756
2730,0.659124465165,0.679784962104
2731,0.616669512549,0.635231985682
2732,0.579623597499,0.596467280308
2733,0.559870530139,0.576031339725
2734,0.588806016455,0.605913632121
2735,0.617995455764,0.635844454642
2736,0.663293880659,0.68320164711
2737,0.630694189607,0.648605297551
2738,0.595034485263,0.611661987018
2739,0.562231564138,0.577998693134
2740,0.546947149914,0.562376653987
2741,0.574393337878,0.590704437577
2742,0.600401110364,0.617533694695
2743,0.648526065262,0.669360669875
2744,0.606415823767,0.623277186669
2745,0.576353968864,0.592398253581
2746,0.547406725913,0.562686918254
2747,0.531699190289,0.545891270948
2748,0.555860500488,0.570582153226
2749,0.576803726982,0.59201767635
2750,0.626182816106,0.646004195225
2751,0.581090582246,0.596673972722
2752,0.556548734644,0.572110244644
2753,0.531927603272,0.547189486008
2754,0.51776880721,0.531786490888
2755,0.540812525677,0.555413154627
2756,0.561288811007,0.577177323215
2757,0.597777765368,0.615882996449
2758,0.564035215004,0.580342383187
2759,0.563936680924,0.580241632456
2760,0.597913801474,0.616026198833
2761,0.561585519784,0.577444297277
2762,0.540072333931,0.554686783132
2763,0.518172665019,0.532186155893
2764,0.531553855863,0.546854072724
2765,0.556478695145,0.572054591976
2766,0.581046514163,0.596627054137
2767,0.625687830326,0.645553594029
2768,0.576710770129,0.591966481557
2769,0.555493671214,0.570150086435
2770,0.531445749461,0.545624690956
2771,0.546958808515,0.56226757346
2772,0.576118124664,0.592220202726
2773,0.606214762765,0.623027399695
2774,0.648404428421,0.669205711148
2775,0.599992829436,0.617152040046
2776,0.57420882421,0.590461266762
2777,0.546852401203,0.562259472679
2778,0.56252667139,0.578324768056
2779,0.594902682471,0.611582185734
2780,0.630469520083,0.648443997118
2781,0.662477330283,0.682346484367
2782,0.616983130543,0.634742008406
2783,0.589180310372,0.606309838147
2784,0.559963601303,0.576160452142
2785,0.57896687918,0.595810217925
2786,0.616676287387,0.635233985679
2787,0.658901593242,0.679603406544
2788,0.678218326752,0.699042333584
2789,0.633153787132,0.652444986052
2790,0.596535433739,0.61415221432
2791,0.567433566268,0.583999807345
2792,0.590652380961,0.608163582461
2793,0.630725061817,0.650283754977
2794,0.680587253471,0.703702531874
2795,0.687443883023,0.708701862477
2796,0.640308693318,0.659801179837
2797,0.604335810833,0.622780519214
2798,0.577067059198,0.594682442296
2799,0.602371241358,0.620853560746
2800,0.637754428872,0.65671367028
2801,0.694139723831,0.718085511632
2802,0.688382855128,0.708721655926
2803,0.639459130549,0.657907733658
2804,0.602582229822,0.62010797702
2805,0.578773398255,0.595924354242
2806,0.604635983326,0.622696370487
2807,0.64013309222,0.658876424373
2808,0.696145578634,0.719090556487
2809,0.68367805523,0.703633935252
2810,0.536773978449,0.553333277073
2811,0.536263820422,0.552770467415
2812,0.53535429417,0.551772733015
2813,0.534969048856,0.551279840031
2814,0.535618440586,0.551866365572
2815,0.534701990004,0.550928645966
2816,0.678686103164,0.69803183263
2817,0.534614704159,0.551053233842
2818,0.534046572308,0.550509306457
2819,0.533836448324,0.55035533907
2820,0.532777405905,0.549297471526
2821,0.532548946744,0.549012459574
2822,0.531320712962,0.54768630659
2823,0.679863170641,0.701054722588
2824,0.528109690681,0.543928998087
2825,0.527053190961,0.542786508152
2826,0.526512439741,0.542122282031
2827,0.524895204485,0.540509989675
2828,0.524394404395,0.539912348453
2829,0.52395189836,0.53949374669
2830,0.666006138233,0.686564420548
2831,0.522299877938,0.537829321486
2832,0.520830253445,0.536343207419
2833,0.519613292811,0.535021749674
2834,0.518883796613,0.534081287592
2835,0.51692726451,0.531866205633
2836,0.514542726636,0.529335995094
2837,0.643837474621,0.662531974321
2838,0.512474023662,0.527460896207
2839,0.511698703498,0.526759573457
2840,0.510895529017,0.52590296479
2841,0.509037674056,0.523912117127
2842,0.508031814839,0.522779209185
2843,0.506113118423,0.520796670357
2844,0.619712416137,0.637282573886
2845,0.502294449418,0.516611240038
2846,0.500537042473,0.5147263118
2847,0.49889226032,0.512704050724
2848,0.495681408775,0.509226098583
2849,0.494884768656,0.508529985607
2850,0.492660757292,0.50617861856
2851,0.592762186047,0.608574967112
2852,0.490339649905,0.503891694057
2853,0.489233548344,0.50287143075
2854,0.488781764916,0.50259615184
2855,0.488225075945,0.501985187223
2856,0.4886912443,0.502283366645
2857,0.490012237571,0.503644166775
2858,0.592290657379,0.608078278408
2859,0.492509763507,0.506053362573
2860,0.494445784058,0.508024904374
2861,0.496545415802,0.510106734093
2862,0.498712640987,0.512533277798
2863,0.500976719772,0.515119893142
2864,0.502913851217,0.517268344467
2865,0.620202364696,0.63777880588
2866,0.505811399209,0.520487796323
2867,0.507507116518,0.522209302325
2868,0.508991917012,0.523872931769
2869,0.510587447136,0.525630165141
2870,0.512300364772,0.527387726521
2871,0.51182108034,0.526808252544
2872,0.643999285689,0.662633020912
2873,0.514850460156,0.529630971314
2874,0.51673187702,0.531627665711
2875,0.518785813128,0.534019018377
2876,0.520749114117,0.536110373732
2877,0.521218575215,0.536698013794
2878,0.522920208419,0.538427384793
2879,0.665308370215,0.685891275823
2880,0.523750299185,0.539266078641
2881,0.524837987925,0.540378803698
2882,0.525370210595,0.541000550622
2883,0.525789096059,0.541410280395
2884,0.527223407854,0.542945531239
2885,0.528418525531,0.544262830895
2886,0.679457789663,0.700609821785
2887,0.530952063373,0.547291552584
2888,0.532138667389,0.548691748638
2889,0.533306704458,0.549870824005
2890,0.534305495097,0.550803001074
2891,0.534675347974,0.551145575205
2892,0.534770524445,0.551185783399
2893,0.680051854559,0.699460010308
2894,0.53473708403,0.550883972139
2895,0.53528816783,0.551539711574
2896,0.535431831531,0.551742421558
2897,0.535343168188,0.551650127306
2898,0.536462270003,0.552975205434
2899,0.536511692468,0.553093706097
2900,0.527408132701,0.543650153285
2901,0.52716454727,0.543360950972
2902,0.526941059872,0.543037994752
2903,0.526570456368,0.542575978612
2904,0.525784937697,0.541755817947
2905,0.525958561798,0.541871183567
2906,0.525450040693,0.541343054555
2907,0.525003798256,0.541028335509
2908,0.525449014662,0.541497620923
2909,0.524921990164,0.54106179899
2910,0.524860105671,0.54106453146
2911,0.523635605681,0.539798227664
2912,0.522952174399,0.53908459404
2913,0.52182134657,0.537790897829
2914,0.519831265869,0.535519098994
2915,0.518744899357,0.534254506164
2916,0.517459531531,0.532905527507
2917,0.516664254039,0.532021339259
2918,0.516837210255,0.532192120666
2919,0.51554995511,0.530787903043
2920,0.514530480177,0.52980290505
2921,0.514325231956,0.529595754097
2922,0.513083890744,0.52834810431
2923,0.511888584394,0.527077094153
2924,0.511466557175,0.526566446426
2925,0.509615649462,0.524606894914
2926,0.507989156795,0.522763231037
2927,0.506292169523,0.521039554976
2928,0.505568061654,0.520416893182
2929,0.503727226148,0.518621754232
2930,0.502634889836,0.517482449859
2931,0.501121621561,0.515825968524
2932,0.499882688838,0.514508315688
2933,0.49814830817,0.512555991597
2934,0.496793669433,0.511096636246
2935,0.495385014633,0.509549928185
2936,0.493395045084,0.507333194456
2937,0.491852949179,0.505627369191
2938,0.489960851129,0.50353109263
2939,0.488382267137,0.501843293413
2940,0.487132892877,0.500549786434
2941,0.486986970564,0.500438293652
2942,0.488270759077,0.501699155087
2943,0.489781489888,0.503443728464
2944,0.491741405495,0.50552506663
2945,0.493272947102,0.507249685758
2946,0.49523822643,0.509406189938
2947,0.497383056951,0.511695453382
2948,0.49787720903,0.512341007405
2949,0.499477879971,0.514074779161
2950,0.501076952725,0.515757794221
2951,0.50244144849,0.517238174074
2952,0.50449591518,0.519377609139
2953,0.505169758713,0.519967560508
2954,0.506274511861,0.520994261531
2955,0.507216924941,0.521914004253
2956,0.509485876855,0.524433709393
2957,0.510538681496,0.525660485728
2958,0.512463364901,0.527685722806
2959,0.513318915677,0.528565264741
2960,0.514229131564,0.529474205486
2961,0.514912966522,0.530243714456
2962,0.515229261632,0.530523532515
2963,0.517025537698,0.532337978455
2964,0.516936144322,0.532316712683
2965,0.517787958682,0.533237264622
2966,0.518686235764,0.534246427245
2967,0.520095221534,0.535826834235
2968,0.521369135797,0.537245387672
2969,0.52264984987,0.538845047234
2970,0.52371688852,0.53987365134
2971,0.524430707647,0.540567387569
2972,0.524340300983,0.540500490308
2973,0.525351269521,0.541418615982
2974,0.526122506493,0.542121780011
2975,0.525537634529,0.541418489956
2976,0.525708854807,0.541544932894
2977,0.526698144406,0.542669907417
2978,0.526306201752,0.542306010473
2979,0.527374642227,0.54348837766
2980,0.527576142836,0.543775899713
2981,0.527209584912,0.543385142381
2982,0.514946790173,0.530601416193
2983,0.514380868322,0.530119876065
2984,0.514503681562,0.530141248907
2985,0.514309618127,0.529921825165
2986,0.513349864797,0.528889741028
2987,0.513911121377,0.529325280861
2988,0.513745222235,0.529157190271
2989,0.513454554533,0.528923216155
2990,0.513850906782,0.529434588356
2991,0.513929570971,0.529557160746
2992,0.512188137006,0.527845403628
2993,0.512871233737,0.528595772823
2994,0.511930142987,0.527588620893
2995,0.511184198366,0.526761886762
2996,0.509432669463,0.524882936409
2997,0.507265228845,0.522425372263
2998,0.507835309534,0.522926883953
2999,0.505961327396,0.52088250126
3000,0.505523318867,0.520464721021
3001,0.504587863054,0.519445642674
3002,0.503840621857,0.518740736505
3003,0.503627206516,0.518512515869
3004,0.502682883721,0.51757010314
3005,0.501486528177,0.51636619873
3006,0.501058729312,0.515901195251
3007,0.499775382769,0.514485731253
3008,0.497898408328,0.512401093101
3009,0.497035349524,0.511468926109
3010,0.495097768491,0.509590771831
3011,0.494453967047,0.508951882532
3012,0.492834353501,0.507347613071
3013,0.49152404162,0.505836250241
3014,0.490455616174,0.504723328678
3015,0.489128390528,0.503199027253
3016,0.487964467255,0.501912697347
3017,0.485530858813,0.49932703974
3018,0.484611516941,0.498360862955
3019,0.484952147983,0.498711700387
3020,0.485793571313,0.49954272367
3021,0.487641949121,0.501586373736
3022,0.488751749843,0.502876513057
3023,0.490448281197,0.504694938873
3024,0.491893901423,0.506248504986
3025,0.492799866201,0.507252196791
3026,0.493968607645,0.508451793047
3027,0.494955411295,0.509392120187
3028,0.496520481443,0.510982593498
3029,0.498774670506,0.513371659705
3030,0.499499788994,0.514153522988
3031,0.500693166354,0.515500729687
3032,0.501592144605,0.516459847543
3033,0.502355188045,0.517272395954
3034,0.50364531076,0.518572312824
3035,0.504310541997,0.519218888937
3036,0.504126886346,0.519003215922
3037,0.505279455441,0.520179512684
3038,0.506039164521,0.52105866682
3039,0.507209992103,0.522236336829
3040,0.508193361273,0.523377067953
3041,0.510097645083,0.525544390978
3042,0.511044540863,0.526658806288
3043,0.511132875453,0.52678663249
3044,0.51224583282,0.527920562421
3045,0.513853399777,0.529540353651
3046,0.513156036516,0.52875670349
3047,0.513557998532,0.529145975747
3048,0.513891914219,0.529372389646
3049,0.513650776917,0.529111276595
3050,0.513705730872,0.529061315605
3051,0.513715250717,0.529183404256
3052,0.51411727895,0.529717567969
3053,0.514652085416,0.530360711347
3054,0.514577347267,0.530290082772
3055,0.367937617226,0.38020127064
3056,0.435666128796,0.449961965006
3057,0.501406214309,0.517597895237
3058,0.545783104619,0.563018157834
3059,0.51381159621,0.530516683175
3060,0.449098345653,0.463619744124
3061,0.382283100727,0.39468134413
3062,0.422118615633,0.436070124628
3063,0.48657224069,0.50255270121
3064,0.538526722921,0.555811252628
3065,0.518990037387,0.535301525842
3066,0.462310667339,0.476798393556
3067,0.395241700166,0.407874724788
3068,0.405843069202,0.419743515434
3069,0.469770919013,0.485321370599
3070,0.521619577267,0.53730225021
3071,0.519184160281,0.534318768514
3072,0.47253955971,0.48694241813
3073,0.409144839192,0.422330399346
3074,0.385390244753,0.398401533098
3075,0.447791391656,0.461327730184
3076,0.505341856018,0.52012576227
3077,0.516504308239,0.531257845099
3078,0.479141870627,0.493216945356
3079,0.424709495148,0.438662660471
3080,0.424732513872,0.438697372773
3081,0.478918539969,0.493018030165
3082,0.516306509373,0.531002501351
3083,0.504744255327,0.519516465425
3084,0.447519052533,0.461059151432
3085,0.385721590768,0.398737054357
3086,0.408907531934,0.422166658431
3087,0.472984815919,0.487384561462
3088,0.518576812465,0.533796157891
3089,0.521528245643,0.537214856698
3090,0.469943453268,0.485489530712
3091,0.405370551147,0.419276732191
3092,0.395108108989,0.407715117725
3093,0.461737720747,0.476220480084
3094,0.519858715554,0.536115989087
3095,0.538636636068,0.555924876536
3096,0.486929820664,0.502976758575
3097,0.421650553367,0.435586325425
3098,0.381957509666,0.394320850932
3099,0.449406104041,0.463894258337
3100,0.514295497835,0.531079443526
3101,0.545271295829,0.562573046245
3102,0.500733492145,0.516927025136
3103,0.436161847937,0.450484234191
3104,0.367817217409,0.380100546654
3105,0.678935352427,0.701258877619
3106,0.618809953301,0.637057154663
3107,0.573839195102,0.591607309003
3108,0.525765327691,0.541987079953
3109,0.517126950635,0.533238314007
3110,0.557513188652,0.574038988604
3111,0.603872551189,0.62150881763
3112,0.663283982687,0.68330007376
3113,0.706987752342,0.731781338418
3114,0.649393034677,0.671861837173
3115,0.583229562977,0.601259721505
3116,0.536491575951,0.553534764378
3117,0.508487399559,0.524196085702
3118,0.545558497674,0.562404113864
3119,0.590305410895,0.6081880981
3120,0.650301888456,0.670443439127
3121,0.695759403563,0.719505103793
3122,0.647411532356,0.669178652173
3123,0.588158156711,0.606475480803
3124,0.536606971156,0.552463069832
3125,0.502293189105,0.517245209307
3126,0.526736991482,0.542452214606
3127,0.574146215252,0.591940518594
3128,0.630262233568,0.649459931861
3129,0.676055768926,0.697641734031
3130,0.635364995164,0.655147037539
3131,0.58688913396,0.604531172924
3132,0.549678490657,0.567867278459
3133,0.549285974602,0.567392723664
3134,0.587305518911,0.604882014651
3135,0.635094357376,0.654873207103
3136,0.676183909194,0.697669908284
3137,0.630155251657,0.649397527163
3138,0.575320121679,0.593020182748
3139,0.527082189927,0.542862111418
3140,0.502550388612,0.517427209069
3141,0.537017757273,0.552886103971
3142,0.588967393879,0.60732130228
3143,0.646821649281,0.66854779853
3144,0.696488450746,0.720263573619
3145,0.650654745241,0.670737153005
3146,0.59071089657,0.608614979933
3147,0.54546016319,0.562324739417
3148,0.508506949823,0.524209300334
3149,0.536822654381,0.553866037116
3150,0.582894871852,0.600887807234
3151,0.649590615064,0.672088068492
3152,0.706757102926,0.731541965446
3153,0.662853295679,0.682814508879
3154,0.60378133751,0.621439567498
3155,0.557087977875,0.573569607989
3156,0.518160620615,0.534251111506
3157,0.525768250874,0.541986692379
3158,0.574204688045,0.591881925999
3159,0.618617892587,0.636886892701
3160,0.680169196241,0.702578797447
3161,0.669665612325,0.689041159109
3162,0.474387918168,0.489686063328
3163,0.474537469044,0.489752310261
3164,0.473702951166,0.48878562945
3165,0.473557789178,0.48860892375
3166,0.473414334484,0.488385172822
3167,0.473354534138,0.488263620521
3168,0.47229966393,0.487089686876
3169,0.665201355149,0.684144423115
3170,0.666234491886,0.68555942251
3171,0.472506442429,0.487383386103
3172,0.470933818714,0.485749169684
3173,0.470292766407,0.485101670868
3174,0.470162165495,0.484971836073
3175,0.469213286051,0.483965591444
3176,0.468645658047,0.483121889019
3177,0.664592160958,0.68507878127
3178,0.663641300988,0.684112474652
3179,0.465211811475,0.479263317898
3180,0.46521522321,0.479181341636
3181,0.468268834989,0.483195598719
3182,0.468200380381,0.483084854618
3183,0.464175862265,0.478164377109
3184,0.465635101323,0.479705384477
3185,0.663709047393,0.684270884026
3186,0.664553813693,0.685026691876
3187,0.468191948957,0.482685953556
3188,0.469192285623,0.483931506339
3189,0.469947632109,0.484719828781
3190,0.470906154049,0.485743010845
3191,0.471055325059,0.485929655174
3192,0.471414793835,0.486293365309
3193,0.665731560157,0.685156210772
3194,0.66509383253,0.684049108372
3195,0.472065276278,0.486886874169
3196,0.472827858001,0.48771212044
3197,0.472755140464,0.487763188263
3198,0.473765575582,0.488826872947
3199,0.473986328027,0.489063886416
3200,0.474027430246,0.489196598135
3201,0.47425844435,0.489510387175
3202,0.466948564827,0.481902639437
3203,0.466524352021,0.481453075792
3204,0.466725306313,0.481544904672
3205,0.465583979542,0.4803033706
3206,0.465632413382,0.480300216596
3207,0.465202891231,0.479845415372
3208,0.465288548238,0.479796057828
3209,0.464394786759,0.478923684961
3210,0.464593641674,0.479196339916
3211,0.463968930133,0.478505303142
3212,0.464539422191,0.479093400137
3213,0.464653883342,0.479195510994
3214,0.4653822395,0.480021830582
3215,0.465736731684,0.480482804363
3216,0.466420097677,0.481181567142
3217,0.466595787516,0.481335344331
3218,0.466233065631,0.481115298088
3219,0.466622276365,0.481578779573
