id,unit_kW_m2,optical
1,0.565005842248,0.582499662827
2,0.608248511787,0.6283236376
3,0.605703895213,0.625577121328
4,0.60351016363,0.623255508068
5,0.569963185799,0.586052069627
6,0.591055631168,0.608768509209
7,0.588297663206,0.605529262735
8,0.562417942603,0.57329869417
9,0.558881096289,0.573084962361
10,0.56113960587,0.577554946381
11,0.571309212788,0.588571988541
12,0.566000774992,0.582993745727
13,0.558721976228,0.575159795719
14,0.552589222235,0.568693683691
15,0.545803036131,0.561484781935
16,0.539272784064,0.554364433599
17,0.531476079996,0.54564142821
18,0.523068592795,0.536444321767
19,0.514746977911,0.527093612107
20,0.507862285282,0.519500521963
21,0.501773644323,0.512936916083
22,0.496791984851,0.507756918025
23,0.494383294208,0.505469744363
24,0.492323892777,0.503731559049
25,0.489811805565,0.50143291323
26,0.486866168184,0.498170628257
27,0.48338547333,0.494177760069
28,0.481025930648,0.491577007327
29,0.480528078402,0.491228091683
30,0.481856670661,0.492791723115
31,0.480591433342,0.491278281731
32,0.481014371783,0.49155765952
33,0.482622385602,0.493364108889
34,0.486091410492,0.497403422302
35,0.489987917835,0.501648895417
36,0.492549800575,0.503987655537
37,0.493625100859,0.504733214692
38,0.497427315333,0.508386309311
39,0.501986232543,0.513157402478
40,0.508072909627,0.519743376354
41,0.515530333203,0.527885316017
42,0.523057352619,0.536387230074
43,0.531387440982,0.545557208788
44,0.538653376149,0.55372688132
45,0.546178979414,0.561837301615
46,0.552211783574,0.568354483665
47,0.558493355228,0.574929395882
48,0.56598817665,0.58293889097
49,0.571340398726,0.588630871065
50,0.560664172203,0.57714667682
51,0.559882428437,0.574092692413
52,0.56345904689,0.57433422782
53,0.58653834564,0.603762449229
54,0.591129153058,0.608852604105
55,0.571298498973,0.587466324502
56,0.603561846891,0.623180963295
57,0.605723312134,0.62558332072
58,0.60769625188,0.627708284974
59,0.622262660416,0.640724394539
60,0.623293081438,0.64145386559
61,0.62238530971,0.640675957294
62,0.603206530675,0.619613276598
63,0.594923084893,0.611987879668
64,0.609857056895,0.627196711365
65,0.602764249308,0.618606797667
66,0.595680184918,0.61122268115
67,0.594728306075,0.611184831259
68,0.578139194862,0.594061552819
69,0.583843890219,0.599883177493
70,0.577347541338,0.592615457258
71,0.570161367674,0.585103488956
72,0.566131248205,0.581399259075
73,0.561807741904,0.577079328326
74,0.553306116662,0.56799058188
75,0.545750035562,0.559774329709
76,0.538931535142,0.552592042618
77,0.531597214153,0.544487798765
78,0.524181682532,0.536357748962
79,0.517318684403,0.528780922347
80,0.51254621295,0.523855588826
81,0.509292842092,0.520944234593
82,0.508536022437,0.520512661402
83,0.502796172094,0.514676741409
84,0.499402813817,0.510739336739
85,0.495692553663,0.506488904539
86,0.494436415992,0.505086754076
87,0.493643669159,0.504309469439
88,0.493397827931,0.504112219061
89,0.493833169286,0.504482986834
90,0.495608924731,0.506342060399
91,0.499292840452,0.510615216267
92,0.502131143509,0.514057792855
93,0.507441916778,0.519422976903
94,0.509397476226,0.521111877536
95,0.512387259727,0.523693247421
96,0.516135679682,0.527625421687
97,0.523336174489,0.535551192544
98,0.531975142107,0.544913705606
99,0.538769277322,0.552478657292
100,0.545310246657,0.559291829604
101,0.553893288396,0.568560159521
102,0.560893206373,0.576181325808
103,0.565855441728,0.581107490837
104,0.570512248374,0.585518066352
105,0.576975931564,0.592314509479
106,0.584342531444,0.60027223561
107,0.578669918259,0.59457069636
108,0.595581391702,0.61199835244
109,0.596158459941,0.611722660936
110,0.602947036268,0.618729899276
111,0.610259059393,0.627608550443
112,0.595758079173,0.612846558149
113,0.603312103151,0.619718197428
114,0.622061428437,0.640275404266
115,0.623095176946,0.641214317731
116,0.621752055475,0.640170320944
117,0.609629503061,0.625563223312
118,0.641397790925,0.659523883137
119,0.640448278993,0.65884142557
120,0.641621299152,0.660583459414
121,0.6198530923,0.637165049877
122,0.634454443663,0.653023643136
123,0.629788906391,0.648109527425
124,0.60598395389,0.618212049213
125,0.60165635082,0.617062514095
126,0.601512232235,0.618443287953
127,0.606128727139,0.623035016876
128,0.59823330738,0.614345536892
129,0.590000490213,0.605322414667
130,0.582080434618,0.597031063778
131,0.576865369427,0.592205706824
132,0.571159755607,0.586093146202
133,0.563958632258,0.578304392261
134,0.556419113793,0.57052245409
135,0.550505414822,0.564380573982
136,0.542701694211,0.555860163871
137,0.533125000456,0.545365988035
138,0.526671776174,0.538333127373
139,0.522888439899,0.534662245918
140,0.519870108546,0.531951850276
141,0.516000565879,0.528043192456
142,0.510781828818,0.522540968082
143,0.50586117034,0.516872312438
144,0.50378747922,0.514368806277
145,0.502118237948,0.512490535921
146,0.502879770899,0.51314963378
147,0.501935037053,0.512276445691
148,0.503342341483,0.513945491787
149,0.505650053956,0.51663762847
150,0.51104069385,0.522776241514
151,0.515894394113,0.528007591064
152,0.519680314616,0.53175751385
153,0.522468685928,0.534228085964
154,0.526714838192,0.538362446045
155,0.533023837773,0.545184484859
156,0.542099577214,0.555340600155
157,0.550930684833,0.564848569536
158,0.556223854997,0.570318370083
159,0.563708204536,0.578098149122
160,0.571264604225,0.586250283708
161,0.577843705044,0.593144200442
162,0.582173972646,0.597136381486
163,0.58995233623,0.605298286248
164,0.599253868865,0.615452027006
165,0.606453131581,0.623454764348
166,0.601418485635,0.618392354962
167,0.60132267479,0.616665765104
168,0.60546115287,0.61773996946
169,0.630903516641,0.649270722442
170,0.63405271632,0.652657089769
171,0.619889458494,0.637122343474
172,0.641610867329,0.660668188536
173,0.640319134629,0.658616237883
174,0.641202886693,0.659343526024
175,0.655466631536,0.673178907102
176,0.656052587854,0.67424450536
177,0.657076132425,0.676042584736
178,0.643003271458,0.660857720408
179,0.656466483902,0.676452791971
180,0.650777300019,0.67030762484
181,0.642582922224,0.660585529812
182,0.638502653238,0.656833924681
183,0.63416039662,0.652860054509
184,0.620834470112,0.638596462483
185,0.616679397518,0.633838497664
186,0.608025146854,0.624211443621
187,0.598577609089,0.613844210447
188,0.590463830325,0.605311970384
189,0.583443035059,0.598086842298
190,0.57651681959,0.590852390952
191,0.569800717147,0.583903806695
192,0.563660521693,0.577969231234
193,0.557682669333,0.571754604808
194,0.546068178136,0.559059507621
195,0.538289275393,0.550273277546
196,0.53153273099,0.543220569758
197,0.528603752819,0.540602837371
198,0.526116433229,0.538271990992
199,0.52028171789,0.532221518309
200,0.514053072506,0.525329543555
201,0.509858745591,0.520473687781
202,0.507919818254,0.518094857118
203,0.505904982806,0.515510518836
204,0.506303977929,0.515907882828
205,0.507701378251,0.517810002277
206,0.510218949253,0.520813543222
207,0.513919645731,0.525196692106
208,0.519843626823,0.531812711958
209,0.525493257269,0.537680350212
210,0.529252732409,0.54126367535
211,0.531676130158,0.543295123801
212,0.537171737221,0.549108746022
213,0.546501804211,0.55946706065
214,0.557197428083,0.571276587843
215,0.563751171955,0.577966569237
216,0.569611810982,0.583754850186
217,0.576395467892,0.590726612889
218,0.583902429637,0.598535275602
219,0.591197094005,0.606029051251
220,0.59863849625,0.613854916633
221,0.608178994766,0.624389047876
222,0.617222191316,0.634312651729
223,0.61980301027,0.637482487793
224,0.634378616698,0.653052025396
225,0.639057270698,0.657410470943
226,0.642235731417,0.660183559064
227,0.650495117468,0.6699263208
228,0.656613585452,0.676596970411
229,0.643216856041,0.661145544657
230,0.656367278656,0.675395216481
231,0.655903073591,0.674195719068
232,0.654903549124,0.672589521511
233,0.631278189735,0.645522935377
234,0.667092251127,0.684841146146
235,0.670246197221,0.689145213434
236,0.671453860468,0.69128448251
237,0.654687951227,0.673427198707
238,0.669987769883,0.690765144862
239,0.663359199627,0.683501870475
240,0.635952328202,0.649532033895
241,0.631381084138,0.64818433862
242,0.644154093892,0.663390455216
243,0.634833442369,0.653162030893
244,0.624158624206,0.641318111935
245,0.613547117081,0.629611374072
246,0.602608104081,0.6176972447
247,0.594369368949,0.609037824754
248,0.589061709231,0.603853769565
249,0.582645929742,0.597485136066
250,0.577524782091,0.592663628398
251,0.569665522383,0.584604981807
252,0.559233180961,0.573024382533
253,0.548973217082,0.561648434399
254,0.541127106157,0.55309451703
255,0.536054459989,0.548088073886
256,0.532307366174,0.544418413196
257,0.527300630583,0.539297888616
258,0.521639211626,0.533283119291
259,0.516724146997,0.52788186732
260,0.515564338699,0.526760353579
261,0.514751359708,0.525855749445
262,0.513702765257,0.524079082647
263,0.51452062727,0.525591784143
264,0.515866307953,0.527094881191
265,0.516852258554,0.52802787053
266,0.521487727198,0.533091381181
267,0.52703669119,0.538997352372
268,0.53166926724,0.543773416798
269,0.536292118914,0.548235443173
270,0.54074106885,0.552654167548
271,0.54904276115,0.561742215878
272,0.559110068134,0.572932245468
273,0.570063238107,0.584979311977
274,0.577553276506,0.592619877756
275,0.582220954283,0.597048625621
276,0.589409025419,0.604249852002
277,0.595209249448,0.609870789787
278,0.603687213156,0.618812648156
279,0.61390612678,0.630004534104
280,0.623703033602,0.640833136441
281,0.635516396394,0.653829308047
282,0.645576185207,0.664849937376
283,0.630518211758,0.647378526208
284,0.635133998255,0.648663942268
285,0.663622587484,0.683793915855
286,0.669577884492,0.690320726115
287,0.653918213006,0.672689925853
288,0.67180540661,0.691615590272
289,0.670452957109,0.689304892619
290,0.667329155047,0.685031586918
291,0.676555769243,0.697711789679
292,0.698055239064,0.720059182179
293,0.696442569814,0.717835506117
294,0.686450006029,0.708361294991
295,0.694943585818,0.717918075941
296,0.682112001309,0.702200446749
297,0.66679776349,0.685075363915
298,0.676688227233,0.696834097595
299,0.679394494438,0.699793228466
300,0.662163439992,0.679811799821
301,0.638897485086,0.6516113679
302,0.661289160377,0.67954481126
303,0.649835718275,0.667526653371
304,0.636264438281,0.652762712852
305,0.643294650679,0.660577447325
306,0.646408910482,0.665647902076
307,0.632672032192,0.651383060393
308,0.627781738686,0.644720163016
309,0.623250859271,0.640062742402
310,0.614257071628,0.631637333356
311,0.612134971538,0.629561831537
312,0.607303988628,0.624028407708
313,0.59689151286,0.613050049735
314,0.590050524539,0.60596678666
315,0.586766142638,0.602160965416
316,0.576382356724,0.591010368523
317,0.56412836692,0.577420707606
318,0.56193534742,0.574628705276
319,0.553867408863,0.565704423853
320,0.543815099643,0.554817810987
321,0.540847340838,0.551405036732
322,0.534817171403,0.544888916436
323,0.528110779683,0.538101796976
324,0.528095738833,0.538437233191
325,0.527548539136,0.53839989264
326,0.525197452023,0.536349532524
327,0.52114671809,0.532057439352
328,0.519256348591,0.529909828001
329,0.517236763528,0.527804942645
330,0.515434843766,0.526005645272
331,0.516463597993,0.527205737056
332,0.516525693083,0.527367225162
333,0.516614291316,0.527457247903
334,0.516179516292,0.527005564754
335,0.516336918494,0.527109866589
336,0.51494049677,0.525537141183
337,0.517724655051,0.528322484081
338,0.519712871777,0.530384226077
339,0.521694702762,0.532577504578
340,0.525388638882,0.536554692359
341,0.527657238053,0.538503983007
342,0.528670286129,0.539013867636
343,0.528855459931,0.538802481343
344,0.535195231312,0.5452349831
345,0.540648338131,0.551261318476
346,0.543448324306,0.554482530923
347,0.554190500331,0.566005102261
348,0.561216097336,0.573823024722
349,0.565030971568,0.578316430795
350,0.577438887789,0.592082082494
351,0.587042558933,0.60248470639
352,0.589452920942,0.605336366217
353,0.595682290217,0.611756228568
354,0.607745981344,0.624413924412
355,0.61202157963,0.629403776766
356,0.614539277074,0.631951388334
357,0.623444019266,0.640290655453
358,0.626282837603,0.643161392692
359,0.632843402382,0.65149180976
360,0.645900564619,0.66516101715
361,0.642596290798,0.65983190368
362,0.635859808241,0.652332210162
363,0.649270564844,0.666946664506
364,0.660355616423,0.678631999224
365,0.638878841696,0.651549275085
366,0.661976515008,0.679610651643
367,0.680025407469,0.70039514449
368,0.675945910809,0.696074920109
369,0.666257009523,0.68462705382
370,0.681295911515,0.70140104936
371,0.695185808984,0.718303496115
372,0.686717805434,0.708673803189
373,0.696644399306,0.718023050586
374,0.69688567952,0.71889188881
375,0.686193220287,0.705654081586
376,0.684515340455,0.703684872914
377,0.683082018355,0.701857754228
378,0.684089169523,0.703419200106
379,0.685051512067,0.705086930952
380,0.654918221039,0.67199624872
381,0.679567344744,0.699360587677
382,0.67554002029,0.694862807614
383,0.671831925429,0.691066399922
384,0.665699800885,0.683336830506
385,0.652915652844,0.668402318617
386,0.638708491905,0.654156720515
387,0.65238600175,0.670172740012
388,0.647747747111,0.665347116606
389,0.641715973804,0.659085665541
390,0.635988813209,0.652771131216
391,0.629028947545,0.645096020291
392,0.621009815001,0.636509590887
393,0.615753781718,0.631284952528
394,0.611437035032,0.627214011369
395,0.607605948634,0.623506830287
396,0.602183730548,0.6179876215
397,0.596748019531,0.612442306219
398,0.590532809515,0.605807572042
399,0.583279749657,0.598182028311
400,0.575661834265,0.589995680258
401,0.56774902062,0.581220561456
402,0.561117920277,0.573738177019
403,0.553297316443,0.565203730256
404,0.545977120176,0.557174284616
405,0.539274813488,0.54975911835
406,0.534232766474,0.544320167524
407,0.530904943883,0.541177875911
408,0.530195484048,0.540906161247
409,0.528517345113,0.539617454657
410,0.526581055925,0.537653566127
411,0.521313765296,0.531949936799
412,0.518374414304,0.528854663271
413,0.516136496422,0.526528205073
414,0.516018108555,0.526370865654
415,0.515186248687,0.525712402898
416,0.516089364332,0.526689071059
417,0.515738086694,0.526358998334
418,0.51544274548,0.525956435779
419,0.515773543222,0.52611170764
420,0.516505736023,0.526883951072
421,0.518691624426,0.529159123978
422,0.521556214668,0.532218643167
423,0.525762342443,0.536867694339
424,0.528284398558,0.539424050562
425,0.529565150569,0.54029351204
426,0.530610780082,0.540855196259
427,0.534566977136,0.544589865799
428,0.539183550861,0.549662933676
429,0.546198136461,0.557385861384
430,0.553842324917,0.565786843386
431,0.559818751288,0.572400203181
432,0.568051705278,0.581449709618
433,0.575585624339,0.589947073959
434,0.583260344977,0.59814415794
435,0.590011490948,0.605291524521
436,0.597052541055,0.612742723548
437,0.602129960728,0.617989028811
438,0.606831586648,0.622724605349
439,0.611447201645,0.627195784146
440,0.616546076586,0.632122571551
441,0.62204086827,0.637488372526
442,0.628664570542,0.644746914212
443,0.635878303477,0.65277272798
444,0.641519805402,0.658828226131
445,0.647769365087,0.665388951707
446,0.652863265057,0.670696825297
447,0.639309536858,0.654776357755
448,0.653160813613,0.668642587065
449,0.664719248765,0.682398043165
450,0.671184096779,0.69032838442
451,0.675165453516,0.694561923496
452,0.680107829204,0.700003130212
453,0.655506658656,0.672572503753
454,0.685906372693,0.705966642248
455,0.684681107433,0.704025084189
456,0.683441660183,0.702177220514
457,0.685058544026,0.704199004306
458,0.685630437219,0.705097030881
459,0.693831834787,0.712817718605
460,0.695364584969,0.714479123996
461,0.692485883808,0.711169512821
462,0.692986255722,0.712168304973
463,0.69534545067,0.715314289909
464,0.69018458626,0.710108964417
465,0.693839690544,0.714713352706
466,0.690998335922,0.71134967731
467,0.685909700149,0.705860121187
468,0.68188872694,0.701595145085
469,0.661511959516,0.676129453874
470,0.672775354858,0.69171145759
471,0.663035622091,0.680986406208
472,0.662166626824,0.68048583116
473,0.655498573516,0.673553178928
474,0.648350460338,0.665962825148
475,0.641447238535,0.658289843124
476,0.632954745566,0.649117040747
477,0.625192497061,0.64072271121
478,0.618866895326,0.634344381732
479,0.614188244795,0.629875670508
480,0.609498699603,0.625425620861
481,0.603486639618,0.619293088681
482,0.596290128882,0.611573107733
483,0.588907434577,0.603858469656
484,0.582234135527,0.596936122946
485,0.575605851267,0.589808726615
486,0.566990852775,0.580325786056
487,0.559298252563,0.571902805127
488,0.552295682135,0.564124605781
489,0.5438386349,0.554813652275
490,0.537342058954,0.547707624535
491,0.532955215982,0.543269901418
492,0.530603864616,0.541219928981
493,0.529297441946,0.540336904971
494,0.52663316831,0.537882220165
495,0.522024388064,0.532823986594
496,0.51832654957,0.52877165423
497,0.515750066389,0.525925471517
498,0.513837443413,0.523918315949
499,0.513667565959,0.52372588394
500,0.513261972182,0.523490522745
501,0.514957737677,0.525322633309
502,0.513530808094,0.523753359415
503,0.513618800142,0.523697826993
504,0.51397655803,0.52405875825
505,0.515950072753,0.526203270332
506,0.51815923811,0.528645233971
507,0.522411111202,0.533214075472
508,0.526691638565,0.537933086885
509,0.528578135119,0.539615412641
510,0.530751183662,0.541402604908
511,0.533021636969,0.543292558854
512,0.537078211656,0.547424327571
513,0.543759366976,0.554738735109
514,0.55190734037,0.563723086506
515,0.559693520087,0.572293058427
516,0.56724461343,0.580574236172
517,0.575005098966,0.589158182502
518,0.582690752926,0.597397203436
519,0.588915471794,0.603842304348
520,0.595991147925,0.611265163413
521,0.603524896067,0.619311242827
522,0.60946937848,0.625344714815
523,0.613528625991,0.629241658623
524,0.618800744852,0.6343216388
525,0.624913479879,0.64044204988
526,0.633189833475,0.649403179132
527,0.64153618029,0.658387635262
528,0.648853259096,0.666470145495
529,0.65587107351,0.673865964489
530,0.661663241183,0.680036939612
531,0.662475610681,0.680451745011
532,0.672261263622,0.691234965808
533,0.661751180693,0.676302337802
534,0.68145918133,0.701212103246
535,0.684938112493,0.704847434672
536,0.690003315968,0.710436411104
537,0.694593601857,0.715501503078
538,0.689908373846,0.709871271181
539,0.69473218127,0.714740864628
540,0.692588181236,0.711771934775
541,0.692831556303,0.711477215352
542,0.695536072937,0.714708302447
543,0.703161774471,0.722010349861
544,0.701919280661,0.720528779334
545,0.701964585194,0.721002947701
546,0.70389354926,0.723802789395
547,0.70704096715,0.727822432055
548,0.700501417375,0.72098064356
549,0.703937321819,0.72529343984
550,0.698592219163,0.719390814489
551,0.69456301133,0.715016389541
552,0.687127552084,0.706196314714
553,0.673791220897,0.690568363633
554,0.660433156691,0.677303892735
555,0.674252435225,0.693469179813
556,0.667982753755,0.686879410445
557,0.659492964675,0.677824237991
558,0.651394636281,0.669032440152
559,0.644560920029,0.661484987993
560,0.636572622955,0.652699272395
561,0.626135565713,0.641539032677
562,0.620358074271,0.635758327119
563,0.615266442937,0.630887191396
564,0.609190396588,0.624891418571
565,0.602743795809,0.617993691306
566,0.595044222838,0.609976942617
567,0.587579342584,0.60224195032
568,0.58131916996,0.595811940032
569,0.574631505937,0.588739690379
570,0.566038922887,0.579307810576
571,0.557846580429,0.570354729081
572,0.548689104558,0.56023343794
573,0.541365074101,0.552107510789
574,0.535530312754,0.545891448248
575,0.531589553267,0.542144221791
576,0.529613604048,0.540614148069
577,0.526689167389,0.537935690493
578,0.522922593871,0.533926012526
579,0.51858312671,0.52918579077
580,0.514610315659,0.524853722313
581,0.512175822367,0.522111296904
582,0.510744605114,0.520485159423
583,0.510972194833,0.520768562553
584,0.510491768152,0.520336943572
585,0.510926773788,0.520783091873
586,0.510484426172,0.520264014069
587,0.510887382102,0.520649587966
588,0.512325211258,0.522255837194
589,0.514995727112,0.52518922277
590,0.518529121281,0.529165028443
591,0.523355068685,0.534363107358
592,0.526741628412,0.537939015891
593,0.529550057712,0.540500187331
594,0.532079167915,0.542627079325
595,0.534993401301,0.545377064829
596,0.541315105412,0.552074138301
597,0.549025235972,0.560582284885
598,0.558070186778,0.570559311866
599,0.565418128144,0.578621755596
600,0.574444606356,0.588542733662
601,0.581356983802,0.595915033985
602,0.588277672292,0.602926190703
603,0.59426609589,0.609148624926
604,0.602691790293,0.617935370734
605,0.610415584724,0.626158734774
606,0.615188636963,0.63080220808
607,0.620715672461,0.63616392699
608,0.62730168217,0.642676040201
609,0.636041485847,0.652211288217
610,0.643605648237,0.660548060611
611,0.651752296517,0.669362701543
612,0.660009960579,0.67834851195
613,0.667142758706,0.685982016718
614,0.674246650951,0.693426537246
615,0.661192632487,0.678042151712
616,0.674502345059,0.691289086114
617,0.687065037399,0.706156066482
618,0.694277295049,0.714785606541
619,0.698832874328,0.719635389639
620,0.704685219098,0.72613414085
621,0.70016421159,0.720675785766
622,0.706091056306,0.726866296948
623,0.703915877276,0.723761665964
624,0.70121865177,0.720254490049
625,0.702173739362,0.720812969109
626,0.702872408471,0.721693539528
627,0.706581786455,0.724611132125
628,0.705821451153,0.723883034911
629,0.707929879787,0.72677760412
630,0.70940729963,0.729018822591
631,0.710894575402,0.731383196356
632,0.708408224368,0.729141152692
633,0.713063154045,0.735052272233
634,0.709002352038,0.730740652532
635,0.703543952311,0.724768895342
636,0.699054341049,0.719989617305
637,0.678884842936,0.69469767655
638,0.689003702524,0.709134485021
639,0.682994357781,0.702798330003
640,0.6780242917,0.697694848555
641,0.669568951565,0.688693172167
642,0.661985107717,0.680512602763
643,0.652994669945,0.670742916101
644,0.644187545338,0.661023313987
645,0.635379428846,0.651360956279
646,0.625638658743,0.640778323904
647,0.619415791219,0.634566991989
648,0.612606751969,0.627661259368
649,0.607971437774,0.623277010471
650,0.602682284019,0.618195800632
651,0.595832208017,0.611298078154
652,0.588220796003,0.603424573989
653,0.581148961468,0.596008276632
654,0.573347826451,0.587730668396
655,0.563132901519,0.576376427734
656,0.554712425888,0.566944135593
657,0.545083198679,0.556343946966
658,0.538607397993,0.549223465038
659,0.533838131635,0.544354888489
660,0.53074482915,0.541613102479
661,0.52744814947,0.538575386785
662,0.523992800841,0.535138468945
663,0.520225658403,0.531140479685
664,0.516294401684,0.527032946161
665,0.513568949124,0.524180828555
666,0.51082591699,0.521142302069
667,0.5091052306,0.519003043655
668,0.509431970331,0.519721660827
669,0.510034202639,0.520380152158
670,0.510183864537,0.520458142938
671,0.509095622885,0.519005148332
672,0.511155067375,0.52147768539
673,0.513188513363,0.523796063492
674,0.5162554694,0.527024691943
675,0.519506590304,0.530423894474
676,0.52372048645,0.534898324716
677,0.527474118554,0.538585988778
678,0.530385824063,0.541261598963
679,0.533291986465,0.543815290265
680,0.538782979058,0.549430880117
681,0.545502203068,0.556761783193
682,0.554852990031,0.567054173476
683,0.563420081747,0.576710371065
684,0.573421481924,0.587755674627
685,0.58153230354,0.59644386859
686,0.588594347146,0.603784422482
687,0.59472623618,0.610038179721
688,0.60249287985,0.617969174029
689,0.60803920624,0.623390815439
690,0.613251915763,0.628307813976
691,0.619109698713,0.634238273208
692,0.626212873502,0.641379515358
693,0.634829059368,0.650773306747
694,0.643925266921,0.660790228368
695,0.653676211808,0.671364914082
696,0.660410233278,0.678932018266
697,0.669724572299,0.688901801321
698,0.676350242517,0.695945080375
699,0.68337129595,0.703158871635
700,0.689652752352,0.709806567442
701,0.67877525011,0.694558229028
702,0.698441405978,0.719369598703
703,0.703642440204,0.724914711448
704,0.708967016486,0.730690008032
705,0.713569226634,0.735526164006
706,0.707423670157,0.728070407004
707,0.71069289543,0.731166317521
708,0.709213103315,0.728894707564
709,0.707830776623,0.726646676628
710,0.706809245622,0.724845966858
711,0.588764401381,0.607688866253
712,0.669683866934,0.690750098911
713,0.727614748582,0.749726279797
714,0.680329607074,0.701200796938
715,0.591531458301,0.610530028583
716,0.657816965209,0.67945165923
717,0.72531753055,0.748398637538
718,0.681174262201,0.701108399699
719,0.58658670291,0.603594044054
720,0.633875907878,0.65365703361
721,0.709579442692,0.731599241998
722,0.681189690985,0.700658966795
723,0.585157382008,0.600035693464
724,0.597987172845,0.61225786973
725,0.679651194884,0.697543909378
726,0.674750118852,0.693746491816
727,0.591188104861,0.607158620201
728,0.577748013792,0.592434089389
729,0.658254811192,0.676125323784
730,0.668853862888,0.688620818545
731,0.597638881017,0.615736515685
732,0.560473068804,0.575903515524
733,0.630619204973,0.647213445099
734,0.645102194048,0.662652452737
735,0.588346993222,0.605002844722
736,0.542455628145,0.557703154802
737,0.610640642774,0.627674212185
738,0.623895215411,0.640724275473
739,0.579919921706,0.595738275829
740,0.525863539069,0.539951207684
741,0.585686002501,0.601947911325
742,0.601270674298,0.617591365751
743,0.568331796166,0.583393713483
744,0.512191122732,0.524815414756
745,0.554398790584,0.567804877775
746,0.569770888803,0.582976943322
747,0.549233102629,0.561396861624
748,0.498992471667,0.509092813618
749,0.525902257417,0.536671494522
750,0.542703847512,0.553112689888
751,0.532260440887,0.542226661793
752,0.488955493802,0.497838733526
753,0.502505647432,0.51139124248
754,0.522146228077,0.531257039312
755,0.519806921985,0.529293293561
756,0.48856468434,0.49838515335
757,0.493136924836,0.502551375343
758,0.515548921762,0.52574204414
759,0.513500834259,0.523635526988
760,0.486604055727,0.496540314005
761,0.483253188056,0.492280459052
762,0.508102904875,0.518069211917
763,0.507101309589,0.517223959472
764,0.48549801033,0.495583899273
765,0.483037697657,0.492642290303
766,0.506367919859,0.516568798412
767,0.506191765479,0.516365153829
768,0.482784999705,0.492367419875
769,0.485480632043,0.495575946014
770,0.50680173315,0.516926252542
771,0.507376708904,0.517354310047
772,0.483312443723,0.492349090263
773,0.486372797009,0.496295356654
774,0.513333755938,0.523492009643
775,0.51549297082,0.525693598759
776,0.492989625055,0.502425110241
777,0.48835379665,0.498191222831
778,0.520022680343,0.529533608413
779,0.521798627294,0.530864596703
780,0.502871303988,0.511703201551
781,0.489038186439,0.497917266849
782,0.532219110286,0.54220179496
783,0.542651804967,0.553058175236
784,0.525680527931,0.53646331658
785,0.499366158236,0.509512686202
786,0.548951521645,0.561121448552
787,0.569907508341,0.583125863405
788,0.553977359955,0.567441111582
789,0.512211473766,0.52485409915
790,0.567781721823,0.582839040252
791,0.6004683958,0.616765359765
792,0.585881482205,0.602175003855
793,0.52540390634,0.539484021172
794,0.57974813553,0.595523899812
795,0.623834688167,0.640711619568
796,0.60977878466,0.626829013843
797,0.542399242604,0.557604242994
798,0.589130111455,0.605808655154
799,0.644960161893,0.662488705236
800,0.63079353623,0.64739518928
801,0.560803635577,0.576204834911
802,0.597788719031,0.615933791514
803,0.667109653501,0.68686168624
804,0.657416276774,0.675202104218
805,0.577669749753,0.592322771156
806,0.590996872498,0.606931006343
807,0.675310151153,0.694321683587
808,0.680548009051,0.698482467574
809,0.598307063347,0.612664557354
810,0.585225502292,0.600057628528
811,0.681833571623,0.701365344164
812,0.709243340503,0.731263691541
813,0.634454517365,0.654292954887
814,0.587106450512,0.604156625132
815,0.681302501579,0.701309598624
816,0.725265380935,0.748338350943
817,0.656827281802,0.678473265395
818,0.590970975254,0.609901191542
819,0.680689488876,0.701648605399
820,0.727010808247,0.749106307742
821,0.669719446429,0.690788058371
822,0.693432536445,0.713159542474
823,0.691817564402,0.711221160759
824,0.689477802377,0.708458554465
825,0.689164218585,0.708155237455
826,0.690194817415,0.709678762515
827,0.692561212478,0.712873213166
828,0.693030057525,0.713781609424
829,0.69174986024,0.712645155646
830,0.687732859173,0.708294864596
831,0.683336448727,0.703538946786
832,0.681095122833,0.70112503666
833,0.679052120064,0.699066867655
834,0.673516761562,0.692884013466
835,0.65311462071,0.667499522065
836,0.666886398214,0.685794607363
837,0.662061801622,0.680366982113
838,0.656495237321,0.674659523311
839,0.651814479595,0.669764573384
840,0.646881978582,0.664585868781
841,0.642432074891,0.659903906427
842,0.636023321545,0.653149696129
843,0.630119835789,0.646658069587
844,0.625098756545,0.641024691744
845,0.61841302215,0.634002273872
846,0.614552074525,0.630194105556
847,0.609593923048,0.625507570364
848,0.606464774901,0.622554012446
849,0.601911361116,0.618000726292
850,0.597754154714,0.613757791157
851,0.592793194346,0.608667360657
852,0.587511329644,0.603218154206
853,0.582147973417,0.597633477927
854,0.575425084724,0.590524074212
855,0.56975880147,0.584458772576
856,0.561877404929,0.575883709005
857,0.554820918534,0.567978428989
858,0.54810192714,0.56057904658
859,0.541937244358,0.5537267326
860,0.535427671346,0.546549521468
861,0.528783820259,0.539311319592
862,0.523366892748,0.533289650914
863,0.518221750332,0.527637911037
864,0.514201593829,0.52357160917
865,0.511939453312,0.521570415342
866,0.510357649812,0.520336353065
867,0.509550866896,0.519793055736
868,0.507883901823,0.518245052326
869,0.505054128818,0.515324714849
870,0.50237372886,0.512435914388
871,0.49965281581,0.509532298666
872,0.498666986003,0.508627052894
873,0.497886440168,0.507911154583
874,0.497160331718,0.507238042327
875,0.496746394883,0.506876850366
876,0.497005405534,0.507223763064
877,0.497116192316,0.507328770875
878,0.497169456454,0.5073917874
879,0.496920245843,0.507073180925
880,0.497292560076,0.50739631597
881,0.497551127097,0.507568952176
882,0.499016119777,0.508961044533
883,0.499612362858,0.50951954256
884,0.502267094642,0.512370334238
885,0.505232687318,0.51553931813
886,0.507533900474,0.517920902464
887,0.509188311961,0.519450634638
888,0.511112337495,0.521121180826
889,0.512224482757,0.52185838096
890,0.514254399177,0.52359593771
891,0.517752841084,0.527147343192
892,0.523638019537,0.533553890848
893,0.529742036735,0.540247049997
894,0.53572483067,0.546863934682
895,0.542070428121,0.553804582704
896,0.54775609838,0.560188124136
897,0.554725749438,0.567909171013
898,0.561949190442,0.575950868061
899,0.569336449808,0.58403624022
900,0.576061794815,0.591248345384
901,0.582113982336,0.597624919197
902,0.587780041615,0.603484636417
903,0.592628308284,0.608431962727
904,0.597561333685,0.613583101179
905,0.601694582897,0.61783556642
906,0.606561909495,0.622622778239
907,0.610020329082,0.625934491669
908,0.614370858251,0.630062190129
909,0.61843340841,0.633995060926
910,0.623617746918,0.639522693325
911,0.630584551913,0.647152291754
912,0.636780669482,0.653833689831
913,0.641433805738,0.658891024088
914,0.646963132718,0.664723699665
915,0.651772923837,0.669756324241
916,0.656825178548,0.67504699027
917,0.660728102033,0.679036420893
918,0.66600827028,0.684964117415
919,0.652396193959,0.66682532343
920,0.673639697724,0.693046215653
921,0.677844851574,0.697844283781
922,0.680483600837,0.700454228081
923,0.683970389215,0.704192009978
924,0.687679580014,0.708226035858
925,0.691337731619,0.712242386056
926,0.693430302962,0.714241020014
927,0.692103532766,0.712359660853
928,0.690835451636,0.710348557233
929,0.688083610245,0.707057876747
930,0.689055572861,0.708143334099
931,0.692533296838,0.711953296679
932,0.692600591524,0.712293305326
933,0.704958658112,0.724559171715
934,0.703464073892,0.722973658479
935,0.701908490309,0.721068573174
936,0.699510053596,0.718486073213
937,0.699860409313,0.719385468978
938,0.701156826811,0.721400693618
939,0.704583852938,0.725667398627
940,0.704511666762,0.726099784227
941,0.70119709591,0.722637505158
942,0.697563274417,0.718598173714
943,0.694295101379,0.714902775807
944,0.690433891045,0.710761464923
945,0.686964889229,0.707149726409
946,0.674841351717,0.691718358701
947,0.675570798326,0.694045034478
948,0.675785882746,0.694890096017
949,0.669481237051,0.688203531029
950,0.664202016713,0.682794476677
951,0.659512003902,0.677889794624
952,0.653598607831,0.671735561609
953,0.648885444015,0.666675362182
954,0.641665417262,0.658839810231
955,0.635131748688,0.651728513545
956,0.629206923674,0.645171544416
957,0.622611154977,0.638214434167
958,0.617786154073,0.633642334399
959,0.612561349224,0.628461907283
960,0.608457933934,0.624530527498
961,0.603415898415,0.619579670639
962,0.598585347254,0.61469710151
963,0.59286546464,0.608735579325
964,0.586993383235,0.602517167119
965,0.580623487836,0.595858857856
966,0.57392856873,0.588841056389
967,0.567029684772,0.581552630546
968,0.560934829288,0.574718307528
969,0.552988699709,0.565977802723
970,0.54724411128,0.55952466872
971,0.539791417766,0.551419698184
972,0.532554650069,0.543515251821
973,0.526444455665,0.536788374334
974,0.520967087379,0.530773339306
975,0.516118186196,0.525570080009
976,0.512490990636,0.522075555905
977,0.51059847157,0.520544898874
978,0.509225939526,0.519519015289
979,0.507323803479,0.5177724556
980,0.504558419921,0.514898375393
981,0.501111696961,0.511216131081
982,0.498225172583,0.50805624124
983,0.495360995078,0.505196637963
984,0.49448613641,0.504226147029
985,0.493742186801,0.503493828657
986,0.493481439526,0.503340528069
987,0.493171642016,0.503146351961
988,0.49402686636,0.504081670488
989,0.49399981576,0.504090277537
990,0.493490061319,0.5034669218
991,0.493368246857,0.503229873874
992,0.493470026647,0.503235202656
993,0.494548775962,0.504342767591
994,0.496061054279,0.505870764681
995,0.497727267621,0.507618847929
996,0.50141653457,0.511534892932
997,0.50454350731,0.514878968232
998,0.507504926389,0.517910049725
999,0.508915932641,0.519216329037
1000,0.510768379142,0.520746020605
1001,0.512427833579,0.522017296043
1002,0.5157490917,0.525238708471
1003,0.520609241564,0.530383736862
1004,0.527035644389,0.537395849404
1005,0.532828140726,0.54385044052
1006,0.539496395041,0.55113145256
1007,0.546412596829,0.558753743362
1008,0.553535977227,0.566575412817
1009,0.560254747852,0.574063743305
1010,0.567340180277,0.581839777249
1011,0.57394362442,0.588862409362
1012,0.580499946605,0.595717976435
1013,0.587054628242,0.602580699669
1014,0.593433394384,0.609300593709
1015,0.599295241311,0.615336052141
1016,0.60323427252,0.619354901
1017,0.607611092771,0.623670848093
1018,0.61239955026,0.628380720536
1019,0.617572231055,0.633390397165
1020,0.622399578008,0.638041299058
1021,0.627680692818,0.643586435057
1022,0.6355234391,0.652139999808
1023,0.641383970563,0.658579897481
1024,0.647411475513,0.665185079423
1025,0.653668722153,0.671800139844
1026,0.659269467197,0.677654024248
1027,0.664677578718,0.683280901694
1028,0.670238627834,0.688939593914
1029,0.674629357066,0.693763799297
1030,0.675141564249,0.693590178984
1031,0.674885486618,0.691753213732
1032,0.68763200305,0.707805097814
1033,0.690394801751,0.710769824255
1034,0.693686196522,0.714310655481
1035,0.698067566299,0.719096379035
1036,0.702008805535,0.72347129365
1037,0.704594193791,0.726193650626
1038,0.70401593772,0.725117651169
1039,0.701502925829,0.721715867866
1040,0.700063452854,0.719549675395
1041,0.700479464155,0.719510939426
1042,0.702427287989,0.721621902789
1043,0.703896270952,0.723431003669
1044,0.710743392514,0.730017651562
1045,0.710152052159,0.729404150507
1046,0.708201895354,0.727124103667
1047,0.708342616979,0.727728836164
1048,0.709529090275,0.729564151692
1049,0.712579885478,0.733493232285
1050,0.713599070286,0.735241869141
1051,0.71301811781,0.735013957702
1052,0.709521426166,0.731264565749
1053,0.705109048939,0.726470734332
1054,0.701316231898,0.722321568584
1055,0.696743543877,0.717436704182
1056,0.693427907166,0.713652918198
1057,0.67179212543,0.687004291092
1058,0.685961276875,0.705927725529
1059,0.680694526862,0.700049899359
1060,0.675512826971,0.69470319795
1061,0.670193735663,0.689190365694
1062,0.663503303313,0.682197324469
1063,0.658166756096,0.676518470479
1064,0.650949331168,0.668792853273
1065,0.644873317902,0.662052589631
1066,0.637623720878,0.654202197897
1067,0.629864433383,0.645808561793
1068,0.622774293292,0.638389664212
1069,0.618844628742,0.634529592587
1070,0.614241135171,0.630037239111
1071,0.609007591359,0.625055212853
1072,0.604782568245,0.620867397374
1073,0.598933476485,0.614816632247
1074,0.592034255154,0.60754657598
1075,0.585140968193,0.600232347003
1076,0.578698461255,0.593616631076
1077,0.57331934756,0.587951346633
1078,0.566310591121,0.58056055336
1079,0.559203681943,0.572739176653
1080,0.552435034113,0.565305807847
1081,0.54460930926,0.556755708015
1082,0.538290617971,0.549750421784
1083,0.530783421329,0.541567453838
1084,0.524260180125,0.534369753243
1085,0.518120406411,0.527740370983
1086,0.514268866019,0.523834415342
1087,0.511921340575,0.521787019883
1088,0.510169310467,0.52038810037
1089,0.50775104377,0.518246636874
1090,0.504729197778,0.515135238697
1091,0.500725267534,0.510837782484
1092,0.497698615516,0.507608540864
1093,0.494693212423,0.504394167564
1094,0.4926831871,0.50224848122
1095,0.491201227068,0.500717581773
1096,0.490598024876,0.500106519125
1097,0.490023253251,0.499625179458
1098,0.490820406971,0.50060319125
1099,0.491140092937,0.500994504245
1100,0.491044603158,0.500847800667
1101,0.490068045723,0.499664325555
1102,0.490727109836,0.500227166297
1103,0.491134790732,0.500602650139
1104,0.492628840075,0.502186132476
1105,0.495062228931,0.504771978022
1106,0.497896200061,0.507823336734
1107,0.501356356583,0.511509442968
1108,0.504858105508,0.51528663624
1109,0.507430942549,0.517885498425
1110,0.509597814644,0.519841104893
1111,0.511713215474,0.521607045565
1112,0.513978597162,0.523559756665
1113,0.517466528444,0.527111069416
1114,0.524276958195,0.534462430144
1115,0.530691219482,0.54147107195
1116,0.538029301919,0.549513145971
1117,0.545897746662,0.558061175957
1118,0.552139035727,0.564988964926
1119,0.5594665585,0.573047283813
1120,0.566332213299,0.580611419065
1121,0.573386829334,0.58808284658
1122,0.578383638336,0.593286477999
1123,0.584922002668,0.600022578172
1124,0.592449667592,0.607872662156
1125,0.598303165343,0.614190372598
1126,0.604926897325,0.621042857916
1127,0.609751507654,0.62581984091
1128,0.613681503256,0.62953266559
1129,0.618442912345,0.634166712892
1130,0.623660577544,0.639263549575
1131,0.629994831432,0.645932416219
1132,0.637348119146,0.653923123618
1133,0.64411475988,0.661315879653
1134,0.650830875891,0.668654791122
1135,0.657921766546,0.676274871608
1136,0.662928010487,0.681626797611
1137,0.668692880961,0.687676145911
1138,0.675371128306,0.69455267241
1139,0.680491025768,0.699793511307
1140,0.685085229488,0.705023797857
1141,0.671965158302,0.687151653951
1142,0.692904975941,0.71308348374
1143,0.697071305725,0.717794846613
1144,0.701754625058,0.722686205787
1145,0.705360340187,0.726683393548
1146,0.710610028067,0.732317116294
1147,0.712785727433,0.734801438223
1148,0.713161273333,0.734814571392
1149,0.711780109566,0.732598899403
1150,0.709395375194,0.729381020366
1151,0.707722961985,0.727030729282
1152,0.706856553774,0.725742380287
1153,0.709553689745,0.728699681137
1154,0.710560015218,0.729902318726
1155,0.71054277731,0.729146004206
1156,0.710855238057,0.729412598358
1157,0.710038158517,0.728529075004
1158,0.709761232576,0.728695848095
1159,0.711418201971,0.731041326981
1160,0.711241862971,0.731619249753
1161,0.715075038641,0.736262881065
1162,0.715461800777,0.737315898468
1163,0.714307018183,0.736439238319
1164,0.711862408535,0.733644684294
1165,0.705924381402,0.727153232869
1166,0.702275343168,0.723304679441
1167,0.698112695706,0.718788561132
1168,0.685481556654,0.702905062049
1169,0.687511407594,0.706847739729
1170,0.685174031222,0.704944365688
1171,0.679810641984,0.699352701054
1172,0.674604125029,0.693953745936
1173,0.668908400733,0.687963813844
1174,0.662872239889,0.681695618246
1175,0.656035775462,0.674265578381
1176,0.64940152245,0.66708589713
1177,0.64250431583,0.659498083612
1178,0.635362429742,0.651731314927
1179,0.628143334199,0.643790569291
1180,0.620078911234,0.635255363789
1181,0.614546893791,0.629619337138
1182,0.609555348201,0.624709643265
1183,0.605882175705,0.621580443818
1184,0.601465807996,0.617148476213
1185,0.595817305995,0.611410475217
1186,0.590046082262,0.605452242297
1187,0.582785346862,0.597692404324
1188,0.576863704822,0.5918834091
1189,0.572297845985,0.587321196993
1190,0.565726892979,0.580216382452
1191,0.557561791985,0.571212990415
1192,0.549259779469,0.561882113316
1193,0.542219455072,0.554152189668
1194,0.53416895348,0.545219018111
1195,0.527045683437,0.537418525397
1196,0.52067058455,0.530480032848
1197,0.515416427765,0.524992241702
1198,0.512569554535,0.522300373344
1199,0.510588798456,0.520730982155
1200,0.50779375935,0.518180814729
1201,0.505696673584,0.516198302745
1202,0.502161610943,0.512629245836
1203,0.499431411611,0.509752695098
1204,0.495536595881,0.505733912861
1205,0.493668111284,0.503607762287
1206,0.49088745653,0.500601574268
1207,0.490941889601,0.500900646482
1208,0.490227663945,0.500147055351
1209,0.488968320945,0.498657473153
1210,0.487733929363,0.497038167576
1211,0.487407237292,0.496683484415
1212,0.488555199779,0.4982727134
1213,0.489801165963,0.499724319509
1214,0.490770139754,0.500766439691
1215,0.491104200972,0.500808195295
1216,0.49334773707,0.503348081889
1217,0.495331730218,0.505503563581
1218,0.498965670912,0.509312075362
1219,0.502429380335,0.512930342483
1220,0.505675628428,0.516171196024
1221,0.507528087493,0.517940511015
1222,0.510549754682,0.52066809165
1223,0.512733538014,0.522508480197
1224,0.515815074977,0.525362997357
1225,0.520467943377,0.530320807454
1226,0.526833389778,0.537196457069
1227,0.534154751736,0.545201320327
1228,0.541349448982,0.553255890258
1229,0.549244784796,0.561919006701
1230,0.557739538997,0.571338518411
1231,0.565281370093,0.579753417716
1232,0.571855194319,0.586847687053
1233,0.576918194142,0.59199496108
1234,0.582867203235,0.597806065262
1235,0.589684867124,0.605030203297
1236,0.595708133447,0.611287221771
1237,0.602062026602,0.617746582243
1238,0.605680954129,0.621309065341
1239,0.60975641267,0.624909170831
1240,0.614503208341,0.62961812967
1241,0.619878578641,0.635045664038
1242,0.627871447245,0.643505882299
1243,0.63574793943,0.652077476161
1244,0.642286412041,0.659308297971
1245,0.650238178935,0.667907821697
1246,0.655913470403,0.674112729871
1247,0.662486696688,0.681239932487
1248,0.667938769534,0.687047830655
1249,0.674594199622,0.693921468963
1250,0.679276741634,0.698787329794
1251,0.684835954804,0.704614499345
1252,0.686610457779,0.705866091064
1253,0.686428656426,0.703878185485
1254,0.697536707874,0.718309459563
1255,0.701945638925,0.722892111944
1256,0.705276778873,0.726505578729
1257,0.710013977972,0.731691235029
1258,0.713575242873,0.735637059576
1259,0.715585580019,0.737432867851
1260,0.714886844855,0.736128151331
1261,0.712567944167,0.732895682904
1262,0.711234313184,0.730853866755
1263,0.710588243866,0.729586783869
1264,0.710063243562,0.728546760275
1265,0.710673114387,0.729197345629
1266,0.485691446536,0.501267845161
1267,0.591210584771,0.610183140238
1268,0.70860302911,0.730566352881
1269,0.707614178059,0.729569402647
1270,0.588412651991,0.606782214422
1271,0.485287784834,0.50100365903
1272,0.590861183274,0.610153784387
1273,0.709985321228,0.733059847091
1274,0.699425013254,0.721004850337
1275,0.579872409085,0.597219026193
1276,0.476777053618,0.491095173379
1277,0.585220068834,0.604396872918
1278,0.6977384358,0.719890145459
1279,0.686158490567,0.706525526497
1280,0.569236479629,0.584866143254
1281,0.471444491034,0.484920269208
1282,0.568507182362,0.584667232157
1283,0.660073864822,0.67485347874
1284,0.671117562025,0.690427111116
1285,0.561566965497,0.57719212289
1286,0.463601468902,0.476630321215
1287,0.556795240212,0.572163056793
1288,0.65839465373,0.676871571561
1289,0.654552845919,0.673962050693
1290,0.556205603018,0.573319606363
1291,0.458499786726,0.471678989477
1292,0.545365200163,0.560389917644
1293,0.637561381779,0.654722624452
1294,0.630708375564,0.648339148046
1295,0.539157303771,0.554920279921
1296,0.449419313751,0.461993857285
1297,0.535534411184,0.550546282318
1298,0.61795881775,0.635210179928
1299,0.607224498259,0.623764416452
1300,0.521833307541,0.536700806441
1301,0.443506857454,0.455557814784
1302,0.52414385315,0.538848227133
1303,0.596552215579,0.613547079251
1304,0.586454943595,0.60268950724
1305,0.507603187218,0.521721030923
1306,0.435852078374,0.447209724197
1307,0.506862534418,0.520044514881
1308,0.567147752801,0.581893471968
1309,0.558620525152,0.572499823072
1310,0.483177372577,0.494299745833
1311,0.423311161911,0.432860308654
1312,0.488859876191,0.499792898332
1313,0.535849911977,0.546900235382
1314,0.528387739238,0.538948299406
1315,0.464012944929,0.47286455172
1316,0.416514116087,0.425044983311
1317,0.472899609225,0.481892209676
1318,0.510353851185,0.518973590942
1319,0.504353906809,0.512922450196
1320,0.45070372202,0.459514229171
1321,0.414741277206,0.423183869249
1322,0.464798007046,0.473557662865
1323,0.499096946241,0.508435807125
1324,0.49338544569,0.502969192354
1325,0.445021913195,0.454998904885
1326,0.413302472882,0.421449164154
1327,0.464944525905,0.474076122919
1328,0.491803674762,0.501159744481
1329,0.479351074659,0.488491627756
1330,0.433915252867,0.443464746016
1331,0.419266795423,0.427844064553
1332,0.465881868165,0.475152105957
1333,0.487428113932,0.497148697242
1334,0.472344454704,0.481789930435
1335,0.427813111577,0.437216550332
1336,0.427556800563,0.436977633602
1337,0.471792554102,0.481282140593
1338,0.487692371582,0.497438901876
1339,0.466232261081,0.475529757862
1340,0.419241897952,0.427864173026
1341,0.433944845121,0.443518140466
1342,0.479320603215,0.488506361513
1343,0.4907800538,0.500154979162
1344,0.465022572071,0.474134275859
1345,0.413247589604,0.42137687725
1346,0.445154554051,0.455139821385
1347,0.493475713434,0.503072311177
1348,0.499478167208,0.508826654876
1349,0.465099159237,0.473813321813
1350,0.414427489154,0.422836769088
1351,0.450459459406,0.459280640206
1352,0.504004410265,0.512538980701
1353,0.50999880662,0.518577409173
1354,0.472996770584,0.482027387036
1355,0.416406053743,0.424887775302
1356,0.463716860175,0.472612006917
1357,0.527947574084,0.538552974211
1358,0.535819698278,0.546883307695
1359,0.488930113106,0.499832804644
1360,0.423247519639,0.432804315412
1361,0.483527163308,0.494649370947
1362,0.55741943912,0.571245573317
1363,0.567163972578,0.581894645675
1364,0.507624410979,0.520818556738
1365,0.436297986678,0.447616264726
1366,0.507070040501,0.521143335233
1367,0.58707892549,0.603347136822
1368,0.596872100282,0.613856118249
1369,0.524130512915,0.538819209178
1370,0.443654571196,0.455738041493
1371,0.522051224914,0.536936803054
1372,0.607915134553,0.624434259661
1373,0.617422560262,0.634604970197
1374,0.535644502119,0.55065407653
1375,0.449213436119,0.461754647012
1376,0.53907774784,0.554830610906
1377,0.630487178506,0.648081581778
1378,0.637136359546,0.654315925992
1379,0.545034812695,0.560077986124
1380,0.458345089482,0.471535357159
1381,0.555735955394,0.572750705202
1382,0.654747938402,0.674202180871
1383,0.658113414115,0.676582515509
1384,0.556259190934,0.571563852148
1385,0.463720114533,0.476800827627
1386,0.561089539846,0.576684929524
1387,0.670841078703,0.690145295147
1388,0.659674687905,0.6744732777
1389,0.5686988629,0.584788670921
1390,0.471448579469,0.48488506747
1391,0.568026993609,0.583585393189
1392,0.685781908026,0.706137171064
1393,0.69673487946,0.718870302739
1394,0.585764598208,0.604979504076
1395,0.477586551187,0.491955748997
1396,0.580000224203,0.597331647706
1397,0.699662372673,0.721308706059
1398,0.709055253763,0.732157539065
1399,0.590748410776,0.610131553624
1400,0.485001711076,0.500711804146
1401,0.588263100486,0.606648098143
1402,0.707620238887,0.729565904155
1403,0.708560249701,0.730524618815
1404,0.590032411927,0.609003435259
1405,0.684213896169,0.703931576298
1406,0.682315223105,0.701819595482
1407,0.680632202583,0.699791903205
1408,0.679557532648,0.698461535468
1409,0.678920358304,0.697905931928
1410,0.679549068008,0.698976644837
1411,0.680946699155,0.700963591231
1412,0.682772003124,0.703293228492
1413,0.683085076281,0.704016071366
1414,0.681507856837,0.702357971102
1415,0.678037350097,0.698629283825
1416,0.675393256647,0.695639521233
1417,0.672968632127,0.693126284021
1418,0.669651788592,0.689807612432
1419,0.667426959532,0.687488829115
1420,0.665222766871,0.685262009016
1421,0.652727910362,0.669571842425
1422,0.654498285019,0.673043171679
1423,0.653373256678,0.672161761999
1424,0.648079143843,0.666360556956
1425,0.64405490878,0.66222223557
1426,0.639905648669,0.657915306281
1427,0.636314586505,0.654146228868
1428,0.631331657203,0.648872379357
1429,0.627797169702,0.645153143802
1430,0.622896280834,0.639990279792
1431,0.618064868001,0.634818615908
1432,0.612736215153,0.628951866144
1433,0.607826182126,0.623560115514
1434,0.603228353305,0.61871327079
1435,0.599681531393,0.615296336015
1436,0.596158096212,0.612009264481
1437,0.592980762945,0.609004413331
1438,0.590576722025,0.606759194399
1439,0.586445677171,0.602570186028
1440,0.582139040726,0.598157636088
1441,0.578055317405,0.593919435385
1442,0.573978287995,0.589749773491
1443,0.569325910136,0.585038134222
1444,0.564069593605,0.579555835482
1445,0.55993078079,0.575240995517
1446,0.5534968943,0.568409647246
1447,0.548171416279,0.562563553614
1448,0.541878421772,0.555539770137
1449,0.535384012784,0.548359457511
1450,0.530349819838,0.542701330484
1451,0.524020210144,0.535669019976
1452,0.518509011869,0.529705426301
1453,0.513875812438,0.524552926809
1454,0.508521308151,0.518665960101
1455,0.503215531999,0.512914043605
1456,0.497382037387,0.506543764303
1457,0.492925964975,0.501798785818
1458,0.489778167187,0.49866213881
1459,0.48784142673,0.497031466787
1460,0.486205857519,0.495647750845
1461,0.484469211249,0.494143567262
1462,0.482850481126,0.492671202753
1463,0.481998458185,0.491981090157
1464,0.479815775302,0.489769885115
1465,0.477850551036,0.487667836907
1466,0.475418463488,0.485014878001
1467,0.473601445431,0.483111731098
1468,0.472320465019,0.481870392864
1469,0.471911168985,0.481626651082
1470,0.471492336058,0.481309513363
1471,0.470720485441,0.480555705441
1472,0.470536133619,0.480430793793
1473,0.470504327706,0.480442940229
1474,0.471150689549,0.481074950662
1475,0.470036252972,0.479963588829
1476,0.470542896362,0.480425015779
1477,0.470890305573,0.480735968659
1478,0.471516254339,0.481339108214
1479,0.471779508854,0.481467179272
1480,0.472435193322,0.482037567547
1481,0.47301635383,0.482535807983
1482,0.475353496165,0.484977860356
1483,0.478009408747,0.487845076726
1484,0.480029149642,0.489987637082
1485,0.481854856605,0.491838697303
1486,0.483102023448,0.492947521515
1487,0.484509666153,0.494167226486
1488,0.485982094408,0.495474503726
1489,0.488033126229,0.497194821041
1490,0.489967930633,0.498868089997
1491,0.493332687153,0.502244884383
1492,0.497757351046,0.506944252978
1493,0.503038638911,0.512739526762
1494,0.507761240483,0.517946696706
1495,0.513932670907,0.524584823514
1496,0.519434479497,0.530644391328
1497,0.524160230795,0.535850189078
1498,0.52975042232,0.542117278437
1499,0.535148810873,0.548119893923
1500,0.541681053867,0.55533113578
1501,0.54780162873,0.562261297333
1502,0.554289045645,0.56918547097
1503,0.559241599136,0.574536880021
1504,0.564528906617,0.580106637834
1505,0.569499565815,0.585153148841
1506,0.573696566038,0.589457439428
1507,0.577951338293,0.593856165614
1508,0.582196639457,0.598235340468
1509,0.586517084221,0.602642341155
1510,0.591251312819,0.60746339258
1511,0.594200770087,0.610242861303
1512,0.596683392618,0.612451049713
1513,0.599696120531,0.615251684496
1514,0.603284340426,0.618780108872
1515,0.607747311029,0.623428310386
1516,0.613299280703,0.629581628835
1517,0.618318541993,0.635133311098
1518,0.623797839077,0.640905193773
1519,0.62750497448,0.644869669666
1520,0.632054735717,0.649661385489
1521,0.635499862611,0.653285026845
1522,0.640254432408,0.658328628691
1523,0.644494260581,0.662691068175
1524,0.648428364226,0.666745387831
1525,0.653369885002,0.672097608671
1526,0.654484157781,0.67297254831
1527,0.653120264706,0.670007427613
1528,0.66518062362,0.685200610371
1529,0.667920750632,0.688102647045
1530,0.670205983469,0.690382491426
1531,0.672360252743,0.692557543396
1532,0.674112636386,0.694327563248
1533,0.677536446539,0.698063021463
1534,0.681160792615,0.702093949259
1535,0.683237415916,0.704127885257
1536,0.682639156032,0.703047885656
1537,0.681053371408,0.701040650988
1538,0.679966045365,0.699345443081
1539,0.678303131337,0.697245047205
1540,0.679662063982,0.698565034871
1541,0.681347678497,0.700575623467
1542,0.682525395406,0.702056179553
1543,0.684098517018,0.70378615506
1544,0.680432753421,0.699353249649
1545,0.680125079776,0.699053351143
1546,0.6802782849,0.698986821556
1547,0.678834298282,0.697341760551
1548,0.677215025884,0.695627365809
1549,0.678944397462,0.697764136247
1550,0.679933695109,0.699320860127
1551,0.680534803381,0.700392436283
1552,0.680825009989,0.701130938517
1553,0.680442344008,0.701036088406
1554,0.678021657171,0.698365801473
1555,0.673953033733,0.693943803494
1556,0.670924410344,0.690623811761
1557,0.668259464834,0.687751166599
1558,0.665905386007,0.685263919159
1559,0.663328633067,0.682591599204
1560,0.656089558432,0.673460114233
1561,0.642383575344,0.657231632883
1562,0.6536537633,0.672198256624
1563,0.64974168022,0.667860826498
1564,0.644651713468,0.662534893066
1565,0.641148956054,0.658917106901
1566,0.636871832372,0.654522310454
1567,0.632527066026,0.650088888451
1568,0.628365646078,0.645773618707
1569,0.624004064038,0.641053600223
1570,0.619939694171,0.636685729953
1571,0.614193571687,0.630364139846
1572,0.609074134225,0.624727751051
1573,0.603351713854,0.618604504442
1574,0.599512842986,0.614665495537
1575,0.595925797765,0.611270919438
1576,0.592066137869,0.607527044475
1577,0.588850969801,0.604450229156
1578,0.58463355002,0.600349790507
1579,0.581883955299,0.597511709424
1580,0.576780870229,0.592295961501
1581,0.573019677422,0.588493937833
1582,0.568315595338,0.583692458663
1583,0.562853403896,0.578014275974
1584,0.55792036899,0.57282902615
1585,0.552393640086,0.566988313672
1586,0.546590431909,0.560707260936
1587,0.54091860011,0.554514452147
1588,0.534620613404,0.547450073975
1589,0.529547477505,0.541786613326
1590,0.524149200457,0.535819474919
1591,0.518651226072,0.529761446667
1592,0.513364442516,0.523989249469
1593,0.508426902411,0.518575784608
1594,0.503075539396,0.512752711914
1595,0.497861451938,0.507124763252
1596,0.492811503955,0.501651400364
1597,0.489520182443,0.498316298905
1598,0.487033001078,0.496031610388
1599,0.485553003477,0.494881386971
1600,0.48384060084,0.493421163854
1601,0.482028229255,0.491802487648
1602,0.480484004173,0.49032976965
1603,0.478612335086,0.488384979256
1604,0.476207233662,0.485796313584
1605,0.473428705338,0.482733588698
1606,0.471311789504,0.480466190283
1607,0.470055010758,0.479299885263
1608,0.469307456248,0.478608780767
1609,0.469110291657,0.478468090935
1610,0.469087713664,0.478627475956
1611,0.469152383302,0.478823439839
1612,0.469395330405,0.479132405175
1613,0.469411757174,0.479207866892
1614,0.470043808098,0.479833761345
1615,0.468872928002,0.478593992716
1616,0.468682984906,0.478352077806
1617,0.468999274862,0.478522018424
1618,0.469107766546,0.478526201626
1619,0.469576161582,0.478880590919
1620,0.469881597351,0.47912889638
1621,0.470851489599,0.480045665976
1622,0.4735459089,0.482867917992
1623,0.476230667623,0.485791098408
1624,0.478322175441,0.48811098708
1625,0.480983599695,0.490847289947
1626,0.482553051421,0.492318238068
1627,0.483830064242,0.493408838064
1628,0.485559675449,0.49487086239
1629,0.487285455336,0.496292153517
1630,0.489803445569,0.498608773398
1631,0.49292113466,0.501789240309
1632,0.497391409875,0.506656931269
1633,0.502334018671,0.511970166334
1634,0.507753670515,0.517877926369
1635,0.51373119459,0.524380731335
1636,0.518783732063,0.529923461873
1637,0.523917215271,0.535574434514
1638,0.529080934418,0.541310615959
1639,0.535422024332,0.548311811882
1640,0.541116964649,0.554697822207
1641,0.546509009245,0.560676908248
1642,0.55250027189,0.567113743734
1643,0.557864929213,0.572760127901
1644,0.563244347551,0.578416952774
1645,0.56846766699,0.583855696588
1646,0.573035689362,0.588527391616
1647,0.577468499729,0.593062079386
1648,0.580558468842,0.596226243839
1649,0.584790875953,0.600463422251
1650,0.588365867961,0.603918074633
1651,0.59193783282,0.607354246105
1652,0.595708121025,0.610991223772
1653,0.599521270962,0.614696471404
1654,0.604059096368,0.619325861471
1655,0.608687909826,0.624361615758
1656,0.61435762848,0.630588152002
1657,0.619403150489,0.636102235449
1658,0.624267372231,0.641403651338
1659,0.629154612567,0.646541875626
1660,0.63228972351,0.649861339976
1661,0.636142206691,0.653776219642
1662,0.640737758267,0.658492430418
1663,0.644819682681,0.662679530203
1664,0.649853473865,0.667994018785
1665,0.654605374351,0.673201848208
1666,0.642665203608,0.657517905359
1667,0.655175155792,0.672432599926
1668,0.663455075528,0.682683824589
1669,0.66610112151,0.68548987344
1670,0.668625255087,0.688119189848
1671,0.67185544995,0.691550899705
1672,0.674915303636,0.694894165577
1673,0.677734094555,0.698089594744
1674,0.679975959701,0.700563041407
1675,0.681393757596,0.701705187079
1676,0.681005364179,0.700911819933
1677,0.680074803611,0.699416185568
1678,0.678212028214,0.697036504713
1679,0.677620561577,0.696008564028
1680,0.678859664664,0.697410346648
1681,0.679469107491,0.698173908201
1682,0.680937787558,0.699862942176
1683,0.672526136101,0.690885017243
1684,0.67252712554,0.690936224689
1685,0.670789007998,0.688989261883
1686,0.670360538708,0.688446976853
1687,0.669181868794,0.687453694449
1688,0.671314835637,0.690070345698
1689,0.672172894072,0.691410878371
1690,0.673039276569,0.692870738248
1691,0.672759438937,0.692907716112
1692,0.670879038813,0.691051346886
1693,0.667980536066,0.687845899798
1694,0.665180537725,0.684731892165
1695,0.662762101575,0.682177300209
1696,0.659825429497,0.679069364419
1697,0.65759784045,0.676657423932
1698,0.65547980682,0.674497827743
1699,0.646361063995,0.663227692728
1700,0.649869579635,0.668502933457
1701,0.645638092818,0.66392890459
1702,0.641426403761,0.659276404863
1703,0.63719019736,0.655016295743
1704,0.633888732077,0.651595472935
1705,0.62927489151,0.646836019371
1706,0.625259634999,0.642642994397
1707,0.621187515081,0.638345084334
1708,0.617015171734,0.633786863087
1709,0.611735918126,0.627984926737
1710,0.606880647674,0.622679129785
1711,0.601556813264,0.616868068848
1712,0.596062581443,0.611034218873
1713,0.592032743789,0.606950782225
1714,0.587902473698,0.602936518657
1715,0.584333087691,0.599432381355
1716,0.58098395406,0.596260481871
1717,0.577623825965,0.592982051458
1718,0.574104821393,0.589406183156
1719,0.569765940164,0.584909011215
1720,0.565305541864,0.580384911677
1721,0.560160854752,0.574945783561
1722,0.554483174119,0.568905651548
1723,0.548858457379,0.563006886325
1724,0.544615487153,0.558552250287
1725,0.539534911257,0.552993221821
1726,0.533536288089,0.546499191928
1727,0.528651711844,0.540910097676
1728,0.523181788935,0.534830906313
1729,0.517810124527,0.528951374814
1730,0.51275046231,0.523421830322
1731,0.507093753256,0.517282695865
1732,0.501985522198,0.511742031979
1733,0.497598058898,0.506949000833
1734,0.493005833909,0.501893129455
1735,0.489109026736,0.497835488815
1736,0.486316393412,0.49513520519
1737,0.483929020657,0.493106462518
1738,0.482542933158,0.491962552537
1739,0.481683699567,0.491317809493
1740,0.479340947725,0.489041994573
1741,0.477757788078,0.487375446314
1742,0.474585287075,0.484000346834
1743,0.471926786706,0.48107524833
1744,0.469859924852,0.478857806663
1745,0.468322853874,0.477285177436
1746,0.467476322861,0.476472332187
1747,0.466300922206,0.475317269923
1748,0.46635202693,0.475465592538
1749,0.466425465967,0.475690054259
1750,0.466322454733,0.475781332683
1751,0.467745985755,0.477335040548
1752,0.467650871711,0.477328247198
1753,0.467609404341,0.477170104423
1754,0.466736619714,0.476189743678
1755,0.46669994706,0.475982821112
1756,0.466107635332,0.475226877884
1757,0.466347352225,0.475359028929
1758,0.467417888835,0.476405424776
1759,0.468583896556,0.477542411183
1760,0.470079804404,0.479048082428
1761,0.472401514096,0.48151057913
1762,0.475043247654,0.484471907546
1763,0.477456083978,0.48710167154
1764,0.47951061902,0.489234950559
1765,0.481592821853,0.491197626786
1766,0.482980200426,0.492411999258
1767,0.484026608127,0.493206788301
1768,0.486014971563,0.494858122513
1769,0.488598870727,0.497311753669
1770,0.492922536216,0.501861333853
1771,0.497792860346,0.507124048826
1772,0.50232282959,0.512052597703
1773,0.50734679994,0.517516962203
1774,0.51251528239,0.523165461189
1775,0.517545617801,0.528705363722
1776,0.522955683797,0.53462007668
1777,0.527897780092,0.540157656015
1778,0.533372133639,0.546274924147
1779,0.538837886985,0.55235260473
1780,0.54462115946,0.558483820611
1781,0.54950133406,0.563720766637
1782,0.554715971981,0.569178945829
1783,0.560610342965,0.575424959221
1784,0.565488329164,0.580535099081
1785,0.569792301442,0.584957777462
1786,0.573841365763,0.589081830269
1787,0.577725712572,0.593107181273
1788,0.580548030211,0.595823784676
1789,0.584530748451,0.599639234984
1790,0.588087179079,0.603171308823
1791,0.591953612597,0.606841036203
1792,0.595718964537,0.610705143264
1793,0.601933705786,0.617256823819
1794,0.606789532622,0.622583336326
1795,0.611710258776,0.627932561916
1796,0.616162363909,0.632881582652
1797,0.621526692719,0.63864675731
1798,0.625640052931,0.643056025401
1799,0.630142770328,0.647708176204
1800,0.633020803897,0.650718748554
1801,0.637386722101,0.65517170447
1802,0.64106524613,0.65895434422
1803,0.645975971186,0.664235314347
1804,0.649346193695,0.667984797659
1805,0.647003820633,0.663841389324
1806,0.65509180205,0.674098772395
1807,0.657238633868,0.676365738456
1808,0.660113353716,0.679274137436
1809,0.661654218742,0.680992665442
1810,0.6644276515,0.683996271255
1811,0.66875082953,0.688595149297
1812,0.671671519613,0.691919519905
1813,0.672406400281,0.692523576709
1814,0.672678071917,0.692451356608
1815,0.671442883208,0.690736502014
1816,0.67114631963,0.689962234501
1817,0.669916104401,0.688267757299
1818,0.670824008353,0.688889749711
1819,0.671776453824,0.690042335348
1820,0.672298643184,0.690712632369
1821,0.672302794065,0.690733739889
1822,0.654606580353,0.672388958009
1823,0.654303575064,0.672110413067
1824,0.652639314081,0.670372750336
1825,0.652850719397,0.670467795273
1826,0.652755487791,0.670521053958
1827,0.653969495069,0.672135191338
1828,0.654560556005,0.673195599923
1829,0.654987123095,0.674044816908
1830,0.656157709234,0.675590641293
1831,0.654980112565,0.674588923636
1832,0.652736314621,0.672334472532
1833,0.650363968554,0.669642717259
1834,0.647004490903,0.665985953958
1835,0.645451375553,0.664245666791
1836,0.642816437422,0.661564304131
1837,0.640638829799,0.659300415323
1838,0.634411812213,0.651282887135
1839,0.633760727261,0.65170495302
1840,0.632790939246,0.650924323907
1841,0.62949904607,0.647296462605
1842,0.625502496473,0.643087705467
1843,0.622522387456,0.640025750222
1844,0.61842631856,0.635899745006
1845,0.61468987214,0.631924533134
1846,0.611371538221,0.628388073538
1847,0.606459993931,0.623120574652
1848,0.602170548233,0.618410407848
1849,0.596979722721,0.61278880127
1850,0.593133241581,0.608580634762
1851,0.587850696511,0.602730942874
1852,0.582519532822,0.597075080446
1853,0.578821741665,0.593305717788
1854,0.575526102867,0.59012581853
1855,0.57159419909,0.586190550498
1856,0.568601053612,0.583142981171
1857,0.565098485986,0.579509964694
1858,0.560634830655,0.575006622083
1859,0.558469326561,0.57311296743
1860,0.553944246416,0.568493296404
1861,0.549872170134,0.564303559642
1862,0.545523633553,0.559728951752
1863,0.540473215935,0.554458356677
1864,0.534818249966,0.548270500449
1865,0.530917862882,0.544136171473
1866,0.525773328225,0.538656981664
1867,0.520805476951,0.532956978107
1868,0.514512741491,0.526024884042
1869,0.509265581858,0.520172285668
1870,0.503938468352,0.51428046733
1871,0.499076681656,0.508856084661
1872,0.493991559196,0.503368111672
1873,0.490424137965,0.499423906882
1874,0.486404679281,0.495105667564
1875,0.483353135423,0.492061971363
1876,0.481537819019,0.490535269698
1877,0.480420465598,0.48971885089
1878,0.478649240701,0.488115614177
1879,0.47717847356,0.486789692041
1880,0.475180807654,0.484804082271
1881,0.473677544662,0.483272430717
1882,0.471027703356,0.480396968671
1883,0.470395789735,0.479857047592
1884,0.468217016652,0.477589414741
1885,0.467004448757,0.476311309194
1886,0.465360994269,0.474474310041
1887,0.464076211179,0.473083401931
1888,0.462745401696,0.471483287875
1889,0.462789684292,0.471735000524
1890,0.464119819536,0.473534103715
1891,0.465085686089,0.474600738805
1892,0.465182452008,0.474696313974
1893,0.464201525436,0.473626515581
1894,0.462794188838,0.471729814906
1895,0.462886248472,0.471656767822
1896,0.464052754441,0.473097675916
1897,0.465613962863,0.47475021421
1898,0.466880552853,0.476139975487
1899,0.468712468007,0.478088802573
1900,0.469866217854,0.479283447348
1901,0.471565223343,0.480939632674
1902,0.473763485258,0.483342306653
1903,0.475896551733,0.485474501462
1904,0.477012712727,0.486634033739
1905,0.479014710457,0.48848276877
1906,0.479979932326,0.48927682049
1907,0.481909105286,0.490909558771
1908,0.483630672819,0.492363798324
1909,0.48685429639,0.495548138198
1910,0.490377353758,0.499371555475
1911,0.494271764162,0.503643209868
1912,0.499140319538,0.508936531055
1913,0.503696056161,0.513988456515
1914,0.509753762068,0.520684739639
1915,0.515213081498,0.52675409069
1916,0.520433599972,0.532560437009
1917,0.52635663124,0.539241311806
1918,0.530722793123,0.543956805394
1919,0.535050989198,0.548496751226
1920,0.540292981764,0.554226656491
1921,0.545598285481,0.559822098118
1922,0.549500050759,0.563903236713
1923,0.553922041675,0.56844875465
1924,0.558381771682,0.572992387273
1925,0.56131546419,0.575728837489
1926,0.564951153394,0.579409568789
1927,0.568711376393,0.583255793701
1928,0.572182837231,0.586739449386
1929,0.575078450853,0.589694142768
1930,0.578947579747,0.593449603604
1931,0.582659730738,0.597234370841
1932,0.587434646571,0.602373440062
1933,0.592463534441,0.607812191145
1934,0.597123140502,0.61295195271
1935,0.601825307047,0.618045380877
1936,0.606281284554,0.622922582964
1937,0.610515367951,0.627479433203
1938,0.614548909299,0.631792015926
1939,0.618301117023,0.635729735167
1940,0.622237278234,0.639765083764
1941,0.626220568855,0.643842277009
1942,0.629529623218,0.647317901231
1943,0.632745139568,0.650864222259
1944,0.634104115755,0.652072210941
1945,0.633329686731,0.650138414123
1946,0.640734075333,0.65939738706
1947,0.643067753458,0.661839205611
1948,0.644682455266,0.663486432145
1949,0.647436075978,0.666364096156
1950,0.650906233173,0.670244371864
1951,0.65369166715,0.673374149098
1952,0.655125259921,0.67477388502
1953,0.655393270929,0.674852176456
1954,0.655066861243,0.674053333423
1955,0.654417152683,0.673049263886
1956,0.653550303348,0.671676507413
1957,0.653192353879,0.670969846256
1958,0.652444495498,0.67001609802
1959,0.653301936597,0.671011715109
1960,0.654234692677,0.672006745357
1961,0.40733124042,0.420308334729
1962,0.502642093727,0.518785183085
1963,0.615074024513,0.634038324516
1964,0.68895466971,0.709719851634
1965,0.636088104155,0.655736853859
1966,0.5236051894,0.540085345963
1967,0.413364801201,0.426707393043
1968,0.479892530832,0.495655474315
1969,0.591862601738,0.610789169423
1970,0.6818711589,0.703083146774
1971,0.648016286647,0.667697727211
1972,0.538222659064,0.554384589923
1973,0.422500984349,0.435163863381
1974,0.451651580624,0.4664995542
1975,0.565815333344,0.584387618559
1976,0.657855293987,0.67774990363
1977,0.650019248855,0.668795303784
1978,0.551211449298,0.566793970932
1979,0.437750582349,0.449924311717
1980,0.421795977049,0.434573258204
1981,0.532307365712,0.548651582637
1982,0.62754185453,0.645594600189
1983,0.645647893538,0.663893480193
1984,0.564934816297,0.580977591223
1985,0.453828220306,0.466958561453
1986,0.397986730928,0.409563950201
1987,0.497548999986,0.511461908772
1988,0.594159407545,0.610869022142
1989,0.633431987506,0.651313111927
1990,0.575563965973,0.59303530877
1991,0.470181736692,0.48482853577
1992,0.385711380568,0.396856041262
1993,0.46626214051,0.479628442755
1994,0.561645863865,0.577445213534
1995,0.608552026457,0.624389401216
1996,0.570848359006,0.586535475108
1997,0.47720387416,0.491193537822
1998,0.382062935168,0.392713277009
1999,0.43892079531,0.451468402373
2000,0.534126659181,0.549822388231
2001,0.588138862168,0.604302781009
2002,0.566022752682,0.581652070124
2003,0.482956315944,0.497066169392
2004,0.389888259073,0.400659060016
2005,0.411608142727,0.422482279929
2006,0.502228305339,0.516502152342
2007,0.56221962979,0.577651744304
2008,0.554439351192,0.569563460494
2009,0.482414022687,0.495927374487
2010,0.397438519486,0.408251925377
2011,0.389571474138,0.399326489171
2012,0.469058305006,0.480794459766
2013,0.525794645543,0.538249270296
2014,0.530137251127,0.542160830871
2015,0.472357677871,0.483178489169
2016,0.394396582508,0.403001161638
2017,0.37022982411,0.378883871648
2018,0.43966928554,0.449346602669
2019,0.493140417787,0.502722089391
2020,0.503064839062,0.512222851949
2021,0.462545195315,0.471581237592
2022,0.40078010918,0.410524106249
2023,0.417860051657,0.425856109887
2024,0.468749317704,0.476952063321
2025,0.481703228933,0.489886186513
2026,0.455315745133,0.464513899687
2027,0.397160759152,0.40622754523
2028,0.359020526101,0.366693767544
2029,0.404541633772,0.412491244976
2030,0.458197660438,0.467514766101
2031,0.473738035297,0.482778891621
2032,0.453048172383,0.462337646638
2033,0.398368720839,0.408077097045
2034,0.362844283509,0.371196041717
2035,0.396153005531,0.40435580387
2036,0.451014321402,0.460570189984
2037,0.467283258324,0.476512501499
2038,0.448943849837,0.458150146966
2039,0.392402342237,0.401403007856
2040,0.366436603701,0.375097580435
2041,0.393690265685,0.401967232281
2042,0.445520999154,0.454621489206
2043,0.466732866447,0.476099074619
2044,0.445517932498,0.454669675773
2045,0.393677208283,0.401960687809
2046,0.366670871104,0.375323551473
2047,0.392386552714,0.401432795952
2048,0.448937545066,0.458174690336
2049,0.467659823996,0.476886851531
2050,0.450482644221,0.460077626442
2051,0.396918211791,0.405114751799
2052,0.362796701491,0.371153823622
2053,0.398075484399,0.407757742876
2054,0.453543672075,0.462851988691
2055,0.47453368671,0.483569997739
2056,0.458576815763,0.467862223147
2057,0.404977651663,0.412862567003
2058,0.358926455332,0.366583160204
2059,0.397616653862,0.406690732839
2060,0.455342055152,0.464546084796
2061,0.481804460191,0.489977023388
2062,0.468131088677,0.476348448356
2063,0.418108376405,0.426138756814
2064,0.401016790215,0.410815926381
2065,0.461993385238,0.471017961679
2066,0.503216148229,0.512372622869
2067,0.493658459088,0.503240055097
2068,0.44000108493,0.449711493453
2069,0.370372664775,0.379067466943
2070,0.394976362069,0.403608215971
2071,0.472239178746,0.483080772705
2072,0.530065469882,0.542093414422
2073,0.525702854995,0.538166451376
2074,0.468708388043,0.480510068774
2075,0.389710148917,0.399504429939
2076,0.397144891444,0.407922222113
2077,0.482101148099,0.495615598283
2078,0.554314142501,0.569454788855
2079,0.562403406292,0.577854902775
2080,0.502672970531,0.516976903741
2081,0.412034313931,0.422929384308
2082,0.3898227702,0.400606221052
2083,0.482308331148,0.496459160421
2084,0.566049033772,0.581683557983
2085,0.588306836093,0.604429636032
2086,0.534262356403,0.549972550955
2087,0.438821816814,0.451414457036
2088,0.382186022183,0.392889333808
2089,0.477633211855,0.491635971481
2090,0.570035094952,0.585724097939
2091,0.608445056633,0.624248934734
2092,0.561196258466,0.576918228507
2093,0.46726642699,0.480667956455
2094,0.385859560846,0.396995601642
2095,0.469972618557,0.484642085863
2096,0.575807888545,0.593329511993
2097,0.632980105896,0.650839402312
2098,0.593633170206,0.610379660396
2099,0.497128487084,0.511073956221
2100,0.399177124239,0.410791308589
2101,0.453445222461,0.466525347365
2102,0.564470747361,0.580526771272
2103,0.644868129401,0.662995410916
2104,0.628027184964,0.646072391321
2105,0.532694076815,0.549021183524
2106,0.421751523476,0.43444211735
2107,0.438084754148,0.450245003236
2108,0.551709541102,0.56729897671
2109,0.648814874152,0.667614101189
2110,0.657834941261,0.677781926166
2111,0.566143874665,0.584755039563
2112,0.451379530639,0.466172818841
2113,0.422128121802,0.434777672328
2114,0.537205115825,0.553352362128
2115,0.648881936795,0.668582103199
2116,0.681227852924,0.702444149058
2117,0.592220278106,0.611144832043
2118,0.47985083386,0.495589966525
2119,0.413265327388,0.426660635179
2120,0.523839828566,0.540281646819
2121,0.637346572128,0.656997452823
2122,0.689005677607,0.709827615014
2123,0.614130419223,0.633023446755
2124,0.503015066952,0.519150417272
2125,0.672850197451,0.692430215796
2126,0.663287737164,0.682396020639
2127,0.648121790889,0.666393049747
2128,0.64650441524,0.664717094418
2129,0.658457259652,0.676853584933
2130,0.66784060504,0.686683297918
2131,0.668735877082,0.687989005622
2132,0.662080177506,0.681497588322
2133,0.650326825143,0.669643481298
2134,0.644919569313,0.664151771372
2135,0.657705638884,0.677652677687
2136,0.666766314162,0.687222076263
2137,0.667511711796,0.687930181188
2138,0.658126241468,0.678216118018
2139,0.64143789451,0.660296297418
2140,0.632796089711,0.651154575534
2141,0.643514559645,0.662584010758
2142,0.651801857022,0.671566119648
2143,0.654731537604,0.67470561865
2144,0.639093553157,0.655779127294
2145,0.631050181705,0.649412295144
2146,0.619245684179,0.636858115282
2147,0.626295924572,0.643982933393
2148,0.631374427921,0.649327264548
2149,0.632351400785,0.650381826308
2150,0.625931263049,0.643671156943
2151,0.611490645852,0.628567419627
2152,0.599942132571,0.616623813679
2153,0.605283655479,0.622067730218
2154,0.610963577194,0.628192953183
2155,0.610002194451,0.627041793529
2156,0.604780407327,0.621374974996
2157,0.591593341463,0.607653958709
2158,0.579322472629,0.594467380285
2159,0.58023331006,0.595144616223
2160,0.585572921392,0.600914318848
2161,0.585899413299,0.6014582428
2162,0.583010298696,0.598736902792
2163,0.574011700933,0.589892066036
2164,0.562927570836,0.578492229511
2165,0.561137771394,0.576351826852
2166,0.568243018454,0.584117668776
2167,0.568527257129,0.584525038057
2168,0.564757556679,0.580657337387
2169,0.555828773413,0.571558940569
2170,0.544832766624,0.559868082928
2171,0.539976322314,0.554868981556
2172,0.546082603807,0.561356076217
2173,0.54473984123,0.559998941328
2174,0.539539406431,0.554394345723
2175,0.531499336833,0.545819036511
2176,0.518247988821,0.531408034943
2177,0.511925777541,0.524293855113
2178,0.515406407726,0.527890036065
2179,0.512687196483,0.524838775357
2180,0.508308715523,0.519899566261
2181,0.50243168129,0.513555545528
2182,0.490884966369,0.500976555229
2183,0.484027851939,0.493572269388
2184,0.486455140511,0.49605187291
2185,0.484448895143,0.493757883826
2186,0.493676136256,0.502230504504
2187,0.47854543469,0.48702981653
2188,0.468840928567,0.477296609441
2189,0.464541481456,0.473087664231
2190,0.466320666304,0.475100309537
2191,0.466398351107,0.475527478518
2192,0.465176140203,0.474523200151
2193,0.464270838631,0.473833706009
2194,0.46156200719,0.47136211773
2195,0.457969810942,0.467681915034
2196,0.458199505975,0.468002289772
2197,0.458449115335,0.468249546236
2198,0.458044358768,0.467750915866
2199,0.4620283983,0.471832752166
2200,0.463489957829,0.473046011194
2201,0.465170937824,0.474546936255
2202,0.466949346192,0.476104128376
2203,0.466892819245,0.475689869339
2204,0.465416385534,0.473952600966
2205,0.469148855637,0.477591909118
2206,0.478871286068,0.487401051876
2207,0.493400761664,0.501920304312
2208,0.484378485598,0.493680193317
2209,0.486387506787,0.496000023955
2210,0.484724986956,0.494302606582
2211,0.491343332346,0.501471214194
2212,0.502309035172,0.513402287563
2213,0.508315225341,0.519892498542
2214,0.512696403758,0.524817140904
2215,0.515225807908,0.527706136593
2216,0.511586170813,0.523966636654
2217,0.518435429279,0.531578198453
2218,0.53177335672,0.546126862022
2219,0.538921244371,0.553831844555
2220,0.544317598914,0.559576075542
2221,0.545489439241,0.560750719694
2222,0.540187085249,0.555031448288
2223,0.545043843949,0.56014090314
2224,0.555952969402,0.571665774391
2225,0.564253908131,0.580125160912
2226,0.567851915872,0.583842016034
2227,0.567993083395,0.583881727059
2228,0.5606584246,0.575885151357
2229,0.562891458245,0.578472243507
2230,0.574078702311,0.589925769335
2231,0.583616393927,0.599390944818
2232,0.586879768226,0.602446023563
2233,0.585618375834,0.600882094823
2234,0.579817764648,0.594762189901
2235,0.579752816415,0.594924859852
2236,0.591777506562,0.607836887074
2237,0.604680885058,0.621333430298
2238,0.610593675783,0.627614949336
2239,0.611110809347,0.628345899406
2240,0.604761418712,0.621575859124
2241,0.599997499146,0.616671549911
2242,0.611092208144,0.628104617153
2243,0.625236977647,0.64293433881
2244,0.633381718221,0.651396927419
2245,0.631568916936,0.649430955367
2246,0.626333863945,0.644088805895
2247,0.619077648248,0.636652921068
2248,0.630691789664,0.648979141829
2249,0.638948374972,0.655658142502
2250,0.65479580893,0.674807892114
2251,0.653207643864,0.672951961857
2252,0.644191460201,0.663309783051
2253,0.633854223567,0.652283213702
2254,0.64239033549,0.661279167644
2255,0.658445311216,0.678520436063
2256,0.667000514938,0.687401487202
2257,0.666921359252,0.687370084234
2258,0.657974846853,0.677984183459
2259,0.645711152697,0.664965172798
2260,0.650952852228,0.670341489887
2261,0.662420773444,0.681799392934
2262,0.668641148822,0.687909319864
2263,0.667096711717,0.685916244695
2264,0.65731946461,0.67576474161
2265,0.646823861186,0.665045828285
2266,0.648870253257,0.667101043644
2267,0.662762199605,0.681866605493
2268,0.672123481621,0.691653604006
2269,0.60472182083,0.622524559298
2270,0.604581645451,0.622232682319
2271,0.603839670258,0.621416111739
2272,0.602830945007,0.620294052064
2273,0.602601882956,0.619946269974
2274,0.602684886041,0.620041432746
2275,0.603540697269,0.621209200675
2276,0.603941911816,0.621814018859
2277,0.603048508363,0.621177898652
2278,0.603214840864,0.621512752883
2279,0.602061487832,0.620399848771
2280,0.600755120001,0.619049355246
2281,0.59812889329,0.616113071786
2282,0.5964458738,0.614153774934
2283,0.594327896321,0.611838282389
2284,0.59282175195,0.610234504867
2285,0.591758062787,0.609062392983
2286,0.590055902392,0.607348138431
2287,0.588813834186,0.606153142146
2288,0.585095756048,0.601475572747
2289,0.585914183373,0.603116470461
2290,0.583962728937,0.600946021154
2291,0.580998916869,0.597608403737
2292,0.577853776948,0.594154367709
2293,0.575164295638,0.591431431131
2294,0.573486082759,0.589706757676
2295,0.571733108393,0.588012920798
2296,0.569245066991,0.585520238553
2297,0.567020129399,0.583109618632
2298,0.564425384267,0.580350023481
2299,0.56155557706,0.577251338756
2300,0.558602629299,0.573984394717
2301,0.555299856979,0.57031204011
2302,0.55199188821,0.566626836235
2303,0.548053303482,0.562309977849
2304,0.544911092612,0.559155243112
2305,0.543214240228,0.557386241842
2306,0.54063978784,0.555010741247
2307,0.538442630018,0.552934667878
2308,0.53644217773,0.551027025271
2309,0.534261758718,0.548933716487
2310,0.531814190482,0.546417714591
2311,0.52864442164,0.54320257024
2312,0.526572066701,0.541065124918
2313,0.523364617244,0.537778603771
2314,0.520230867423,0.534447112733
2315,0.51674260165,0.530732591167
2316,0.51321218681,0.526974537594
2317,0.510141068657,0.523593640349
2318,0.505764558766,0.518912820054
2319,0.5015020774,0.514267634321
2320,0.498864332939,0.511216481684
2321,0.494161546719,0.505948147604
2322,0.490163415712,0.501404459193
2323,0.485811918025,0.496635701932
2324,0.482154747698,0.49253513891
2325,0.478569644171,0.488568665762
2326,0.475604209651,0.485384391194
2327,0.471468693652,0.480835417582
2328,0.468013232838,0.477009167024
2329,0.464792260492,0.473492095719
2330,0.461946927273,0.470378471503
2331,0.479597347053,0.488353875395
2332,0.464400049695,0.474449337651
2333,0.464534580376,0.474655633504
2334,0.479649102252,0.488349126061
2335,0.461817647105,0.470232620767
2336,0.464875504152,0.473573666539
2337,0.467983782864,0.476978580831
2338,0.471512314323,0.480841398149
2339,0.475345803094,0.485167264642
2340,0.478262001482,0.488240176078
2341,0.482199346181,0.492580785285
2342,0.485742208842,0.496533407328
2343,0.490380536648,0.50157761454
2344,0.494400329007,0.506167381805
2345,0.498578827878,0.51092561882
2346,0.502070446921,0.514889259637
2347,0.506431188269,0.519596573414
2348,0.509815748281,0.523250944156
2349,0.513064631928,0.526839278855
2350,0.516409568381,0.530493859659
2351,0.519594270052,0.533816276411
2352,0.523363291221,0.537764368188
2353,0.526596717606,0.541055895703
2354,0.529590283353,0.544162089881
2355,0.532008151611,0.546653443506
2356,0.534369648244,0.549024082475
2357,0.536513962842,0.551095230433
2358,0.538552565959,0.553064830179
2359,0.540285477329,0.554684164629
2360,0.542292403701,0.556465607009
2361,0.544850753424,0.559052957727
2362,0.548358275833,0.562636259467
2363,0.551582222958,0.566225415894
2364,0.556063711728,0.571079546484
2365,0.559052369009,0.574437209801
2366,0.561780907302,0.577444021759
2367,0.564472613017,0.580377577295
2368,0.567738101551,0.583812004369
2369,0.569477690682,0.5857137684
2370,0.571273622605,0.587497203989
2371,0.573065824973,0.589236533799
2372,0.575731130931,0.591967645008
2373,0.578080211402,0.594378291083
2374,0.581221221171,0.597865597752
2375,0.583618380196,0.60059947484
2376,0.586574152168,0.603744644903
2377,0.584871852319,0.601273220221
2378,0.589763766579,0.607084701334
2379,0.590018037295,0.607270450294
2380,0.591694811242,0.608986588711
2381,0.592684749647,0.610097424029
2382,0.594503716901,0.611980341643
2383,0.596395506588,0.614076877746
2384,0.598185173271,0.616197312004
2385,0.600737509732,0.61904940417
2386,0.602130239569,0.620492335422
2387,0.603187721117,0.621450837373
2388,0.603197933997,0.621257860234
2389,0.603745267276,0.621629784672
2390,0.603752997072,0.621405250044
2391,0.602650241113,0.619997119496
2392,0.603062054193,0.62049484
2393,0.602839960311,0.62035573751
2394,0.603714009633,0.621300405831
2395,0.604794708095,0.622458303235
2396,0.591743689057,0.609060240084
2397,0.59155347798,0.608785165452
2398,0.590764908336,0.607852281951
2399,0.590400035335,0.607448747792
2400,0.589905031163,0.606877256683
2401,0.590134675889,0.607242054193
2402,0.590446294474,0.607783580778
2403,0.590511161785,0.608075613229
2404,0.590227414957,0.607974524048
2405,0.589773319897,0.607668452508
2406,0.588948649897,0.606908975264
2407,0.587063384051,0.604954691591
2408,0.585007636594,0.602632458373
2409,0.583280979334,0.600565973571
2410,0.580762325469,0.59786693231
2411,0.580138091656,0.597215714431
2412,0.578841749069,0.595843315655
2413,0.577543911619,0.594543168512
2414,0.576648958802,0.593663384031
2415,0.570494174599,0.585879563843
2416,0.572888673563,0.58965999655
2417,0.57123793712,0.587800935762
2418,0.568086779575,0.584390977933
2419,0.566052708476,0.582190457068
2420,0.563777923657,0.579948549479
2421,0.561529002189,0.577703743594
2422,0.559652101088,0.575797565869
2423,0.558125604233,0.574103460568
2424,0.555380082381,0.571065361946
2425,0.552598407384,0.568135379715
2426,0.550147496282,0.56541643956
2427,0.546987781952,0.56192522153
2428,0.54353878121,0.558036432069
2429,0.540769472488,0.554984833187
2430,0.537572984392,0.551653362578
2431,0.535184655791,0.549126119698
2432,0.532041334522,0.546094400711
2433,0.530297913454,0.544412927201
2434,0.527720545415,0.54181406979
2435,0.526008883151,0.540177693494
2436,0.524070799826,0.538318163539
2437,0.521338985163,0.535603308172
2438,0.519341759537,0.533443624277
2439,0.515884445874,0.529980783485
2440,0.513293358316,0.527214365779
2441,0.509793062046,0.523518319664
2442,0.506265294306,0.519628016079
2443,0.50216506776,0.515223065531
2444,0.498914811807,0.511629707052
2445,0.495288082268,0.507727609606
2446,0.492305384471,0.504419870464
2447,0.489212253129,0.50092622605
2448,0.486730521791,0.498458394061
2449,0.483083796279,0.494304829675
2450,0.47922208526,0.489941744271
2451,0.475441044328,0.485688581002
2452,0.476529048311,0.487724054823
2453,0.476397249135,0.487610278352
2454,0.475571793738,0.485826383973
2455,0.478775806731,0.489527783852
2456,0.48291738368,0.494151763247
2457,0.487049021239,0.498845202553
2458,0.488590350079,0.500325960391
2459,0.492000707233,0.50408293272
2460,0.495378389832,0.507868787049
2461,0.498853438591,0.511597025033
2462,0.502564313148,0.515560941523
2463,0.506077425098,0.519470224047
2464,0.510163840593,0.523930818014
2465,0.512929477121,0.526845744064
2466,0.516173442634,0.530263421191
2467,0.518499475296,0.532688418023
2468,0.521494496363,0.535695171738
2469,0.52361567318,0.537847471913
2470,0.526190404187,0.540396637438
2471,0.527831455527,0.54198729852
2472,0.530741523146,0.544879515554
2473,0.532680826741,0.546675742679
2474,0.534964386257,0.548989707716
2475,0.537350149701,0.551388166319
2476,0.540525591128,0.554780814267
2477,0.543336328818,0.55791912717
2478,0.546678513927,0.56158907135
2479,0.549596419473,0.564865361118
2480,0.552500192035,0.568035277329
2481,0.555212711852,0.570965229167
2482,0.557447040129,0.573419566176
2483,0.559921904873,0.576055974822
2484,0.562522102168,0.578652484552
2485,0.564286249707,0.580412623731
2486,0.566383149037,0.582543547801
2487,0.568581799682,0.584861124727
2488,0.570769659374,0.58736403918
2489,0.573920142004,0.590794420569
2490,0.569975393682,0.585328916167
2491,0.576312401266,0.593276531057
2492,0.577960562949,0.595057636056
2493,0.578792103893,0.595833961798
2494,0.580204180417,0.597267100758
2495,0.581741726082,0.598881850861
2496,0.58243045938,0.59974398626
2497,0.584615571726,0.602159168459
2498,0.587593361368,0.6054629093
2499,0.58857431274,0.606553239768
2500,0.589441540738,0.607346439536
2501,0.590122158201,0.607957316162
2502,0.589840163146,0.607445435366
2503,0.58960510021,0.606905655093
2504,0.589244861123,0.606338416057
2505,0.589532041149,0.606552246863
2506,0.590785593997,0.607830147752
2507,0.590636548042,0.607769729868
2508,0.591512187038,0.6087571945
2509,0.591163624128,0.608445156071
2510,0.573132881891,0.589780390788
2511,0.572974169108,0.589605345442
2512,0.573724529361,0.590274255689
2513,0.573425989685,0.589939603391
2514,0.572969198588,0.589378195009
2515,0.572073710865,0.588505427416
2516,0.572403582716,0.589095858333
2517,0.573005328156,0.589891637316
2518,0.573112827837,0.590212287411
2519,0.573372668087,0.590609780567
2520,0.57288442659,0.590141729161
2521,0.571834955817,0.589156545191
2522,0.570092415754,0.587323624119
2523,0.567883583456,0.584827729774
2524,0.56564336281,0.582302778972
2525,0.56525239075,0.581922219172
2526,0.564107818091,0.580687213834
2527,0.562328345177,0.578877015732
2528,0.562022939719,0.57857572411
2529,0.55973125242,0.576139545357
2530,0.559517671114,0.57593046062
2531,0.556513591062,0.572782968374
2532,0.554650669979,0.570779296161
2533,0.552609695585,0.568466869269
2534,0.550727693532,0.566602225487
2535,0.549175631968,0.565139374756
2536,0.546911100371,0.562741285066
2537,0.544872697218,0.56052185308
2538,0.542386325541,0.557861701213
2539,0.539663881539,0.554910224932
2540,0.537571814635,0.552629338307
2541,0.534234579737,0.549008616299
2542,0.532444559141,0.546961425909
2543,0.530176334229,0.544463327528
2544,0.527263593594,0.541229832723
2545,0.52337889827,0.537132406423
2546,0.521346117979,0.534968828631
2547,0.518693840672,0.532289113042
2548,0.516357351978,0.529870779533
2549,0.513690446432,0.527084283651
2550,0.512080517468,0.525384016141
2551,0.511640886752,0.525404788445
2552,0.509107859564,0.522783934298
2553,0.50704584448,0.520717839821
2554,0.50491279956,0.518528816208
2555,0.5018265665,0.515219361262
2556,0.497680352536,0.510852401742
2557,0.495590018255,0.508557730439
2558,0.492169598314,0.505009513389
2559,0.489829796436,0.50246857341
2560,0.486609569356,0.49905584279
2561,0.483381956637,0.495515485532
2562,0.481912479776,0.493979655756
2563,0.482005956331,0.494139135126
2564,0.484116242919,0.496277088929
2565,0.486732996677,0.499192552231
2566,0.489791530131,0.50239533908
2567,0.492566049978,0.505407755227
2568,0.495710651699,0.508672824137
2569,0.498400296997,0.511613096696
2570,0.501305657918,0.514675266218
2571,0.504481989992,0.518081840658
2572,0.506362180738,0.520006467109
2573,0.509766496115,0.523491453433
2574,0.511317303194,0.525042294447
2575,0.512192169426,0.525514907458
2576,0.514142259308,0.527532842711
2577,0.516910015345,0.530395623137
2578,0.518817098719,0.532441472332
2579,0.5208506887,0.534391679739
2580,0.523457368994,0.537206905841
2581,0.526681669578,0.540645750346
2582,0.529201536943,0.54348333972
2583,0.532541298661,0.547059213955
2584,0.534355926501,0.549073570937
2585,0.537125130114,0.552113269314
2586,0.539996100723,0.555236353205
2587,0.54233657365,0.55774084276
2588,0.544504956395,0.560185829162
2589,0.546725439944,0.562532975487
2590,0.549415347986,0.565340333437
2591,0.550947600756,0.566839140029
2592,0.552655983324,0.568570408747
2593,0.554518025619,0.570609663487
2594,0.557084670863,0.573364345582
2595,0.55885634962,0.575341355306
2596,0.559376783407,0.575815329137
2597,0.561756216796,0.578303142653
2598,0.562463439024,0.579035225155
2599,0.563727071069,0.580229279086
2600,0.565297694896,0.581895487661
2601,0.566120999607,0.582801429758
2602,0.568376778791,0.585279617193
2603,0.570168244383,0.587383316059
2604,0.572097765643,0.589498083053
2605,0.572282035176,0.589529213863
2606,0.572985665049,0.590197439929
2607,0.573467818116,0.590521320989
2608,0.573562026478,0.59045668908
2609,0.572406916601,0.589098894518
2610,0.57189042527,0.588418719412
2611,0.572181832631,0.588511791882
2612,0.57249443692,0.588961093861
2613,0.57335802035,0.589946364626
2614,0.573732623102,0.590381400054
2615,0.426855500957,0.440692066135
2616,0.515691860101,0.532116029891
2617,0.594575085251,0.613135480484
2618,0.591914548797,0.610472749183
2619,0.513713082205,0.529902123098
2620,0.422779669605,0.436304402649
2621,0.42882178064,0.442948544567
2622,0.517700066319,0.534414508519
2623,0.595503401099,0.614554295513
2624,0.584651110143,0.602542833179
2625,0.507645845963,0.523164074114
2626,0.418699883541,0.4319011228
2627,0.429658171103,0.444190519815
2628,0.518426848803,0.535543889526
2629,0.585448430135,0.60310354378
2630,0.573488119723,0.59027290976
2631,0.499889375912,0.514247733128
2632,0.412827617818,0.425727185379
2633,0.427581583141,0.441973071606
2634,0.509102431269,0.524520293952
2635,0.578676250996,0.595438832043
2636,0.563597709307,0.579690612448
2637,0.493110861327,0.506948919832
2638,0.406703250636,0.419688809507
2639,0.416472181018,0.428724290282
2640,0.50271292112,0.51726024001
2641,0.56572843941,0.58178423877
2642,0.552539493203,0.568200674271
2643,0.487783248409,0.502700005262
2644,0.397944099662,0.41051089598
2645,0.413239794717,0.425589323563
2646,0.495846151239,0.510715731231
2647,0.55356798951,0.568726623155
2648,0.537197123414,0.551878231896
2649,0.474865426729,0.489068340574
2650,0.386294652645,0.397665544141
2651,0.409711953643,0.422044314093
2652,0.490258467191,0.505213149819
2653,0.536583560559,0.55137522026
2654,0.520864243599,0.534886223229
2655,0.461531993311,0.475237213812
2656,0.377290567441,0.38848251266
2657,0.403773488146,0.415332657572
2658,0.480030217791,0.494409195371
2659,0.519582304378,0.533692117087
2660,0.504262867305,0.517749001928
2661,0.448202090482,0.461421761548
2662,0.448088228029,0.461260773426
2663,0.503845525865,0.517298639913
2664,0.519702473484,0.5338949282
2665,0.480432771452,0.494833434769
2666,0.403448539385,0.415078528343
2667,0.377240614398,0.38847180638
2668,0.461667558051,0.475333134737
2669,0.520609829139,0.534634455839
2670,0.537666669075,0.552496844414
2671,0.490406410117,0.505370926996
2672,0.408791763047,0.421192387149
2673,0.386181085334,0.39753085286
2674,0.475195905964,0.48937475999
2675,0.537675783929,0.552352480523
2676,0.552363129464,0.567465191698
2677,0.495569182428,0.510458351539
2678,0.412781377872,0.425118426663
2679,0.398103601518,0.410634584739
2680,0.488461483473,0.503448989447
2681,0.552523815647,0.568148962293
2682,0.565755451884,0.581800379681
2683,0.502565424227,0.51705660251
2684,0.417018905941,0.429313214165
2685,0.406753322033,0.419741108086
2686,0.492868533643,0.506755799409
2687,0.563663766255,0.579762423544
2688,0.57823421469,0.594959507156
2689,0.509031734384,0.524437194981
2690,0.426885664136,0.441252958112
2691,0.412580661592,0.425545726601
2692,0.500242959107,0.51465999301
2693,0.573990611518,0.590721156096
2694,0.585563227515,0.603145301389
2695,0.518429924418,0.535641256599
2696,0.429350195663,0.443851962569
2697,0.418219805887,0.43132921838
2698,0.50741691053,0.522928579032
2699,0.584424608838,0.602287982813
2700,0.595538860617,0.614496822317
2701,0.517873968948,0.534554628953
2702,0.42896381154,0.443103682512
2703,0.422497729283,0.435931912874
2704,0.513466457848,0.529660563251
2705,0.591678713263,0.610271463506
2706,0.594275979538,0.612872660586
2707,0.516615336812,0.53307566384
2708,0.427329982203,0.441253696169
2709,0.678876479528,0.701262320065
2710,0.627512302223,0.645973513126
2711,0.59379435646,0.611439753898
2712,0.568880915505,0.585775057253
2713,0.591932864678,0.609159199368
2714,0.626530971717,0.644714076697
2715,0.671507964828,0.691397928755
2716,0.677521452131,0.700955848235
2717,0.625159229551,0.643811236012
2718,0.591265842372,0.609447651492
2719,0.56791793845,0.585273837985
2720,0.594259566366,0.612365221799
2721,0.626425041709,0.645635806558
2722,0.669837127933,0.690527439063
2723,0.664973094217,0.687561954111
2724,0.618677529667,0.637829573404
2725,0.579880728348,0.597152939018
2726,0.560239540586,0.576703780244
2727,0.586081440007,0.603474441365
2728,0.61982303403,0.638733882192
2729,0.661884311902,0.682252425189
2730,0.644823589952,0.665124185382
2731,0.604104461087,0.622327256381
2732,0.569731183608,0.586328818478
2733,0.55087390238,0.566846653591
2734,0.57834762622,0.59520431285
2735,0.605719803606,0.623258539255
2736,0.647121990514,0.666626761155
2737,0.617312340563,0.63488900495
2738,0.584034106602,0.60043688797
2739,0.552436914669,0.567972125474
2740,0.53857288746,0.553807746987
2741,0.565166115968,0.581257513306
2742,0.588782217536,0.605635463983
2743,0.634040339083,0.654461943959
2744,0.594441257363,0.611053119561
2745,0.565878938842,0.581724002483
2746,0.538622164662,0.553708325379
2747,0.523055014201,0.53706441032
2748,0.546358367742,0.560887969984
2749,0.565671289722,0.580692355607
2750,0.611553063402,0.630939990859
2751,0.56935833975,0.584721536143
2752,0.546483870237,0.561780414558
2753,0.522841060993,0.537870235174
2754,0.50989293162,0.523759108649
2755,0.531796991424,0.546222737424
2756,0.551064431259,0.566717369429
2757,0.584890106049,0.602630895971
2758,0.552710752368,0.56876616147
2759,0.552982956249,0.569042391381
2760,0.584776189571,0.60248433484
2761,0.55098351301,0.566589242388
2762,0.531271236594,0.545703679187
2763,0.510312958197,0.524168849607
2764,0.52259676282,0.537622561168
2765,0.546371236966,0.561757122261
2766,0.569279299784,0.584590276609
2767,0.611069282145,0.630558507529
2768,0.566219486797,0.581214568426
2769,0.545494640011,0.56004040159
2770,0.523822492517,0.537842648162
2771,0.5375598405,0.552581128953
2772,0.565226367199,0.581064113998
2773,0.593980025356,0.610477185549
2774,0.633856798975,0.654176185962
2775,0.588771279162,0.605650370717
2776,0.564293992242,0.580284964659
2777,0.538180300121,0.553364232184
2778,0.552939008485,0.568556352558
2779,0.5831624775,0.599561273618
2780,0.617235813879,0.634862245302
2781,0.646396510207,0.665826935302
2782,0.604989549913,0.622487401658
2783,0.578522151039,0.595388881282
2784,0.551534616737,0.567561694395
2785,0.568893412593,0.585483983722
2786,0.604284289051,0.622497977334
2787,0.644340842699,0.66463467241
2788,0.660513696738,0.680890680033
2789,0.620097295591,0.63907436051
2790,0.58646041275,0.603836106802
2791,0.559215453042,0.575594759209
2792,0.580139105764,0.597374076543
2793,0.617546323167,0.636651951407
2794,0.665111496034,0.687730448887
2795,0.671174820202,0.6919940785
2796,0.627454629438,0.646620200606
2797,0.593544873872,0.611728785384
2798,0.567599810396,0.584941324183
2799,0.590685274483,0.60875067393
2800,0.624564346906,0.6431701711
2801,0.677718752389,0.701100151977
2802,0.671883877551,0.69178023739
2803,0.626508534745,0.644605527347
2804,0.591733339125,0.608987216785
2805,0.569076948298,0.58597156343
2806,0.593507202668,0.611218797815
2807,0.626748183431,0.645190419886
2808,0.679396372834,0.701838913796
2809,0.665999118169,0.685385923627
2810,0.527149929172,0.54336601319
2811,0.526436078714,0.542618896831
2812,0.525428074822,0.541502150668
2813,0.525630245402,0.541637838341
2814,0.52498604086,0.540957987963
2815,0.525575768099,0.541499722457
2816,0.661422814707,0.680332832068
2817,0.524854294056,0.540887109335
2818,0.524500299447,0.540616583322
2819,0.524254449658,0.54044077361
2820,0.523558546267,0.53977519219
2821,0.523248097624,0.539394622235
2822,0.522217763807,0.53828705364
2823,0.661464911707,0.68217820819
2824,0.518797520319,0.534365807647
2825,0.518311174144,0.533843102951
2826,0.517432237652,0.532818173861
2827,0.516169510638,0.531571759919
2828,0.515190364288,0.530521066606
2829,0.515113882789,0.530436279739
2830,0.649403653912,0.669535146157
2831,0.513337989068,0.528597083961
2832,0.511826876901,0.527093207481
2833,0.511050206812,0.52622434123
2834,0.510027755582,0.524965417398
2835,0.507992734895,0.522721897355
2836,0.505581527793,0.520148229761
2837,0.628260287684,0.646578445096
2838,0.504134500311,0.518877084964
2839,0.50326765491,0.518075698032
2840,0.501678332986,0.51645825052
2841,0.500708854019,0.515376488066
2842,0.499453717952,0.513987951056
2843,0.498085839318,0.512584557046
2844,0.605166125684,0.622432885259
2845,0.493949005112,0.508015277504
2846,0.491996812887,0.505949218609
2847,0.490870447826,0.50448927933
2848,0.488033541665,0.501403246371
2849,0.486893133309,0.500348516657
2850,0.484467824041,0.497779630769
2851,0.579335836625,0.594857189224
2852,0.482347800511,0.495735320087
2853,0.481513965067,0.494922030575
2854,0.481109159398,0.494671589031
2855,0.481019084313,0.494601182501
2856,0.480991446044,0.494398618851
2857,0.481967610617,0.495374209947
2858,0.579080201141,0.59460225135
2859,0.48451737097,0.497879590165
2860,0.486419041846,0.499793133277
2861,0.487895267265,0.501264743902
2862,0.490537451425,0.504140496369
2863,0.492986907074,0.506913934321
2864,0.494274009074,0.508397041944
2865,0.605947699497,0.623147137627
2866,0.497365013138,0.511769362838
2867,0.498999076241,0.513500577118
2868,0.500329955605,0.514936190828
2869,0.501906085315,0.516700130109
2870,0.503789256538,0.51866531083
2871,0.503866489487,0.518634651952
2872,0.627592124931,0.645804595326
2873,0.506300947917,0.520878193667
2874,0.508122429032,0.522800961412
2875,0.510236568822,0.525264367928
2876,0.511891260116,0.527058301205
2877,0.512415588788,0.527710505076
2878,0.513871478305,0.529190889341
2879,0.648903058068,0.669066756772
2880,0.514945369595,0.530212679249
2881,0.516295554396,0.531634993839
2882,0.516482397627,0.531838856712
2883,0.516568275501,0.531913953344
2884,0.518468206248,0.533992888941
2885,0.51923368238,0.534818050681
2886,0.66233175121,0.683028031971
2887,0.521832252515,0.537905308888
2888,0.52220450447,0.538418554431
2889,0.523630137587,0.539872413787
2890,0.524572931707,0.540790419121
2891,0.525160966637,0.541325821961
2892,0.524687282047,0.540744098216
2893,0.663310090827,0.682246208087
2894,0.52450938069,0.540345931995
2895,0.5251465111,0.541115420249
2896,0.525997162399,0.541998044759
2897,0.525776482921,0.541798990129
2898,0.526391886203,0.542532171268
2899,0.527167745559,0.543416671768
2900,0.517006589414,0.532805432515
2901,0.515640584733,0.531503258488
2902,0.516278169948,0.531998137423
2903,0.515522196863,0.531183515875
2904,0.514921727997,0.530544024163
2905,0.515488903028,0.53100854699
2906,0.514822372246,0.530422173258
2907,0.514280286002,0.529983086323
2908,0.514642738694,0.530343837378
2909,0.514608248469,0.530391538005
2910,0.514286963576,0.530164373315
2911,0.513289491243,0.529126996861
2912,0.513000651754,0.528861452647
2913,0.510505473446,0.526156252523
2914,0.509286790536,0.524716493728
2915,0.508533074512,0.523770272837
2916,0.507340195039,0.522571594205
2917,0.506808373285,0.52193043569
2918,0.506729626091,0.521842219934
2919,0.505639724772,0.520652229274
2920,0.504817022002,0.519834674904
2921,0.504909841904,0.51994299037
2922,0.503084096092,0.518095286617
2923,0.502410078048,0.517320356912
2924,0.501620053776,0.516418746042
2925,0.499561461804,0.514309228913
2926,0.498657558322,0.5132360308
2927,0.496686573945,0.511171434842
2928,0.496108889573,0.510704499652
2929,0.494753521852,0.50934322086
2930,0.49400449296,0.508624623261
2931,0.492089591388,0.506504913767
2932,0.490639192336,0.50501848821
2933,0.488873224702,0.503045443111
2934,0.487858615711,0.501929338224
2935,0.486645143145,0.50055420674
2936,0.484705406281,0.498420488103
2937,0.483177900305,0.496767352922
2938,0.480905612757,0.494295808862
2939,0.479195327655,0.492442017355
2940,0.478642452605,0.491890559407
2941,0.478472069773,0.491683275371
2942,0.479442006341,0.492701111271
2943,0.480980660331,0.494436835617
2944,0.482167157826,0.495674509888
2945,0.484257040921,0.497980048479
2946,0.486059945717,0.499988624572
2947,0.488226697917,0.502369675756
2948,0.489181157252,0.503450363792
2949,0.490384719368,0.50471605506
2950,0.491966285451,0.506382639768
2951,0.493202447845,0.507781498736
2952,0.495911212543,0.5105757541
2953,0.495350794089,0.509931680629
2954,0.496167208514,0.510643813609
2955,0.497918380156,0.512427782155
2956,0.49920683167,0.513874590322
2957,0.501411990287,0.516289030023
2958,0.503117844792,0.518109973309
2959,0.503886031258,0.518888163734
2960,0.504131800898,0.519122777206
2961,0.504527157588,0.519578742023
2962,0.506046198554,0.521109610322
2963,0.507310740585,0.522360494649
2964,0.507235060924,0.522365376418
2965,0.507800015625,0.522974176986
2966,0.508342894714,0.523624539734
2967,0.509975636345,0.525419419548
2968,0.510984255543,0.5265821207
2969,0.51297762666,0.528889195442
2970,0.513279126659,0.529149354419
2971,0.513881478663,0.529686319314
2972,0.514225022113,0.530033976474
2973,0.514046304359,0.529755453521
2974,0.515342045039,0.530961744615
2975,0.515224171786,0.530799450375
2976,0.515121348349,0.530693043805
2977,0.515651473123,0.531268136541
2978,0.515747699771,0.531455250386
2979,0.516221109341,0.531991646969
2980,0.516972263709,0.532803356715
2981,0.516815411048,0.532645098975
2982,0.503886891667,0.519226657016
2983,0.503085802642,0.518443857041
2984,0.503438661615,0.518746481277
2985,0.503231448783,0.518474781611
2986,0.502657850028,0.517822402321
2987,0.502000646882,0.517056708213
2988,0.502042629287,0.517107732512
2989,0.502384706661,0.517486304406
2990,0.502490760767,0.517701135646
2991,0.502336909621,0.517578730087
2992,0.501322293043,0.516664485893
2993,0.501264813966,0.516660617121
2994,0.501161936427,0.51650343328
2995,0.499994889866,0.515324702476
2996,0.498376811814,0.51350563631
2997,0.496592319021,0.511456136609
2998,0.496873012721,0.511678860943
2999,0.495434892394,0.510091869694
3000,0.495733222341,0.510451737479
3001,0.494461109621,0.50902346519
3002,0.493739942424,0.508383081836
3003,0.493164869896,0.507797344263
3004,0.49260194269,0.507214002099
3005,0.491170399377,0.505780713162
3006,0.490666843508,0.505253791262
3007,0.489407028195,0.503872605277
3008,0.488202419487,0.502478223375
3009,0.486963205396,0.501170366419
3010,0.485312817038,0.499578798785
3011,0.483984420906,0.498161933681
3012,0.482760738151,0.497029428173
3013,0.481820209443,0.495899751846
3014,0.480791936966,0.494779018055
3015,0.479484354485,0.493346311275
3016,0.47813531402,0.491885615041
3017,0.476221274993,0.489816218552
3018,0.474262632518,0.487807473504
3019,0.47520653435,0.488759304532
3020,0.476065963935,0.489563045965
3021,0.477868630487,0.491637836236
3022,0.478952008355,0.492794966523
3023,0.480842926518,0.494825839246
3024,0.482263455176,0.496400763862
3025,0.482596816426,0.496833988437
3026,0.483574644893,0.497804671705
3027,0.485030837637,0.499223092126
3028,0.486686930372,0.500904211298
3029,0.488364967901,0.502698018067
3030,0.488714772395,0.503087105686
3031,0.490275770726,0.504769787762
3032,0.491166967075,0.50577184523
3033,0.491857419382,0.506505796174
3034,0.492809620375,0.507432826849
3035,0.493577205107,0.508155227739
3036,0.493561164001,0.508173179457
3037,0.495078145631,0.509755851596
3038,0.495317698932,0.510037944136
3039,0.49622937178,0.510919754345
3040,0.497122027528,0.512039643648
3041,0.498915810224,0.514063386407
3042,0.500240947977,0.515518994919
3043,0.500512085587,0.515853766647
3044,0.500878466487,0.516183958193
3045,0.501834231316,0.517167670357
3046,0.501734131112,0.51692281968
3047,0.502576912425,0.517798523595
3048,0.50196008456,0.517106313268
3049,0.502540171063,0.517615739699
3050,0.502398963499,0.517486418851
3051,0.502296589257,0.517448689963
3052,0.503142920462,0.51843069888
3053,0.503033784321,0.518304621844
3054,0.503585899789,0.518964435232
3055,0.358301247217,0.370265017333
3056,0.42632768456,0.440256472633
3057,0.492289780708,0.508166014906
3058,0.532965967912,0.549804063756
3059,0.503822526539,0.52020563718
3060,0.440028753137,0.454289456303
3061,0.372749728977,0.384833332272
3062,0.412876254818,0.426540950397
3063,0.477740833724,0.493458076731
3064,0.526985655025,0.543810001169
3065,0.508791750893,0.524738264345
3066,0.453067614428,0.467319803481
3067,0.386041006453,0.398357149527
3068,0.396269848345,0.409858576571
3069,0.460767123161,0.476056033503
3070,0.510973135798,0.526345346001
3071,0.508401333011,0.523296674443
3072,0.463430806106,0.477562418812
3073,0.400567778145,0.413474065865
3074,0.377177073267,0.389900690618
3075,0.438991341776,0.452318614016
3076,0.495331668048,0.509826344915
3077,0.506229761231,0.520714989738
3078,0.470103243672,0.483993334093
3079,0.416066865355,0.429760858666
3080,0.415982515878,0.429627419802
3081,0.470851507226,0.484717941527
3082,0.505396370152,0.519846890805
3083,0.494870376451,0.509399898322
3084,0.438522416942,0.451823098237
3085,0.376531437755,0.389247303228
3086,0.399761115164,0.41277381219
3087,0.464365902383,0.478513441935
3088,0.508131087954,0.523060278774
3089,0.509840557264,0.525221302928
3090,0.461172083025,0.476426127004
3091,0.396201358929,0.409748198405
3092,0.386551775594,0.398871794928
3093,0.452856380316,0.467079312081
3094,0.509539020416,0.525421426473
3095,0.526895329943,0.543745633776
3096,0.477494746811,0.493220785975
3097,0.412014703768,0.425604145015
3098,0.372872484905,0.384962089104
3099,0.439582278992,0.453734409177
3100,0.504334367788,0.520748406384
3101,0.533108986263,0.549992875011
3102,0.491187450953,0.507050305183
3103,0.426674384857,0.440713069459
3104,0.358239263096,0.370181324499
3105,0.658554512501,0.680114629323
3106,0.6027246149,0.620501803746
3107,0.559123381966,0.576408784858
3108,0.513948839383,0.529760761448
3109,0.505372649678,0.521043535349
3110,0.543839450651,0.559940168553
3111,0.588814657706,0.606053354917
3112,0.64457724548,0.664062123852
3113,0.685271695308,0.709288022657
3114,0.631854818486,0.653674591269
3115,0.568261952471,0.585792157627
3116,0.523694740088,0.540272144049
3117,0.497518831654,0.512866319268
3118,0.532013971075,0.548449999945
3119,0.575907859916,0.59337943648
3120,0.632492800286,0.652084023935
3121,0.673972551986,0.696964589222
3122,0.628776303399,0.649993627849
3123,0.573028308609,0.590972303026
3124,0.523558226064,0.539066079273
3125,0.492018305982,0.506687798669
3126,0.51460214902,0.529995963336
3127,0.560841281833,0.578248151273
3128,0.613376646828,0.632123769083
3129,0.65560633159,0.676544956135
3130,0.617728588392,0.637048072856
3131,0.571941760482,0.589173825637
3132,0.535599211316,0.553322095255
3133,0.535804402807,0.553519808307
3134,0.572331990658,0.589513313715
3135,0.618263084635,0.637537875704
3136,0.655972097978,0.676844487168
3137,0.612593383082,0.631363715607
3138,0.56102791138,0.578336384531
3139,0.515271113903,0.530723779717
3140,0.492053624014,0.506653320863
3141,0.523649157796,0.539156127455
3142,0.573822780938,0.591720447174
3143,0.628868689382,0.649988047783
3144,0.674768176444,0.697826173712
3145,0.632642223779,0.652250067722
3146,0.576299237337,0.593795032481
3147,0.532325947854,0.548802784169
3148,0.49763763266,0.512969862942
3149,0.523796995603,0.540399465562
3150,0.567784976845,0.585250026336
3151,0.631408832919,0.653275325884
3152,0.684311356752,0.708354920056
3153,0.644310446029,0.663806317059
3154,0.588658319066,0.605884698096
3155,0.544714727512,0.560821295232
3156,0.506321848674,0.521970176983
3157,0.5132129359,0.529004983124
3158,0.559676701337,0.576941297037
3159,0.602353809623,0.620188129603
3160,0.659771863131,0.681519741658
3161,0.64849508786,0.667307839533
3162,0.462735577562,0.477602905195
3163,0.462834527807,0.477675198698
3164,0.462311437265,0.476955212592
3165,0.46179324646,0.476451295372
3166,0.461556641924,0.476179053725
3167,0.461696023703,0.476214107808
3168,0.460705955398,0.475071133279
3169,0.644855014255,0.663337581159
3170,0.645208163367,0.663969226934
3171,0.460917923059,0.475350417322
3172,0.459847513835,0.474297870979
3173,0.458832340155,0.473241083838
3174,0.459086840474,0.473494822801
3175,0.457639327789,0.471977821877
3176,0.456770471817,0.470844064669
3177,0.64361738257,0.663518678813
3178,0.643138856561,0.663009449662
3179,0.454832223265,0.468557267678
3180,0.454718666436,0.468384618224
3181,0.457115374888,0.471628482044
3182,0.45744742021,0.471938938269
3183,0.45368453014,0.467345208297
3184,0.454777944044,0.468554799302
3185,0.643596966152,0.663561228737
3186,0.643949386643,0.663839652142
3187,0.457254565075,0.471421037148
3188,0.458047595216,0.472420966538
3189,0.459050714652,0.473415803866
3190,0.459541233643,0.47400468329
3191,0.459980973214,0.47448744797
3192,0.460117940815,0.474634193262
3193,0.645023230956,0.663862297773
3194,0.644259932715,0.662640759713
3195,0.460593665911,0.475013386995
3196,0.460971402691,0.47542757827
3197,0.461340184763,0.475947449125
3198,0.462165169443,0.476834186722
3199,0.46243214095,0.477103340961
3200,0.462750652563,0.477498555351
3201,0.462932775061,0.477824421298
3202,0.454492271365,0.468940115492
3203,0.454324647717,0.468813629529
3204,0.454327255729,0.468698333313
3205,0.454456403535,0.468743756243
3206,0.453450340016,0.467633964939
3207,0.453121168997,0.467285264007
3208,0.452979014309,0.46711412062
3209,0.452097189869,0.466133063571
3210,0.452475864395,0.466651319701
3211,0.452215526029,0.466266582623
3212,0.452730322251,0.466836597565
3213,0.452783530799,0.466921906563
3214,0.453109657109,0.467320050401
3215,0.453853095684,0.468153607719
3216,0.454421630111,0.468777225996
3217,0.4543796796,0.468733573706
3218,0.453744083476,0.468185381016
3219,0.454385332064,0.468887773308
