id,unit_kW_m2,optical
1,0.595622211968,0.615479448358
2,0.608464308058,0.628532675259
3,0.605971458059,0.625867289596
4,0.604052616806,0.623771883993
5,0.593985818109,0.612370239776
6,0.591700065011,0.609407625883
7,0.588852545452,0.606127349278
8,0.583971863616,0.600992117904
9,0.578488739852,0.595210627224
10,0.574927918251,0.59199640479
11,0.571920629949,0.589209538108
12,0.566353041521,0.583330941347
13,0.559123841758,0.575538829489
14,0.553253911504,0.569360678168
15,0.546543050718,0.562236816655
16,0.539678130174,0.554813932597
17,0.53210329627,0.546283812803
18,0.52349123375,0.536868101607
19,0.515375155942,0.527727504846
20,0.508549245438,0.520197079702
21,0.50274529017,0.513924305506
22,0.497602062617,0.508560087529
23,0.494779469031,0.505898328243
24,0.493048070128,0.504468918901
25,0.490545020912,0.502146240826
26,0.487373456766,0.498668109893
27,0.48422216478,0.494993781013
28,0.482030653804,0.492576090968
29,0.48076318363,0.491479438959
30,0.482527615614,0.493476724443
31,0.481501316065,0.492209252187
32,0.481375185255,0.491908346178
33,0.483357314009,0.494089625859
34,0.486643025437,0.497960115363
35,0.490770867158,0.502462338751
36,0.493372328094,0.504832261319
37,0.494490136349,0.50562048791
38,0.498201811539,0.509144943022
39,0.502585957057,0.513750226733
40,0.508705396632,0.520375084868
41,0.516324295056,0.52868255378
42,0.523895666263,0.537226112046
43,0.532117201016,0.546282083067
44,0.53930739028,0.554392830343
45,0.54667769978,0.562328641676
46,0.552753743446,0.568888305186
47,0.558960780505,0.575394669899
48,0.566512082471,0.583467046282
49,0.57232872709,0.589625177207
50,0.574706279979,0.591834588466
51,0.578898441127,0.595571692261
52,0.584468544793,0.601476954022
53,0.586891254703,0.604094411398
54,0.591904752171,0.609611276998
55,0.595276754104,0.613721508295
56,0.60386692712,0.623481270117
57,0.606062487183,0.625974999744
58,0.608515599386,0.628543316772
59,0.625493304924,0.644187064342
60,0.623798533469,0.641995604043
61,0.623509871668,0.641833763332
62,0.620255251271,0.638750323654
63,0.595513719157,0.612552217834
64,0.610355266341,0.627658040812
65,0.607831721822,0.625249618592
66,0.603541006762,0.620737004717
67,0.596876579009,0.61362769281
68,0.584780557397,0.600991422544
69,0.584535570212,0.600561249267
70,0.57773709621,0.593011468656
71,0.571012721595,0.585957258838
72,0.566883749803,0.582181345639
73,0.562713786911,0.578008419531
74,0.554434529477,0.5691431411
75,0.546717879008,0.560756209351
76,0.539568791909,0.553216476481
77,0.532603047983,0.545499118685
78,0.524967142467,0.537147534025
79,0.518469784233,0.529955102503
80,0.513152394842,0.524491450154
81,0.510489111786,0.522196433435
82,0.509215002377,0.521205338036
83,0.503578422567,0.515496845961
84,0.500177940789,0.51154094128
85,0.496512147671,0.507319653042
86,0.495082835264,0.505757115843
87,0.494154337483,0.504816516286
88,0.494069992405,0.504811625657
89,0.494796231331,0.50543350369
90,0.496422106985,0.507200408128
91,0.500043382888,0.511382774941
92,0.503130473795,0.515077496906
93,0.508650557933,0.520655982354
94,0.510406032186,0.522153870246
95,0.513318652664,0.5246581283
96,0.516982636197,0.528464746947
97,0.524527533537,0.536726013831
98,0.533169189522,0.546115960871
99,0.539508718785,0.553211157466
100,0.54603696648,0.560030522396
101,0.554893220291,0.569583585889
102,0.561551034058,0.576857591486
103,0.566376436649,0.581640952837
104,0.571261130438,0.586264059863
105,0.577423724708,0.592761797878
106,0.584918933179,0.60085084887
107,0.584865074794,0.601038272187
108,0.598093300387,0.614765368772
109,0.604016912326,0.621230637009
110,0.607747799029,0.625147012655
111,0.610825326021,0.628180449095
112,0.596049812789,0.613141178146
113,0.621203280714,0.639730644314
114,0.622510759754,0.640717521839
115,0.623688767309,0.641852765187
116,0.624997354299,0.643661852064
117,0.63739646766,0.655544949101
118,0.642263432115,0.660400976538
119,0.641054184977,0.659453656917
120,0.642366062768,0.661333294365
121,0.638873484755,0.658164848223
122,0.634931004538,0.653489409273
123,0.630783706626,0.649133369549
124,0.628572427729,0.6471307537
125,0.622123131516,0.640202722662
126,0.60197153934,0.618917242062
127,0.606680773829,0.623597283372
128,0.599165486498,0.615301642078
129,0.590891218561,0.606221287545
130,0.582703491942,0.597647276701
131,0.578204591511,0.593546594711
132,0.572205455335,0.587157295487
133,0.564687702322,0.579061237217
134,0.557528217657,0.57164482335
135,0.551380001112,0.565269931851
136,0.543833022605,0.557048175295
137,0.534198361554,0.546450854597
138,0.527991792789,0.539675774288
139,0.523886642046,0.535697237956
140,0.520851207112,0.532949180343
141,0.517125431609,0.529212403851
142,0.511940020531,0.523745487075
143,0.506707270374,0.517728256583
144,0.504569438843,0.515160589299
145,0.503388595417,0.513768735528
146,0.503872117048,0.514154418695
147,0.503221841596,0.513618272521
148,0.504237178822,0.514843597124
149,0.50684615371,0.517833311627
150,0.51233109426,0.524093090831
151,0.516959080594,0.52911551722
152,0.520740246421,0.532854672117
153,0.523073789047,0.534854031155
154,0.527838660967,0.539482135457
155,0.533783021438,0.54596842737
156,0.543093846,0.55633721553
157,0.551771814136,0.565697475637
158,0.557780217163,0.571891088697
159,0.564628672802,0.579029813344
160,0.572315472191,0.587290020693
161,0.578802236306,0.594088726879
162,0.58308772193,0.598083526645
163,0.590682668463,0.606022124882
164,0.599726118413,0.615919455353
165,0.607093945632,0.624119241637
166,0.602225647082,0.619221163362
167,0.621906909568,0.639934675861
168,0.627404116532,0.645945602369
169,0.631352399842,0.649724600428
170,0.634841839282,0.653423353965
171,0.639292436419,0.658558454237
172,0.642346960876,0.661419927914
173,0.641330133024,0.659668689663
174,0.641758190431,0.659909971301
175,0.656261613539,0.674011450743
176,0.656804687263,0.675013062309
177,0.657963666867,0.676968313303
178,0.660000437594,0.679852779458
179,0.657405850374,0.677432517275
180,0.651959432775,0.671440382611
181,0.64716374227,0.666485473765
182,0.643077273262,0.66227253657
183,0.635836748633,0.654631548714
184,0.621786688221,0.639562259826
185,0.617628850714,0.634775019564
186,0.608918866165,0.62509286695
187,0.599236779528,0.614506726088
188,0.591390886536,0.606246500101
189,0.584743690925,0.599349269001
190,0.577678932025,0.592046436098
191,0.570862389477,0.584957346995
192,0.564777043606,0.579079798206
193,0.558642404814,0.572730693493
194,0.547195725316,0.560199884536
195,0.539316206825,0.551327402929
196,0.532810193253,0.544510121358
197,0.530100590335,0.542117955726
198,0.527297828378,0.539481659911
199,0.521597247322,0.533565389009
200,0.515016915988,0.526307708031
201,0.511078567068,0.521689420864
202,0.508903774254,0.519063259938
203,0.507255654882,0.516899811126
204,0.507348912918,0.516955651656
205,0.508897853759,0.519008906192
206,0.511606187508,0.522218735628
207,0.514971606037,0.526279354661
208,0.5209925836,0.532976899128
209,0.526582559644,0.538765818665
210,0.530540237128,0.542578009862
211,0.532944355886,0.544598470577
212,0.538551569241,0.550521261633
213,0.547666214019,0.560673055344
214,0.558556368907,0.572667343172
215,0.564890928645,0.57913598525
216,0.570716335798,0.584888896794
217,0.577445358367,0.591755017571
218,0.58480145237,0.59947193117
219,0.592003545943,0.606849828966
220,0.599631467363,0.614877640766
221,0.609200000099,0.625432135988
222,0.618057204284,0.63515733703
223,0.620597675182,0.638255456016
224,0.635844375722,0.654620509526
225,0.643498482438,0.662705115301
226,0.646627911948,0.665915823223
227,0.651265372497,0.670701496555
228,0.657576555485,0.677588962942
229,0.659764345704,0.679681050654
230,0.657551790109,0.676574437101
231,0.656734197029,0.6750201076
232,0.655708190863,0.673454104335
233,0.641911841013,0.657153034832
234,0.668279316554,0.686046860839
235,0.671189764123,0.690111546712
236,0.671854258303,0.691697333584
237,0.67194866113,0.692441112755
238,0.671160754525,0.691945736552
239,0.664273823929,0.684430167363
240,0.658105875259,0.677665725816
241,0.6535677808,0.673148191632
242,0.645770902711,0.665041358312
243,0.635790949053,0.654124233187
244,0.624981220683,0.642138555207
245,0.614566121313,0.630641439345
246,0.604148907536,0.619225033291
247,0.595340811981,0.610011116217
248,0.590302108145,0.605132637078
249,0.584166903556,0.599018396229
250,0.578338797399,0.593492612586
251,0.570927600831,0.585852757575
252,0.560399178912,0.574219775491
253,0.550315028804,0.562986769574
254,0.542217659372,0.554186189885
255,0.537525170879,0.549553057293
256,0.533655290993,0.545794277777
257,0.528798199897,0.540808901024
258,0.523006669006,0.534675307907
259,0.5179972127,0.529160615084
260,0.517126711876,0.528323298657
261,0.516040000732,0.527150151061
262,0.51518142254,0.525563507672
263,0.515984166296,0.527051131599
264,0.516867250675,0.528099707541
265,0.51837229699,0.529572456837
266,0.522640554135,0.534258686173
267,0.527961994762,0.539938954496
268,0.533086778026,0.545225475679
269,0.537656825563,0.549629105255
270,0.542000434127,0.553921589486
271,0.550105977902,0.562795338908
272,0.560440501776,0.574272408638
273,0.571477230378,0.586424880105
274,0.578812060815,0.593880893549
275,0.583622414351,0.598456867471
276,0.59056965461,0.605453630543
277,0.596194276353,0.610859610064
278,0.604868029625,0.619980146816
279,0.615226474913,0.631329190909
280,0.625085431405,0.642207211111
281,0.636250520331,0.654547029949
282,0.646621965919,0.665891423777
283,0.652106870767,0.671731015168
284,0.657203653377,0.676752222102
285,0.664153005957,0.6843248834
286,0.670381716306,0.691115824425
287,0.671069895594,0.691555906906
288,0.67309907076,0.692911888297
289,0.67101022998,0.689829714397
290,0.668619068501,0.686367988081
291,0.679007012748,0.700210986567
292,0.699257455058,0.721259097995
293,0.697968953775,0.719413902835
294,0.688905726438,0.710916850993
295,0.696752146851,0.719788555099
296,0.690371138935,0.711456288756
297,0.66951592455,0.6878988773
298,0.678440376568,0.698623043648
299,0.681102582025,0.70153406537
300,0.663513181631,0.681187219995
301,0.653431634469,0.67002077045
302,0.665069027171,0.683717323917
303,0.657010725493,0.675514940146
304,0.638652834337,0.655201496531
305,0.644588932123,0.661878911745
306,0.648015755947,0.667290159258
307,0.634802606854,0.65354750499
308,0.629017195248,0.645942508944
309,0.624323393153,0.641152479144
310,0.616015709717,0.633410107511
311,0.613555406132,0.630983932415
312,0.608428958452,0.62520332152
313,0.598469469748,0.614633667117
314,0.591715104935,0.607634537314
315,0.588396202424,0.603820136735
316,0.577908822063,0.59253403492
317,0.565800576684,0.579078899355
318,0.563253052023,0.575947061992
319,0.555979902666,0.567839101523
320,0.545922848426,0.556940086557
321,0.542222958227,0.552776376639
322,0.536226977009,0.546292034494
323,0.529718456461,0.539696344871
324,0.529854267892,0.540186298685
325,0.528715485821,0.539571346408
326,0.526999591418,0.538151874194
327,0.523050185587,0.533969381195
328,0.520808566103,0.53146173011
329,0.518682731261,0.529250884872
330,0.516917054114,0.527485691371
331,0.517947136244,0.528684219798
332,0.518170860089,0.529007888665
333,0.518190862754,0.529030400242
334,0.518235400093,0.529046684962
335,0.518030527474,0.528805265337
336,0.516768337868,0.527370090815
337,0.519312296669,0.529923078405
338,0.521217416196,0.531895809172
339,0.523307175941,0.53419713371
340,0.527002611777,0.538164262664
341,0.528976170324,0.539834216423
342,0.530433640441,0.540782234329
343,0.530646794337,0.540590830771
344,0.536350174623,0.546382125224
345,0.542523742879,0.553142229965
346,0.545374598929,0.556415979032
347,0.555764090593,0.56759705652
348,0.562658301831,0.575278184286
349,0.566595557423,0.579907451578
350,0.578915109343,0.593539438026
351,0.588028789857,0.603475758508
352,0.591099839711,0.606997789199
353,0.597685823674,0.613774125542
354,0.609255020581,0.625938587748
355,0.613376071356,0.630763148036
356,0.616395045046,0.633829085002
357,0.624847777118,0.641693152612
358,0.627902993986,0.6448205992
359,0.634913626234,0.653593617103
360,0.647333914127,0.666600497398
361,0.644109984187,0.661362516414
362,0.637885120616,0.654373966457
363,0.657112256175,0.675629887296
364,0.664472156447,0.683064554099
365,0.654098600686,0.670720143946
366,0.663550204699,0.681178751307
367,0.680902750033,0.701287290085
368,0.677714132469,0.69786471024
369,0.668928604488,0.687383130678
370,0.690403231116,0.711552942206
371,0.696721184854,0.71986581748
372,0.689334815578,0.711364203625
373,0.697987851469,0.719388048844
374,0.698658014686,0.720686855379
375,0.687688154075,0.707188306663
376,0.685676087472,0.704880242455
377,0.684432183192,0.703265821625
378,0.685583025871,0.704937825093
379,0.686461073304,0.706540652288
380,0.663487159487,0.681569492117
381,0.681205193761,0.701030514835
382,0.676952481994,0.696312447349
383,0.673060385538,0.692314708817
384,0.671400577265,0.690623348963
385,0.667055207825,0.686032758291
386,0.655286118608,0.672806262389
387,0.654038818666,0.671845116936
388,0.649461900416,0.667098287631
389,0.642806088511,0.660196437641
390,0.637588772709,0.654422065677
391,0.630531771493,0.64662153806
392,0.622688759857,0.638193462439
393,0.617509749279,0.633074868702
394,0.613061303873,0.628841900071
395,0.608910614616,0.624826497623
396,0.603840335212,0.619661198045
397,0.598505112378,0.614190728115
398,0.592192515192,0.60750083731
399,0.584991909186,0.599882606569
400,0.577337323723,0.591702870947
401,0.569453758332,0.582907858925
402,0.562655786873,0.575265412366
403,0.5548301699,0.566709678654
404,0.547587827144,0.558781638243
405,0.541081224403,0.551547422759
406,0.535752486607,0.545843136495
407,0.532804734411,0.543070982082
408,0.53183371578,0.54255508014
409,0.530524179574,0.541643938224
410,0.527975348666,0.539041272603
411,0.522879057261,0.533511390524
412,0.520092864329,0.530562261963
413,0.517881621317,0.52827078268
414,0.517785925551,0.528143289093
415,0.51689457431,0.527399882591
416,0.517821399082,0.528401453289
417,0.517534973122,0.528153665717
418,0.517030875996,0.527543015983
419,0.517604943115,0.527933851448
420,0.518274768595,0.528660551564
421,0.520502723753,0.530972302465
422,0.523393169051,0.534060979674
423,0.52759044619,0.538698990708
424,0.529945120068,0.541103261114
425,0.531039707135,0.541771662109
426,0.532422311291,0.542652844068
427,0.536079331218,0.546117026963
428,0.541062896927,0.551547627204
429,0.547674911275,0.558859536247
430,0.555368626583,0.567270771812
431,0.561583794666,0.574189100857
432,0.569594724066,0.58301289836
433,0.577052417861,0.591423192331
434,0.584989238447,0.599891567586
435,0.59195009126,0.607257880929
436,0.598613332995,0.614301139744
437,0.603712662549,0.619590439127
438,0.608408269559,0.624316570563
439,0.613145234418,0.628888183536
440,0.617768795766,0.633358784273
441,0.623759750436,0.639213808787
442,0.630234902008,0.646332277764
443,0.636969585921,0.653872972751
444,0.643405880894,0.660732779285
445,0.649169812814,0.666801730181
446,0.654392105345,0.672213151204
447,0.655763271199,0.673275857737
448,0.666925744061,0.685853415529
449,0.671024409081,0.69028214672
450,0.673088694832,0.69228563826
451,0.67645608512,0.695861004749
452,0.681416451544,0.701330305345
453,0.663890793096,0.681984374155
454,0.687109390026,0.707206164613
455,0.686025732975,0.705392547473
456,0.684790736732,0.703566275329
457,0.686742709238,0.705912672926
458,0.68699657584,0.706492261696
459,0.696262803324,0.715301515136
460,0.697438161193,0.716596820653
461,0.69446377199,0.71319185566
462,0.695345927345,0.714540728379
463,0.697252715305,0.717239789786
464,0.694994721531,0.715360170563
465,0.695737789211,0.716625324406
466,0.692771804018,0.7131315478
467,0.688043710355,0.708049008159
468,0.683658390396,0.703372703132
469,0.680979991352,0.700752438696
470,0.675350438955,0.694418566978
471,0.665183955514,0.683162054539
472,0.663879433966,0.682251057737
473,0.657464209932,0.675494805238
474,0.650033929437,0.66764361039
475,0.643284058281,0.660156043506
476,0.635139026686,0.651321856149
477,0.62667480138,0.642201861521
478,0.620597625959,0.636117133617
479,0.615871852841,0.63157987084
480,0.611202049961,0.627139171023
481,0.605445345924,0.621250076359
482,0.598083045522,0.613390357852
483,0.591012387915,0.60599803311
484,0.584251129916,0.598965072632
485,0.577376685013,0.591589401463
486,0.568940003136,0.582272375063
487,0.561061144127,0.573650161633
488,0.554153928211,0.565992560937
489,0.54546329193,0.556431822507
490,0.53912387146,0.549462170862
491,0.53474990089,0.545044285373
492,0.532157479841,0.542773141151
493,0.531237176376,0.542292361108
494,0.528212922029,0.539481506487
495,0.523840708935,0.534642183317
496,0.520147339077,0.530590435349
497,0.517944996636,0.5281330913
498,0.515903906806,0.525980810697
499,0.51572591658,0.525778262251
500,0.515301659515,0.525530934218
501,0.516934393834,0.527305966809
502,0.515621147859,0.525850848742
503,0.515025926217,0.525091974541
504,0.51578103375,0.525881975878
505,0.517814046871,0.528057860692
506,0.519830148549,0.530318585779
507,0.524314641655,0.535114199425
508,0.528683896629,0.539924317342
509,0.530331435833,0.541386157133
510,0.532679079614,0.5433276778
511,0.534813349021,0.545081312371
512,0.538644806469,0.54897624504
513,0.545452139488,0.55641917761
514,0.553743758559,0.565555936774
515,0.561411712346,0.574029380451
516,0.569185951065,0.582509986264
517,0.577107244037,0.591298995392
518,0.584233623063,0.598950914777
519,0.590656612992,0.605607249848
520,0.597839171886,0.613114385575
521,0.605599255251,0.62137761366
522,0.611724277193,0.627627043348
523,0.61524358402,0.630970461352
524,0.620548517837,0.636081318609
525,0.626892416631,0.642426504014
526,0.63513717236,0.651326831654
527,0.643506425486,0.660367357797
528,0.65081064873,0.668437245274
529,0.657574450976,0.675594937521
530,0.663899013822,0.682279733653
531,0.664610392247,0.682631300507
532,0.675254513331,0.694343633564
533,0.681004607536,0.700748866367
534,0.683319875034,0.703088747854
535,0.686892698628,0.706805562417
536,0.691938475099,0.712414938663
537,0.696610512615,0.717553359995
538,0.695130411985,0.715516817747
539,0.696714729723,0.716767599252
540,0.694211369183,0.71341955113
541,0.69449757983,0.713174673215
542,0.6976984834,0.716882437716
543,0.705788148623,0.724699627658
544,0.70490228499,0.723559625619
545,0.704744928465,0.723819570709
546,0.706312056772,0.726251945188
547,0.709814312749,0.730657367772
548,0.703300313454,0.723828736694
549,0.706921852774,0.728318091232
550,0.701276481359,0.722127862309
551,0.697378815211,0.717905657288
552,0.693071465746,0.713365156611
553,0.688838795401,0.708899367553
554,0.662899051803,0.679810802201
555,0.676834331545,0.696067601561
556,0.670460769539,0.689381903735
557,0.662201341192,0.680614419682
558,0.654061688124,0.671718927894
559,0.646901780343,0.663844075369
560,0.638615873916,0.654739447317
561,0.628684925865,0.644120156796
562,0.622468127634,0.637872961568
563,0.617425399831,0.633070907235
564,0.611614480081,0.627324790921
565,0.605181113574,0.620435102022
566,0.597464735737,0.612410893914
567,0.589787518187,0.604464142309
568,0.583763079648,0.598311006339
569,0.576645310049,0.590767248605
570,0.56802829035,0.581310515251
571,0.559751764509,0.572250244425
572,0.55048119924,0.562001712219
573,0.54332441495,0.554069511285
574,0.537436453355,0.547786839696
575,0.533678230563,0.544209420177
576,0.531761034521,0.542745313643
577,0.528826278814,0.540074850923
578,0.52465491634,0.535670437877
579,0.520680296356,0.531276548467
580,0.516416119964,0.526652125539
581,0.514414290056,0.524343571377
582,0.512941159903,0.522688567068
583,0.51289410895,0.522700493625
584,0.512537217304,0.522383123925
585,0.513209369309,0.523043299306
586,0.512306724704,0.522091184604
587,0.512826038958,0.522594916916
588,0.514213109459,0.524153413155
589,0.516909810202,0.527120777736
590,0.520395312651,0.531029256871
591,0.525306326247,0.536321917205
592,0.528871669621,0.540078706197
593,0.531429249332,0.542391890777
594,0.533893300409,0.544448912362
595,0.537170339605,0.547530015564
596,0.542878721859,0.553619701334
597,0.55094458139,0.562506763441
598,0.560176913903,0.572643232704
599,0.567576039405,0.580790870675
600,0.576713778945,0.590806828748
601,0.583549226073,0.598111247882
602,0.590597903817,0.605253523219
603,0.596712365379,0.611614460643
604,0.604588249188,0.619851933684
605,0.612883307835,0.628644002219
606,0.61743711361,0.633069747232
607,0.623071656281,0.638525101546
608,0.629522541951,0.644911441133
609,0.63832470099,0.654528388537
610,0.645699882804,0.662648807183
611,0.654468742921,0.672116559142
612,0.662438145365,0.680803036158
613,0.669870416762,0.688769980273
614,0.676688276172,0.695890196184
615,0.663418083639,0.680308169149
616,0.689168836677,0.709227279875
617,0.692965141345,0.713333548079
618,0.697419387857,0.717965935697
619,0.701263789134,0.72209496873
620,0.707476998097,0.728935314529
621,0.702904383444,0.723469357495
622,0.708820820088,0.729623432025
623,0.706332005973,0.726187208784
624,0.703848862631,0.722923683146
625,0.704667594562,0.723343159017
626,0.705687744672,0.724530328359
627,0.709511947458,0.727604560564
628,0.709127167209,0.727214788245
629,0.710846891862,0.729718050988
630,0.712942679514,0.732597951737
631,0.713759244,0.734295094235
632,0.711550124946,0.732321654321
633,0.716183500486,0.738243945814
634,0.71242090649,0.734217819532
635,0.706224292702,0.727476550294
636,0.702400370322,0.723397642194
637,0.696958456104,0.717353112059
638,0.692226233482,0.712417249268
639,0.686221303788,0.706039392849
640,0.681053312495,0.700743528968
641,0.672219841117,0.691378718095
642,0.664893233459,0.683469352438
643,0.655547246377,0.673333128381
644,0.646890539078,0.663755713326
645,0.638227871564,0.654233956998
646,0.628464183308,0.643630776422
647,0.622233687353,0.637416471039
648,0.61519703056,0.630244111818
649,0.610366453081,0.625698896767
650,0.605053976332,0.620590244636
651,0.598356883381,0.613849390936
652,0.590549696754,0.605791589332
653,0.583493050394,0.598369325125
654,0.575820503417,0.590193154203
655,0.56568881472,0.57891706513
656,0.55675318438,0.568977046356
657,0.547363572969,0.558623830334
658,0.540495962448,0.551080557092
659,0.535953724455,0.546477294353
660,0.532858540305,0.543730165389
661,0.529224879612,0.540372902855
662,0.525926128954,0.537101367019
663,0.522333702991,0.533244590451
664,0.518486356583,0.529246038297
665,0.515720786941,0.526341638782
666,0.513257913689,0.523558340978
667,0.511190974962,0.521079122685
668,0.511585801163,0.521885920234
669,0.512245063186,0.522580686504
670,0.512171490678,0.522438196497
671,0.511292967838,0.521195156589
672,0.513048328117,0.523387451162
673,0.515362138858,0.525964819675
674,0.518430271606,0.529191364269
675,0.522061766872,0.532981935385
676,0.525882757948,0.537058274144
677,0.529721618218,0.540841477727
678,0.532359257283,0.54322071991
679,0.535232206766,0.545752679002
680,0.540807948135,0.551461881336
681,0.547880805983,0.559114172746
682,0.556982798598,0.569208022365
683,0.565829028466,0.579121613567
684,0.57577351526,0.590118658502
685,0.583829595411,0.598749391056
686,0.591065611995,0.606303978519
687,0.597373684681,0.612730484793
688,0.604506116594,0.619990806665
689,0.610696221655,0.626053187194
690,0.615580096437,0.630654998706
691,0.621866162101,0.637017478138
692,0.628627113391,0.643829831907
693,0.63738265144,0.653353712247
694,0.646730005054,0.663617502685
695,0.656364820196,0.674097538123
696,0.663456049019,0.681982394969
697,0.672584218,0.691797874994
698,0.679099377649,0.698726689653
699,0.686083366479,0.705921388291
700,0.692801696979,0.712997118576
701,0.697059235892,0.717410509433
702,0.701370099087,0.722307785617
703,0.706743398384,0.728083454365
704,0.711804396549,0.73355963005
705,0.716219669185,0.738218819157
706,0.710792638937,0.73148944088
707,0.714048866003,0.734597846892
708,0.712145183448,0.731840460403
709,0.711034117407,0.729928679288
710,0.710118835993,0.728214013774
711,0.590656904856,0.609635774456
712,0.672382946741,0.693519609263
713,0.731226282499,0.753384039312
714,0.68334380925,0.704295542012
715,0.59323116268,0.612262905879
716,0.660596330102,0.682262900374
717,0.728890582151,0.752016095679
718,0.683894172493,0.703867014702
719,0.589030832155,0.60608566005
720,0.636775552548,0.656626992869
721,0.713248572719,0.735318524908
722,0.684182571173,0.703697442714
723,0.58731781436,0.602214061106
724,0.607940731253,0.624908209111
725,0.689458797223,0.709095906984
726,0.678402922899,0.69745440086
727,0.593374820056,0.609392319948
728,0.579584034729,0.594291462003
729,0.661144536138,0.679063128326
730,0.671983024616,0.691795423854
731,0.600087543112,0.618239422591
732,0.56239001154,0.577822179879
733,0.63333652437,0.649966425543
734,0.648148738687,0.665733445926
735,0.591015342239,0.60771459549
736,0.544216029381,0.559479476135
737,0.612935491414,0.63002618238
738,0.627043435884,0.643926741778
739,0.582587443098,0.598424879084
740,0.527403371757,0.541523248033
741,0.58788372682,0.604178370685
742,0.604022548422,0.620377491441
743,0.570808937337,0.58589547401
744,0.514191303547,0.526824431033
745,0.556349177386,0.569781347121
746,0.572071917367,0.585254898035
747,0.551450224899,0.563634554976
748,0.500834053417,0.51093005077
749,0.527843410861,0.538604804106
750,0.54527677623,0.55568925836
751,0.534508352535,0.544469953219
752,0.490814742471,0.499703728185
753,0.504307948295,0.513178391512
754,0.524283795819,0.533384190779
755,0.521871708694,0.531358268458
756,0.490614910218,0.500446616812
757,0.494911510066,0.504319980195
758,0.517441084173,0.527643118324
759,0.515576975624,0.525728875463
760,0.4884839341,0.498435736119
761,0.48499878713,0.494019322867
762,0.510319188938,0.520283430984
763,0.509261592297,0.519409689574
764,0.48750936487,0.497612724369
765,0.484924038046,0.49452136375
766,0.508750129283,0.518962037647
767,0.508766504948,0.518930118779
768,0.484864239218,0.494440652338
769,0.487566837854,0.497688737791
770,0.509046145126,0.51918189729
771,0.509910702689,0.519893067836
772,0.48520424668,0.494244099683
773,0.488518934281,0.498447007979
774,0.515404840066,0.525555105477
775,0.51771978176,0.527930518609
776,0.494705635399,0.504136595123
777,0.4900618756,0.499908945226
778,0.522268818707,0.531775810468
779,0.524281203589,0.533342888717
780,0.504807653798,0.513640823323
781,0.49081005375,0.499693561716
782,0.534272147755,0.544249059216
783,0.545174937452,0.555569744582
784,0.52744047698,0.538237296266
785,0.501279581512,0.511423619499
786,0.551778970101,0.563940026918
787,0.57251772902,0.585729020102
788,0.555960824475,0.569405751766
789,0.513886097556,0.526533987232
790,0.570421206223,0.585525264893
791,0.603370069469,0.61968287574
792,0.587920092832,0.604239510845
793,0.527071731879,0.541179140434
794,0.582644321987,0.598422694386
795,0.626803400673,0.643717966343
796,0.612302029257,0.629415979372
797,0.544149920897,0.55936887755
798,0.591570090328,0.608296238324
799,0.648027081918,0.665563848895
800,0.633491664907,0.65012026554
801,0.562565699052,0.577956679748
802,0.600476439569,0.618661339006
803,0.670575887985,0.690383479246
804,0.660595449708,0.678447761225
805,0.579500575513,0.594184656481
806,0.593451014919,0.609426522479
807,0.67846410894,0.697491022696
808,0.689901909738,0.709539896378
809,0.608004644988,0.62503052274
810,0.587468040866,0.602328244033
811,0.68526160418,0.704870163035
812,0.712940154702,0.735071454826
813,0.636961247058,0.656839147712
814,0.589313931696,0.606416506167
815,0.684172706684,0.704238460293
816,0.72906081392,0.75222678313
817,0.659759813729,0.681462300532
818,0.593148825441,0.61213669271
819,0.68372311509,0.704730547634
820,0.73130864627,0.753436630979
821,0.672602360668,0.693725326745
822,0.696973828234,0.71676750646
823,0.695482826319,0.714953936581
824,0.692740790861,0.711777341967
825,0.692205607438,0.711237185728
826,0.693557809975,0.713113149928
827,0.695651491639,0.715990140939
828,0.696375773476,0.717227992406
829,0.695231440953,0.716209591828
830,0.691310189325,0.711952936049
831,0.686852494361,0.707149131124
832,0.684447809691,0.704546913816
833,0.682321460876,0.702415997855
834,0.678658878987,0.698682870287
835,0.675697403288,0.695471174196
836,0.670111556678,0.689101593513
837,0.665430915378,0.683777641016
838,0.659245366897,0.67746002129
839,0.655023975168,0.673039036807
840,0.650133775328,0.66790279164
841,0.645275027335,0.66277924608
842,0.639227458106,0.656371469755
843,0.633196829326,0.649763600964
844,0.627958032856,0.643909949923
845,0.621566559468,0.637197611397
846,0.617583429166,0.633269628919
847,0.612700716808,0.628639327063
848,0.608966281793,0.625070051788
849,0.604402606756,0.62051270308
850,0.600294231284,0.616339198821
851,0.595463911552,0.611385126178
852,0.590209184421,0.605970410343
853,0.584907445764,0.600430580999
854,0.578088627685,0.593245455585
855,0.57223208137,0.586976667749
856,0.564273124326,0.578293412782
857,0.557023632974,0.570203770154
858,0.550363357809,0.562836205381
859,0.544145843224,0.55593256489
860,0.537626328323,0.548765842457
861,0.531179226062,0.541710016018
862,0.525388839766,0.535321892483
863,0.520659238838,0.530058389617
864,0.516632169005,0.525997215394
865,0.514314104179,0.523938033628
866,0.512353142511,0.522346501773
867,0.511965073037,0.522211914498
868,0.509879899427,0.520250633062
869,0.507560308483,0.517855144938
870,0.504423410642,0.514484483391
871,0.501796820498,0.511688336248
872,0.500873190122,0.510833234474
873,0.500162783737,0.510177252472
874,0.499219219214,0.5093099844
875,0.499055661724,0.509214402939
876,0.499358675254,0.509574450933
877,0.499498946653,0.50971521614
878,0.49925070772,0.509510022573
879,0.499191841749,0.509365969289
880,0.499414065463,0.509524869955
881,0.49993846417,0.509963429171
882,0.501452289882,0.511408046797
883,0.501826879239,0.511749995785
884,0.50464753314,0.514764438143
885,0.507427364479,0.517740868469
886,0.509570002432,0.519952939242
887,0.511565634427,0.521831772581
888,0.513108557249,0.523107606178
889,0.514269802739,0.523903644914
890,0.516702932645,0.526041384157
891,0.520198348936,0.529584709581
892,0.526034337714,0.535957829958
893,0.531992688535,0.542488226052
894,0.537733465672,0.548858794667
895,0.544184998579,0.555955500903
896,0.550147232635,0.562567020832
897,0.55722487211,0.570441441817
898,0.564233180132,0.578270533922
899,0.571991450627,0.586717671777
900,0.578570613356,0.593777281816
901,0.584537228276,0.600089107679
902,0.590716322816,0.606447419351
903,0.59539511035,0.611256220934
904,0.599894751736,0.615937327482
905,0.604628972093,0.620789182514
906,0.609164382424,0.625260043078
907,0.612625824802,0.628564333395
908,0.617293534958,0.633028653448
909,0.621266980957,0.636840294032
910,0.626737813009,0.642669816659
911,0.633639832413,0.650237738208
912,0.639205305541,0.656297348354
913,0.644607010933,0.662105384478
914,0.64991661011,0.667695410531
915,0.655133230152,0.673147220067
916,0.659867452147,0.678128207014
917,0.664205593368,0.682550650758
918,0.669719097738,0.688730298629
919,0.675320894643,0.695114549552
920,0.678428930976,0.698485839587
921,0.681196793637,0.701271155703
922,0.683897194581,0.703960356045
923,0.687080514014,0.707362322809
924,0.691163289965,0.711770216885
925,0.694956969659,0.715949501203
926,0.696759878382,0.717636005348
927,0.695861215583,0.716165338945
928,0.693952120579,0.713507185819
929,0.691530751774,0.710540178527
930,0.692284823234,0.711408212626
931,0.695569099806,0.715025824191
932,0.696402756903,0.716145052484
933,0.709065490617,0.728737768022
934,0.707972143751,0.727531234387
935,0.705838841092,0.725082936004
936,0.70345074932,0.722484096585
937,0.704371007073,0.723959170215
938,0.705291233805,0.725600993416
939,0.708291765177,0.729469716892
940,0.708532346649,0.730200845653
941,0.705092241009,0.726582242968
942,0.701193182928,0.722308919911
943,0.698364705902,0.719059657931
944,0.694240392392,0.714630330191
945,0.690777579188,0.711032116806
946,0.688171296424,0.708298583444
947,0.68420559867,0.703979424116
948,0.679677781451,0.698864036331
949,0.673578209868,0.692382619563
950,0.668073714885,0.686707033096
951,0.663438760538,0.681898018888
952,0.656889139792,0.675068807564
953,0.65226698598,0.670095265792
954,0.645168028957,0.662381001276
955,0.638438882822,0.655062371075
956,0.632614867882,0.648616013372
957,0.626225663404,0.641878157528
958,0.620601817061,0.636505647917
959,0.616022780305,0.631965830527
960,0.61167763996,0.627808947727
961,0.606762925427,0.622932658907
962,0.6014891739,0.617631010073
963,0.595919384397,0.611843893826
964,0.589821212697,0.605392200228
965,0.583308839935,0.598582397659
966,0.576911006458,0.591868148368
967,0.57016679326,0.584733837453
968,0.563444503338,0.577257425398
969,0.555894506172,0.568891311334
970,0.549663150281,0.561974989962
971,0.542180936824,0.553838998689
972,0.534932190032,0.545907010749
973,0.528967989165,0.539330771156
974,0.523347337819,0.53313677185
975,0.518736788373,0.52818228026
976,0.51496639809,0.524544345838
977,0.512779713238,0.52273729628
978,0.511589262726,0.521884050422
979,0.50963402001,0.520083981641
980,0.507033519614,0.517387190097
981,0.503726741143,0.513862827402
982,0.500377872974,0.51022363168
983,0.497874417022,0.507703049888
984,0.496737686891,0.506501115581
985,0.495903010481,0.505672699676
986,0.495764946833,0.505636877169
987,0.495521702208,0.505500616561
988,0.496332161243,0.506397564091
989,0.496196709793,0.506293129294
990,0.495667825943,0.505656828221
991,0.495738912259,0.505595508538
992,0.496014764666,0.505796402125
993,0.496894195567,0.506691857855
994,0.49858705335,0.508405936357
995,0.500258636021,0.510153286923
996,0.503502411222,0.51362607352
997,0.506923750615,0.517291849369
998,0.510021601496,0.520434294378
999,0.51124164309,0.52154291433
1000,0.513030130126,0.52301330522
1001,0.514425727248,0.524017757501
1002,0.518043371683,0.52752742658
1003,0.522795073206,0.532581218161
1004,0.529271813419,0.539634997795
1005,0.535695849626,0.546706465124
1006,0.541982603281,0.553623273314
1007,0.549082702564,0.561442549257
1008,0.55592633804,0.568970582011
1009,0.56317197899,0.576992409057
1010,0.570063750363,0.584605120299
1011,0.576441926849,0.591422128028
1012,0.583254198141,0.598543062212
1013,0.589821423699,0.605383391791
1014,0.596238669634,0.612158739103
1015,0.602279104462,0.618370406396
1016,0.606353725694,0.622502185913
1017,0.610892244157,0.627002751104
1018,0.615451730363,0.631452111956
1019,0.620675462841,0.636529245518
1020,0.625425924956,0.641127257667
1021,0.63112628852,0.647078722279
1022,0.638731551741,0.655377070845
1023,0.645102809102,0.66233998997
1024,0.651528162347,0.669339259843
1025,0.657481940113,0.675689390548
1026,0.663165851841,0.681607905705
1027,0.668024116598,0.686682764594
1028,0.674084868185,0.692865645236
1029,0.678651359899,0.697858286936
1030,0.683928439408,0.703695372052
1031,0.687991972673,0.708098348711
1032,0.691455832093,0.711719658407
1033,0.694596882756,0.715051773906
1034,0.698011275629,0.718740643191
1035,0.701633289328,0.722732462174
1036,0.706663115628,0.728228798761
1037,0.708728737924,0.730385483026
1038,0.708008626927,0.729165010067
1039,0.705704828146,0.726000008012
1040,0.704168275241,0.723705765638
1041,0.704507624297,0.72357836207
1042,0.706401363139,0.725664982333
1043,0.70832872489,0.727933960014
1044,0.71575553888,0.735134709091
1045,0.714513823081,0.733827902021
1046,0.713027991381,0.732045635663
1047,0.713027752328,0.732527063939
1048,0.714632380143,0.734744791614
1049,0.717536523526,0.738527121466
1050,0.718661994815,0.740396679451
1051,0.717935477202,0.740044772821
1052,0.7140716174,0.735912932473
1053,0.70997305715,0.731449657844
1054,0.706045893546,0.72717321119
1055,0.701159345832,0.721934066306
1056,0.698827094525,0.719467159986
1057,0.69486045786,0.715217851086
1058,0.690084716479,0.710145871631
1059,0.685497213516,0.704960761446
1060,0.679756355578,0.699005121182
1061,0.674211168632,0.693262969408
1062,0.667858065639,0.686641991436
1063,0.662411965041,0.680806331943
1064,0.655066033173,0.672994895763
1065,0.648832662987,0.666040367146
1066,0.641686420296,0.658353501429
1067,0.634291721572,0.650288981061
1068,0.626448588005,0.642096111399
1069,0.622031921079,0.637766617804
1070,0.617678143721,0.633539656979
1071,0.612682668176,0.628768981689
1072,0.608461214717,0.624592997383
1073,0.602506127381,0.618444951171
1074,0.59552077214,0.611079923353
1075,0.588404507478,0.603554488437
1076,0.581664849793,0.596619004844
1077,0.576559464803,0.591230965236
1078,0.569566081922,0.583856297148
1079,0.56232292254,0.575880214845
1080,0.555336105158,0.568211045042
1081,0.547585969018,0.55975716139
1082,0.540979678611,0.552451489481
1083,0.533326985894,0.544092847301
1084,0.526878861089,0.536987255
1085,0.52077801047,0.53041127523
1086,0.516935882157,0.526506359583
1087,0.514246215713,0.524136257714
1088,0.512627302357,0.522869778138
1089,0.510164104427,0.520666290856
1090,0.50719676008,0.517611852172
1091,0.503189626811,0.513326362231
1092,0.50019282033,0.51012285111
1093,0.497284533213,0.50698791996
1094,0.495242731233,0.504829962504
1095,0.493550614196,0.503090964063
1096,0.492996447631,0.502518215771
1097,0.492443883481,0.502064318958
1098,0.493000364346,0.502800606207
1099,0.493500512118,0.503364662796
1100,0.492983552397,0.502831520476
1101,0.492824458752,0.50243894623
1102,0.493089079255,0.502600458045
1103,0.49367335478,0.503167548344
1104,0.495069931934,0.504652392913
1105,0.49747364315,0.5072104578
1106,0.500171740321,0.510108334005
1107,0.503513105162,0.513680990737
1108,0.507238051371,0.517672813238
1109,0.509994543617,0.520460612548
1110,0.512192108685,0.522444759503
1111,0.51421582418,0.524123818857
1112,0.516643772035,0.526224340004
1113,0.520400839487,0.530056424089
1114,0.526830025339,0.53700290353
1115,0.533589844117,0.544378688903
1116,0.541165578508,0.552654823127
1117,0.548744234898,0.560931686473
1118,0.555075630127,0.567951313041
1119,0.56259848361,0.57618680582
1120,0.56927091279,0.583584035116
1121,0.576287446506,0.591038150863
1122,0.582220268283,0.597166886359
1123,0.588263337734,0.603394335873
1124,0.59601337637,0.611464177351
1125,0.602031700987,0.617961107857
1126,0.608547016569,0.624711070467
1127,0.613376052579,0.629497787782
1128,0.617360536653,0.633257368292
1129,0.621904039701,0.637678519298
1130,0.6275782277,0.643224896233
1131,0.633875082754,0.64982483534
1132,0.641230930577,0.657865787948
1133,0.648115166872,0.665365792782
1134,0.655284295546,0.673151406786
1135,0.661946398837,0.680372564743
1136,0.667463594194,0.686213864791
1137,0.672942864975,0.691963459178
1138,0.679557331974,0.698833805909
1139,0.68500997632,0.704426220458
1140,0.689499469615,0.709487338296
1141,0.694992181261,0.715330976267
1142,0.698638304313,0.719270563018
1143,0.701745222631,0.722530605454
1144,0.70667519717,0.727720559233
1145,0.710061874396,0.731443054193
1146,0.715084487267,0.73691645512
1147,0.717640117038,0.739782994038
1148,0.717713330785,0.739462474695
1149,0.716310945498,0.737213480014
1150,0.714396973923,0.7345202557
1151,0.71207263909,0.731445996177
1152,0.711968270993,0.73092617499
1153,0.71419303525,0.733436126824
1154,0.715497805298,0.734949014933
1155,0.71612477522,0.734838050469
1156,0.716586527997,0.735252696946
1157,0.714840327527,0.73342927774
1158,0.714814815859,0.73386658275
1159,0.716359235065,0.736084426527
1160,0.717079369773,0.737570115612
1161,0.720346703098,0.741650377425
1162,0.720642678581,0.742645086152
1163,0.719681312199,0.741939069882
1164,0.716444672964,0.738321363116
1165,0.710840243935,0.732177493778
1166,0.707496442513,0.72862791096
1167,0.703165361979,0.723968152425
1168,0.698686811641,0.719171727477
1169,0.694610544089,0.714669655193
1170,0.69000796142,0.709861913184
1171,0.684564374374,0.704195022063
1172,0.679253477629,0.698665543245
1173,0.673362997995,0.692509307531
1174,0.667251901692,0.686138102283
1175,0.660706149862,0.678997753547
1176,0.653951955887,0.671702267146
1177,0.64644538481,0.663537736449
1178,0.639799768621,0.656258703286
1179,0.632343701088,0.648035364551
1180,0.623953301511,0.639171023876
1181,0.618781301177,0.633913658305
1182,0.613538569205,0.628734531751
1183,0.609766374883,0.625500047333
1184,0.604897801221,0.620637867085
1185,0.59936189632,0.614991583815
1186,0.593452358869,0.608916189043
1187,0.586165506826,0.601119589459
1188,0.58020409771,0.595268355023
1189,0.575660279778,0.590725424749
1190,0.568649584286,0.583183486498
1191,0.560992204348,0.57467680186
1192,0.552669727171,0.565326873021
1193,0.545141069431,0.557085207443
1194,0.536962707904,0.548029769095
1195,0.530018853565,0.540408860121
1196,0.523232417722,0.533055404041
1197,0.518268943131,0.527839643776
1198,0.515021631428,0.524771132035
1199,0.513354708025,0.523516010155
1200,0.510690944986,0.521094287274
1201,0.508257503269,0.51878941154
1202,0.50506576159,0.515547801568
1203,0.501795791297,0.512132192439
1204,0.498081779789,0.508287398485
1205,0.496196219249,0.506159041727
1206,0.493180702201,0.502910904266
1207,0.493538086877,0.50352190823
1208,0.492591163381,0.502526717825
1209,0.491456140089,0.501157743092
1210,0.490373574307,0.499696502269
1211,0.490114957487,0.499415053715
1212,0.490831558807,0.500561245236
1213,0.492572724338,0.502526378445
1214,0.493257539112,0.503261331423
1215,0.493839971884,0.50356219236
1216,0.496060623327,0.506059160183
1217,0.497990276536,0.508188315635
1218,0.501581257463,0.511948090602
1219,0.505355190552,0.51586433739
1220,0.508258327196,0.518782060421
1221,0.510452985292,0.520880190257
1222,0.513349565096,0.523478234113
1223,0.515484280824,0.525241306065
1224,0.518445301897,0.527999178299
1225,0.523324563855,0.533183498158
1226,0.529661906294,0.540054863424
1227,0.537085986383,0.548139012834
1228,0.544619476713,0.556550268498
1229,0.552446512182,0.565132782308
1230,0.560423606687,0.574065666365
1231,0.5684890749,0.582985353088
1232,0.57514567355,0.590193258235
1233,0.580247826841,0.595385553026
1234,0.586111710899,0.601104719417
1235,0.592869582984,0.608251276563
1236,0.599092200461,0.614713493634
1237,0.605521910306,0.621267898941
1238,0.609205050441,0.624893164199
1239,0.613370693608,0.62856196652
1240,0.618334077804,0.633513744747
1241,0.624096364019,0.639322395804
1242,0.631888414932,0.647568014253
1243,0.63959073335,0.655968006863
1244,0.646501563646,0.663589733675
1245,0.654508983477,0.672228189797
1246,0.660437276037,0.678741934358
1247,0.666797237937,0.685628417032
1248,0.672700121708,0.69189738974
1249,0.679362968268,0.698745349617
1250,0.68427549522,0.703859536786
1251,0.68968989368,0.709595080409
1252,0.694054466824,0.714058806047
1253,0.699551604388,0.719990793468
1254,0.702546293462,0.723410766382
1255,0.706878395138,0.72793880688
1256,0.710634721398,0.732004907819
1257,0.715073407905,0.736877863812
1258,0.71867700049,0.740849548038
1259,0.721085251201,0.743066862437
1260,0.720288308542,0.741640676247
1261,0.718454957451,0.738904263564
1262,0.715995784931,0.735699268116
1263,0.715194289799,0.734279115983
1264,0.715343869269,0.73391361947
1265,0.716327874561,0.734964564867
1266,0.488326850108,0.503978933914
1267,0.594811367925,0.613866052068
1268,0.713911772085,0.735979531953
1269,0.712530810481,0.734594286859
1270,0.592321301304,0.610803136992
1271,0.487974244555,0.503768622509
1272,0.59453480551,0.613952370365
1273,0.714608091394,0.737821268818
1274,0.704666995357,0.726404048781
1275,0.584266341228,0.601711439467
1276,0.480002806027,0.494368832994
1277,0.58924709697,0.608587999504
1278,0.702632795777,0.72493758114
1279,0.690959498875,0.711439793278
1280,0.572684934506,0.588407398552
1281,0.474008816953,0.487524401204
1282,0.575902463401,0.593585169355
1283,0.670710307687,0.687074406969
1284,0.67591631376,0.695347666111
1285,0.565258828518,0.58094283566
1286,0.466141136551,0.479190831303
1287,0.56007876616,0.575518864228
1288,0.662787351538,0.681373120462
1289,0.659256324003,0.678768308006
1290,0.559676703336,0.576869599224
1291,0.46035446953,0.473568728682
1292,0.548115563346,0.563165208245
1293,0.641823053008,0.659056511407
1294,0.634943360909,0.65262954584
1295,0.542356172501,0.558183817748
1296,0.45165876514,0.464272371018
1297,0.538228547723,0.553276200678
1298,0.621846325662,0.639173741621
1299,0.611395143308,0.627981638774
1300,0.524866818481,0.539780764427
1301,0.445308495303,0.45737187776
1302,0.526968159063,0.541724115618
1303,0.600468546386,0.617546869077
1304,0.590079312126,0.606390462671
1305,0.510455308113,0.524602202716
1306,0.437744056818,0.449123750438
1307,0.509349332905,0.522557073076
1308,0.570563989779,0.585343982362
1309,0.562049374272,0.575961239631
1310,0.485837177308,0.496971928716
1311,0.424697222521,0.434234771807
1312,0.491137629419,0.502083973271
1313,0.538684533094,0.549733381103
1314,0.531735729171,0.542313820789
1315,0.466441495323,0.475308426914
1316,0.41803391107,0.426575407678
1317,0.474932218374,0.483920638431
1318,0.512947140505,0.521561520459
1319,0.507449175769,0.515998376407
1320,0.452833302024,0.461646117186
1321,0.416280015472,0.424737137141
1322,0.466875422825,0.475622197032
1323,0.501773298082,0.511123810062
1324,0.495897678569,0.505519103134
1325,0.446912655135,0.456900875261
1326,0.415120581201,0.423261757097
1327,0.46721381287,0.476345258285
1328,0.494326360477,0.503685913052
1329,0.482053756517,0.491197068767
1330,0.435819560177,0.445384251301
1331,0.420805668816,0.429396401287
1332,0.468345275987,0.477635762598
1333,0.490020999252,0.499760229981
1334,0.474716749608,0.484180253078
1335,0.429668029333,0.439103659629
1336,0.429668258526,0.439110891673
1337,0.474326662515,0.483819912214
1338,0.490471574172,0.50023295201
1339,0.468095578399,0.477399382283
1340,0.420948872751,0.429566709284
1341,0.435815093293,0.445415474809
1342,0.482039227106,0.491233332662
1343,0.493663111702,0.503033717059
1344,0.467327348749,0.476464280287
1345,0.415116012316,0.423235781975
1346,0.447170799999,0.457189381555
1347,0.496062831169,0.505666548434
1348,0.502446675023,0.511806566409
1349,0.467104339452,0.475811676691
1350,0.415800327771,0.42420644533
1351,0.452623623523,0.461455019923
1352,0.506886722948,0.515431014826
1353,0.513172177862,0.521743966452
1354,0.475067216171,0.484108469782
1355,0.418175883585,0.426687823721
1356,0.466439304497,0.475351725005
1357,0.531209066121,0.541832719439
1358,0.538666607112,0.54973669079
1359,0.490594912164,0.501493028234
1360,0.424967450589,0.434513756867
1361,0.486138327978,0.497294112861
1362,0.561221443518,0.575100281252
1363,0.57091907038,0.585701323787
1364,0.509897357471,0.523117116385
1365,0.437811335727,0.449150512515
1366,0.510123177041,0.524237794893
1367,0.590797384477,0.607081465359
1368,0.600674177429,0.61772046285
1369,0.526693278124,0.541435500699
1370,0.445649093566,0.457765923354
1371,0.525413662882,0.540342631038
1372,0.611666290018,0.628229292205
1373,0.621605808181,0.638899092117
1374,0.538275512772,0.553305986291
1375,0.451376590331,0.463936788272
1376,0.542493873297,0.558313480189
1377,0.634793860082,0.652485196492
1378,0.641874708518,0.659135331734
1379,0.547985805715,0.563080504614
1380,0.460493801928,0.473720624092
1381,0.559049678049,0.576169132009
1382,0.659281632442,0.67881041241
1383,0.662913098068,0.681463311956
1384,0.559284272857,0.574637602785
1385,0.465891011199,0.478981602587
1386,0.564729944865,0.580390271744
1387,0.675722860501,0.69513099286
1388,0.669771605205,0.68611358479
1389,0.575948475617,0.593549840815
1390,0.473886726265,0.487392081
1391,0.571946899595,0.587573247063
1392,0.691040479057,0.711519733195
1393,0.701995551372,0.724260278369
1394,0.589474045696,0.608804882554
1395,0.479978756312,0.494415005188
1396,0.584038913778,0.601453088118
1397,0.705051724299,0.726845667447
1398,0.714287547359,0.737537287016
1399,0.594456072974,0.613968835976
1400,0.487832418879,0.503596036998
1401,0.592182925542,0.610684113774
1402,0.712432287833,0.734437966676
1403,0.713582679488,0.735643129773
1404,0.594028004884,0.613090229767
1405,0.689354803638,0.709192462766
1406,0.686936836437,0.70652877874
1407,0.685929188776,0.70521739772
1408,0.684418080709,0.703421875918
1409,0.683770491785,0.70284740497
1410,0.684064185574,0.703572736243
1411,0.685308365103,0.705387285389
1412,0.687352800102,0.707924623265
1413,0.688085113952,0.709148646132
1414,0.686182977724,0.707183874979
1415,0.682336270704,0.703033454755
1416,0.679727947832,0.700067171037
1417,0.677596334708,0.697875166777
1418,0.674005758139,0.694272240149
1419,0.672028434624,0.692248845722
1420,0.669671370024,0.689803295801
1421,0.66313328686,0.682058026142
1422,0.659332071902,0.677973661935
1423,0.657771981247,0.676640259454
1424,0.652726653636,0.671082276632
1425,0.648739646743,0.667015511723
1426,0.644045079276,0.662098344544
1427,0.64022197292,0.658111176243
1428,0.635869482163,0.653499429817
1429,0.631794398225,0.649210587009
1430,0.626662451813,0.64383411603
1431,0.622143573202,0.638988540806
1432,0.617326147111,0.633637282579
1433,0.612010213968,0.627835742469
1434,0.607014198191,0.622549181007
1435,0.603408237083,0.619100187149
1436,0.600034718039,0.615916583888
1437,0.596773359338,0.612850954802
1438,0.593998611263,0.610241489983
1439,0.589802556501,0.605974839088
1440,0.585540005505,0.601650724108
1441,0.581495796374,0.597428336795
1442,0.577358581502,0.593193385458
1443,0.572671910638,0.588438014068
1444,0.567522329601,0.583056404131
1445,0.563263602213,0.57862932985
1446,0.557054719754,0.572020279326
1447,0.551390341461,0.565838470098
1448,0.544990868661,0.55871414509
1449,0.538253807022,0.551263196495
1450,0.533483276553,0.545850274138
1451,0.526811520345,0.538499983248
1452,0.521427173207,0.532648434789
1453,0.516457090137,0.527173320459
1454,0.511348452709,0.5215073815
1455,0.506105102204,0.515820890438
1456,0.500414222924,0.509602293868
1457,0.495736817795,0.504629183477
1458,0.492316021382,0.501200096924
1459,0.490346090978,0.499517385326
1460,0.488603467017,0.498067799884
1461,0.487171457886,0.496845991409
1462,0.485401847432,0.495254429439
1463,0.484756966419,0.494765488765
1464,0.482496050357,0.492475321522
1465,0.480418081364,0.490271669414
1466,0.477768801,0.487386072625
1467,0.475914001904,0.485435566774
1468,0.47483757605,0.484417497486
1469,0.47438022587,0.484117250916
1470,0.473938360461,0.483753560874
1471,0.473387431011,0.483241643653
1472,0.472999703452,0.482929476144
1473,0.473056954451,0.483008219164
1474,0.473694753295,0.483650782791
1475,0.472815006861,0.482769377785
1476,0.473123525571,0.483029996159
1477,0.473297890814,0.483182644387
1478,0.473895345181,0.483745006512
1479,0.474355526792,0.484061618484
1480,0.474802602828,0.484413821383
1481,0.475530889353,0.485048031442
1482,0.478004077786,0.487645588305
1483,0.48057139622,0.490448326989
1484,0.482597222233,0.492565039322
1485,0.484541347835,0.494522767605
1486,0.485541670487,0.495410223134
1487,0.487106865836,0.496783837463
1488,0.488427593041,0.497926439668
1489,0.490584572207,0.499750164698
1490,0.492421390854,0.501316197171
1491,0.496157628633,0.505069378787
1492,0.500276198055,0.509484774101
1493,0.505673755917,0.515417376334
1494,0.510654125696,0.520856721464
1495,0.516549074524,0.52724748169
1496,0.522265408638,0.533486764873
1497,0.526980636838,0.538716022634
1498,0.532777130003,0.545166439469
1499,0.538524132525,0.551535799345
1500,0.544676100919,0.558388315336
1501,0.551095696888,0.565574294258
1502,0.557370900975,0.572322617549
1503,0.562554706205,0.577918202454
1504,0.568066858051,0.583684797266
1505,0.573025832525,0.58874438432
1506,0.577357817276,0.593183107521
1507,0.581590174933,0.597573211334
1508,0.586094448953,0.60220227137
1509,0.59026985976,0.606475181798
1510,0.594527477669,0.610798769667
1511,0.597652090972,0.61373020768
1512,0.600635294234,0.616455682125
1513,0.603616708138,0.61924440471
1514,0.606962709608,0.622522562503
1515,0.611430050155,0.627182017904
1516,0.61716497584,0.63349514716
1517,0.62205656654,0.638964154674
1518,0.627453886017,0.644646437628
1519,0.631272108423,0.648730497608
1520,0.63645280891,0.654110125546
1521,0.639441785711,0.657290753276
1522,0.643925591381,0.662041100619
1523,0.648855980432,0.667127282034
1524,0.65309123671,0.671531642909
1525,0.65783673874,0.676675637131
1526,0.658946431241,0.677549422721
1527,0.663368267999,0.682326614285
1528,0.670010102207,0.690129081189
1529,0.672472942655,0.692742017039
1530,0.674502068001,0.694750583309
1531,0.677191354766,0.697525943354
1532,0.678791694478,0.699139832615
1533,0.682517119417,0.703154541201
1534,0.685917752297,0.70694866626
1535,0.688101488418,0.709111856911
1536,0.687657223772,0.708184340963
1537,0.686091726714,0.706195502787
1538,0.684964924596,0.704443000797
1539,0.68333999495,0.702373370458
1540,0.684603606475,0.703567036007
1541,0.686362748826,0.705658731988
1542,0.687403493169,0.707052023401
1543,0.689122884962,0.708951904016
1544,0.685538705232,0.704562619253
1545,0.685444867916,0.704487343719
1546,0.685629143869,0.704450661345
1547,0.684483201992,0.703100008635
1548,0.682951879723,0.701455038498
1549,0.68421029524,0.703166252417
1550,0.684891714548,0.70435412808
1551,0.685536216667,0.70550961648
1552,0.686051123853,0.706483446169
1553,0.68560514819,0.706291557455
1554,0.682594423855,0.703081671777
1555,0.678815656493,0.698925766752
1556,0.675986143114,0.695786128122
1557,0.67380791933,0.693386423515
1558,0.670968520192,0.690450289227
1559,0.668082465639,0.687418628153
1560,0.666444614182,0.685771839456
1561,0.646976084784,0.661814691431
1562,0.658699342919,0.677345694036
1563,0.65488866288,0.673110034553
1564,0.649388737065,0.667348875873
1565,0.645477494429,0.663331448991
1566,0.641298037887,0.659038196667
1567,0.636749634462,0.654361899943
1568,0.633079123028,0.65057541962
1569,0.628319491467,0.645436923206
1570,0.624497223484,0.641332369695
1571,0.618460767765,0.634704705747
1572,0.613238104247,0.628967866348
1573,0.607723140344,0.623027239232
1574,0.603601284733,0.618795120186
1575,0.600065409711,0.615469150613
1576,0.595934247885,0.611459233419
1577,0.592757910329,0.60841184739
1578,0.588781800639,0.6045546152
1579,0.585443245392,0.601150770371
1580,0.580648814774,0.596261514883
1581,0.576800422666,0.592333313225
1582,0.571484571408,0.586894042862
1583,0.566537479362,0.581752567222
1584,0.561465918344,0.57642561643
1585,0.555968889985,0.570642055079
1586,0.550154860546,0.564355304016
1587,0.543988411614,0.5576116578
1588,0.537784177031,0.550660125962
1589,0.532933818272,0.545200061353
1590,0.527296094807,0.538992184527
1591,0.521834810509,0.53298359956
1592,0.516521159462,0.527173449172
1593,0.511198872693,0.521337673657
1594,0.506141896139,0.515830170553
1595,0.500715491193,0.509989300729
1596,0.49562657967,0.504474356058
1597,0.491964417224,0.500766443577
1598,0.489840526858,0.498853079616
1599,0.488017565214,0.497356369822
1600,0.486528463115,0.496124439566
1601,0.485093179199,0.494872438296
1602,0.483067435546,0.492945143895
1603,0.481357426282,0.491153685816
1604,0.478908676338,0.488535692433
1605,0.476174474317,0.485500092569
1606,0.473883829261,0.483054445515
1607,0.472804717876,0.482071342579
1608,0.47178832473,0.481146537862
1609,0.471861852668,0.481247434315
1610,0.471985401469,0.481547166116
1611,0.471940918528,0.481641404389
1612,0.472057727597,0.481804519494
1613,0.472240413747,0.482071501315
1614,0.472737568635,0.482545320974
1615,0.471467777901,0.481217185993
1616,0.47121611389,0.480910146452
1617,0.471712474521,0.481269019764
1618,0.471758580287,0.481189053298
1619,0.472085928092,0.48141106932
1620,0.472464756683,0.481722559477
1621,0.473632389493,0.482843154676
1622,0.47625415927,0.485594118052
1623,0.478874839652,0.488453258884
1624,0.481013094716,0.490817150342
1625,0.48342938944,0.493301476643
1626,0.484945703507,0.494726355535
1627,0.486566833385,0.496167467982
1628,0.4882365487,0.497582859883
1629,0.490109203115,0.499141561317
1630,0.492517292727,0.501320437924
1631,0.495606483505,0.504488715428
1632,0.500364159501,0.509636274939
1633,0.505164930178,0.514850006961
1634,0.510838505415,0.520997616096
1635,0.516882741436,0.527561739013
1636,0.52197385586,0.533139270044
1637,0.527214820046,0.538901764446
1638,0.532661624654,0.544926799465
1639,0.538695843807,0.551602549981
1640,0.544257523886,0.557886728081
1641,0.549782762786,0.564009556011
1642,0.555739029184,0.570420410848
1643,0.56115904914,0.576120757036
1644,0.566692263694,0.581924214183
1645,0.57200501127,0.587446611098
1646,0.576882721183,0.592409253974
1647,0.581073803403,0.596718247453
1648,0.584658683962,0.600363175142
1649,0.588832287126,0.604593499862
1650,0.592330960221,0.607934164061
1651,0.595508088536,0.611012178049
1652,0.599931950926,0.615291803909
1653,0.603748561921,0.618954705774
1654,0.608063545523,0.623407707618
1655,0.613141365247,0.628886242165
1656,0.619199522586,0.635514020847
1657,0.62366425342,0.640446175685
1658,0.628950867421,0.646184843645
1659,0.633576027882,0.651085234266
1660,0.636850074925,0.654515368082
1661,0.640819048121,0.658549899384
1662,0.645380404959,0.663240297997
1663,0.649482087916,0.667430799674
1664,0.654662673168,0.672889047911
1665,0.659502978427,0.67819100872
1666,0.647415537949,0.662311416496
1667,0.665454591509,0.684708910234
1668,0.668589976779,0.68793364583
1669,0.671062075928,0.690538662477
1670,0.673576939744,0.693183991674
1671,0.676880961884,0.696701273198
1672,0.679817267136,0.699920784143
1673,0.682869373886,0.703330522906
1674,0.685245911949,0.70595946047
1675,0.686409066989,0.706855335814
1676,0.686177042895,0.706196922361
1677,0.685261174211,0.704710252182
1678,0.683577126894,0.702483351044
1679,0.682860486094,0.701352629205
1680,0.68400273742,0.702610516393
1681,0.684913835025,0.703693010951
1682,0.686081233409,0.705109154081
1683,0.678052045718,0.696560890087
1684,0.678337305062,0.696842962533
1685,0.676415758509,0.694719505768
1686,0.675546498959,0.693699539699
1687,0.674631624647,0.693021184927
1688,0.676155303779,0.695001710642
1689,0.677627774783,0.697000405992
1690,0.678390348173,0.698299724393
1691,0.678480164164,0.698735644057
1692,0.676064506598,0.696349250292
1693,0.673523177709,0.693491166707
1694,0.670073536195,0.689726664946
1695,0.667637622703,0.687109591169
1696,0.665256407622,0.684619425158
1697,0.662608075554,0.6817662523
1698,0.660430599122,0.679549040785
1699,0.656355043778,0.67495214037
1700,0.654796356445,0.673523480877
1701,0.650644498292,0.669035180968
1702,0.646326469327,0.664260216386
1703,0.642350550909,0.660254207901
1704,0.638512094789,0.656283818064
1705,0.634064533596,0.651665661489
1706,0.630505929213,0.647994459381
1707,0.626010909717,0.643250450843
1708,0.621797919553,0.63864532083
1709,0.616600970216,0.632897894394
1710,0.611306414742,0.627172132413
1711,0.606421514424,0.621797851102
1712,0.600454295744,0.61548805242
1713,0.596057720942,0.611022385881
1714,0.592213322831,0.607321264408
1715,0.588409155498,0.603584909561
1716,0.585366787103,0.600694013744
1717,0.581522689763,0.596970145748
1718,0.578179494733,0.59355874368
1719,0.573702925408,0.588903830596
1720,0.568863122939,0.584019417753
1721,0.563976359944,0.578796758398
1722,0.558133019826,0.572614664104
1723,0.552583685239,0.56680453024
1724,0.547870021781,0.561845668518
1725,0.542858937026,0.55637432995
1726,0.536737141128,0.549727346757
1727,0.531774955446,0.544066400645
1728,0.526227862161,0.537925846327
1729,0.521047489456,0.532221045791
1730,0.515995732004,0.5266804118
1731,0.510247061111,0.520441007161
1732,0.505271558574,0.515006281311
1733,0.500586250967,0.509951215764
1734,0.495796897671,0.504703292977
1735,0.49199270824,0.500729090516
1736,0.489082244249,0.497899144512
1737,0.48680654367,0.496002436849
1738,0.485416954955,0.494873259433
1739,0.484277494483,0.493923631157
1740,0.482022014929,0.491716536229
1741,0.480633367878,0.490265545979
1742,0.477315998974,0.486754033351
1743,0.47475355292,0.483917016525
1744,0.472829900198,0.481860921891
1745,0.470922771714,0.479904573601
1746,0.469996674812,0.479010523761
1747,0.46915534469,0.478209452427
1748,0.469054161952,0.478209139065
1749,0.469053666985,0.478339080138
1750,0.469229146549,0.478715624627
1751,0.470615509275,0.48023991611
1752,0.470449490855,0.480149190521
1753,0.470373250388,0.479961401407
1754,0.469601236433,0.479075825677
1755,0.469285348457,0.478589105486
1756,0.469002642785,0.478149186811
1757,0.469060878301,0.478087103561
1758,0.469901136968,0.478905441885
1759,0.471058122811,0.48002817602
1760,0.473084385335,0.482059185742
1761,0.47504373758,0.48418980079
1762,0.477852599476,0.487286551093
1763,0.479914412588,0.489594581519
1764,0.482294018946,0.492026094855
1765,0.484387122486,0.494015972147
1766,0.485626906916,0.495065446844
1767,0.487123935085,0.496306751639
1768,0.489225420183,0.498064211016
1769,0.491465005316,0.500179870731
1770,0.495929947689,0.504884743501
1771,0.50092860179,0.510288794734
1772,0.505219110038,0.514960072108
1773,0.510704263776,0.520909382891
1774,0.515908870111,0.526588476568
1775,0.521036884565,0.53222877459
1776,0.526384967675,0.538092382637
1777,0.531418095724,0.543708621248
1778,0.536806768434,0.549741326956
1779,0.542530624651,0.556072483055
1780,0.548123019591,0.562028812347
1781,0.552945546633,0.567204522377
1782,0.558492697329,0.57300387656
1783,0.564203430028,0.579065985602
1784,0.569082763775,0.584208951288
1785,0.573747450663,0.588991481382
1786,0.578017628422,0.593353849292
1787,0.581576705131,0.59701146077
1788,0.584762405347,0.600097630013
1789,0.588408106371,0.603585083526
1790,0.592149249689,0.607313133298
1791,0.595888512108,0.610836759192
1792,0.599912361498,0.614969213372
1793,0.606141140484,0.621551863887
1794,0.611185563993,0.627057762484
1795,0.615969892742,0.63228124814
1796,0.620878479046,0.637690590767
1797,0.625986505407,0.643161737217
1798,0.630227752794,0.647759330251
1799,0.634750103762,0.652349242614
1800,0.637782950894,0.655575491488
1801,0.642247662989,0.660084623092
1802,0.646254091826,0.664219406007
1803,0.650782429779,0.669145696006
1804,0.65406914618,0.672807222278
1805,0.65664340296,0.675245922622
1806,0.660165947085,0.679264050785
1807,0.662277112519,0.681477760136
1808,0.665029735615,0.684273089082
1809,0.667302592908,0.686713661685
1810,0.669999415118,0.689621978381
1811,0.673810672382,0.693767123631
1812,0.677121118043,0.697495758921
1813,0.678090060184,0.698345347789
1814,0.678225572372,0.698115899524
1815,0.676975553461,0.696356747342
1816,0.676770423772,0.695698781102
1817,0.675259928452,0.693706762603
1818,0.676090182985,0.694258906632
1819,0.677150876604,0.695488479408
1820,0.678058676822,0.696565040838
1821,0.677991072774,0.696570381315
1822,0.660008846712,0.677904000862
1823,0.659468248094,0.677401088057
1824,0.658334538251,0.676172180495
1825,0.657912804438,0.675630060395
1826,0.658242583116,0.676118596555
1827,0.659140130978,0.677396553145
1828,0.659601303134,0.678303323929
1829,0.660021719222,0.679174135359
1830,0.661479781288,0.681002602735
1831,0.660330239824,0.680023457468
1832,0.657834086556,0.677553929134
1833,0.655357621119,0.674725212945
1834,0.65258371589,0.671659490072
1835,0.650354389145,0.669219069612
1836,0.647606534573,0.666419400777
1837,0.645909820897,0.664674486101
1838,0.643008727066,0.661254768603
1839,0.638813228807,0.656860780101
1840,0.63753780496,0.655788581323
1841,0.63425755061,0.652131610214
1842,0.63015310206,0.64783339036
1843,0.626814261322,0.644399517851
1844,0.622947998122,0.640478996639
1845,0.619070344388,0.636405313996
1846,0.615844362362,0.632926945469
1847,0.610741783483,0.627482609449
1848,0.606804823226,0.623104732928
1849,0.601562843825,0.617448104966
1850,0.597584753091,0.613111782284
1851,0.592166113628,0.607092679271
1852,0.586982653856,0.601582170941
1853,0.582746206796,0.597277494711
1854,0.579990640868,0.594640339989
1855,0.575458975699,0.590092671249
1856,0.57267209161,0.587274784218
1857,0.569029284815,0.583503818015
1858,0.56474847588,0.579183183543
1859,0.562363061208,0.577068241985
1860,0.557950077727,0.572532893306
1861,0.553265325449,0.567733165201
1862,0.549003186385,0.563244807302
1863,0.543944204571,0.557968979255
1864,0.538600959664,0.552080138788
1865,0.534024615474,0.54730560919
1866,0.529226579115,0.542121126045
1867,0.524103481862,0.536283095633
1868,0.517736583946,0.529267151143
1869,0.512550290024,0.523493985349
1870,0.507195687474,0.517544675384
1871,0.502078356559,0.511879038998
1872,0.497133304763,0.50653259349
1873,0.49360314619,0.502605891541
1874,0.489391170187,0.498089737093
1875,0.486345466787,0.495069729598
1876,0.484661014872,0.493665369552
1877,0.483145626741,0.492448187033
1878,0.481940560878,0.49142426407
1879,0.479836802587,0.489472138726
1880,0.478365170693,0.488006867709
1881,0.476561121181,0.486153027358
1882,0.473923966866,0.483318724777
1883,0.47307600895,0.482565167092
1884,0.471039500741,0.480422834557
1885,0.469567413966,0.478890496171
1886,0.468057597213,0.477215078011
1887,0.466823571846,0.475831855537
1888,0.465634971431,0.474404807724
1889,0.46585045785,0.474812486834
1890,0.46712383318,0.476555892675
1891,0.468096910215,0.477643655383
1892,0.468224914448,0.477755273836
1893,0.4672116705,0.476659505577
1894,0.465706825575,0.474653593492
1895,0.465761487222,0.474557465387
1896,0.466808103796,0.475876157279
1897,0.46856892294,0.477720696731
1898,0.469490049742,0.478776357198
1899,0.471558704856,0.480941555985
1900,0.472573505876,0.482031342667
1901,0.474327491237,0.483719327675
1902,0.47639037825,0.485988776155
1903,0.478594335572,0.48818338826
1904,0.479996109471,0.489616592069
1905,0.48157810258,0.491062281474
1906,0.482847132239,0.492156027551
1907,0.484910477915,0.493928282517
1908,0.486833408588,0.495558004209
1909,0.489828681466,0.49853484218
1910,0.493447927332,0.502449702373
1911,0.497291102795,0.506672097834
1912,0.502344723555,0.512147467005
1913,0.506893659438,0.51721718066
1914,0.513078717466,0.524035360088
1915,0.51835998173,0.529907736126
1916,0.523476759754,0.53562263738
1917,0.529647468447,0.542554476152
1918,0.534450047687,0.547725719825
1919,0.539037968539,0.552545138692
1920,0.543899872035,0.55791557753
1921,0.549373572111,0.563636209813
1922,0.553525189836,0.567985348282
1923,0.55795223168,0.572545964258
1924,0.562522266317,0.577225793082
1925,0.565159957665,0.579648134204
1926,0.568827372345,0.583336226424
1927,0.57272922006,0.587347107663
1928,0.575812590617,0.590442992928
1929,0.579537397761,0.594227811609
1930,0.582844680319,0.597404260071
1931,0.587071960009,0.601724298493
1932,0.591925570347,0.606936577794
1933,0.596704059002,0.612153008678
1934,0.601644037421,0.617530185511
1935,0.606110277147,0.622416761195
1936,0.610926728716,0.627637672228
1937,0.615272538354,0.63231248681
1938,0.618921613651,0.636231642731
1939,0.622466874562,0.639950960583
1940,0.626945064499,0.64455203501
1941,0.630643901452,0.648340301898
1942,0.633813490704,0.651672869968
1943,0.637275044705,0.655492681662
1944,0.638880775451,0.656906682402
1945,0.642602275288,0.660813976961
1946,0.645960308481,0.664707229494
1947,0.64800804834,0.666808271951
1948,0.649821101513,0.668705210415
1949,0.652375474389,0.671370444832
1950,0.655692888075,0.675106935909
1951,0.658597187487,0.678394909499
1952,0.660530753938,0.680286758793
1953,0.660647845504,0.680156049847
1954,0.660560522676,0.679669480899
1955,0.659684017149,0.678406269934
1956,0.658594518185,0.676777319745
1957,0.658721897688,0.676589057752
1958,0.657622939019,0.675291644165
1959,0.65889042505,0.676694875483
1960,0.659305652469,0.677205050615
1961,0.410261358501,0.423327165069
1962,0.506874371123,0.523121994506
1963,0.619916956724,0.639012686061
1964,0.695622431359,0.71658107279
1965,0.641232740102,0.661014856543
1966,0.527891726369,0.544531166662
1967,0.417037976589,0.430513159904
1968,0.48403098008,0.499891315187
1969,0.597089680372,0.616129491954
1970,0.687819839134,0.709218278412
1971,0.653227630222,0.673024294496
1972,0.543051045657,0.559306832033
1973,0.426385149697,0.439133268151
1974,0.455156326567,0.470103117936
1975,0.570425136328,0.589124994407
1976,0.663573961373,0.683626690442
1977,0.655592461422,0.674506704039
1978,0.556101050638,0.571779674957
1979,0.441767728912,0.454004449988
1980,0.424797400822,0.437635523661
1981,0.536616713538,0.553110538221
1982,0.632649135229,0.650778427893
1983,0.650957353992,0.669308545821
1984,0.569834145391,0.585955002359
1985,0.457622383907,0.470826996108
1986,0.401583144591,0.413215416838
1987,0.500798173314,0.514785962757
1988,0.598577629947,0.615411217856
1989,0.639027841487,0.657011314443
1990,0.579950290829,0.597483470932
1991,0.474015999746,0.488770910334
1992,0.388133072039,0.399310708343
1993,0.469799840094,0.483215378814
1994,0.565404846165,0.581270371407
1995,0.613914200489,0.629806117244
1996,0.575163769123,0.590923360066
1997,0.480918200307,0.494981454827
1998,0.384524265051,0.395242868857
1999,0.441681217303,0.454262558692
2000,0.537690798022,0.553431884766
2001,0.592838938676,0.609101542951
2002,0.570355618941,0.586017101434
2003,0.486627627339,0.500868771996
2004,0.392655204427,0.403455145768
2005,0.414102218486,0.425017210032
2006,0.50560147511,0.519917854272
2007,0.56651782593,0.582055240451
2008,0.559017240427,0.574226320911
2009,0.486073831739,0.499656867978
2010,0.400240222034,0.411108190905
2011,0.391803576346,0.401597673393
2012,0.471663151499,0.483438474314
2013,0.529172516191,0.541692749928
2014,0.53406487516,0.546110051094
2015,0.475840718708,0.48670799611
2016,0.397175459722,0.405789181516
2017,0.372180239697,0.380867203071
2018,0.442640592186,0.452341464848
2019,0.496239324585,0.505822268142
2020,0.506788906705,0.515946652224
2021,0.465979860494,0.475027965234
2022,0.40355774398,0.413348905966
2023,0.420317551331,0.42831963926
2024,0.471599328842,0.479816557017
2025,0.485060463717,0.493245175224
2026,0.458754080668,0.468007573371
2027,0.399424271203,0.408509411255
2028,0.361069326978,0.368763993769
2029,0.406839190225,0.414789393951
2030,0.46113598614,0.470468831489
2031,0.477098079402,0.486191130146
2032,0.455789993716,0.465098484926
2033,0.400798368824,0.410530129045
2034,0.365080648176,0.373448583403
2035,0.39853209813,0.406754532357
2036,0.454244267879,0.463830769093
2037,0.470423918412,0.47966222663
2038,0.451855597875,0.461090364744
2039,0.394834948577,0.403863288557
2040,0.368762117357,0.377452509846
2041,0.395930822264,0.404217177034
2042,0.448164835807,0.457295217679
2043,0.470034815333,0.47942137547
2044,0.448394558075,0.457560700519
2045,0.396093601908,0.404388429158
2046,0.368957474345,0.377629006247
2047,0.394602708958,0.403671357723
2048,0.45186775969,0.461131535271
2049,0.470514183812,0.47976265825
2050,0.453392825571,0.462988847171
2051,0.399048636832,0.407254237722
2052,0.365087023315,0.373461232825
2053,0.400631260493,0.410349475897
2054,0.456423589237,0.465756171029
2055,0.477874666893,0.486950929086
2056,0.461345735352,0.470656178848
2057,0.407429736569,0.415332600717
2058,0.360779852173,0.368459153984
2059,0.400074147734,0.409162968859
2060,0.458525702464,0.467753427889
2061,0.48482772534,0.493025466735
2062,0.47129153514,0.479524273969
2063,0.420772367638,0.428797829929
2064,0.403956074738,0.413800557716
2065,0.465539951598,0.474588695238
2066,0.50676307243,0.515949354311
2067,0.496893838544,0.50649517482
2068,0.44282217089,0.452571806974
2069,0.372331185959,0.381063831383
2070,0.397535893469,0.406162092584
2071,0.475842611884,0.486719931113
2072,0.533797010439,0.545849327433
2073,0.5292254897,0.541738302839
2074,0.471555681667,0.483367412061
2075,0.391973963129,0.401781967308
2076,0.40026687752,0.411084411343
2077,0.485873502745,0.499470787071
2078,0.55883511298,0.574062717104
2079,0.56673451387,0.582277199125
2080,0.505650344159,0.520009916549
2081,0.414810093444,0.425740940018
2082,0.392953463345,0.403781479997
2083,0.485821106298,0.500028616903
2084,0.57027409015,0.585965053655
2085,0.593097381859,0.609313232777
2086,0.53793530572,0.553716225052
2087,0.441748790615,0.454371245039
2088,0.384603446823,0.395330326383
2089,0.481276263428,0.495371582297
2090,0.574364948707,0.590129577176
2091,0.613893002488,0.629756666112
2092,0.565029854327,0.580836324499
2093,0.470290743799,0.483752001434
2094,0.38881439704,0.399977627309
2095,0.473793840246,0.488579175454
2096,0.580387165976,0.597966053745
2097,0.638686341542,0.656652414881
2098,0.598016190732,0.614830804242
2099,0.500744539327,0.514753049379
2100,0.402149922537,0.41380625558
2101,0.457341969042,0.470485432221
2102,0.568958092098,0.585108363705
2103,0.650721145549,0.668950451218
2104,0.63343879337,0.651576649178
2105,0.536688703882,0.553138484699
2106,0.424325575322,0.437064366077
2107,0.441818538788,0.454039414393
2108,0.556322896704,0.572009665079
2109,0.654322515979,0.67323520777
2110,0.663579326214,0.683662793636
2111,0.570905600982,0.589690366159
2112,0.455083593978,0.469983704526
2113,0.425747347096,0.438495948778
2114,0.541833303176,0.55810434111
2115,0.654213532625,0.674027582885
2116,0.687253187075,0.708649810795
2117,0.596982783535,0.616012522514
2118,0.484091016704,0.499971637904
2119,0.416935507266,0.430436608204
2120,0.52852722866,0.545105241625
2121,0.64240529575,0.662194213449
2122,0.696000044249,0.716950875318
2123,0.619072019882,0.638115612869
2124,0.50712552827,0.523399749068
2125,0.679573851626,0.699296279185
2126,0.668841029027,0.688093709578
2127,0.65414699331,0.672548130636
2128,0.652471099886,0.67079595089
2129,0.664933493161,0.6834605989
2130,0.6738589614,0.692830670159
2131,0.67531086978,0.6947297724
2132,0.66854603372,0.688097210206
2133,0.656024864678,0.675473319282
2134,0.650717457104,0.670064215252
2135,0.663220993309,0.683334057588
2136,0.67285498257,0.693443710634
2137,0.673705955378,0.694297949844
2138,0.664348526632,0.68458745771
2139,0.646800162682,0.665799776992
2140,0.638245195647,0.656698896144
2141,0.64908160163,0.668264220921
2142,0.657996070536,0.677912756894
2143,0.660572490314,0.680704063596
2144,0.644461080421,0.661328287231
2145,0.636367388859,0.654851289553
2146,0.624172846547,0.641900082538
2147,0.631503608355,0.649258395511
2148,0.637068151251,0.655121605021
2149,0.638254002325,0.656426706689
2150,0.631194777645,0.649014459055
2151,0.616214675687,0.633356481911
2152,0.604902234995,0.621682827412
2153,0.610141831785,0.627043957195
2154,0.616229532656,0.633599234083
2155,0.615266764426,0.632420364086
2156,0.609695841742,0.626392896527
2157,0.59655579664,0.612731795838
2158,0.584175437199,0.599402377544
2159,0.584744924192,0.599698228346
2160,0.59052212834,0.60594668029
2161,0.591163829414,0.606831669725
2162,0.587679972651,0.603514955629
2163,0.578285709218,0.594279525439
2164,0.566959287629,0.582620889753
2165,0.56527758769,0.580559741906
2166,0.57321985576,0.589193820842
2167,0.573132075028,0.589242410726
2168,0.569289951202,0.585254579939
2169,0.560351042252,0.576158177233
2170,0.549239851208,0.564380140857
2171,0.544109539818,0.559079296123
2172,0.550453295427,0.565804891873
2173,0.54889464303,0.564250048792
2174,0.543546846333,0.558493437269
2175,0.535317366414,0.549709269013
2176,0.521911158495,0.53513927363
2177,0.515457288814,0.527856335611
2178,0.519240587252,0.531798674711
2179,0.516381835045,0.528579853437
2180,0.511953705312,0.523618230797
2181,0.505752608321,0.51691890853
2182,0.494413133416,0.504529879792
2183,0.487339148966,0.496936370632
2184,0.489946183238,0.499570540416
2185,0.487932681192,0.497284947969
2186,0.497393904474,0.505958687266
2187,0.481821773633,0.490332160324
2188,0.472044674346,0.480510780535
2189,0.467609621315,0.476157377932
2190,0.469456115696,0.478245375197
2191,0.469433278323,0.478597656505
2192,0.468264800516,0.477629386605
2193,0.467319044517,0.476920365501
2194,0.464663451343,0.474501732154
2195,0.460915293925,0.470662714935
2196,0.461188154057,0.47103797839
2197,0.461306493119,0.471124753283
2198,0.461014482505,0.470768485535
2199,0.464900030237,0.474740000103
2200,0.466890192017,0.476472490901
2201,0.468276459989,0.477673844374
2202,0.469958688822,0.479151188214
2203,0.46989602967,0.478700126591
2204,0.468305016666,0.476863566508
2205,0.472306416585,0.480773876918
2206,0.482439718169,0.490967498851
2207,0.497208714804,0.505756973078
2208,0.487748119763,0.497093908389
2209,0.489893498262,0.499533164753
2210,0.487807013487,0.49740915842
2211,0.494660214414,0.504819073593
2212,0.505985297994,0.517106574292
2213,0.511818687181,0.523447474018
2214,0.516704666649,0.528905200539
2215,0.519306460477,0.531830007743
2216,0.515006613294,0.527398597678
2217,0.521858841484,0.535055219935
2218,0.535572392598,0.549979659796
2219,0.543408941817,0.558422520982
2220,0.548634251296,0.563993092204
2221,0.550105832954,0.565475063582
2222,0.544194039342,0.559105873252
2223,0.548970060616,0.56414225471
2224,0.560298678492,0.576071683654
2225,0.568932070686,0.584926021035
2226,0.572286978549,0.588372718325
2227,0.572267158477,0.588235279386
2228,0.564783651483,0.580062700292
2229,0.567099775426,0.582784821972
2230,0.578791268623,0.594749110838
2231,0.588464834169,0.604323367873
2232,0.591590138856,0.607231475856
2233,0.590802733762,0.606150735088
2234,0.584377191029,0.599388193002
2235,0.584322378054,0.599593131411
2236,0.596899878224,0.613061397315
2237,0.610033122304,0.626767661641
2238,0.61585600084,0.632994710985
2239,0.616407126692,0.633774282497
2240,0.609714645519,0.626632706847
2241,0.604727774582,0.621479995521
2242,0.616049317784,0.633142105338
2243,0.630650561613,0.648481547413
2244,0.638504220587,0.656647656725
2245,0.637668721528,0.655651247916
2246,0.631866874291,0.649727284327
2247,0.624222745154,0.641915774339
2248,0.636212924461,0.654628601795
2249,0.645261569105,0.662111811231
2250,0.660859301862,0.681022134858
2251,0.658657781571,0.67855322491
2252,0.649615019954,0.668845913525
2253,0.638847017484,0.65737765763
2254,0.647635815286,0.666655860217
2255,0.664815000742,0.685041383989
2256,0.673247069473,0.693810887106
2257,0.672906224121,0.693467995108
2258,0.664162318371,0.684275871778
2259,0.651247410503,0.670630844009
2260,0.656455522624,0.675968241316
2261,0.668438888434,0.688004911664
2262,0.675015811766,0.694472321367
2263,0.673097352261,0.692013686385
2264,0.663159499498,0.681696420127
2265,0.65228246979,0.67061808206
2266,0.654199390546,0.672586032182
2267,0.668944332873,0.68817311691
2268,0.679029059622,0.698744511836
2269,0.609503913446,0.627412539778
2270,0.609176238515,0.626978625445
2271,0.60874623251,0.62646170649
2272,0.607558710336,0.625164583826
2273,0.607601951051,0.625086088465
2274,0.607265829187,0.624752021538
2275,0.607967184152,0.625733771641
2276,0.608236909963,0.626240395188
2277,0.608185878332,0.626415658941
2278,0.607780671083,0.626201020771
2279,0.6065317496,0.62499875131
2280,0.605202905251,0.623628135383
2281,0.602666549847,0.620725612279
2282,0.600881090254,0.618650762867
2283,0.598772929856,0.616356720219
2284,0.597373311882,0.614860629558
2285,0.596207292636,0.613645067217
2286,0.594487930048,0.611850078768
2287,0.593004456984,0.610421858779
2288,0.589513492978,0.605981197982
2289,0.59039807529,0.607692518658
2290,0.588400965956,0.605473239
2291,0.585335086055,0.602037005087
2292,0.582156861632,0.598532605243
2293,0.579109405559,0.595443331436
2294,0.577514804613,0.593796075016
2295,0.575549000981,0.591921276453
2296,0.573185404288,0.589556858207
2297,0.57108517581,0.587225562451
2298,0.56850565101,0.584505697107
2299,0.565579279951,0.581335679045
2300,0.562971456672,0.578446359066
2301,0.559032178675,0.574136202452
2302,0.555892226243,0.570583940153
2303,0.552268416622,0.566610593614
2304,0.549104547022,0.563389968658
2305,0.546900369109,0.561170905385
2306,0.54413011737,0.558558244559
2307,0.542039932055,0.556569983754
2308,0.540069908104,0.554718520867
2309,0.538388030046,0.553126246457
2310,0.535455059642,0.550143202752
2311,0.532736486528,0.547368325824
2312,0.53046917271,0.545078076026
2313,0.526913959629,0.541386423467
2314,0.523817746342,0.538099149294
2315,0.520392513441,0.534447199373
2316,0.516916175416,0.530763411006
2317,0.513590645668,0.527105518462
2318,0.509363285861,0.522570153799
2319,0.504930455663,0.517755956062
2320,0.50207561326,0.514498052583
2321,0.497854392054,0.509693367681
2322,0.493278069546,0.504546657806
2323,0.488901883806,0.499742537832
2324,0.485308069561,0.495703479088
2325,0.481567359678,0.491591589859
2326,0.478646091962,0.488457128881
2327,0.474437274387,0.483807273192
2328,0.471087786349,0.480106491047
2329,0.467962890066,0.476659385201
2330,0.464941544002,0.473407714856
2331,0.483372507092,0.492141719118
2332,0.467557980825,0.47764176823
2333,0.467311796236,0.477450901608
2334,0.483512591835,0.492234016016
2335,0.464621229319,0.473042452508
2336,0.46805189123,0.476773040308
2337,0.470991954377,0.480004066054
2338,0.474549095707,0.483903414017
2339,0.478295261812,0.488130100769
2340,0.4816551456,0.491659965668
2341,0.485309090373,0.495703063596
2342,0.489225266639,0.500061184625
2343,0.493276477883,0.50451536682
2344,0.497624602677,0.509454335421
2345,0.501982438274,0.51439414461
2346,0.505162700616,0.518028739804
2347,0.509865533797,0.52305768562
2348,0.51344581092,0.526944899733
2349,0.516739209575,0.530575835502
2350,0.520144305181,0.534291296651
2351,0.523255765817,0.537543817055
2352,0.52691414729,0.541406175551
2353,0.530230643351,0.544778076135
2354,0.533110264039,0.547752208188
2355,0.535950986041,0.550650835882
2356,0.537923923294,0.55263091963
2357,0.540322540755,0.554992136438
2358,0.542485265588,0.557076749589
2359,0.544041327141,0.558528069121
2360,0.54590330549,0.560155895231
2361,0.548754403942,0.563016817988
2362,0.552122027961,0.566466397562
2363,0.555552478833,0.570235051248
2364,0.559623306785,0.574717761575
2365,0.563072320131,0.578553085014
2366,0.566120457466,0.581856160438
2367,0.568342911771,0.584339881683
2368,0.571461643021,0.587647115693
2369,0.57371158249,0.590042259431
2370,0.575299561516,0.591609912171
2371,0.5771574265,0.593454676349
2372,0.579792438515,0.596091258877
2373,0.582227159031,0.598600900494
2374,0.585503416243,0.60222506156
2375,0.587912222767,0.604962926461
2376,0.590619956921,0.607896110381
2377,0.589597468706,0.606113816994
2378,0.593833182153,0.611199739363
2379,0.594482397689,0.611829297565
2380,0.595985385622,0.613396454458
2381,0.597128525368,0.61461422367
2382,0.598772551073,0.616329732007
2383,0.60022668301,0.617988341269
2384,0.602799137137,0.620911716568
2385,0.605187593448,0.623602110426
2386,0.606693127871,0.625184798824
2387,0.607967423915,0.626368968682
2388,0.607972128609,0.626174421111
2389,0.608294472074,0.62627270089
2390,0.60791481483,0.625706000094
2391,0.607199477357,0.624693687308
2392,0.607307775369,0.624822102843
2393,0.607233565154,0.624851227851
2394,0.608588884433,0.626301522813
2395,0.609590753722,0.62741473183
2396,0.596568062518,0.614020805024
2397,0.596320942745,0.613701019348
2398,0.595814345409,0.613085453961
2399,0.595026761672,0.612195762884
2400,0.594747892729,0.611850591383
2401,0.595241479732,0.612523506443
2402,0.595805892042,0.613305527684
2403,0.595230139476,0.612910312879
2404,0.595103608321,0.612987097945
2405,0.594802115043,0.612833875663
2406,0.59384468973,0.611941301243
2407,0.591867058926,0.609861643495
2408,0.589748721546,0.607471211271
2409,0.587900550965,0.605307921197
2410,0.585667304039,0.602897946807
2411,0.585231494107,0.602424304658
2412,0.583506233147,0.600635741617
2413,0.582058758247,0.599171212245
2414,0.580866664155,0.597958120447
2415,0.575104573896,0.590571529609
2416,0.577801775403,0.594672168092
2417,0.575683916523,0.59235533888
2418,0.572486618655,0.588896589538
2419,0.570398108451,0.586611491893
2420,0.56807418576,0.584347404129
2421,0.566034556579,0.582285768017
2422,0.563900383038,0.580112812685
2423,0.563003857142,0.579096466425
2424,0.559759153956,0.575562297307
2425,0.557071723499,0.572690554757
2426,0.554325626394,0.569680893901
2427,0.551284765439,0.566319332922
2428,0.547992929101,0.562583910387
2429,0.544798170376,0.559108164125
2430,0.541626079948,0.555780771542
2431,0.539146922327,0.553197935941
2432,0.536273700876,0.550427150492
2433,0.534425892442,0.548622562309
2434,0.531611437028,0.545803845766
2435,0.529655418613,0.543900264758
2436,0.527861263903,0.542169281412
2437,0.525484621202,0.539832259357
2438,0.522965029167,0.537164625323
2439,0.519871545517,0.534042474564
2440,0.517148981769,0.531157721662
2441,0.513894528958,0.52767017322
2442,0.509968365779,0.523384144432
2443,0.505693603432,0.518836937183
2444,0.502653736262,0.515434807055
2445,0.499086368797,0.511578473252
2446,0.496105132605,0.508292999989
2447,0.492714283543,0.504486459294
2448,0.490256230576,0.502051811609
2449,0.48613353375,0.497394043828
2450,0.482246462385,0.493020221524
2451,0.478690329125,0.488965863157
2452,0.480050860763,0.491313552074
2453,0.479669659427,0.490931883656
2454,0.478962795616,0.489253751265
2455,0.482128656337,0.492908749637
2456,0.486277833158,0.497549532693
2457,0.490378593075,0.502196944434
2458,0.492589096017,0.504400864543
2459,0.495638667498,0.507753643661
2460,0.499524999186,0.512088026388
2461,0.502369491607,0.515179915895
2462,0.506261321733,0.51929192715
2463,0.509733282069,0.523180155378
2464,0.513898294643,0.527692623209
2465,0.516721739801,0.530712961663
2466,0.520180990382,0.53434237437
2467,0.522330149361,0.536590964848
2468,0.525475489474,0.539764350852
2469,0.527857732333,0.542232635549
2470,0.530365011225,0.544649531361
2471,0.531832154799,0.546065036978
2472,0.534848463717,0.549070448951
2473,0.536475723497,0.550560123072
2474,0.538713613449,0.55277487003
2475,0.541155970008,0.555236223365
2476,0.544674605195,0.559012211737
2477,0.547714845136,0.562355295887
2478,0.55097462016,0.565955838547
2479,0.554048909204,0.569398712977
2480,0.55684687409,0.572470265946
2481,0.559519741653,0.575367862229
2482,0.561604787297,0.577641878315
2483,0.564148990527,0.580396356029
2484,0.566916047604,0.583128041431
2485,0.568354600572,0.58456186387
2486,0.570814801653,0.587074566391
2487,0.572755085847,0.58914735455
2488,0.575331547613,0.592017869798
2489,0.577696293522,0.594681680521
2490,0.574971255192,0.590416760887
2491,0.580895197622,0.597975171069
2492,0.582855492029,0.60002751292
2493,0.583341805445,0.600469524737
2494,0.584904368155,0.602095080862
2495,0.586223324386,0.603450090488
2496,0.587196081403,0.604563608564
2497,0.589184973808,0.606867344656
2498,0.59209920354,0.610114579725
2499,0.593410751394,0.611497578897
2500,0.59445027281,0.612520998881
2501,0.595010077738,0.612964857815
2502,0.594928223226,0.612662475559
2503,0.594922624504,0.612389028969
2504,0.594422280753,0.611698322737
2505,0.594211538759,0.611345699137
2506,0.595457746063,0.61262932029
2507,0.59592480197,0.613194296766
2508,0.596884032129,0.614245101113
2509,0.596788550368,0.6142070876
2510,0.578659038387,0.595469622176
2511,0.57778352626,0.594559969523
2512,0.578704137443,0.59538893548
2513,0.578437408387,0.595063511589
2514,0.578201662731,0.594735722116
2515,0.577534695375,0.594120077234
2516,0.577517599031,0.594347982335
2517,0.578201703405,0.595233502592
2518,0.578551880348,0.595789973683
2519,0.578714369917,0.596088175385
2520,0.577710987703,0.595119962584
2521,0.576662307039,0.594156212635
2522,0.57502324808,0.592389557645
2523,0.573065933514,0.590116074055
2524,0.570984419864,0.5877458112
2525,0.570014454133,0.586767825629
2526,0.568973939817,0.585639004713
2527,0.5670826301,0.583703141347
2528,0.566736596729,0.583391099454
2529,0.564475492778,0.58100372292
2530,0.564013332793,0.580535714428
2531,0.561256807032,0.577641035307
2532,0.559428588602,0.575661666919
2533,0.557118512279,0.573091106935
2534,0.555511000288,0.571486467031
2535,0.553634720105,0.569656047985
2536,0.551299572303,0.567247757946
2537,0.548998243032,0.564734309155
2538,0.547037186045,0.562608260239
2539,0.544414524296,0.559764424065
2540,0.541997893857,0.557109127335
2541,0.538648887551,0.553507959075
2542,0.536580891545,0.551167867248
2543,0.534129348282,0.548506106564
2544,0.53172359272,0.545765252707
2545,0.52762820771,0.541468389872
2546,0.525485903663,0.539195369751
2547,0.522872750703,0.536546630117
2548,0.520405645811,0.53402617579
2549,0.5177548658,0.531241527121
2550,0.516843871375,0.53026615677
2551,0.515570334811,0.529438304235
2552,0.513275268439,0.527035351113
2553,0.511026179639,0.52475157577
2554,0.508904295482,0.522594668508
2555,0.505549818585,0.5190301829
2556,0.502176231451,0.515434304609
2557,0.499259805944,0.51232145314
2558,0.496085877146,0.508998624667
2559,0.493829826346,0.50656438516
2560,0.490210300618,0.502746531679
2561,0.487194057111,0.499374691682
2562,0.485610236381,0.497736116597
2563,0.486030187314,0.498232826853
2564,0.48745294873,0.499643461708
2565,0.49036738601,0.502891286582
2566,0.493285018113,0.50593518918
2567,0.496082603486,0.508987554619
2568,0.499719267758,0.512765158501
2569,0.502412975726,0.515691539065
2570,0.505419564908,0.518868081683
2571,0.50861267795,0.52229605247
2572,0.511093714358,0.524810849651
2573,0.513490814219,0.527273265742
2574,0.515782181179,0.529604048763
2575,0.51645094243,0.529846878077
2576,0.518269655886,0.531733510774
2577,0.520966752528,0.534547582519
2578,0.522931361766,0.536616456119
2579,0.525262144532,0.538917861013
2580,0.52767975244,0.541517951444
2581,0.531108281005,0.545214125426
2582,0.533661182041,0.548029744395
2583,0.536760241063,0.551367515153
2584,0.539037239058,0.553853063388
2585,0.541565908245,0.556661554439
2586,0.54453188401,0.559828654897
2587,0.546907362384,0.562413459745
2588,0.549045608269,0.564823253129
2589,0.551228893462,0.567152527341
2590,0.553706316859,0.569725072125
2591,0.555876371435,0.571850006167
2592,0.557249953475,0.573234701438
2593,0.559306684503,0.575492458956
2594,0.561843614315,0.578249621106
2595,0.563360737512,0.579953473472
2596,0.564348614701,0.580908659101
2597,0.566294266905,0.582937974263
2598,0.567189205733,0.58385646972
2599,0.568040890301,0.584653243339
2600,0.569819179043,0.586529720398
2601,0.571034768024,0.587823817797
2602,0.573524465758,0.590539789946
2603,0.575345506411,0.592705122967
2604,0.577092023109,0.594633646674
2605,0.577421682291,0.594828628377
2606,0.577766047786,0.595110445395
2607,0.578290094308,0.595488795506
2608,0.57865854142,0.595682938622
2609,0.577916463609,0.59474373363
2610,0.577247201519,0.593955318124
2611,0.577600003222,0.594062888545
2612,0.578002111925,0.594609926923
2613,0.57871833802,0.59542862997
2614,0.578997284084,0.595787159956
2615,0.431347401477,0.445360006355
2616,0.520212450992,0.53673135199
2617,0.599949361649,0.618690295667
2618,0.597134304452,0.615837009947
2619,0.518162712065,0.534510163758
2620,0.42707294405,0.440738413554
2621,0.432824578453,0.447083385244
2622,0.522046322587,0.538871994782
2623,0.6008086874,0.620009784628
2624,0.589606892489,0.607625790033
2625,0.512056540852,0.527676610566
2626,0.422779028427,0.436067407243
2627,0.433977427569,0.448689612892
2628,0.52289924383,0.540170983141
2629,0.591400110803,0.609187201013
2630,0.578321060276,0.595193801914
2631,0.504175603005,0.518605671017
2632,0.417248282248,0.430278413194
2633,0.431572584983,0.446094471027
2634,0.513087139235,0.528592364851
2635,0.58387066248,0.600762983447
2636,0.568325113344,0.58453716445
2637,0.497051510733,0.510983878321
2638,0.411135134855,0.424249900193
2639,0.420260700503,0.43261935095
2640,0.506335281021,0.520960501823
2641,0.571246758276,0.587419883142
2642,0.557078168337,0.572791030111
2643,0.492190517195,0.507234912163
2644,0.402073826108,0.414748382522
2645,0.416504673054,0.428924220454
2646,0.499734281248,0.514687373718
2647,0.558245332045,0.573486239872
2648,0.541358795654,0.556092777347
2649,0.47908258434,0.493346104927
2650,0.389853987391,0.401293207187
2651,0.412811552943,0.425201275867
2652,0.494099565014,0.509142141896
2653,0.541347629161,0.556247205831
2654,0.524912375026,0.538992776343
2655,0.465379190057,0.47917857768
2656,0.38092647723,0.39220860172
2657,0.407290893164,0.418971374299
2658,0.484056897214,0.498518141289
2659,0.524099310597,0.538272863787
2660,0.508719448453,0.522272847984
2661,0.451868651189,0.465131446229
2662,0.452347458179,0.46559825653
2663,0.508119795381,0.521630501741
2664,0.524310659661,0.538538541281
2665,0.483927293163,0.498402795685
2666,0.406750973131,0.418420026706
2667,0.380953922996,0.392295730923
2668,0.465656071132,0.479409409724
2669,0.52481638855,0.538914483897
2670,0.542306505465,0.55723249156
2671,0.494133651018,0.509162939038
2672,0.412221294072,0.424688361023
2673,0.38977030008,0.401184897976
2674,0.479227756469,0.493498565805
2675,0.541904811335,0.556674039183
2676,0.557556622286,0.572798256235
2677,0.499356016355,0.51434929044
2678,0.416032921938,0.428468993231
2679,0.402160633286,0.414807059525
2680,0.492759157683,0.507838217103
2681,0.556411327293,0.572130926585
2682,0.571042823657,0.587200749205
2683,0.505892701973,0.520461564375
2684,0.42098334934,0.433344303894
2685,0.411076200561,0.424214715502
2686,0.497668905102,0.511642564107
2687,0.568428858503,0.584598569727
2688,0.58401248877,0.600842822268
2689,0.513627787541,0.529139334966
2690,0.430682550189,0.445173870791
2691,0.41656227956,0.429634452454
2692,0.504609253135,0.519123994136
2693,0.578744243388,0.595606385524
2694,0.591163920253,0.608875245223
2695,0.522715802086,0.540022024936
2696,0.433951724263,0.448617923579
2697,0.422483917195,0.435705939005
2698,0.511880566948,0.527527851623
2699,0.589405560435,0.607430254962
2700,0.600527872181,0.619685196882
2701,0.522306608532,0.539141923873
2702,0.432845225645,0.447095314129
2703,0.427160785697,0.440766187843
2704,0.518069200506,0.53440906569
2705,0.596866779538,0.615624141963
2706,0.600020001882,0.618803317893
2707,0.52101032869,0.537610491413
2708,0.431707180566,0.44578188453
2709,0.687912508957,0.710565054604
2710,0.634379474926,0.653043360913
2711,0.599786190923,0.617602840691
2712,0.574033468324,0.591065446802
2713,0.597690377927,0.61506682879
2714,0.633380219191,0.651754149039
2715,0.680381899733,0.700473120771
2716,0.686023874206,0.709736135602
2717,0.63172984481,0.650543719214
2718,0.597449156077,0.615842500186
2719,0.573008416073,0.590516911657
2720,0.600420206513,0.618758744056
2721,0.633365864942,0.652770293973
2722,0.678411149518,0.699372450643
2723,0.67317619228,0.696044920402
2724,0.62550339634,0.644873955233
2725,0.585490955374,0.602922286023
2726,0.564447223143,0.580993171019
2727,0.591810055388,0.6093646046
2728,0.627080744639,0.646166349097
2729,0.670552218251,0.69115850389
2730,0.652225035756,0.67271654681
2731,0.610341862773,0.628747746525
2732,0.575088520178,0.591833553351
2733,0.555587706799,0.571688792109
2734,0.583899565421,0.600895787228
2735,0.612374443946,0.630075105804
2736,0.655749398722,0.675474610338
2737,0.624653187825,0.642425442565
2738,0.589882777592,0.606406150508
2739,0.557888995983,0.573544947117
2740,0.542965673172,0.558312588145
2741,0.570308032726,0.586520343907
2742,0.594904240343,0.611881505895
2743,0.641410270001,0.66204513672
2744,0.60061700853,0.617378173343
2745,0.57170214866,0.587670182915
2746,0.543199337202,0.55839784761
2747,0.527387065095,0.541477406378
2748,0.55143562461,0.566088746974
2749,0.571279454064,0.586393168185
2750,0.619209771859,0.638809451815
2751,0.575783796883,0.591260852133
2752,0.55205831485,0.567474367242
2753,0.52772401907,0.542864020756
2754,0.514159531531,0.528113690935
2755,0.537006737511,0.551521735983
2756,0.556157076733,0.5719125309
2757,0.59165192695,0.609566557423
2758,0.559050050837,0.575253617698
2759,0.559125275429,0.575307152109
2760,0.591238569551,0.609167028676
2761,0.556566128841,0.572336900978
2762,0.536243961917,0.550770883239
2763,0.514479039066,0.528420962624
2764,0.527253258602,0.542414806058
2765,0.551821769092,0.567301269879
2766,0.575327178324,0.590764443874
2767,0.618544162799,0.638235612549
2768,0.571755873292,0.586896947227
2769,0.551122572279,0.565728385755
2770,0.527835687243,0.541957995104
2771,0.542540851122,0.557680425258
2772,0.57057912537,0.586544813771
2773,0.599977803913,0.616626367655
2774,0.641560227643,0.662159034491
2775,0.594835341616,0.611849569958
2776,0.569376120823,0.585532034016
2777,0.543154890212,0.558507056128
2778,0.558343631254,0.574038270578
2779,0.589599450897,0.606154004206
2780,0.624546841958,0.642352602298
2781,0.654974385689,0.674646795353
2782,0.611475648886,0.629117322486
2783,0.584477906146,0.601481565996
2784,0.555953529752,0.572060334017
2785,0.57404421815,0.590761970386
2786,0.611064169049,0.629470030242
2787,0.652176224656,0.672696599249
2788,0.66971546377,0.690330629691
2789,0.626609508294,0.645750451319
2790,0.591956474663,0.609451249392
2791,0.563927925615,0.580412502472
2792,0.585803852278,0.603194925414
2793,0.624762750596,0.644125139353
2794,0.673299145504,0.696204029974
2795,0.679196389555,0.700196979967
2796,0.634612116009,0.653960901086
2797,0.599303376975,0.617625520895
2798,0.572914299417,0.590399536034
2799,0.59687717193,0.615148535002
2800,0.631662225638,0.65045173592
2801,0.686638463839,0.710309521684
2802,0.680501752726,0.700614227431
2803,0.633106883724,0.651389723689
2804,0.597581642918,0.614969867338
2805,0.574691044652,0.591731730533
2806,0.599409945937,0.617295209912
2807,0.634006867227,0.65264475766
2808,0.688069047569,0.71079467841
2809,0.674769243304,0.694460274697
2810,0.53221954571,0.54862053779
2811,0.531443247338,0.547827594795
2812,0.530622390844,0.54686201153
2813,0.530451867069,0.54665453046
2814,0.53022609748,0.546323271575
2815,0.530069663082,0.546145838313
2816,0.670335855387,0.689456601276
2817,0.529769286525,0.545990936147
2818,0.52948236185,0.545778115205
2819,0.529387127351,0.545769990484
2820,0.528517936908,0.54489073071
2821,0.528338288289,0.544658844471
2822,0.526651312895,0.542867440351
2823,0.670478452397,0.691408711759
2824,0.523702633,0.539402227227
2825,0.522937189803,0.538588087666
2826,0.52228636455,0.537788323207
2827,0.520403612209,0.535924149473
2828,0.520243767169,0.535685559788
2829,0.519666357216,0.535135852472
2830,0.65758961497,0.677956223948
2831,0.517968391965,0.533359914074
2832,0.516795338856,0.532212209073
2833,0.515420134405,0.53071064578
2834,0.514905488841,0.529993848078
2835,0.512753673687,0.527600558629
2836,0.510370386565,0.525053170679
2837,0.63631004596,0.654807411881
2838,0.508544327253,0.523428159125
2839,0.507766178919,0.522694788406
2840,0.506230322235,0.521106572976
2841,0.505200222069,0.519981100297
2842,0.504057871766,0.518695484727
2843,0.502390879918,0.516977450362
2844,0.612501344471,0.629913016698
2845,0.498473118265,0.512695433375
2846,0.496663372461,0.510732293982
2847,0.494943573539,0.508641837938
2848,0.492132347484,0.505593766716
2849,0.49113966308,0.504716685831
2850,0.488692889074,0.502125279941
2851,0.586520477388,0.602187068553
2852,0.486558518636,0.500019021796
2853,0.48572143062,0.499265312898
2854,0.485083721567,0.498774444289
2855,0.484910319281,0.498600455145
2856,0.485117564736,0.498658969384
2857,0.486187361454,0.49969579191
2858,0.586142187263,0.601801020464
2859,0.488810620568,0.502261175539
2860,0.490394129309,0.503892808604
2861,0.492540806978,0.506016826918
2862,0.494992537289,0.508725939648
2863,0.497495953762,0.511535488548
2864,0.499044916416,0.513279224621
2865,0.613309862671,0.630707272837
2866,0.501774499044,0.516309299542
2867,0.503821193889,0.518430339067
2868,0.505140486211,0.519897778116
2869,0.506357378934,0.521267822517
2870,0.508262236892,0.523239854714
2871,0.507872968176,0.522763927465
2872,0.636232641546,0.654690936288
2873,0.510959473865,0.525649035566
2874,0.513053779613,0.527867233535
2875,0.514626637702,0.529759901343
2876,0.516576108539,0.531852985889
2877,0.517214180514,0.532618248361
2878,0.51875521657,0.534182677666
2879,0.657813677769,0.67819940874
2880,0.519647730336,0.535050438793
2881,0.521060849628,0.536509952004
2882,0.521143778496,0.536653232168
2883,0.521349513633,0.536860014363
2884,0.522795315226,0.538413018744
2885,0.523996763181,0.539720579618
2886,0.671115327129,0.692078578812
2887,0.526648967333,0.542858767402
2888,0.527305017354,0.543698420046
2889,0.528641354399,0.545050256719
2890,0.529636728988,0.545992670351
2891,0.529756993596,0.546047325285
2892,0.530039471093,0.546276452359
2893,0.672179209906,0.691396657728
2894,0.530032791605,0.546026716573
2895,0.530561095112,0.546662383939
2896,0.5311460315,0.547315840164
2897,0.530787179474,0.546943471059
2898,0.531689470948,0.54805316974
2899,0.532195872024,0.548607560162
2900,0.522008638769,0.538024870553
2901,0.521683735782,0.537730319171
2902,0.521903235949,0.537833414552
2903,0.520943612483,0.536795924812
2904,0.520627822596,0.536423795402
2905,0.520882124238,0.536623030794
2906,0.520191258968,0.535959784961
2907,0.520097283068,0.535980828612
2908,0.520444752703,0.536348458554
2909,0.519724487564,0.535704394234
2910,0.519661254018,0.53570052479
2911,0.518564046545,0.534597689743
2912,0.518281919336,0.534295842985
2913,0.516674367506,0.532532230952
2914,0.514940510136,0.530504247274
2915,0.51377872393,0.52917334932
2916,0.512741570318,0.528094920001
2917,0.512166872152,0.52743227219
2918,0.511814889376,0.527073236963
2919,0.510683547245,0.52579291237
2920,0.50968965829,0.524838386945
2921,0.50978589516,0.524941371786
2922,0.508075733624,0.523213614748
2923,0.507407704994,0.522455427852
2924,0.507031746229,0.5219756027
2925,0.50479007268,0.519683242521
2926,0.503388567697,0.518075161843
2927,0.501600221117,0.516256692053
2928,0.501221374153,0.515974457046
2929,0.499667787799,0.514421772083
2930,0.498201622132,0.512919895734
2931,0.496987755284,0.511554543169
2932,0.495538753475,0.5100830233
2933,0.493742903746,0.508040058887
2934,0.492477337517,0.506669675515
2935,0.491093432149,0.505125360644
2936,0.48948653435,0.503317402759
2937,0.487446175846,0.501139079794
2938,0.485734034244,0.499204869667
2939,0.483798079909,0.497171074192
2940,0.482776390213,0.496135645106
2941,0.483117856427,0.496479770998
2942,0.483958517429,0.497295656402
2943,0.485377489369,0.49893019335
2944,0.487201394146,0.500849553741
2945,0.488985637673,0.502862653098
2946,0.491042466681,0.505105022983
2947,0.493158722863,0.507398371401
2948,0.49371792672,0.508075814243
2949,0.495275312236,0.509765200079
2950,0.496775193684,0.51132576892
2951,0.498116753489,0.512796747967
2952,0.500156001957,0.514917743343
2953,0.500633335105,0.515344999416
2954,0.501464285172,0.51605858051
2955,0.502477015216,0.51708036941
2956,0.504633821948,0.519465345173
2957,0.50611697253,0.521115102228
2958,0.508021128468,0.523147712992
2959,0.50866869655,0.523776525761
2960,0.509598308168,0.524754773284
2961,0.509931990872,0.525120004004
2962,0.510716296683,0.525905822259
2963,0.512259929834,0.527454150822
2964,0.512196588406,0.527468936693
2965,0.513122841521,0.528456827435
2966,0.513919223395,0.529369681821
2967,0.515283891195,0.530901098781
2968,0.516425628082,0.532168465445
2969,0.518015636023,0.534064733054
2970,0.518500973992,0.53454766939
2971,0.519579257419,0.535558572891
2972,0.519622013177,0.53559472029
2973,0.52012409063,0.536046674535
2974,0.520652078101,0.536454098347
2975,0.520663146917,0.536378415111
2976,0.52080723228,0.536521239896
2977,0.521404894526,0.537208101723
2978,0.521272924504,0.537109565897
2979,0.522012966331,0.537965714415
2980,0.522139089094,0.538135000495
2981,0.522360403279,0.538353902158
2982,0.509301261171,0.524813458342
2983,0.509118947615,0.52467728674
2984,0.50900476453,0.52447009654
2985,0.508990659375,0.524417167199
2986,0.507982320617,0.52335063703
2987,0.507796406072,0.523069902109
2988,0.508223187191,0.523468512082
2989,0.507973451865,0.523263643158
2990,0.508431297088,0.523828859608
2991,0.508565643826,0.524015879534
2992,0.506999147233,0.522468425096
2993,0.507253081207,0.522810081345
2994,0.506456520942,0.52197161663
2995,0.505764215025,0.521229582455
2996,0.504729630743,0.520067225406
2997,0.502170115716,0.517211919392
2998,0.502570186723,0.517531989736
2999,0.501248947151,0.51606859264
3000,0.500938254177,0.515764396245
3001,0.499738844739,0.514472082627
3002,0.499060994739,0.513855165258
3003,0.498603120887,0.513368559122
3004,0.49769115765,0.512445115237
3005,0.496268822601,0.511018798588
3006,0.496265770192,0.511005294998
3007,0.49479135495,0.509388518771
3008,0.492910557851,0.50730779035
3009,0.492091171176,0.506402206934
3010,0.490624540353,0.505007489053
3011,0.489601661814,0.503942443608
3012,0.488064567668,0.5024655857
3013,0.486735132995,0.500942577564
3014,0.486043962144,0.500204759378
3015,0.484512537057,0.498507159345
3016,0.483402404952,0.497286050392
3017,0.481180801271,0.494905831962
3018,0.479669061488,0.49335314983
3019,0.480394006191,0.494039752581
3020,0.481477085131,0.495121625957
3021,0.483155174785,0.49701029839
3022,0.484277846987,0.498297733617
3023,0.485849460269,0.499979141363
3024,0.487346346251,0.501588288562
3025,0.488079219661,0.502438294718
3026,0.489196176007,0.503564424378
3027,0.490546640578,0.504873816125
3028,0.491929708078,0.506279095362
3029,0.493627218155,0.508097053289
3030,0.494194081936,0.50870784228
3031,0.495614148901,0.510295716076
3032,0.496586072226,0.511350114937
3033,0.496790768923,0.511562505233
3034,0.498447709718,0.51321358082
3035,0.499021123967,0.513778232611
3036,0.498872119931,0.513607632431
3037,0.500255282632,0.51507415213
3038,0.500906524868,0.515785864261
3039,0.501876165698,0.516749278145
3040,0.503180555669,0.518242211177
3041,0.504774600269,0.520105870739
3042,0.505563487567,0.521029564636
3043,0.505800648033,0.521319302311
3044,0.506586060842,0.522115931395
3045,0.507851117487,0.523351475742
3046,0.507511476703,0.522933999138
3047,0.508499858028,0.523902684698
3048,0.508337337493,0.523653472775
3049,0.50854083254,0.523810440046
3050,0.508425427483,0.523656215285
3051,0.508253959709,0.523572414772
3052,0.508760003354,0.524208949078
3053,0.509219401813,0.524755914372
3054,0.509361166237,0.524919006304
3055,0.363511919115,0.375643074765
3056,0.431394695804,0.445524376311
3057,0.497166926601,0.513213525521
3058,0.539696167745,0.556775722124
3059,0.50910941093,0.525671725934
3060,0.444714328923,0.459136021498
3061,0.377778079673,0.390023342086
3062,0.417896664729,0.431736801732
3063,0.482321035171,0.498178350738
3064,0.532813998283,0.549902449846
3065,0.51440817729,0.5305528466
3066,0.458036919423,0.47241597223
3067,0.390588423484,0.403097730449
3068,0.401200238028,0.414960301841
3069,0.465772707116,0.481215781093
3070,0.516597374163,0.532119104387
3071,0.514119311286,0.529149120327
3072,0.468164829282,0.482421372315
3073,0.404819409764,0.417877522145
3074,0.381489617501,0.39437818612
3075,0.44324048044,0.456681564684
3076,0.500876437503,0.515511255157
3077,0.511372872742,0.526011621623
3078,0.4749478111,0.488939966952
3079,0.420659100061,0.434495790289
3080,0.420679577955,0.434486290467
3081,0.475327022343,0.489340187848
3082,0.511142286436,0.525734803687
3083,0.500148977875,0.514815531496
3084,0.443411177915,0.45686251258
3085,0.381679582968,0.394545716566
3086,0.404278226908,0.417443930002
3087,0.46866271686,0.482950433594
3088,0.513652275661,0.528742639611
3089,0.515798783444,0.531323923229
3090,0.465415217781,0.480807794385
3091,0.401017170478,0.414780436231
3092,0.390973962303,0.403452851501
3093,0.457506867715,0.471863829925
3094,0.514927270263,0.531006399749
3095,0.533215431111,0.550309694597
3096,0.482143048148,0.498047162052
3097,0.416913373671,0.430687846906
3098,0.377499931519,0.389734275324
3099,0.444623687843,0.458933977482
3100,0.509738147938,0.526370504233
3101,0.539526287431,0.556650781691
3102,0.4963690052,0.512381791494
3103,0.431581012654,0.445759109178
3104,0.363164167088,0.375284774658
3105,0.669451490717,0.691421961887
3106,0.611022700999,0.629048517431
3107,0.56691167155,0.584439216957
3108,0.520333741522,0.5363440163
3109,0.511209058241,0.527108632956
3110,0.551414076059,0.567758813485
3111,0.597060299106,0.614552857255
3112,0.654375230669,0.674164726449
3113,0.696305705513,0.72068553123
3114,0.641175156428,0.663376369396
3115,0.575967024186,0.593741305751
3116,0.530637005188,0.547459792643
3117,0.503307010515,0.51881197668
3118,0.539017724315,0.555654262323
3119,0.583376608019,0.601090604816
3120,0.642139728337,0.662009259316
3121,0.685247248086,0.708616205565
3122,0.638479276411,0.660003097711
3123,0.580764177433,0.598905304984
3124,0.530434421013,0.546123155621
3125,0.497506033716,0.512334998493
3126,0.520616644075,0.536191421998
3127,0.568097154577,0.585717161881
3128,0.621990459409,0.640957229329
3129,0.666153811786,0.687425330363
3130,0.626848397163,0.646455635054
3131,0.579854020992,0.597289625466
3132,0.542958404375,0.560951488463
3133,0.543004294978,0.560936603887
3134,0.580324940711,0.597760748056
3135,0.627198892697,0.64677701568
3136,0.666322741481,0.687500872393
3137,0.622133836696,0.641172777842
3138,0.568368069183,0.585911211623
3139,0.521624682716,0.537268631846
3140,0.497498020188,0.51224210602
3141,0.530818444464,0.546537424222
3142,0.581696903159,0.599817694797
3143,0.638335909699,0.659792287543
3144,0.686026555975,0.709488489121
3145,0.642246756281,0.662098087781
3146,0.583677924308,0.601397771781
3147,0.539099514471,0.555761059293
3148,0.503404827457,0.518924759833
3149,0.530966080968,0.547810094865
3150,0.575720703784,0.593467677281
3151,0.640930795385,0.663125582001
3152,0.695785075586,0.72021081229
3153,0.654297439471,0.674028300517
3154,0.597014110504,0.614486654285
3155,0.551551174587,0.567855362865
3156,0.512655079252,0.528564014071
3157,0.520082654707,0.536142737859
3158,0.567449216937,0.584904354548
3159,0.611022008496,0.629080349277
3160,0.670311910169,0.692387607336
3161,0.659925263594,0.679050267327
3162,0.468646285765,0.483772552511
3163,0.469029144498,0.484061094045
3164,0.468115532411,0.482979663387
3165,0.468573530643,0.483456621874
3166,0.467746905547,0.482549960387
3167,0.467690711998,0.482419358316
3168,0.466632790919,0.481245250354
3169,0.65499325047,0.673732982109
3170,0.655964761322,0.675004822879
3171,0.467046512907,0.481714356373
3172,0.465840352312,0.480486751176
3173,0.464778027997,0.479419652634
3174,0.464897114893,0.47954493021
3175,0.463772492067,0.478333110647
3176,0.463056067334,0.477385335188
3177,0.654706593553,0.674974415057
3178,0.653763595432,0.673913367141
3179,0.460434511896,0.474360625988
3180,0.460058914897,0.473860925428
3181,0.463011420565,0.477744875515
3182,0.462900328521,0.477622600063
3183,0.459230204083,0.473081034244
3184,0.460444229394,0.474397625987
3185,0.654135871009,0.674418345807
3186,0.654318081351,0.674487934018
3187,0.462759255982,0.477104841573
3188,0.463752575067,0.478327952301
3189,0.464671903787,0.479230605101
3190,0.46517331715,0.479808813719
3191,0.465756624494,0.480477596234
3192,0.465817671311,0.480532351461
3193,0.656091022748,0.675241880238
3194,0.655315075883,0.674037042224
3195,0.466859912742,0.481495160692
3196,0.467458790316,0.482155604284
3197,0.467338216304,0.482196251393
3198,0.468061201564,0.48294744466
3199,0.468358729127,0.483238032326
3200,0.468798880129,0.483817818067
3201,0.468919408297,0.483987475857
3202,0.46123525941,0.475930824266
3203,0.460932095784,0.475652419919
3204,0.46106785161,0.475720163053
3205,0.460398714255,0.47493127857
3206,0.459944581817,0.474406140887
3207,0.459096231507,0.47350470934
3208,0.459592157262,0.473910730197
3209,0.458675098029,0.472991313096
3210,0.45907693965,0.473491035256
3211,0.45810672391,0.472445152711
3212,0.458939445577,0.473270157773
3213,0.459013571927,0.473346755975
3214,0.45934914359,0.47378095932
3215,0.460108021418,0.47462428277
3216,0.460767966102,0.475347731634
3217,0.460614666072,0.475161280373
3218,0.460318056749,0.47501952848
3219,0.460766675951,0.47550863482
