id,unit_kW_m2,optical
1,0.565082377427,0.582571359413
2,0.607996692266,0.628008694162
3,0.606519115738,0.62645335906
4,0.603966594886,0.623643659448
5,0.570950838503,0.587126640981
6,0.591593406785,0.609307475753
7,0.588547856255,0.605907039326
8,0.570000877364,0.580915845233
9,0.559505519247,0.573725372656
10,0.561419561368,0.577852881975
11,0.571915578258,0.589173780477
12,0.56640444771,0.583361290255
13,0.559064751048,0.575510136244
14,0.552691944603,0.568781180902
15,0.546760188943,0.56244057505
16,0.540047129046,0.555158373704
17,0.531823281386,0.545993838753
18,0.523627367135,0.536986412557
19,0.515861706114,0.528264567988
20,0.514135125712,0.525862023719
21,0.502522477496,0.513668722055
22,0.498043392326,0.508975277858
23,0.495005296024,0.506130405528
24,0.492682028378,0.504128095897
25,0.490659572263,0.502324867748
26,0.487251487093,0.498547506397
27,0.483747946584,0.494524134661
28,0.481729708944,0.492288917481
29,0.481177131751,0.491857599885
30,0.482923701888,0.493888505128
31,0.481299370843,0.491995676786
32,0.481488268596,0.492045094912
33,0.483744533374,0.494507709926
34,0.487113020922,0.498432545984
35,0.490840733724,0.502524640437
36,0.492876986727,0.504322380886
37,0.494753646542,0.505877233646
38,0.497907974334,0.508857177047
39,0.502754441975,0.513941016731
40,0.508645072733,0.520315394549
41,0.516016461489,0.528388992205
42,0.523626967984,0.536988966341
43,0.531563387297,0.545751080551
44,0.539533792115,0.554661011575
45,0.546929927597,0.562598277744
46,0.552506724978,0.568609692568
47,0.559115633877,0.575581785833
48,0.566591176147,0.583560830606
49,0.571805914404,0.589077601369
50,0.561612206899,0.57806969283
51,0.559563063895,0.573784000971
52,0.563195230033,0.574032825983
53,0.587635337237,0.604839903915
54,0.591324335847,0.60902427252
55,0.571112899918,0.587314746706
56,0.603751212018,0.623392173875
57,0.606671987717,0.626593775352
58,0.607900302277,0.627926095729
59,0.623343117602,0.641830255908
60,0.623613292308,0.641785975719
61,0.622651680268,0.640909620692
62,0.603714043986,0.620156898823
63,0.595735024348,0.612806912861
64,0.610885142258,0.628213315332
65,0.603751776668,0.619575501101
66,0.596893783319,0.612481072997
67,0.594991641558,0.611485848268
68,0.578928614546,0.59482868889
69,0.585077279082,0.601066824232
70,0.577840897463,0.593120675265
71,0.570845618071,0.585822320027
72,0.566672415832,0.581963625252
73,0.561732380141,0.577001652028
74,0.554483278897,0.569176062097
75,0.546659109865,0.560705539748
76,0.539432763199,0.553091872898
77,0.532160733,0.545045597904
78,0.524422962306,0.536589880795
79,0.517669457931,0.529153594507
80,0.513055606046,0.524402722645
81,0.510801670782,0.522497152503
82,0.508981462862,0.521003449541
83,0.503625446534,0.5155351284
84,0.500018453281,0.51138959917
85,0.496437963364,0.507247271037
86,0.495166510703,0.505799807221
87,0.494255034185,0.504958801514
88,0.498800427349,0.509436256102
89,0.495118923347,0.505754779345
90,0.496263932992,0.507050303431
91,0.499988183458,0.511329735997
92,0.503785883035,0.515712285421
93,0.50897580839,0.520988999108
94,0.510742871284,0.522465415805
95,0.51330849447,0.52466362151
96,0.52267782377,0.534177901535
97,0.524779351341,0.537038063289
98,0.532554392775,0.54545028335
99,0.539656704688,0.553324756954
100,0.546671891899,0.560696063346
101,0.554462183798,0.569164952624
102,0.56173220894,0.577012413663
103,0.57343903833,0.588807965534
104,0.571152105929,0.586160819609
105,0.577511301612,0.592792541689
106,0.585076711012,0.601047930494
107,0.57896863029,0.594866456678
108,0.595417396314,0.611883204681
109,0.596574328543,0.612143197701
110,0.603430466773,0.619225863716
111,0.610994779011,0.628307559633
112,0.595743921772,0.612816599443
113,0.603840505979,0.620270610572
114,0.622460837553,0.640721454883
115,0.623206201691,0.641365588952
116,0.623049119115,0.641502933932
117,0.619832826878,0.635926692302
118,0.642342087286,0.660510676553
119,0.641296186824,0.659639668443
120,0.642380866628,0.661396633651
121,0.620549138402,0.637815450818
122,0.634980069293,0.653550605705
123,0.630627417061,0.648976371097
124,0.606646979282,0.61895059508
125,0.602373053626,0.617730955397
126,0.601700331441,0.618630468182
127,0.607005523499,0.62397400621
128,0.599555956668,0.615737022072
129,0.590802016535,0.606171617965
130,0.583004099737,0.597966376437
131,0.578296318995,0.593625833095
132,0.57913876446,0.594181018482
133,0.564436364435,0.57880907817
134,0.55708306105,0.571174972192
135,0.551525156754,0.565448202394
136,0.543516076071,0.556701150675
137,0.534327705198,0.546563844209
138,0.52753085661,0.53916680958
139,0.523603515794,0.535392758972
140,0.521323966358,0.533416243027
141,0.517332018581,0.52944879348
142,0.51204899006,0.523836930261
143,0.506863343346,0.51789788508
144,0.504698012631,0.515296794412
145,0.503261099362,0.513642320969
146,0.504326508789,0.514611822349
147,0.503442176101,0.513816007683
148,0.50478049717,0.515389881984
149,0.507156175219,0.518164554543
150,0.511956910534,0.523746733371
151,0.52233643349,0.534465030726
152,0.521376473655,0.533568719719
153,0.523292458502,0.535060258895
154,0.527884839938,0.539514841448
155,0.534012868507,0.546235400389
156,0.54306701582,0.556283470967
157,0.551441746247,0.565365673222
158,0.557342926175,0.57145418215
159,0.564263224555,0.578668307475
160,0.571858921354,0.586796487194
161,0.578650199181,0.593957377492
162,0.584049026245,0.599261302683
163,0.590926021023,0.606279206763
164,0.599565209482,0.615727238951
165,0.607021166287,0.623990411499
166,0.602309587458,0.619257289024
167,0.602317737465,0.617667404183
168,0.606060576752,0.618333997464
169,0.630712613481,0.649081882342
170,0.63494640713,0.653517921451
171,0.620970774606,0.638229102438
172,0.642314591617,0.66136329027
173,0.641329551101,0.659710268835
174,0.642486324865,0.660648293584
175,0.657445549579,0.675451340449
176,0.656772314649,0.675015865158
177,0.658072175329,0.677117817229
178,0.643744203688,0.661629803821
179,0.657561727587,0.677604572888
180,0.65146879072,0.67095391271
181,0.643298607118,0.661306575922
182,0.638867887386,0.657213274557
183,0.635604202277,0.654290491911
184,0.621537531893,0.639307412775
185,0.617982265601,0.635102145372
186,0.609141356113,0.625331459065
187,0.599639225444,0.614913742231
188,0.591534089934,0.60636819549
189,0.585271504458,0.600110661514
190,0.577620441744,0.591981941183
191,0.570917323936,0.585061903546
192,0.564968023281,0.579223505674
193,0.558326775756,0.572384180719
194,0.547705430357,0.560723627206
195,0.539163286733,0.551155928063
196,0.532992435932,0.544690740662
197,0.530131842655,0.542178450505
198,0.527173661402,0.539349468406
199,0.521522204298,0.533496291074
200,0.520673175636,0.532022516485
201,0.511265935659,0.521873667075
202,0.509173483161,0.519332458616
203,0.507306194339,0.516926075879
204,0.507471434567,0.517081158983
205,0.508892321807,0.519025813242
206,0.511195992116,0.521809417475
207,0.515268877109,0.526574196806
208,0.521358846563,0.533330262815
209,0.527001760226,0.539166099115
210,0.530313883232,0.542358411359
211,0.53322672509,0.544905865027
212,0.538795947654,0.550773710186
213,0.547939646051,0.56095866215
214,0.558126012166,0.5722032415
215,0.564827130051,0.579097998202
216,0.570779451725,0.584951994026
217,0.577627723461,0.591974370216
218,0.584390237899,0.599026213413
219,0.591198308391,0.606046388461
220,0.599334479072,0.614588807833
221,0.608901708693,0.625115114719
222,0.617928566392,0.635036904899
223,0.620923079551,0.638655318585
224,0.635212171008,0.653900546505
225,0.639030678423,0.657374835408
226,0.643256008712,0.661256412802
227,0.651360486337,0.6708418765
228,0.657449167563,0.677471120651
229,0.643560572212,0.661448729624
230,0.658085921738,0.677120082156
231,0.656657681811,0.674932190437
232,0.65734061087,0.675379562443
233,0.632403907732,0.646620550833
234,0.668359389202,0.686146368617
235,0.67118650344,0.690110345775
236,0.672323317929,0.692147362456
237,0.656050227058,0.674797359187
238,0.670567349521,0.691298432127
239,0.664564876337,0.684745922956
240,0.637029947987,0.650567446056
241,0.632418588768,0.649265457026
242,0.645644315826,0.664891839412
243,0.636119289756,0.654389179656
244,0.625253960764,0.642396857995
245,0.61498672353,0.63105179064
246,0.604460538756,0.61953376732
247,0.595995787852,0.610611055416
248,0.590138337333,0.604994740512
249,0.584638254969,0.599483108247
250,0.578377927651,0.593496412643
251,0.571235652994,0.586180069377
252,0.560410346746,0.57425863903
253,0.550353249658,0.563054791731
254,0.542333848346,0.554276606581
255,0.537513155245,0.549504614991
256,0.533339667479,0.545463143302
257,0.528427213869,0.54042723193
258,0.522602914061,0.534283236251
259,0.518245404713,0.52941840864
260,0.517307453549,0.528535409999
261,0.516295101172,0.527388269244
262,0.514804441099,0.525192351899
263,0.516110207835,0.527183894211
264,0.517196188042,0.528425859621
265,0.518326300782,0.529512343799
266,0.522558115071,0.534237675815
267,0.528302571767,0.540281248781
268,0.533590789086,0.545716472824
269,0.537591594196,0.549576759282
270,0.542129785487,0.554058048917
271,0.550071003673,0.562759729364
272,0.560477825813,0.574298511156
273,0.571261020713,0.586192355646
274,0.578406686401,0.593521672252
275,0.584030649983,0.598863891034
276,0.590654033571,0.605543397
277,0.596019211305,0.610636882058
278,0.604567516764,0.619662677721
279,0.615179320104,0.631262843275
280,0.625178200697,0.642314759034
281,0.636080708524,0.654371181918
282,0.646047298308,0.665299388964
283,0.631957711154,0.648811642596
284,0.636827023869,0.650365169238
285,0.664459563667,0.684662540881
286,0.670181049397,0.690938212009
287,0.655514980707,0.674295749677
288,0.672906400631,0.692741433101
289,0.671131542881,0.690033131987
290,0.668375964204,0.686171910282
291,0.679093943273,0.700303915608
292,0.699116719129,0.721164106495
293,0.697941894444,0.719379057462
294,0.689167953017,0.71113376787
295,0.69673757452,0.719809524649
296,0.682814547551,0.702881172735
297,0.668566864672,0.68689709489
298,0.677989434476,0.698165794584
299,0.680877004385,0.701290154908
300,0.663840963571,0.681509618596
301,0.641109040889,0.653818603232
302,0.662143673221,0.680445579393
303,0.650753877228,0.66847519568
304,0.638758706686,0.655259525537
305,0.644536786682,0.661790535333
306,0.647805424872,0.667056016783
307,0.635296638877,0.653977558398
308,0.628452366511,0.645391371267
309,0.624480180203,0.641328082979
310,0.616396219128,0.633781623278
311,0.613624691283,0.631016321208
312,0.608340397812,0.625045275015
313,0.598195468868,0.614332041605
314,0.5914032896,0.607311135776
315,0.588172642027,0.603629977721
316,0.578395285221,0.59299289999
317,0.566121629795,0.579402049517
318,0.563015156283,0.575668446925
319,0.555695256468,0.567538329362
320,0.545863022824,0.556913630036
321,0.542391363757,0.552962174946
322,0.536339351646,0.546381789799
323,0.53028938113,0.540260253796
324,0.530333647739,0.540668009081
325,0.529150371869,0.540012048113
326,0.526847899284,0.538026357665
327,0.523326713568,0.534225536488
328,0.520748849956,0.531422140552
329,0.519071236072,0.529649686968
330,0.516878099613,0.527453363613
331,0.517863067852,0.528623029305
332,0.517902327176,0.528729939965
333,0.517842568284,0.528694238326
334,0.517888094248,0.528700842497
335,0.518069823031,0.528839653648
336,0.516829231059,0.527425159321
337,0.519114948299,0.529716357331
338,0.520955371552,0.531617191773
339,0.523381127614,0.534278121072
340,0.527018380965,0.538208667112
341,0.52896955313,0.539826229689
342,0.530153661762,0.540513381942
343,0.530307775849,0.540263113817
344,0.5364409188,0.546462449174
345,0.542352349319,0.55291688299
346,0.545603302242,0.556639587854
347,0.555526904132,0.567378333574
348,0.563068416586,0.575713895067
349,0.565945192955,0.57923700879
350,0.578471866911,0.593057201414
351,0.588053265457,0.60351162207
352,0.600137819498,0.616256390175
353,0.598427925465,0.614584044441
354,0.608293280757,0.624959573003
355,0.613707138323,0.631084782254
356,0.616549434824,0.633943071168
357,0.624678358708,0.641499158007
358,0.628201930535,0.645133476483
359,0.635024964841,0.653706329128
360,0.647762755523,0.66699549939
361,0.644475691288,0.661734076726
362,0.638412211596,0.65487584539
363,0.650754142661,0.668502589767
364,0.662163739716,0.680480982868
365,0.652015854155,0.664918683119
366,0.664173520856,0.681970809143
367,0.680941745663,0.701354568424
368,0.677480106922,0.697615416823
369,0.668611777815,0.686979046797
370,0.682965924876,0.703039747346
371,0.696737528352,0.71983594636
372,0.689237198303,0.711236631584
373,0.69831349802,0.719749188589
374,0.699165065389,0.721204124402
375,0.687576343051,0.707088561195
376,0.686573863198,0.705733301373
377,0.684704481278,0.703550939153
378,0.68567310356,0.705063173613
379,0.686679708478,0.706783590002
380,0.656629343408,0.673717171265
381,0.681054359212,0.700913421329
382,0.676751340034,0.696124849648
383,0.673468617338,0.692659002748
384,0.66630726995,0.683956645451
385,0.654276552662,0.669766664627
386,0.640301729877,0.655775168084
387,0.654533541757,0.672358493025
388,0.648942203929,0.666584388387
389,0.643048101391,0.660393500728
390,0.637288819032,0.654129445256
391,0.630403856571,0.64651446609
392,0.623042285622,0.638545616445
393,0.617715142688,0.633305969399
394,0.6131730064,0.628947625873
395,0.608736171196,0.624645388454
396,0.604016448357,0.619869092428
397,0.598544831741,0.614245245595
398,0.59168950066,0.606975598312
399,0.584676477323,0.599552453701
400,0.577481730996,0.591837697507
401,0.569677472322,0.58312973637
402,0.561974149372,0.574573777468
403,0.555037380891,0.566949292284
404,0.547875149339,0.559063152462
405,0.541234497139,0.551707435805
406,0.535773256254,0.545859560318
407,0.532628723117,0.542882737417
408,0.53139015975,0.5421166778
409,0.530028470396,0.541158126594
410,0.527654356602,0.538753460172
411,0.522811826528,0.533455291117
412,0.520281120922,0.530758091031
413,0.51833176134,0.528706293427
414,0.517369535288,0.527728849735
415,0.517217510764,0.527728322076
416,0.517635208224,0.528231242082
417,0.517722960028,0.528341187188
418,0.517279376842,0.52778599027
419,0.517487374572,0.527843336945
420,0.518196010411,0.528561866741
421,0.520351861628,0.530838751864
422,0.522921770923,0.533582789421
423,0.527437066292,0.538548623199
424,0.530132883491,0.541271413843
425,0.5313448861,0.542071614457
426,0.532668470184,0.542884345166
427,0.535945475329,0.546020800057
428,0.54124970545,0.55172201874
429,0.547798148626,0.558975604058
430,0.555086716537,0.566994084846
431,0.562099290731,0.574716651773
432,0.569767856543,0.583197593798
433,0.577396828292,0.591747017576
434,0.584927527113,0.599821128423
435,0.592011817834,0.607299304815
436,0.599972509739,0.615771562791
437,0.604308324496,0.620210216255
438,0.60895337039,0.624860353178
439,0.613120077526,0.628890173824
440,0.617500343785,0.633083985812
441,0.623336645695,0.638824808968
442,0.630112937482,0.646214351955
443,0.637186428472,0.654037118799
444,0.6430391376,0.660357083456
445,0.648843921452,0.66648179509
446,0.654474602202,0.672311706152
447,0.640573219565,0.656009107033
448,0.654543334746,0.670055491481
449,0.668128105809,0.685856055111
450,0.673234925571,0.692419063585
451,0.676721272865,0.696109636061
452,0.681338317708,0.701197079266
453,0.656266962948,0.673361348313
454,0.686886144659,0.706983742464
455,0.685766103011,0.705147363201
456,0.684431347508,0.703264463173
457,0.686543076829,0.705715327798
458,0.687293141209,0.706774175689
459,0.696179882487,0.715201967492
460,0.697572337232,0.716720289472
461,0.694499553406,0.713227060198
462,0.695259874432,0.71450070061
463,0.697454554865,0.717536339977
464,0.692002645495,0.711916948057
465,0.696279887564,0.717172910151
466,0.692542965483,0.712929869676
467,0.687970224562,0.707960694977
468,0.683819499799,0.703578082193
469,0.663555987765,0.678117010194
470,0.674688936588,0.693705334881
471,0.664992849973,0.683005001145
472,0.663452408745,0.681854327678
473,0.657156630565,0.675211767008
474,0.650209122436,0.667815212093
475,0.642792449198,0.659681910475
476,0.635194659579,0.651366534006
477,0.627218343581,0.642738202608
478,0.6208509702,0.636397966221
479,0.615753734685,0.631460335546
480,0.611349195437,0.627266957361
481,0.605376858105,0.621171475478
482,0.598501036578,0.613828157342
483,0.590622775549,0.605558627336
484,0.583988077593,0.598672778021
485,0.576965038581,0.591154024574
486,0.568882021609,0.582203808396
487,0.561149137262,0.573734125034
488,0.55379933103,0.565620773408
489,0.545466583569,0.55645318115
490,0.539065622565,0.549415689188
491,0.534631850343,0.544905978367
492,0.532535644038,0.543155958795
493,0.530918069447,0.54196124138
494,0.52868999164,0.539925313182
495,0.524082311156,0.534887177387
496,0.519914725037,0.530369960403
497,0.517728725197,0.527946835235
498,0.51572008641,0.52579291047
499,0.51559589781,0.525664225184
500,0.515587752618,0.5258271454
501,0.516815288122,0.527199917025
502,0.515652960099,0.525898336634
503,0.515028739619,0.525107654569
504,0.515878098849,0.525972293853
505,0.517682092738,0.527909397573
506,0.520308604486,0.530786991176
507,0.524182455067,0.534992090534
508,0.528793245643,0.540029596708
509,0.530823492939,0.541895676115
510,0.532309261633,0.542944002587
511,0.534849239413,0.545122347331
512,0.538962317304,0.549311963769
513,0.545804715743,0.556784281354
514,0.553705326789,0.56552252341
515,0.561192403343,0.573804866548
516,0.568644366199,0.581970075754
517,0.577027905783,0.591235293102
518,0.58417339202,0.59886494085
519,0.590831434572,0.605758544192
520,0.598364207676,0.613682686197
521,0.605519714172,0.621303825759
522,0.611364784269,0.627281023512
523,0.615662275645,0.631390058671
524,0.621079167309,0.636622373165
525,0.627214678063,0.642749372382
526,0.635215196199,0.651400992256
527,0.642982465694,0.65985888767
528,0.650499267827,0.668111064717
529,0.657331814005,0.675383213108
530,0.663833334302,0.682231724289
531,0.664968440539,0.68297099695
532,0.674997520785,0.694043159124
533,0.663732727241,0.678312310912
534,0.683484287007,0.703232102287
535,0.687523346838,0.707469250213
536,0.692014085224,0.71239715866
537,0.696894189065,0.717764640338
538,0.692154607461,0.712097065008
539,0.697122864988,0.717189386305
540,0.695139658428,0.714334553329
541,0.694606541896,0.713285575857
542,0.697839147322,0.717021020988
543,0.706122570167,0.724999402403
544,0.704477003386,0.723123364139
545,0.7046782427,0.723766591735
546,0.706363204543,0.726260017035
547,0.709254865126,0.730099961821
548,0.7033203207,0.723859424811
549,0.707087020246,0.728490150492
550,0.701793055639,0.722671253424
551,0.697196337701,0.717723087012
552,0.689614961672,0.708723983466
553,0.676774232726,0.693585302578
554,0.663063428589,0.679949253427
555,0.676838883012,0.696067853117
556,0.669895480374,0.688760238025
557,0.662368591626,0.68079431642
558,0.654674516455,0.672382666124
559,0.646832181198,0.66378373599
560,0.638170841956,0.654327064
561,0.629170363789,0.644580542018
562,0.622789373053,0.638212461511
563,0.617450250438,0.633113299534
564,0.612322859026,0.628047376615
565,0.604820620818,0.620079375369
566,0.597456372799,0.612367583593
567,0.590381018401,0.605064804677
568,0.583620516763,0.5981840929
569,0.576520433556,0.590627938916
570,0.56788730568,0.581126415573
571,0.559839748941,0.572339615538
572,0.550624121853,0.56220034439
573,0.543099336501,0.553855441906
574,0.537164162602,0.547519337336
575,0.533604418533,0.544138238181
576,0.531523954196,0.542490176595
577,0.529033585338,0.54026764442
578,0.525087866728,0.536096149249
579,0.520593954876,0.531205315403
580,0.516750634954,0.526960592905
581,0.514498452532,0.524415679766
582,0.512813954372,0.522569464966
583,0.512515757132,0.52231472641
584,0.512751511299,0.522607237877
585,0.512896466482,0.52275686079
586,0.512422036982,0.522212806073
587,0.512792254141,0.522565617248
588,0.514305268996,0.524228135224
589,0.516881104102,0.52708054456
590,0.520611414296,0.531220239146
591,0.525137225612,0.536137353656
592,0.528859310987,0.540077054774
593,0.531457160299,0.54242201992
594,0.533517518712,0.544053802087
595,0.537013512078,0.54737246194
596,0.542603593089,0.553370740262
597,0.550888175903,0.562449096992
598,0.559987228088,0.572488348619
599,0.567526344115,0.580757163046
600,0.576444765781,0.590534252842
601,0.583670371495,0.598217835777
602,0.590226007191,0.604908479765
603,0.597042962342,0.611939446616
604,0.605057605742,0.620317764747
605,0.612299704175,0.628041603016
606,0.617587275224,0.633236333125
607,0.622831853294,0.638273227591
608,0.629186675285,0.644610831783
609,0.638492816787,0.654659519183
610,0.646615258564,0.66354838495
611,0.654742034336,0.672419877591
612,0.662010072479,0.680395287781
613,0.669877904221,0.688751318357
614,0.677042364496,0.69627883352
615,0.663326613009,0.680214351564
616,0.676811674378,0.693631487183
617,0.689931955335,0.709068529509
618,0.697004446526,0.717517301992
619,0.701800028752,0.722646753562
620,0.707031647023,0.72844263545
621,0.703189814148,0.723764228666
622,0.708991397677,0.729812533997
623,0.706386115029,0.726238900821
624,0.704560518627,0.723692861206
625,0.7046768018,0.723332840617
626,0.705967045343,0.724808036467
627,0.709914524346,0.728030696015
628,0.709690797637,0.727787308046
629,0.710691198303,0.729559842991
630,0.712665532755,0.732331049139
631,0.714263826708,0.734799418697
632,0.711002822409,0.731748590007
633,0.716077034662,0.738149463775
634,0.712380626155,0.73416875104
635,0.706736018713,0.72800570155
636,0.702398107747,0.723359628742
637,0.681666999979,0.697486089492
638,0.691974326817,0.712146321687
639,0.686043464108,0.705852885583
640,0.680104228397,0.699757826164
641,0.672396369928,0.691579173002
642,0.664268234765,0.682808594075
643,0.655612649853,0.673348774586
644,0.64683791539,0.663696424058
645,0.637701791315,0.653681319424
646,0.62843681155,0.643622867246
647,0.621882832739,0.637039911229
648,0.615566066337,0.630694374319
649,0.610559221352,0.625912939465
650,0.604992909585,0.620542984496
651,0.597988597937,0.613430614557
652,0.590640071906,0.60586665032
653,0.583885915332,0.598815508193
654,0.575815867347,0.590182000771
655,0.565908174871,0.579154056984
656,0.556717608258,0.568917279439
657,0.547470701032,0.558726117426
658,0.540331665151,0.550930314204
659,0.535693273402,0.546201092414
660,0.532732820958,0.543610353813
661,0.529522356895,0.540692383956
662,0.526180657562,0.537362942123
663,0.521917609905,0.532819760462
664,0.518352319081,0.529128184404
665,0.515585283711,0.526205156276
666,0.512986361076,0.523283149978
667,0.510964184057,0.520855953629
668,0.511802891563,0.522095173426
669,0.512322397071,0.522676025368
670,0.511711237856,0.522025860648
671,0.510926254802,0.52081923608
672,0.513079425063,0.523405537498
673,0.515471557267,0.526070040478
674,0.518133156454,0.528914658049
675,0.521820021644,0.532735546503
676,0.525966623705,0.537129642262
677,0.529652588486,0.540813955143
678,0.532532108405,0.543408705279
679,0.535300348543,0.545815756763
680,0.540289988183,0.550909276098
681,0.547796924059,0.559054927941
682,0.556751076102,0.568968116351
683,0.566012321122,0.579262264584
684,0.575852009707,0.590218250573
685,0.583789532072,0.598731663429
686,0.590823350317,0.60606743973
687,0.597595627575,0.613002133024
688,0.604822167027,0.620343959572
689,0.610673878227,0.626029884885
690,0.615414540152,0.630497230437
691,0.621911514221,0.637054355877
692,0.628547695643,0.643727049534
693,0.637644595745,0.653631783803
694,0.646918296844,0.663782317782
695,0.655882044805,0.673610140544
696,0.664030475175,0.682582244332
697,0.672545065657,0.69174442697
698,0.679925244125,0.699570713647
699,0.686099732631,0.705912772085
700,0.692183677815,0.712368794033
701,0.681704683662,0.697495898761
702,0.702045514053,0.722979267691
703,0.706996319397,0.728303352162
704,0.712052456326,0.733824582476
705,0.716099649714,0.73814804002
706,0.710700801408,0.731396664605
707,0.714177525405,0.734709800196
708,0.712403151128,0.7320748153
709,0.710642648234,0.729496196115
710,0.70980078267,0.727904914416
711,0.590766628564,0.609753577256
712,0.672559376758,0.693714698286
713,0.731610604998,0.753752116389
714,0.683319399374,0.704273993813
715,0.592966786541,0.611962943978
716,0.659921666199,0.681576250318
717,0.729558311996,0.752720795932
718,0.684618290519,0.704640358706
719,0.589232570205,0.606306657046
720,0.636441843229,0.656318605167
721,0.713415594154,0.73547127186
722,0.684445739251,0.703964413087
723,0.587390127932,0.602276718351
724,0.600425801958,0.614809643921
725,0.682839947431,0.700730241118
726,0.678572522436,0.697635244802
727,0.593792011798,0.609805736526
728,0.579424514368,0.594135822727
729,0.661005239813,0.678917468907
730,0.671150595089,0.690945293732
731,0.599851821761,0.618002265801
732,0.562564379248,0.577978979855
733,0.633605690412,0.650253375867
734,0.648023060932,0.665579537229
735,0.591697939549,0.608453478097
736,0.551489270332,0.566852663881
737,0.612758045364,0.629870941317
738,0.626584544546,0.643504093078
739,0.582552582243,0.598403489059
740,0.533684582533,0.547894193555
741,0.587850337826,0.604153114905
742,0.60412648842,0.620462550804
743,0.57070874806,0.585797872138
744,0.514023525289,0.526667533504
745,0.556021210215,0.569463032703
746,0.572312568435,0.585513941922
747,0.551392454362,0.563544769776
748,0.50150733447,0.511719500946
749,0.535187355135,0.546073097765
750,0.545127876845,0.555540616784
751,0.534213789336,0.544193568206
752,0.491599536881,0.500652776059
753,0.51098794051,0.519861437031
754,0.524209791268,0.533308857256
755,0.521986751409,0.531491001478
756,0.490825916902,0.500730953391
757,0.500744601766,0.510241014634
758,0.517634940856,0.52782767704
759,0.51545570017,0.525592797662
760,0.488340934844,0.498279988526
761,0.490380316171,0.499453005036
762,0.509910034408,0.519888176814
763,0.509392234516,0.519533190431
764,0.487474289924,0.497609479938
765,0.48496692653,0.494554495315
766,0.508670309791,0.518859262559
767,0.508559796322,0.518743489889
768,0.489498689366,0.499089878877
769,0.492033240707,0.502173892536
770,0.509238940618,0.519383638525
771,0.509839800791,0.51981802165
772,0.490375536438,0.499456541637
773,0.488432031339,0.498363131609
774,0.515590050621,0.525727548692
775,0.517602683432,0.527795176055
776,0.511951014354,0.521703812576
777,0.491703676686,0.501761372782
778,0.522031629047,0.531540729464
779,0.524232298479,0.53330888036
780,0.511309486528,0.520193404487
781,0.491532132053,0.500575243465
782,0.534355873806,0.54433872226
783,0.545181909757,0.55559908816
784,0.534988385465,0.545881049932
785,0.501644822466,0.511867471643
786,0.55135292704,0.563532078204
787,0.572389654084,0.585595650963
788,0.563806899338,0.577473372471
789,0.51417190115,0.526851429351
790,0.570539079722,0.585639447396
791,0.603811068733,0.620140418819
792,0.587743855174,0.604043029845
793,0.527028996483,0.541127400828
794,0.581859810691,0.597649551826
795,0.626413016164,0.643332671763
796,0.612524379441,0.629636146615
797,0.544059829206,0.559273522113
798,0.591369964566,0.608062185699
799,0.64825723712,0.665835243663
800,0.633721275398,0.650374446638
801,0.562703430706,0.578109132344
802,0.600213810844,0.618379020385
803,0.67095078243,0.690757110808
804,0.661076167597,0.678985414192
805,0.579487671192,0.594182893288
806,0.593751321541,0.609753518445
807,0.678707215692,0.697746860909
808,0.683021291858,0.700936373628
809,0.600281603297,0.614666911661
810,0.587389593659,0.602240243126
811,0.684750400304,0.70429586107
812,0.713331540245,0.735387220177
813,0.636271117698,0.656128225443
814,0.589164621602,0.606242220854
815,0.684501547353,0.704536196079
816,0.729562498678,0.752755833382
817,0.659721652027,0.681381976079
818,0.592993902406,0.611987653435
819,0.683631389082,0.704630293063
820,0.731558349679,0.753682955401
821,0.672579151272,0.693730454363
822,0.696865663576,0.716663235939
823,0.695315202932,0.714788343554
824,0.69314426947,0.712234629436
825,0.692042118167,0.71106255146
826,0.693730977179,0.713308215253
827,0.695447235655,0.715777568552
828,0.696357353509,0.717231283058
829,0.695239909346,0.716230112654
830,0.691364188678,0.712013065317
831,0.687255316147,0.707531731929
832,0.684133304362,0.704203192715
833,0.681651073105,0.701732298433
834,0.677015096898,0.696446701707
835,0.655794402843,0.67022790775
836,0.670153652322,0.689160424571
837,0.665049630826,0.683415583347
838,0.659968210743,0.678197363257
839,0.655382761448,0.673424065897
840,0.650146286929,0.667937018971
841,0.645006491288,0.662459741536
842,0.639441034859,0.656599435836
843,0.633479320535,0.65005350431
844,0.627116171678,0.643052987419
845,0.621567682991,0.637157722361
846,0.620438874993,0.636405002671
847,0.612813597501,0.628753391646
848,0.609015460228,0.625104928772
849,0.604914158301,0.621046414093
850,0.603220703336,0.619389186513
851,0.59549335385,0.611400168694
852,0.590278871153,0.606046855498
853,0.584439908904,0.599944408489
854,0.578145009702,0.593307996659
855,0.571965353559,0.586691348917
856,0.564284690652,0.578273917788
857,0.556940238712,0.570120957913
858,0.550365242798,0.562817335673
859,0.54589372924,0.557646934466
860,0.537885464627,0.549028375163
861,0.531587559869,0.542130945721
862,0.525853038876,0.535777150518
863,0.521616853156,0.531000942967
864,0.516706778481,0.526047013063
865,0.514317115844,0.52394107528
866,0.512855355576,0.522856559865
867,0.512917916336,0.52318116745
868,0.509941771015,0.520302394134
869,0.507598025194,0.517879405198
870,0.504633682486,0.514727779591
871,0.503328114182,0.513202324389
872,0.50141881304,0.511336204122
873,0.499984918027,0.509992655838
874,0.499270374205,0.509359413704
875,0.499349539654,0.50951659377
876,0.499323481492,0.509555303193
877,0.49973367866,0.509975029451
878,0.499949147035,0.510174649258
879,0.500808533661,0.510933683966
880,0.500253039341,0.510348273105
881,0.499905042146,0.509928578402
882,0.501575184187,0.51149891455
883,0.503358718244,0.513242173737
884,0.504587587887,0.514675653118
885,0.507243234962,0.517548994293
886,0.51027278969,0.520622747149
887,0.515143382086,0.525339512217
888,0.5129118202,0.522911212018
889,0.514389437821,0.524011356223
890,0.516834814857,0.526166015703
891,0.521776606971,0.531147485885
892,0.525783115636,0.535713078192
893,0.531841505716,0.542365693955
894,0.537892081546,0.549022294075
895,0.545667409545,0.557440925036
896,0.550216029158,0.562655778348
897,0.556981985479,0.570164632481
898,0.564373295835,0.578360097397
899,0.573297280104,0.587999020991
900,0.578419030667,0.593675475708
901,0.584546552049,0.600055098356
902,0.590541862568,0.606285655206
903,0.595430707495,0.611300549738
904,0.600228287869,0.616241832602
905,0.604683509548,0.620823236315
906,0.608840715573,0.624930648105
907,0.613004380144,0.628937423396
908,0.617012108095,0.632738021483
909,0.621488695967,0.637055496892
910,0.627091794766,0.643011236931
911,0.633546543,0.650147891818
912,0.639482917116,0.656615332817
913,0.644795068484,0.662275659918
914,0.650009695901,0.667808077169
915,0.655314243637,0.673325756707
916,0.659869073591,0.678104955518
917,0.664521124962,0.682883636903
918,0.670147915385,0.689149611432
919,0.655631734229,0.670056021741
920,0.676988345509,0.696430008494
921,0.681578232241,0.701679403156
922,0.683790202789,0.703870373612
923,0.687505201473,0.707779666503
924,0.691409005538,0.712042241141
925,0.695166600589,0.716176722035
926,0.696514671557,0.717374591676
927,0.69546676109,0.715808190529
928,0.693356457883,0.712895584676
929,0.691926554235,0.710922200827
930,0.692739197679,0.711833640699
931,0.695081977873,0.71457975951
932,0.696554757935,0.7163263283
933,0.708765069449,0.72844996243
934,0.707995736613,0.727618793073
935,0.705784519498,0.725039099489
936,0.70372188401,0.72277013062
937,0.704211772083,0.723765168544
938,0.705924680635,0.726261021761
939,0.708096144806,0.729247539023
940,0.708796059482,0.730489584967
941,0.705958339314,0.727472658604
942,0.701905885677,0.723021930109
943,0.698275880909,0.719006965706
944,0.69436883678,0.714823897991
945,0.691060926719,0.711306677194
946,0.678592117621,0.695504607627
947,0.67919736264,0.697714408714
948,0.679057260168,0.698256943893
949,0.67372062105,0.692527534238
950,0.668584384674,0.68724418315
951,0.662889644565,0.681339536893
952,0.657450839056,0.675662778419
953,0.651743977975,0.669581981046
954,0.645257426569,0.662502826236
955,0.638883292754,0.655496429317
956,0.632182669304,0.64816977382
957,0.625546397089,0.641215978546
958,0.620800225361,0.636671603826
959,0.615703987931,0.631670887245
960,0.611318280379,0.627444033003
961,0.606602834064,0.622759586161
962,0.601743585247,0.617830728337
963,0.596189743056,0.612114887086
964,0.589607403738,0.60515837675
965,0.583402545704,0.598660481994
966,0.577082392406,0.592081406443
967,0.57040326662,0.584922272623
968,0.563118276891,0.576910561477
969,0.555802738063,0.568811216045
970,0.54928112442,0.561617761396
971,0.542580428791,0.554256125123
972,0.535515545591,0.546523377143
973,0.529116084673,0.539477764489
974,0.52320198951,0.532991502229
975,0.518249864531,0.527712641117
976,0.515071618384,0.524673411576
977,0.512930677858,0.522901605493
978,0.511365631835,0.521664685417
979,0.509382460889,0.519835764804
980,0.506631380445,0.516992843785
981,0.503739112157,0.51386285061
982,0.500287751074,0.510164938091
983,0.49832175937,0.508139795914
984,0.496849770901,0.506621228171
985,0.496030658549,0.505798192158
986,0.495698010547,0.505568942686
987,0.495748518278,0.505733513731
988,0.496345006659,0.506421963317
989,0.49618358231,0.50627306754
990,0.495705965942,0.5056941794
991,0.495678612792,0.505550697098
992,0.495891535014,0.505667645329
993,0.496920771528,0.506706387125
994,0.498355133845,0.508180032533
995,0.500241237703,0.510133081674
996,0.50348242615,0.513608244622
997,0.506711994603,0.517088804848
998,0.509413810416,0.519854419632
999,0.511218427863,0.521512768602
1000,0.513012881009,0.522976818075
1001,0.514914013778,0.524508809635
1002,0.518106178243,0.527589715413
1003,0.522816740842,0.532607413485
1004,0.529220546501,0.539589364029
1005,0.535609141264,0.546608786189
1006,0.542482592181,0.554154973377
1007,0.549080239711,0.561421185805
1008,0.555765424872,0.56879055379
1009,0.56297831868,0.576782145984
1010,0.570118428072,0.584645086172
1011,0.576982916426,0.591992121619
1012,0.583285997366,0.598544040863
1013,0.589655001978,0.605227099208
1014,0.596248189331,0.61214418177
1015,0.601790057592,0.617856831656
1016,0.606482693429,0.622653219026
1017,0.611073711079,0.627195137151
1018,0.615645968022,0.631620517373
1019,0.620633074001,0.636481939701
1020,0.625565670496,0.641237009742
1021,0.631847802372,0.647823868587
1022,0.63867711637,0.655300657471
1023,0.645504301625,0.662741791947
1024,0.651857476251,0.669664584721
1025,0.657572381448,0.675780201726
1026,0.663021027919,0.681474822406
1027,0.668180457629,0.686849398466
1028,0.673567524907,0.692365493586
1029,0.679080891992,0.698295380209
1030,0.679282319587,0.697807806911
1031,0.678748531244,0.695678359826
1032,0.691235587411,0.711498232613
1033,0.694515535274,0.714960719314
1034,0.698108126843,0.718872546513
1035,0.702147603421,0.723259996706
1036,0.706226726456,0.727780906627
1037,0.708743185048,0.730406778886
1038,0.708291096269,0.729456291673
1039,0.706428561928,0.726768045243
1040,0.704311268195,0.723849998101
1041,0.703927113247,0.722968171564
1042,0.70571402543,0.724970313021
1043,0.708272663916,0.727874648346
1044,0.715357973954,0.734781483324
1045,0.714411370363,0.733679747829
1046,0.712527602598,0.731540610915
1047,0.712840813933,0.732286741785
1048,0.714471282103,0.734585524069
1049,0.716915403062,0.737889818924
1050,0.718642433662,0.740365678099
1051,0.717994338016,0.740113158464
1052,0.714331236037,0.736156762815
1053,0.71028871082,0.731724115811
1054,0.705837320188,0.726928639421
1055,0.701709374406,0.722490694183
1056,0.697963054237,0.718283199487
1057,0.67592352054,0.691159476958
1058,0.690075120095,0.710038890919
1059,0.684604406677,0.704014664146
1060,0.679208653094,0.698467002022
1061,0.673674879877,0.692707614544
1062,0.667494341868,0.686268238849
1063,0.66191480514,0.680351557056
1064,0.655152988701,0.673047690974
1065,0.648515719505,0.665753232835
1066,0.641685320536,0.658308613963
1067,0.634166551568,0.650164968373
1068,0.626968166516,0.642624712058
1069,0.621883061607,0.637632805493
1070,0.61731102834,0.633197344463
1071,0.6127485914,0.628830320853
1072,0.608090198256,0.624199938416
1073,0.602508219393,0.618434550522
1074,0.59541811833,0.610925699347
1075,0.588533801753,0.603686307303
1076,0.582334862298,0.597286422639
1077,0.57613165409,0.590871496685
1078,0.569458076109,0.583738456964
1079,0.562111471299,0.57565321115
1080,0.554974387357,0.567832532724
1081,0.548058676963,0.560248586148
1082,0.540673333949,0.552162293239
1083,0.533244757708,0.544031937575
1084,0.526792725062,0.536938711988
1085,0.520866274256,0.530483367404
1086,0.516748104186,0.526334213324
1087,0.514256225807,0.524164462816
1088,0.512229797986,0.522477116198
1089,0.510002442757,0.520486998821
1090,0.507047864425,0.517483713854
1091,0.503286990802,0.51343907852
1092,0.500166535851,0.510090225361
1093,0.497087798453,0.506813160739
1094,0.495132012271,0.504708241436
1095,0.493640254642,0.503152613869
1096,0.492854409425,0.502363645722
1097,0.492647464101,0.502260330557
1098,0.493178552132,0.50299145981
1099,0.493521851473,0.503412481731
1100,0.493128186046,0.502946344109
1101,0.492844808199,0.502474789681
1102,0.492839503206,0.50236267706
1103,0.493664163133,0.503154914815
1104,0.495228047861,0.504811513621
1105,0.497292425447,0.5070159986
1106,0.500198463968,0.51013116821
1107,0.503470018924,0.513627963647
1108,0.507045109094,0.51749139497
1109,0.509922650203,0.520402744672
1110,0.512180672931,0.522435026209
1111,0.514148535343,0.524058428714
1112,0.516731810802,0.526318703557
1113,0.520831703596,0.530455025942
1114,0.526746429561,0.536902945294
1115,0.533404041401,0.544199951741
1116,0.540738078092,0.552233036538
1117,0.548366573369,0.560572415735
1118,0.55499517413,0.567867450796
1119,0.562152360962,0.575724174579
1120,0.569524554968,0.583793519526
1121,0.576151527142,0.590886314066
1122,0.582243745288,0.597199055755
1123,0.58854768728,0.603708621829
1124,0.595433930748,0.610917280106
1125,0.602131890589,0.618058948979
1126,0.608098578634,0.624231065663
1127,0.612756528221,0.628840913034
1128,0.617157608661,0.633046741288
1129,0.621902719684,0.637689316723
1130,0.627418681848,0.643065570615
1131,0.633922882795,0.649911818259
1132,0.641522701455,0.658131609751
1133,0.648416565639,0.665653257427
1134,0.655317082158,0.673190487245
1135,0.661893931408,0.680334661225
1136,0.667447699405,0.68620682341
1137,0.6734995843,0.692522538975
1138,0.679270749567,0.698524171083
1139,0.684817089707,0.704229639779
1140,0.690135997706,0.710107650131
1141,0.67582730837,0.691076428273
1142,0.697533239007,0.717832845394
1143,0.701597866919,0.722384162506
1144,0.705914131298,0.726971761035
1145,0.710096347931,0.731519770766
1146,0.714645831318,0.736487585404
1147,0.717935867198,0.740053487255
1148,0.718306656052,0.740008433828
1149,0.716483335439,0.737417746878
1150,0.714100283148,0.73422837997
1151,0.712722824612,0.732146834097
1152,0.712355910819,0.731365411311
1153,0.714308211525,0.733552043985
1154,0.715685056992,0.735109177008
1155,0.71625183416,0.734951697081
1156,0.716399881082,0.735074928896
1157,0.714611477383,0.733189875455
1158,0.715142528175,0.734203500571
1159,0.716052154556,0.735776144511
1160,0.717709049595,0.738189003439
1161,0.719943365396,0.741233492491
1162,0.720947454234,0.742948517652
1163,0.719661892695,0.741875321704
1164,0.715794597009,0.73766269705
1165,0.71116819687,0.732575808996
1166,0.706833784032,0.727901850518
1167,0.702970723324,0.723790626904
1168,0.690588220995,0.708105095066
1169,0.692026730539,0.711428453824
1170,0.690256435218,0.710141844657
1171,0.685044741538,0.704625750669
1172,0.679483331785,0.698905278651
1173,0.67293822776,0.692068027764
1174,0.666591414387,0.685416826527
1175,0.660540137304,0.678872160584
1176,0.653876951386,0.671626329156
1177,0.64685037227,0.663939448972
1178,0.639587723657,0.656021672773
1179,0.631602060537,0.647291994215
1180,0.623956842977,0.63916061819
1181,0.618838445803,0.633987547118
1182,0.613913277304,0.629294745443
1183,0.609999224761,0.625704359508
1184,0.60517785794,0.620909730848
1185,0.599304654649,0.614921938606
1186,0.593387109358,0.608880194601
1187,0.586286585441,0.601376998178
1188,0.580870187035,0.595989375817
1189,0.575571476267,0.590662884067
1190,0.568613320241,0.583125645553
1191,0.560785731042,0.574441801306
1192,0.552726822357,0.565401730747
1193,0.544968359673,0.556907702127
1194,0.537095769035,0.548178998009
1195,0.529800356286,0.54019882774
1196,0.523517993657,0.533350719071
1197,0.51825326346,0.527814568107
1198,0.51520546916,0.52496767189
1199,0.513049946929,0.523188876576
1200,0.510577347283,0.520973520664
1201,0.508045848845,0.518563352655
1202,0.504990269821,0.515481108678
1203,0.501798955417,0.512153344827
1204,0.49842282885,0.508620602535
1205,0.496097313553,0.50606818499
1206,0.493622475698,0.503344502644
1207,0.493319452461,0.503313956128
1208,0.492348813779,0.502282653034
1209,0.491754080783,0.501666164367
1210,0.490800055136,0.500298920113
1211,0.490701663452,0.500185969207
1212,0.491656382551,0.501562278262
1213,0.492363978738,0.502312472454
1214,0.493279246926,0.50326951354
1215,0.49347838523,0.503199329253
1216,0.496169896724,0.506163669507
1217,0.498506455977,0.508698931522
1218,0.501809615684,0.51215999309
1219,0.504994630139,0.515503148776
1220,0.508253647849,0.518760664918
1221,0.510608783505,0.521006611399
1222,0.513259725957,0.523389732563
1223,0.515292685005,0.52505321389
1224,0.518478329513,0.528043503441
1225,0.523353730628,0.533195218453
1226,0.529741663066,0.540148685547
1227,0.537060916799,0.548161259151
1228,0.544739946229,0.556688552964
1229,0.55230741659,0.564987943551
1230,0.560429861058,0.574077936277
1231,0.568751235859,0.583273812593
1232,0.575351959589,0.590418500309
1233,0.5809142166,0.596033620453
1234,0.585986277702,0.600994917568
1235,0.593215301655,0.608684885959
1236,0.59922370057,0.614831297073
1237,0.605127710407,0.620868728068
1238,0.609831973612,0.625528854974
1239,0.613901487335,0.629290789969
1240,0.618554963688,0.633714072611
1241,0.624146313136,0.639363702862
1242,0.631475138352,0.6471642154
1243,0.639371945745,0.655778138865
1244,0.646920638146,0.664014604194
1245,0.653887799166,0.671633222341
1246,0.660325791779,0.678640706948
1247,0.666971282133,0.685785494336
1248,0.673249898648,0.692412665966
1249,0.679336124968,0.698728866253
1250,0.684877689697,0.704446219508
1251,0.690141628188,0.710031150253
1252,0.691894537223,0.711275839255
1253,0.690476410428,0.707980832471
1254,0.702644114974,0.723493754731
1255,0.706612165224,0.727682347897
1256,0.710824276999,0.732206845195
1257,0.715435725106,0.737267139342
1258,0.719489979593,0.741717229541
1259,0.720860817785,0.742842640697
1260,0.719870531565,0.741151060982
1261,0.71788220308,0.738326492396
1262,0.716209868311,0.735907969719
1263,0.715142659769,0.734213835177
1264,0.715026607011,0.73362489037
1265,0.715972371164,0.734607988389
1266,0.488394508224,0.50406288212
1267,0.594839818336,0.613907813691
1268,0.713523976294,0.735557914444
1269,0.712550514719,0.734613039413
1270,0.591860855469,0.610327937871
1271,0.488141565912,0.503921694464
1272,0.594321212177,0.613785848151
1273,0.71472916747,0.737959306235
1274,0.704750398867,0.726495011431
1275,0.58389962667,0.601352609899
1276,0.479954380238,0.494367577111
1277,0.589173604934,0.608488302783
1278,0.701648107427,0.723924654352
1279,0.690751676129,0.711178128087
1280,0.571904986548,0.587557371976
1281,0.47389727653,0.487401012737
1282,0.572230707151,0.588416010165
1283,0.664424327864,0.679257544107
1284,0.675717361953,0.695155594852
1285,0.565117620181,0.580825790845
1286,0.466053911121,0.479123220037
1287,0.559497272202,0.574868735289
1288,0.663242011985,0.681841131859
1289,0.65919194825,0.678730505656
1290,0.561337455127,0.578802045245
1291,0.472587328497,0.485915824079
1292,0.548233878968,0.563275631356
1293,0.641408882818,0.658683206379
1294,0.635089063156,0.652799978034
1295,0.544979888896,0.561152805002
1296,0.486655533758,0.499673278985
1297,0.53843117658,0.553462775677
1298,0.621908037058,0.639200053731
1299,0.611711473164,0.62830685367
1300,0.527685162959,0.542809013012
1301,0.479284665349,0.491554318492
1302,0.526743026327,0.541512932583
1303,0.600599081714,0.617640797116
1304,0.590234596179,0.606520739933
1305,0.512123316804,0.526492833344
1306,0.471251916836,0.482662651247
1307,0.529578225767,0.543416722807
1308,0.570812967222,0.585608835792
1309,0.561306903301,0.575199767136
1310,0.491787729493,0.50379095794
1311,0.485439608497,0.495014030297
1312,0.508204323438,0.519498135932
1313,0.538855114801,0.549922655619
1314,0.531693829685,0.542289204934
1315,0.472245814604,0.482505317884
1316,0.477013801825,0.485591975102
1317,0.49063056377,0.499845039671
1318,0.513087082787,0.521675442947
1319,0.507873943099,0.516598843014
1320,0.463276077441,0.473417149938
1321,0.471148389124,0.479561940218
1322,0.482964665569,0.491996418218
1323,0.501796333297,0.511155277804
1324,0.498044285099,0.507982150256
1325,0.458306845427,0.468421820297
1326,0.446350013329,0.454188421832
1327,0.480861661733,0.49031196941
1328,0.494044920905,0.503423994627
1329,0.482018876333,0.491157508635
1330,0.447310032122,0.456923099412
1331,0.448246219583,0.456583624372
1332,0.481521046658,0.491111842067
1333,0.49021239511,0.499962356455
1334,0.478738938316,0.488308491162
1335,0.447163166887,0.4564157049
1336,0.447147047331,0.456384799244
1337,0.474534931844,0.484028172558
1338,0.490402049438,0.500146780659
1339,0.472420078605,0.481822735625
1340,0.448159448167,0.456495874133
1341,0.447226353556,0.456838901656
1342,0.481986194702,0.491147624388
1343,0.493994951056,0.5034149429
1344,0.471919933249,0.481154638968
1345,0.446225940092,0.454063602047
1346,0.448525436234,0.458723217131
1347,0.495738796979,0.505333009238
1348,0.501939290239,0.511306459726
1349,0.482965429976,0.491996687875
1350,0.471170235382,0.479579986576
1351,0.463234968077,0.473374386075
1352,0.507666214984,0.51639605699
1353,0.513053148276,0.521642700659
1354,0.490585201388,0.499793436961
1355,0.476941839221,0.485510183642
1356,0.472141395849,0.482400899891
1357,0.531319616703,0.54194297034
1358,0.538908088331,0.549984312232
1359,0.508151706173,0.51944249661
1360,0.48556798854,0.495148231134
1361,0.491719546962,0.50370926694
1362,0.561048005711,0.5749338915
1363,0.570924427002,0.585723323709
1364,0.516249863495,0.529663330667
1365,0.471027241476,0.482417994353
1366,0.51184217003,0.52618720039
1367,0.590435206265,0.606730225482
1368,0.600576709165,0.617602291127
1369,0.526644111268,0.541395509615
1370,0.479107155917,0.491385384708
1371,0.527704014015,0.542814801824
1372,0.611596068709,0.628175059578
1373,0.621650332881,0.638943003322
1374,0.54520024206,0.560442484333
1375,0.48680522601,0.499843737654
1376,0.545230810637,0.561381349191
1377,0.635058368042,0.652759885116
1378,0.641611387059,0.658887877508
1379,0.548354601627,0.563418265827
1380,0.464445327649,0.477712916404
1381,0.560084522494,0.577346184574
1382,0.659458429514,0.679009081653
1383,0.663250913754,0.681832758967
1384,0.559344613619,0.574702948037
1385,0.469871670315,0.482984585562
1386,0.56572837582,0.581595706908
1387,0.67561194345,0.695032157903
1388,0.664394414009,0.6792116718
1389,0.572044841685,0.588213798156
1390,0.473823806605,0.487316085952
1391,0.571721602454,0.587355490286
1392,0.69077511475,0.711219255363
1393,0.702071744298,0.72438140561
1394,0.588894073641,0.608213703526
1395,0.480068191117,0.494513737598
1396,0.584154717242,0.60159981824
1397,0.704675706064,0.726448375199
1398,0.714664274785,0.737886410253
1399,0.594429649887,0.61390116978
1400,0.487800253154,0.503577932765
1401,0.591889117445,0.610342564152
1402,0.712731052639,0.734784707959
1403,0.713576406561,0.735625008638
1404,0.594854353429,0.613919587393
1405,0.688812561002,0.708622192771
1406,0.68729653226,0.706884385945
1407,0.685995137256,0.705274840862
1408,0.684213895093,0.703203777734
1409,0.683762233783,0.702790554811
1410,0.684504685962,0.704010095594
1411,0.686037919612,0.706123040836
1412,0.687713734053,0.708335916286
1413,0.687795765877,0.708851271993
1414,0.685966979716,0.706946067074
1415,0.682906712797,0.70358456885
1416,0.679629373175,0.699979799123
1417,0.677001860078,0.697292923076
1418,0.67449718497,0.69476012353
1419,0.672112340529,0.692310949968
1420,0.669456089376,0.689551311744
1421,0.657131910945,0.674111575609
1422,0.659245308847,0.677873155068
1423,0.657775169035,0.676628849603
1424,0.652850058249,0.671206698981
1425,0.648781277087,0.667051047733
1426,0.644417483121,0.662503947307
1427,0.640041686087,0.657954944839
1428,0.635579011414,0.653213093908
1429,0.640421486888,0.658493903027
1430,0.627429259712,0.644616238076
1431,0.622089634214,0.638961362453
1432,0.616659709355,0.632947791507
1433,0.61148626273,0.627251097096
1434,0.626734096387,0.644098435344
1435,0.604200620958,0.619881821965
1436,0.600263182653,0.616137592551
1437,0.597109926002,0.613174369831
1438,0.593796901058,0.610038009448
1439,0.606498405629,0.62373807063
1440,0.586098315583,0.602193187976
1441,0.581670643476,0.597620931441
1442,0.577493405769,0.593352963981
1443,0.574171230431,0.590407349373
1444,0.581091832951,0.597079640936
1445,0.568356388263,0.583693412744
1446,0.55694220406,0.571870204146
1447,0.551287805678,0.565719665005
1448,0.545033173091,0.558818265678
1449,0.552658708891,0.565460159233
1450,0.537985802569,0.55033916724
1451,0.527073340155,0.538761453363
1452,0.521935269796,0.533164884213
1453,0.516501058181,0.527212049749
1454,0.523540626563,0.533502372316
1455,0.511122922615,0.520739653657
1456,0.501219781773,0.51035513756
1457,0.495890268923,0.5047797467
1458,0.493631335299,0.502515676663
1459,0.502160792141,0.511103294975
1460,0.495434114479,0.504776376843
1461,0.488498454159,0.498134048475
1462,0.485524624706,0.495371550135
1463,0.488010497055,0.497931478205
1464,0.491800598065,0.501598939583
1465,0.487537688563,0.497233738992
1466,0.479821955232,0.489392414752
1467,0.475617488145,0.485111803583
1468,0.478298582368,0.487852146917
1469,0.483295417883,0.492887874573
1470,0.481663437324,0.491386599114
1471,0.475612154274,0.485456697072
1472,0.47423599301,0.484135816568
1473,0.478397022278,0.488235659747
1474,0.48162489088,0.491427927471
1475,0.477595700138,0.487440424926
1476,0.473223695944,0.483137860272
1477,0.474164962476,0.484018260097
1478,0.479511087754,0.489252267636
1479,0.483210221582,0.492818670253
1480,0.481721224014,0.491377264296
1481,0.475597054354,0.485105395054
1482,0.478541333486,0.488136408266
1483,0.485552604564,0.495298376585
1484,0.489828537705,0.499654723974
1485,0.484522725373,0.494510553419
1486,0.485449052505,0.495291033223
1487,0.488454956195,0.498088319452
1488,0.495289136729,0.504625967982
1489,0.502060500837,0.510998114009
1490,0.493767418515,0.502652728486
1491,0.496035224314,0.504941238127
1492,0.501062745209,0.510232111553
1493,0.511080713737,0.520715792498
1494,0.523505925397,0.533460726749
1495,0.516605151172,0.52731503266
1496,0.521934166576,0.533151858214
1497,0.527033136547,0.538737612035
1498,0.537684686141,0.550016632341
1499,0.552899343994,0.565698162215
1500,0.544816682188,0.558585368303
1501,0.551162337783,0.565590247842
1502,0.557006201291,0.57193663581
1503,0.564695481806,0.580028960023
1504,0.580645899185,0.596455123969
1505,0.574297102295,0.590539620857
1506,0.577262413266,0.59310376605
1507,0.581535177816,0.597481966494
1508,0.586293293769,0.602389831231
1509,0.606596548479,0.623843917078
1510,0.594197874592,0.610434759289
1511,0.597469807252,0.613548689563
1512,0.600231736463,0.616080762459
1513,0.607688290751,0.62359102932
1514,0.627108588863,0.644480162663
1515,0.611592316926,0.627339932744
1516,0.617019086162,0.633324338578
1517,0.62224405888,0.639125489516
1518,0.627269441972,0.644466194123
1519,0.634078388206,0.651754583613
1520,0.635671293943,0.653326272171
1521,0.639779326221,0.657679140146
1522,0.644144411349,0.662248243711
1523,0.649301365874,0.667595716236
1524,0.655369743087,0.673889704038
1525,0.657877632704,0.67672699247
1526,0.659272835322,0.677864898077
1527,0.657414603945,0.674417590841
1528,0.669660120619,0.689757227952
1529,0.672179884072,0.692401459389
1530,0.674710482639,0.694976300157
1531,0.677201805451,0.697495147842
1532,0.679566216713,0.699934856845
1533,0.682862256462,0.703535068723
1534,0.6858951075,0.706875968805
1535,0.687814946819,0.708848955078
1536,0.687731397283,0.708321572978
1537,0.686358731581,0.706437969998
1538,0.685132681732,0.70462912524
1539,0.683239262304,0.702265892408
1540,0.684302798459,0.703275836576
1541,0.686189009379,0.70547810417
1542,0.687359193304,0.706964189361
1543,0.6888432803,0.708663953634
1544,0.687584672845,0.706757671023
1545,0.687293646678,0.706432871737
1546,0.686072177661,0.704987422832
1547,0.685178607768,0.70383448971
1548,0.684029495814,0.702637575935
1549,0.685216381861,0.704223183987
1550,0.686105191767,0.705650119087
1551,0.687248633655,0.707370703265
1552,0.687190356087,0.707693457366
1553,0.686849936263,0.707613232256
1554,0.684025968745,0.704557637503
1555,0.680698473321,0.700887187167
1556,0.677503514429,0.697417696753
1557,0.67497779227,0.694665297835
1558,0.672203849355,0.691749448994
1559,0.669719440782,0.689146638011
1560,0.66159789274,0.679063344139
1561,0.648053275833,0.662960014004
1562,0.659912196379,0.678689456052
1563,0.655197701394,0.673488883429
1564,0.650397556622,0.668394237382
1565,0.646482654301,0.664414565716
1566,0.642037532103,0.659857573599
1567,0.638014446568,0.655716541331
1568,0.634109908596,0.651653084418
1569,0.639208371673,0.656980032946
1570,0.625208207211,0.642087042426
1571,0.619767423334,0.636102496896
1572,0.614297646866,0.630087637604
1573,0.608886279743,0.62425994671
1574,0.613124122183,0.628860361487
1575,0.60057363783,0.616017569446
1576,0.596784627735,0.612347383022
1577,0.59318810658,0.608886030128
1578,0.589709841094,0.605509540443
1579,0.594106192393,0.610421916868
1580,0.581745462219,0.597416552454
1581,0.577346601635,0.592917268395
1582,0.57237197995,0.587837797216
1583,0.567233940009,0.582506267318
1584,0.569115916251,0.584589981009
1585,0.562739245477,0.577848606842
1586,0.550523599044,0.564753836835
1587,0.54468519986,0.558328332492
1588,0.538544462539,0.551479534851
1589,0.539227503086,0.552085051414
1590,0.532726652802,0.54484985072
1591,0.522260602598,0.533430169086
1592,0.516903148596,0.527566340693
1593,0.511524305437,0.521701667409
1594,0.5108950452,0.520955092799
1595,0.504499487667,0.513956898827
1596,0.496002942005,0.504874925088
1597,0.492233706732,0.501020213977
1598,0.491176921136,0.500213555441
1599,0.490814417941,0.500240277509
1600,0.488565967826,0.49822788459
1601,0.485169859537,0.49495114269
1602,0.483647845333,0.493522306132
1603,0.483612744625,0.493515177296
1604,0.481468015679,0.491340941733
1605,0.477986549517,0.487458365562
1606,0.473960725208,0.483148581388
1607,0.472821604656,0.482087746694
1608,0.47340801923,0.48284021699
1609,0.473341209553,0.482878966346
1610,0.47264967512,0.482247911266
1611,0.47184464193,0.481522225179
1612,0.472625209663,0.482388838226
1613,0.473458425805,0.483273846138
1614,0.473670617971,0.483479521233
1615,0.472054984592,0.481804755098
1616,0.471702959066,0.481377800888
1617,0.4722714593,0.481840284056
1618,0.473121008999,0.482662347901
1619,0.474141636976,0.483565777186
1620,0.473723233509,0.482970868883
1621,0.473837730688,0.483037672593
1622,0.477106536814,0.486484048032
1623,0.481759452987,0.491597120805
1624,0.48157168635,0.491370329574
1625,0.487887820538,0.497880364647
1626,0.4857902205,0.495684531848
1627,0.488622813944,0.498275424736
1628,0.490666608082,0.500098753511
1629,0.491191688563,0.500239823091
1630,0.492294375554,0.501089007491
1631,0.495775743458,0.504651902129
1632,0.504434277196,0.513895823172
1633,0.510889386071,0.520951637113
1634,0.51139573913,0.521561700372
1635,0.516831596986,0.527507806446
1636,0.522427219577,0.533607198796
1637,0.532664169446,0.544793145802
1638,0.539214377768,0.552088046194
1639,0.538725276814,0.551652026004
1640,0.544834324392,0.558479051524
1641,0.550616068673,0.564871385998
1642,0.55928532498,0.574108911807
1643,0.568883900784,0.584352296164
1644,0.56740334495,0.58267839975
1645,0.572492911288,0.587959793193
1646,0.577402522469,0.59297600481
1647,0.58169674704,0.597386634274
1648,0.593825831513,0.610119307672
1649,0.589782606676,0.605582293354
1650,0.593071096724,0.608770351316
1651,0.596501692077,0.612076623077
1652,0.604352418041,0.619916643418
1653,0.61296968063,0.628675219559
1654,0.60882649182,0.624209482868
1655,0.614226532615,0.630033186888
1656,0.619673290026,0.636006063011
1657,0.625046250086,0.641928297159
1658,0.634125166247,0.651535715791
1659,0.634335441503,0.651877526341
1660,0.637973052369,0.655697298524
1661,0.642010446121,0.659843507869
1662,0.646183115028,0.664114509246
1663,0.656003411267,0.674300833686
1664,0.655033971592,0.673305080574
1665,0.660031602817,0.678784155495
1666,0.648361869075,0.663277849555
1667,0.661424474951,0.678891354763
1668,0.669552536929,0.688990994977
1669,0.672090076828,0.691628779334
1670,0.674696257514,0.694374668021
1671,0.677828617784,0.697737211292
1672,0.68048313375,0.700674833568
1673,0.68355575346,0.704082546314
1674,0.686576269664,0.707343130911
1675,0.687442834033,0.707962710089
1676,0.687137703306,0.707229151918
1677,0.68633349363,0.705895934036
1678,0.684846581814,0.703853287081
1679,0.684037244621,0.702647778544
1680,0.685261917907,0.703965819075
1681,0.685954037402,0.70485423405
1682,0.687223344875,0.706369784338
1683,0.679592726431,0.698151476527
1684,0.679084600417,0.697604616291
1685,0.677762409692,0.696077940954
1686,0.676844702215,0.695002875119
1687,0.676768602633,0.695216160871
1688,0.677800734953,0.696693470002
1689,0.678997319904,0.69843960169
1690,0.679691789253,0.699652462972
1691,0.679927587582,0.700225798867
1692,0.678097948744,0.69846954098
1693,0.675014605294,0.695060291145
1694,0.671888995193,0.691577976173
1695,0.669186868622,0.688651337122
1696,0.666712201935,0.686060670748
1697,0.664165223193,0.683401314249
1698,0.661684286553,0.680856922056
1699,0.65304312891,0.670002165199
1700,0.655954951125,0.67470819639
1701,0.652157998402,0.670575287532
1702,0.647500966915,0.665498498445
1703,0.643359274017,0.661257349101
1704,0.639370104239,0.657165842148
1705,0.635059755027,0.652729454298
1706,0.63147684328,0.648992149698
1707,0.626938196018,0.644189111857
1708,0.622599177906,0.639488043316
1709,0.617320795753,0.633665035922
1710,0.611840485096,0.627676988291
1711,0.607118301045,0.622538951396
1712,0.601261920854,0.616324173791
1713,0.596780459829,0.611796697163
1714,0.593177702886,0.6083364033
1715,0.589262321236,0.604471974932
1716,0.585795524467,0.601145203333
1717,0.582447729501,0.597899978358
1718,0.578602067151,0.593983345458
1719,0.574363212164,0.589622729925
1720,0.569643123311,0.584789304827
1721,0.564402046756,0.579235655591
1722,0.559027080378,0.573534935266
1723,0.553673813042,0.567927924069
1724,0.548667915867,0.562655124332
1725,0.543378100853,0.556911685513
1726,0.537723656515,0.550715136564
1727,0.532265088516,0.544576371781
1728,0.526638558894,0.538381789718
1729,0.52166635452,0.53288075769
1730,0.516346429006,0.527056625071
1731,0.510749744851,0.520961146318
1732,0.505630368231,0.515390506647
1733,0.501133388511,0.510490009429
1734,0.496200309496,0.505139263364
1735,0.49197915068,0.500709193772
1736,0.489010855785,0.497845950956
1737,0.487452235579,0.496630198225
1738,0.485881210165,0.495346155892
1739,0.484511100673,0.494168696834
1740,0.482349000938,0.49207521793
1741,0.480751876995,0.490446378537
1742,0.48147689136,0.49101639887
1743,0.475163576799,0.484364289419
1744,0.472787844488,0.481793489103
1745,0.471227216192,0.480219145013
1746,0.469880656517,0.478896039526
1747,0.469126661471,0.478170747432
1748,0.468907192548,0.478047946113
1749,0.469298730808,0.478607824657
1750,0.469637341817,0.479126710119
1751,0.47032016756,0.479932111556
1752,0.470721234057,0.480420939092
1753,0.470454616974,0.48005196631
1754,0.469717536165,0.479205793785
1755,0.469162679897,0.478484810005
1756,0.468850637637,0.477996842818
1757,0.469306590185,0.478339976413
1758,0.471101874865,0.48015021638
1759,0.471195271952,0.480188672603
1760,0.47306281122,0.482072351772
1761,0.475272660144,0.4844415027
1762,0.477970769938,0.487405629847
1763,0.480822321385,0.490472936987
1764,0.483314251946,0.493053151145
1765,0.484307306539,0.493959005461
1766,0.485857500993,0.495320387799
1767,0.491506102672,0.500796163107
1768,0.489992218517,0.499013391201
1769,0.491994880804,0.500728098509
1770,0.496345203073,0.505298710843
1771,0.501129862674,0.510498271209
1772,0.505826957355,0.51559378427
1773,0.511144513776,0.521370590985
1774,0.516471637086,0.527194775482
1775,0.521571518464,0.532792107822
1776,0.526784786336,0.538532700193
1777,0.532077886039,0.544397399572
1778,0.537892950617,0.550879122489
1779,0.543226849632,0.55678550209
1780,0.548574848936,0.562556589502
1781,0.553793824945,0.568056562588
1782,0.559042777719,0.573571274958
1783,0.564679393261,0.579533369205
1784,0.569776402182,0.584906954092
1785,0.574411270248,0.589659608107
1786,0.578641572569,0.594019003353
1787,0.582700382499,0.598158468946
1788,0.585826664395,0.601149560365
1789,0.58919692209,0.604388484661
1790,0.592948825949,0.608078564881
1791,0.596814272873,0.611815934768
1792,0.601169449843,0.616202518683
1793,0.606661001522,0.622088696111
1794,0.612262290594,0.628128896505
1795,0.617066669647,0.633403890921
1796,0.622388951128,0.639273141051
1797,0.626997437666,0.644231117968
1798,0.631014086258,0.648534918531
1799,0.635231337747,0.652896393735
1800,0.638943893609,0.65672058552
1801,0.643334224998,0.661223043276
1802,0.647367967204,0.665354272411
1803,0.652033546971,0.670438050716
1804,0.655661832299,0.674429133629
1805,0.653073483249,0.670068806385
1806,0.661762352501,0.680966652684
1807,0.664106588675,0.683324068665
1808,0.666472930205,0.685790457934
1809,0.669063535309,0.688544861631
1810,0.671530185043,0.691224081577
1811,0.674936538361,0.694966087982
1812,0.678416641819,0.69881174568
1813,0.679663557706,0.699942535773
1814,0.679847838419,0.699793359129
1815,0.678865791643,0.698322945312
1816,0.678082074028,0.697021651719
1817,0.676887416506,0.695350745252
1818,0.677030027723,0.695189427068
1819,0.677963851234,0.696292435594
1820,0.679267710763,0.697810366904
1821,0.679348110507,0.69793271133
1822,0.659692038061,0.67762210153
1823,0.659456704997,0.67737640728
1824,0.658816342895,0.676659136479
1825,0.657868513393,0.675536412633
1826,0.65810127384,0.675984423846
1827,0.658562011344,0.676802480871
1828,0.659479956024,0.67819017171
1829,0.660197376147,0.679352501328
1830,0.660798715951,0.680345891897
1831,0.660085999639,0.679804188686
1832,0.658300036794,0.678039832274
1833,0.655453561421,0.674854268743
1834,0.652525829976,0.671580833993
1835,0.650007013588,0.668885360626
1836,0.647564091161,0.666351647427
1837,0.645545784276,0.664275961526
1838,0.638676210702,0.655591846045
1839,0.638963719151,0.656988362327
1840,0.637653863615,0.655867356222
1841,0.633892793237,0.651745388688
1842,0.630006646067,0.647656728706
1843,0.62657478929,0.644160798381
1844,0.622917991078,0.640431216927
1845,0.619105336298,0.636412003659
1846,0.615298900154,0.632335085968
1847,0.610649398305,0.627341820522
1848,0.606491169211,0.622798011669
1849,0.601786994339,0.617687832773
1850,0.596996239217,0.612481082087
1851,0.59204428525,0.607045015769
1852,0.586840537093,0.601457684777
1853,0.582835631582,0.597372521107
1854,0.579254183094,0.593879488673
1855,0.575497098318,0.59015696285
1856,0.572506576144,0.587116935301
1857,0.569940687078,0.584720307647
1858,0.565789397397,0.580481866143
1859,0.562288802673,0.576995980727
1860,0.557932688825,0.572519525483
1861,0.553309951298,0.567733862424
1862,0.549061642576,0.563326461374
1863,0.544221518416,0.558315216575
1864,0.539067088967,0.552710264178
1865,0.534368703687,0.54762480697
1866,0.52941094051,0.542294388299
1867,0.523830919811,0.536040504693
1868,0.523430990024,0.535087886272
1869,0.512823381592,0.523760293025
1870,0.507145512903,0.517472963954
1871,0.502246927897,0.512065561143
1872,0.497478394728,0.506859691647
1873,0.493954804073,0.503114093684
1874,0.493814852075,0.502616006974
1875,0.486278818841,0.495008895627
1876,0.484642194187,0.493649866887
1877,0.483711285771,0.49313158865
1878,0.485904317973,0.495491316287
1879,0.479996121169,0.489622970923
1880,0.478292013735,0.487937136965
1881,0.476719953983,0.486327709315
1882,0.477994713285,0.487473169325
1883,0.472884998535,0.482368912716
1884,0.471029916696,0.480438629915
1885,0.469493417118,0.478800755003
1886,0.468143564323,0.477326801419
1887,0.46770194786,0.476973416325
1888,0.466338606925,0.475299949735
1889,0.467201751905,0.476616653234
1890,0.467591023648,0.477076059738
1891,0.467809674418,0.477364956951
1892,0.467904847891,0.477442422692
1893,0.467294826012,0.476780890766
1894,0.467328490023,0.476732114959
1895,0.466000683481,0.474938776563
1896,0.467520661383,0.476798299306
1897,0.468183396705,0.4773220019
1898,0.469437431934,0.478720506598
1899,0.471123694232,0.480521458425
1900,0.472776778519,0.48225322774
1901,0.474259578642,0.483657074323
1902,0.476338269688,0.485945052593
1903,0.480401940461,0.490104943434
1904,0.484198339717,0.493910802001
1905,0.482323987005,0.491929251693
1906,0.48755292902,0.496940880153
1907,0.48552243096,0.49466213122
1908,0.486384112614,0.495113969568
1909,0.489287066948,0.49800241357
1910,0.493263688349,0.502268483172
1911,0.497564391074,0.506922866653
1912,0.502005121805,0.511815993102
1913,0.507123725945,0.517457610291
1914,0.512824800217,0.523771679889
1915,0.518173609583,0.529702715157
1916,0.523480473177,0.535644104259
1917,0.529554480217,0.542442408666
1918,0.53430671297,0.547574126855
1919,0.5390666954,0.552709467354
1920,0.544141951991,0.558235046224
1921,0.548995715541,0.563259621158
1922,0.553318163482,0.567729301222
1923,0.557852177757,0.572437488549
1924,0.562176238868,0.576885647767
1925,0.565935486027,0.580676278199
1926,0.569778789928,0.584593306965
1927,0.572345267456,0.586977519685
1928,0.575883208837,0.590525099667
1929,0.579519641375,0.594147204564
1930,0.582945818859,0.597497780396
1931,0.586989561403,0.601621284
1932,0.591972401835,0.606987717645
1933,0.597035363101,0.612490943016
1934,0.601803215684,0.617687775728
1935,0.606415011147,0.622722914072
1936,0.610970669953,0.627702909093
1937,0.615200393682,0.632239328731
1938,0.618952571936,0.63626797949
1939,0.632260374148,0.649973259186
1940,0.62704380801,0.644783418
1941,0.63033999285,0.648025043205
1942,0.633740604279,0.651590647011
1943,0.637588291577,0.655824780022
1944,0.638968274985,0.657009130257
1945,0.638456933591,0.655347573783
1946,0.645536572378,0.664244578827
1947,0.647607311663,0.666361369325
1948,0.64992418927,0.668804125479
1949,0.652244091726,0.671274361919
1950,0.655428871488,0.674825888626
1951,0.658327771904,0.678068730038
1952,0.660003435875,0.679720425841
1953,0.66078122495,0.680323578529
1954,0.660195954761,0.679330464568
1955,0.659428443036,0.678141896395
1956,0.65837271836,0.676594138456
1957,0.657994231121,0.675852100574
1958,0.657851276697,0.675519485964
1959,0.659071130187,0.676903758281
1960,0.65948316732,0.677389169597
1961,0.410631984498,0.423766630642
1962,0.506981352302,0.523240457924
1963,0.619278288356,0.638320864528
1964,0.695149133914,0.716054187484
1965,0.641289710904,0.661014189959
1966,0.528040295148,0.544684894478
1967,0.417159960161,0.430603976728
1968,0.483767632965,0.499645313685
1969,0.597005996883,0.616072363809
1970,0.687436284305,0.708856270698
1971,0.653711337435,0.673518788281
1972,0.542868453648,0.55914058604
1973,0.426180086812,0.438919797279
1974,0.455202998196,0.47012803481
1975,0.570593389716,0.589284883147
1976,0.663305819702,0.68331526757
1977,0.655080214052,0.673990420952
1978,0.556217261397,0.571850880986
1979,0.441977341932,0.454307717634
1980,0.426968136831,0.439791935261
1981,0.536118599584,0.552532315709
1982,0.632651566953,0.650803459246
1983,0.651023996445,0.669332008618
1984,0.56948559579,0.585604172771
1985,0.462286382909,0.476447389297
1986,0.424214961504,0.435454884259
1987,0.500611335892,0.514633857894
1988,0.598300134195,0.615114056989
1989,0.638687557804,0.656656834781
1990,0.580519315396,0.598082293078
1991,0.477923496215,0.49313209221
1992,0.426486007165,0.436154879842
1993,0.484266541605,0.497957812084
1994,0.564628269159,0.580315038541
1995,0.613337891055,0.628976559041
1996,0.573811888521,0.589268222697
1997,0.483750255603,0.497863517353
1998,0.418569662304,0.427445690008
1999,0.474927189629,0.48825889456
2000,0.53745356715,0.553115088128
2001,0.593136183084,0.609338661174
2002,0.5704368353,0.586100634504
2003,0.488695459746,0.503125122523
2004,0.405223725862,0.415781499551
2005,0.464596202828,0.476318428592
2006,0.524139526262,0.539144934517
2007,0.5666934163,0.582194583192
2008,0.558488033088,0.573580518524
2009,0.486516178208,0.499943686016
2010,0.409806584814,0.420220344917
2011,0.463027057188,0.472230910134
2012,0.485845725513,0.497764893192
2013,0.527767031155,0.539823013592
2014,0.532731703745,0.544378531036
2015,0.479030260327,0.490221473877
2016,0.424140845227,0.433337464337
2017,0.441850601892,0.450179334638
2018,0.466032786702,0.475965089986
2019,0.495457727785,0.504816504692
2020,0.506235911991,0.515263689383
2021,0.469935465075,0.479960017952
2022,0.418398734215,0.427727586986
2023,0.44342976636,0.450973970348
2024,0.449667049742,0.458054102762
2025,0.471363821598,0.479585621993
2026,0.485863161702,0.494213547555
2027,0.467693531763,0.478120375151
2028,0.426365142012,0.435676623666
2029,0.415528967231,0.421687438949
2030,0.456749438481,0.465579252903
2031,0.464054240401,0.473146474431
2032,0.477603313139,0.486393417534
2033,0.457944703268,0.467150778757
2034,0.418320976964,0.427700339779
2035,0.415889611076,0.422293090734
2036,0.44322104331,0.451889953276
2037,0.453782248869,0.463377860038
2038,0.470363613658,0.479622563337
2039,0.455527144702,0.464905652333
2040,0.432595595769,0.44143563535
2041,0.413752009437,0.420102255468
2042,0.435023626255,0.443486841073
2043,0.451882598331,0.461129878494
2044,0.469637053869,0.479041609018
2045,0.451780891089,0.461019144494
2046,0.435069163346,0.443527543187
2047,0.413779768569,0.420124975744
2048,0.432622216554,0.441457528663
2049,0.451859922753,0.461086442785
2050,0.47028753257,0.479551112089
2051,0.457069657861,0.466734173496
2052,0.443101805697,0.451769714409
2053,0.416059766609,0.422467052486
2054,0.418316510361,0.427693435596
2055,0.455802082287,0.464987287367
2056,0.476125026894,0.484847793367
2057,0.471699145172,0.481021707155
2058,0.457398657283,0.466416327412
2059,0.430905817825,0.43758391652
2060,0.419395863173,0.428712756284
2061,0.466557299099,0.476802720084
2062,0.486551789883,0.494771427682
2063,0.475168595275,0.483460485168
2064,0.450435164719,0.459041996504
2065,0.424531966246,0.431435625601
2066,0.418298113052,0.427637134927
2067,0.469786434429,0.479821439601
2068,0.506451116818,0.515488351126
2069,0.495747655362,0.505112040096
2070,0.466106960014,0.476020990618
2071,0.441890960337,0.450222932837
2072,0.414022585387,0.423059443138
2073,0.479183656996,0.490386272424
2074,0.532636406409,0.544276968693
2075,0.527813810131,0.539857929418
2076,0.486124158715,0.498034397119
2077,0.462873183381,0.472049887159
2078,0.409494156639,0.419893652684
2079,0.48632912546,0.499745687802
2080,0.558094590256,0.57319924496
2081,0.566825487469,0.582344150561
2082,0.512122288251,0.526677339193
2083,0.464708220478,0.476457980005
2084,0.40520209228,0.415773100457
2085,0.488781765831,0.503232577368
2086,0.570657100743,0.586346990798
2087,0.592977878537,0.609181028145
2088,0.537568606484,0.553227693241
2089,0.465036353504,0.478118919926
2090,0.418739926428,0.427606559347
2091,0.483618667421,0.497717196403
2092,0.573715936274,0.589153077562
2093,0.613476836572,0.629108450849
2094,0.564659468498,0.580321071304
2095,0.48435999334,0.49805699788
2096,0.426277212035,0.435932943514
2097,0.477725017561,0.492904704804
2098,0.580594353955,0.598196916395
2099,0.638883273421,0.656871511041
2100,0.598326189648,0.615136366548
2101,0.509830393144,0.524215607943
2102,0.414257560524,0.425714162164
2103,0.460938364474,0.474775471231
2104,0.56943498926,0.585548454985
2105,0.651176400459,0.669473454274
2106,0.632507010742,0.650652898746
2107,0.536161565206,0.552585938492
2108,0.426936996152,0.439771472288
2109,0.442067909479,0.454400034598
2110,0.556116448995,0.5717521701
2111,0.655346716819,0.674257617991
2112,0.663440581084,0.683488111575
2113,0.57057583205,0.589288438259
2114,0.45503192188,0.469969093239
2115,0.426496180244,0.439255277309
2116,0.542716305951,0.558973992486
2117,0.653974770995,0.673785574534
2118,0.687819973861,0.709223190952
2119,0.59683834,0.615900812941
2120,0.483717267116,0.499585062925
2121,0.417060169201,0.430509156295
2122,0.527970481889,0.544591453889
2123,0.641235942253,0.660958715464
2124,0.695297726362,0.716194902596
2125,0.619319410995,0.638346898935
2126,0.507058302289,0.523298749136
2127,0.691603793202,0.713023559144
2128,0.689665818393,0.710917398965
2129,0.688047373265,0.708980417178
2130,0.687517145016,0.708383080871
2131,0.686742611943,0.70757273566
2132,0.687778025968,0.708770228546
2133,0.688718268814,0.710077100624
2134,0.687808255062,0.70938559837
2135,0.686709674798,0.70842210944
2136,0.687165684945,0.709102706596
2137,0.686773960936,0.708887685085
2138,0.685567129018,0.707600815335
2139,0.683176842964,0.704967812413
2140,0.678986630576,0.700384516968
2141,0.673425352535,0.694193279631
2142,0.671691982581,0.692354935885
2143,0.670513858811,0.691208495029
2144,0.668833057433,0.689512304812
2145,0.668666080968,0.689358155647
2146,0.655189034913,0.672620712566
2147,0.657477958197,0.677252792574
2148,0.654383287147,0.673745229174
2149,0.652149840264,0.671249511502
2150,0.64875330354,0.667586028947
2151,0.664341716433,0.684250367371
2152,0.644555407715,0.663365171395
2153,0.635935331868,0.654392374907
2154,0.632690305913,0.651047867044
2155,0.631400333585,0.649864207948
2156,0.627926694128,0.646231629208
2157,0.651897674618,0.672487828173
2158,0.630201218376,0.648682300996
2159,0.614355839378,0.631691770459
2160,0.608688499613,0.625452434373
2161,0.606487614392,0.62307074129
2162,0.602653061859,0.619161726501
2163,0.627593438957,0.64698715873
2164,0.613647760309,0.631724325956
2165,0.592424577644,0.609119535102
2166,0.587681712913,0.604331134078
2167,0.585951596069,0.602670682785
2168,0.582875331008,0.599674282587
2169,0.592455241508,0.6099182742
2170,0.59246768074,0.609789664808
2171,0.575568197996,0.592061594352
2172,0.564136661101,0.58010791631
2173,0.561773163461,0.577754876487
2174,0.55841949677,0.57444870729
2175,0.560862421644,0.576442707776
2176,0.562415421415,0.577355656991
2177,0.545635372553,0.560027545348
2178,0.533333199558,0.546862296812
2179,0.52928055992,0.542293497073
2180,0.525196626105,0.537790509879
2181,0.528603785526,0.54050549605
2182,0.528446749803,0.539684337878
2183,0.516416082349,0.527320868357
2184,0.50393987872,0.514203496433
2185,0.500284362763,0.510263919199
2186,0.496683978049,0.506349270716
2187,0.499359079436,0.508420363441
2188,0.499291961216,0.507772752324
2189,0.491645481023,0.499935045829
2190,0.47999729952,0.488300004728
2191,0.476766674534,0.485298862915
2192,0.476705480713,0.485508614831
2193,0.481631447586,0.490526777921
2194,0.485377569719,0.494331746629
2195,0.483493906227,0.492690697482
2196,0.474920530797,0.484508037471
2197,0.470459587944,0.480250346419
2198,0.469604055292,0.479755668078
2199,0.46979060905,0.479944433995
2200,0.471463961806,0.481236889628
2201,0.476825288833,0.486380557341
2202,0.483373234784,0.492563872001
2203,0.485243245204,0.494189660086
2204,0.48121281292,0.490116994131
2205,0.475460242519,0.484287225028
2206,0.477042217008,0.48555926223
2207,0.48101947212,0.48930817501
2208,0.491420833244,0.499714477527
2209,0.499244632806,0.507734236505
2210,0.499666839899,0.508724514468
2211,0.496463768475,0.5061422256
2212,0.500318265024,0.510277864603
2213,0.503864671599,0.514156332174
2214,0.516420085373,0.527323746784
2215,0.528569996089,0.539798681245
2216,0.528775225142,0.540666021382
2217,0.524848109582,0.537436268575
2218,0.52938001562,0.542399268761
2219,0.533080654765,0.546587453207
2220,0.545628259813,0.560029297887
2221,0.56266660389,0.577617488176
2222,0.560693077712,0.576294167457
2223,0.558643697383,0.574686600396
2224,0.561691551085,0.577647961956
2225,0.564180044253,0.580152779477
2226,0.571891697215,0.588278594548
2227,0.592106256494,0.609354048592
2228,0.592578715003,0.610041013001
2229,0.583064398154,0.599898873668
2230,0.586067941804,0.602785439853
2231,0.587798704378,0.604425665825
2232,0.592207117425,0.608894888726
2233,0.60930536025,0.626994957679
2234,0.627880320863,0.647277730693
2235,0.603072051827,0.619585795217
2236,0.606672037709,0.623251307465
2237,0.608760156038,0.625510890289
2238,0.614299775753,0.631651723087
2239,0.630160090985,0.648659188869
2240,0.651830213819,0.672379639694
2241,0.62804303849,0.646373250856
2242,0.631393444667,0.649846135638
2243,0.63255890083,0.650895439791
2244,0.637249331956,0.655804004042
2245,0.643574544523,0.662343259926
2246,0.659528802843,0.679153006601
2247,0.648518542373,0.6673692502
2248,0.652488889731,0.671606293851
2249,0.654332242597,0.673690611078
2250,0.657472676671,0.677254421899
2251,0.65514978021,0.672585696075
2252,0.668513822031,0.689221592037
2253,0.669077319532,0.689787152393
2254,0.670656887335,0.691362236595
2255,0.671730788808,0.692388057912
2256,0.673731975215,0.694468648744
2257,0.678886158456,0.700280428006
2258,0.68319462043,0.70496505713
2259,0.685574477856,0.707575357808
2260,0.686607267096,0.708713634637
2261,0.687089426009,0.709047172667
2262,0.686715342424,0.708448582149
2263,0.687806145811,0.709363990554
2264,0.688546832772,0.709869668112
2265,0.687854619636,0.708827881818
2266,0.687050350253,0.707868749952
2267,0.687260736405,0.708089304682
2268,0.687787598302,0.708720322892
2269,0.689601236482,0.710856370515
2270,0.691606327364,0.713008489743
2271,0.658239615476,0.676812977991
2272,0.658257160845,0.676810480209
2273,0.65748106208,0.67589354685
2274,0.656635775127,0.674862569795
2275,0.656243054836,0.674321499195
2276,0.655546432987,0.673616349743
2277,0.65632867078,0.674716739026
2278,0.656930588831,0.675669028005
2279,0.657733248131,0.676882658645
2280,0.657745422728,0.677198924808
2281,0.657366160202,0.677026283279
2282,0.656399890806,0.676119131858
2283,0.653343472473,0.672798866153
2284,0.650969911765,0.670159377745
2285,0.64845964134,0.667442700126
2286,0.646400447505,0.665287868384
2287,0.64459256452,0.663393313632
2288,0.64267422129,0.661422783718
2289,0.641059203872,0.659802772397
2290,0.645241267524,0.663368879397
2291,0.637141403541,0.655709074986
2292,0.633910932859,0.652216009358
2293,0.630359839458,0.648238441239
2294,0.626173655204,0.643595422496
2295,0.62255624508,0.639883824396
2296,0.647137453135,0.665827166475
2297,0.616337363205,0.633526896245
2298,0.613371848745,0.630482755468
2299,0.610392113184,0.627396059717
2300,0.606952937483,0.623756468782
2301,0.603552208758,0.620105637914
2302,0.623276330672,0.640695200333
2303,0.611933962604,0.62833394182
2304,0.590856547822,0.606266151416
2305,0.58604176812,0.601021152083
2306,0.582210510072,0.597049794705
2307,0.578849778496,0.593693283976
2308,0.596567049754,0.612420707742
2309,0.592891174659,0.608843473935
2310,0.569802738333,0.585009314881
2311,0.56705807261,0.582373718339
2312,0.564397400616,0.579773891319
2313,0.561543908282,0.576849289477
2314,0.57620533084,0.592318635969
2315,0.572265984204,0.588232100492
2316,0.562817286597,0.578278785011
2317,0.546888235383,0.561744968058
2318,0.542707881428,0.557386019939
2319,0.538062894205,0.552451893649
2320,0.548838489747,0.563788598419
2321,0.544461992663,0.559218457512
2322,0.534379452794,0.54820192253
2323,0.519166779207,0.53188848592
2324,0.514162552222,0.526275595456
2325,0.509645038694,0.521251957379
2326,0.517791980209,0.529869131824
2327,0.512377477865,0.52385478153
2328,0.507244640918,0.518303653096
2329,0.492267388895,0.502245984705
2330,0.491814875188,0.501376521789
2331,0.483285027975,0.492327057473
2332,0.487726925717,0.496847350708
2333,0.483116917661,0.491826929937
2334,0.491313980034,0.50283465568
2335,0.491370455351,0.50292075476
2336,0.482875988019,0.491574826585
2337,0.487710708851,0.496841306895
2338,0.487348720295,0.496498191053
2339,0.487584212762,0.497125276312
2340,0.496586935307,0.506605841654
2341,0.508054475506,0.51923092521
2342,0.51269103368,0.52421442102
2343,0.517756058618,0.52980369296
2344,0.509492303841,0.521099040602
2345,0.514071939771,0.52613951982
2346,0.518968244015,0.531615462214
2347,0.534545637637,0.548349549659
2348,0.54436876795,0.559072977792
2349,0.54894249841,0.563931053266
2350,0.538020039354,0.552408484701
2351,0.542532746812,0.557181568467
2352,0.546592088752,0.561461192707
2353,0.555499079612,0.570642065508
2354,0.5724322388,0.588396157565
2355,0.576563004963,0.592676328517
2356,0.561246658189,0.576566349677
2357,0.564495853481,0.579861102394
2358,0.567368012419,0.582684448408
2359,0.569661809892,0.584880247555
2360,0.591973884508,0.607805979747
2361,0.596504227156,0.612331349176
2362,0.578743912914,0.593565277062
2363,0.58226880119,0.597111009052
2364,0.586209141411,0.601237610993
2365,0.590589215211,0.60601110375
2366,0.611963996551,0.628393642591
2367,0.623372987887,0.640774277303
2368,0.603407346579,0.619954532004
2369,0.607381856897,0.624185174722
2370,0.610246520657,0.627219506142
2371,0.613287477127,0.630421245111
2372,0.616290425178,0.633464646994
2373,0.647691947445,0.666387982213
2374,0.622841419383,0.640147940121
2375,0.625948889647,0.643396784655
2376,0.630304527474,0.648177718654
2377,0.633844651962,0.652150233641
2378,0.636742902675,0.655322070428
2379,0.645216927204,0.663308170268
2380,0.641328988383,0.660067905843
2381,0.642883251582,0.661624859293
2382,0.644839360364,0.663634975072
2383,0.646603779333,0.665484115432
2384,0.648368805396,0.667382770755
2385,0.651000938953,0.670201414838
2386,0.653371918517,0.672819048343
2387,0.655825389229,0.675526864999
2388,0.657350943865,0.677038693493
2389,0.6580194765,0.677491652661
2390,0.657956185395,0.677127495354
2391,0.656822327645,0.675586901615
2392,0.656099895077,0.674461624888
2393,0.655396767695,0.673457322382
2394,0.656191540337,0.674309536583
2395,0.656727845207,0.674946862483
2396,0.657620473343,0.676030384106
2397,0.658030507494,0.67655382597
2398,0.593422357553,0.610767133064
2399,0.592978634399,0.610310193307
2400,0.59239392235,0.609609628119
2401,0.592165477627,0.609257171936
2402,0.600375109066,0.617585379803
2403,0.600249637119,0.617621826478
2404,0.591793177603,0.609215992453
2405,0.591932131932,0.609588106653
2406,0.591483638607,0.609313887075
2407,0.591138984539,0.609086338961
2408,0.590266744027,0.608275057391
2409,0.588690484324,0.606585109477
2410,0.586286943002,0.603839157506
2411,0.584699776146,0.602054733451
2412,0.592206016028,0.609652636001
2413,0.590231823519,0.607530679894
2414,0.580752661068,0.597892085768
2415,0.587726813866,0.604967445476
2416,0.578373167409,0.595492806778
2417,0.5815510138,0.597409170523
2418,0.574610592288,0.591472594329
2419,0.572493593799,0.58910585307
2420,0.571895236348,0.588720416495
2421,0.595270434796,0.612206993851
2422,0.57346503687,0.589786057053
2423,0.563575559789,0.579753703664
2424,0.561436744024,0.577590064551
2425,0.559062119939,0.575084662258
2426,0.556780241123,0.572562638081
2427,0.554236632344,0.569813830352
2428,0.558959588517,0.574376397008
2429,0.548297898501,0.563258848097
2430,0.552851315293,0.567634783003
2431,0.541931620835,0.556267289472
2432,0.538858381863,0.552942149317
2433,0.53654530826,0.550628234832
2434,0.541062473694,0.555245905296
2435,0.538779713521,0.553025057009
2436,0.53629990988,0.550600213009
2437,0.527922969245,0.542197384823
2438,0.532242486416,0.546660270572
2439,0.529595749485,0.543965397203
2440,0.527149179713,0.541446272047
2441,0.52434653113,0.538567085
2442,0.521071774363,0.535149789848
2443,0.517789896368,0.53167169754
2444,0.526930469689,0.540773311823
2445,0.523188791846,0.536690126203
2446,0.519124673816,0.532347384104
2447,0.503839599732,0.516519058074
2448,0.511691767929,0.52424964995
2449,0.496799535191,0.508757570298
2450,0.505868428433,0.518099977604
2451,0.501254917477,0.51295402598
2452,0.497038354322,0.508241927292
2453,0.492354128267,0.502975970624
2454,0.483042037969,0.494328805936
2455,0.493024544677,0.504547100733
2456,0.492897303416,0.503658785367
2457,0.49701896738,0.508231527408
2458,0.490617561535,0.502086700494
2459,0.494000227807,0.505891357391
2460,0.496551259996,0.508496160675
2461,0.500085690851,0.51244509668
2462,0.515420952244,0.528374502693
2463,0.507149656248,0.520105690764
2464,0.510089854763,0.523295086292
2465,0.513701856449,0.527256295931
2466,0.517650511795,0.531511494546
2467,0.520958574599,0.535039866844
2468,0.518050589032,0.532142933081
2469,0.520566348878,0.53475451572
2470,0.52957177581,0.543915274415
2471,0.532249797308,0.546655682487
2472,0.527802112898,0.542078738535
2473,0.529489369887,0.543673486042
2474,0.531909504651,0.546078844683
2475,0.540696495985,0.554887804133
2476,0.543423965991,0.557540371004
2477,0.546738527011,0.560997781251
2478,0.549935925774,0.564444106755
2479,0.545110220113,0.559735262381
2480,0.54829590552,0.563255143572
2481,0.55901953788,0.574415253072
2482,0.562021820555,0.577730590087
2483,0.55678402365,0.57261809111
2484,0.567061216458,0.583189776721
2485,0.562103239126,0.578357073547
2486,0.571480977354,0.587833464646
2487,0.574181726231,0.590684746541
2488,0.595372380799,0.612256765588
2489,0.571935788717,0.588750798564
2490,0.572583352721,0.589194932108
2491,0.574739492747,0.591616103343
2492,0.581184682457,0.597027209766
2493,0.578090436205,0.595222817952
2494,0.579021614988,0.596066739388
2495,0.580250060821,0.597294473548
2496,0.581317730179,0.598404885429
2497,0.582582213764,0.599755272447
2498,0.613158225766,0.631080834443
2499,0.595920678806,0.613776326678
2500,0.588732455723,0.606640138071
2501,0.590118002968,0.608110030769
2502,0.600208250617,0.618351511071
2503,0.591459585521,0.609235239446
2504,0.591663160395,0.609326741456
2505,0.600244320193,0.617839061292
2506,0.591478463203,0.608675840793
2507,0.591320403157,0.608380005047
2508,0.59170646703,0.608797845102
2509,0.59259196541,0.609838506453
2510,0.592841535156,0.610149918698
2511,0.593046687666,0.610389234056
2512,0.57533014099,0.592038524379
2513,0.57537848711,0.592117093758
2514,0.575291928966,0.59202406988
2515,0.574602779711,0.591182878479
2516,0.574295275062,0.590838356051
2517,0.575243218904,0.592099194306
2518,0.575058241517,0.591965063755
2519,0.574736471042,0.591669191631
2520,0.574790942846,0.591897236651
2521,0.574698351864,0.591960544204
2522,0.574351213958,0.591713793279
2523,0.573201745729,0.590617798915
2524,0.571525152242,0.58875066755
2525,0.569516554108,0.586458085111
2526,0.56788454352,0.58459915695
2527,0.567284490706,0.584061051539
2528,0.573639708644,0.590461841939
2529,0.564232937189,0.580801534637
2530,0.563282212563,0.579866188009
2531,0.561993700122,0.578619210089
2532,0.568098908227,0.584793293591
2533,0.558469072687,0.574796574747
2534,0.557138372227,0.573412397553
2535,0.562673663236,0.578822211399
2536,0.553152007426,0.569256362219
2537,0.55792542063,0.573999729182
2538,0.548594181558,0.564525472202
2539,0.553438216387,0.569309594236
2540,0.551338367906,0.566989741086
2541,0.548329530928,0.563715176114
2542,0.540149189021,0.555383130282
2543,0.559388713169,0.574500382785
2544,0.541981304209,0.556778191065
2545,0.538456832348,0.552871868689
2546,0.550047837099,0.564329654961
2547,0.531710615123,0.545505397715
2548,0.523884937133,0.537628733375
2549,0.541570172246,0.555459733916
2550,0.518288420789,0.531625550519
2551,0.520818332603,0.533783003867
2552,0.532619277332,0.545804856289
2553,0.512866707973,0.526333716008
2554,0.529620263185,0.543372927953
2555,0.515385884109,0.529269622432
2556,0.51248113488,0.526251181797
2557,0.50406716171,0.517606920244
2558,0.501699988467,0.515073572485
2559,0.498393703056,0.51153412064
2560,0.496051239492,0.508991837428
2561,0.508831066382,0.521861410152
2562,0.494837476381,0.507389899728
2563,0.491279444127,0.503552963424
2564,0.489719468925,0.501876843233
2565,0.499995090922,0.512328085493
2566,0.502665645054,0.515187230849
2567,0.506030298359,0.51885783978
2568,0.498186587375,0.51099238736
2569,0.500236309634,0.513252514509
2570,0.515232208388,0.5286486412
2571,0.506598138885,0.520032770831
2572,0.503927970859,0.517428831925
2573,0.512730923432,0.526499773662
2574,0.508831458821,0.52253499756
2575,0.50968189605,0.523023315111
2576,0.518509897843,0.53205290107
2577,0.513061748261,0.525965706165
2578,0.534207961448,0.547365981218
2579,0.524207022262,0.537518723931
2580,0.52658517728,0.540110205791
2581,0.544769660361,0.558762281243
2582,0.548053141961,0.562288889648
2583,0.536805809278,0.551141059588
2584,0.539474300039,0.554047327745
2585,0.541090839931,0.555736184879
2586,0.543658038012,0.558542971971
2587,0.563212889757,0.578782558412
2588,0.542629769674,0.558115905716
2589,0.543744502984,0.559212048176
2590,0.546566849508,0.562330705287
2591,0.555594306841,0.57160196698
2592,0.551442672313,0.567538660379
2593,0.560036663977,0.576138412175
2594,0.563151761587,0.579499148445
2595,0.565119858767,0.581595909114
2596,0.558937999793,0.575413124956
2597,0.568315242755,0.584988358304
2598,0.562011095323,0.578622313027
2599,0.562930148524,0.579478580858
2600,0.572003481647,0.588716022117
2601,0.565529409978,0.582192736245
2602,0.566713903833,0.583344260211
2603,0.577198424117,0.594333978628
2604,0.570641384061,0.587730261095
2605,0.571540839818,0.588750329184
2606,0.573386246065,0.590781667764
2607,0.582914965768,0.600629618703
2608,0.574809772084,0.592075600188
2609,0.57504998207,0.592211343993
2610,0.575429217383,0.592556834157
2611,0.574447703061,0.591205136379
2612,0.574251601784,0.590835828268
2613,0.574037094778,0.590477610306
2614,0.575107861849,0.591670791159
2615,0.574981153369,0.591650478554
2616,0.575464468421,0.592205856571
2617,0.48924248251,0.505145478269
2618,0.549640793051,0.568078247379
2619,0.628789688379,0.649775379663
2620,0.698041426433,0.721408491784
2621,0.696303903586,0.719624938459
2622,0.629234412068,0.650221395157
2623,0.547100414724,0.56517740968
2624,0.488177434508,0.504005358966
2625,0.54901680728,0.5674830652
2626,0.6267836466,0.647807746466
2627,0.694550573562,0.717895112876
2628,0.687002443481,0.709643177853
2629,0.618600934025,0.638677013618
2630,0.536891643984,0.553826306413
2631,0.481623997442,0.496585804274
2632,0.543590879512,0.561596067819
2633,0.619481875471,0.640008056415
2634,0.6845070765,0.706544300907
2635,0.673836131481,0.694910048653
2636,0.609171544938,0.627546814583
2637,0.52419192764,0.53912020523
2638,0.479954815517,0.494172547386
2639,0.535351378271,0.552403986085
2640,0.612954216487,0.631812626739
2641,0.663521018554,0.68340711073
2642,0.651685219758,0.670876373408
2643,0.588314400647,0.605290343963
2644,0.530995666524,0.547518053733
2645,0.554435225935,0.569559049794
2646,0.533360702727,0.548975768979
2647,0.589851289207,0.607030366619
2648,0.645112381783,0.664213444685
2649,0.635579367485,0.654793226998
2650,0.581677629691,0.599807846363
2651,0.519693745949,0.536025755524
2652,0.54711271368,0.562192310388
2653,0.569182647721,0.586264975231
2654,0.583426045612,0.600997663263
2655,0.628807571459,0.647691979338
2656,0.614282986059,0.632998574274
2657,0.570643802915,0.587879476107
2658,0.50245707942,0.517350837814
2659,0.534016578682,0.548151797026
2660,0.532042074614,0.547629846954
2661,0.564313693146,0.581181034831
2662,0.604193193447,0.62217603354
2663,0.59033472047,0.608067914408
2664,0.549463733703,0.565768101242
2665,0.480775782235,0.495001033736
2666,0.571044715352,0.586555857051
2667,0.518235963405,0.532713280768
2668,0.548832825441,0.564840325509
2669,0.576229801569,0.592820859142
2670,0.563241937486,0.579441436021
2671,0.518184204533,0.533077827531
2672,0.521588718756,0.53654918099
2673,0.563478684978,0.579703909564
2674,0.576189182387,0.592772870669
2675,0.54665308055,0.562522342899
2676,0.507966916899,0.522055030032
2677,0.519241975033,0.532360824376
2678,0.48821411212,0.502581628825
2679,0.538496179385,0.554601303601
2680,0.590721728183,0.608133011963
2681,0.602383307659,0.620325287123
2682,0.566831043701,0.583746229831
2683,0.533451867856,0.549013290719
2684,0.593901894268,0.610784193473
2685,0.520071658909,0.535604251685
2686,0.563483617899,0.580681846159
2687,0.615516016592,0.634110881466
2688,0.625525322769,0.644154489916
2689,0.58376615428,0.601323154133
2690,0.525079691538,0.54064194835
2691,0.559395096799,0.575596826116
2692,0.509542249803,0.525460485343
2693,0.577367758874,0.595362533436
2694,0.636989642103,0.656376545591
2695,0.64426779321,0.663318140472
2696,0.598138674297,0.615684420665
2697,0.522685996574,0.537969951998
2698,0.57880955018,0.594671002077
2699,0.531152513898,0.547639553639
2700,0.593297459244,0.610426700831
2701,0.651630809236,0.670839175831
2702,0.663322605281,0.683200392597
2703,0.613113591609,0.631975738531
2704,0.535160671189,0.552186772261
2705,0.489965138062,0.504291044726
2706,0.535422563967,0.550960007311
2707,0.603556643113,0.621671266461
2708,0.669336216093,0.690027763716
2709,0.679451744052,0.701042685489
2710,0.631026534255,0.652350565819
2711,0.54499619324,0.563131171359
2712,0.486114801281,0.50112956983
2713,0.536987819389,0.553911829695
2714,0.624773297341,0.645151796033
2715,0.691802485543,0.714876257673
2716,0.694803499792,0.718179132284
2717,0.626240904567,0.647221120661
2718,0.550055073578,0.568594834483
2719,0.488143862677,0.503986663832
2720,0.546489986476,0.564550518413
2721,0.626971638089,0.647796550638
2722,0.696377339755,0.719675756519
2723,0.697881915173,0.721250554032
2724,0.628253320008,0.649213716588
2725,0.549673671103,0.568126311316
2726,0.666069062956,0.685646919657
2727,0.663438185631,0.682765541023
2728,0.658736857359,0.67761521401
2729,0.656129972308,0.674614460652
2730,0.657740427473,0.676300799474
2731,0.659364174698,0.677996724609
2732,0.661371808943,0.680213403311
2733,0.661920396889,0.681091436626
2734,0.65982977419,0.679141361134
2735,0.657168397864,0.676653679719
2736,0.655866051271,0.675444867152
2737,0.659338561394,0.679490230919
2738,0.660571010865,0.680941180977
2739,0.661337351137,0.681869554874
2740,0.659520562258,0.679942770104
2741,0.654891509704,0.674962912067
2742,0.648208234725,0.667633707666
2743,0.645970597972,0.665219049915
2744,0.650387189873,0.670172178931
2745,0.648881354978,0.668643564601
2746,0.650568264216,0.670563657574
2747,0.647303601043,0.667221654131
2748,0.640967220775,0.660433940879
2749,0.638711054893,0.657873317043
2750,0.631943963646,0.650479237292
2751,0.632141984843,0.650638455137
2752,0.63117471077,0.649452029129
2753,0.644665758429,0.663865416336
2754,0.627314561022,0.645300809569
2755,0.619490222349,0.637075100654
2756,0.612183961074,0.629331239194
2757,0.613614632996,0.63097762771
2758,0.612272898338,0.62977804087
2759,0.609257722788,0.626601843707
2760,0.627253749216,0.646492941938
2761,0.610943750605,0.62854900116
2762,0.599672216664,0.616421866826
2763,0.593187789972,0.609452903344
2764,0.590622402106,0.606567893705
2765,0.587515662375,0.603214655487
2766,0.582962663522,0.598266773806
2767,0.60419517197,0.622289752006
2768,0.579410394019,0.595102323622
2769,0.575488419514,0.591228683371
2770,0.568540481369,0.584207102903
2771,0.569701409076,0.585579494862
2772,0.568927731961,0.585098323103
2773,0.566266366591,0.582524022748
2774,0.581438263777,0.598889980139
2775,0.567713466612,0.584223202703
2776,0.567216010805,0.583719938681
2777,0.581826776562,0.599258863729
2778,0.566718359078,0.582959555332
2779,0.568294660694,0.584409721303
2780,0.571023005415,0.587053142794
2781,0.570746127993,0.586517971696
2782,0.574621844495,0.590359395074
2783,0.586447794316,0.602884648711
2784,0.604596454609,0.622763708449
2785,0.583233238864,0.598534079112
2786,0.587696262309,0.603432136916
2787,0.590229113801,0.606135567511
2788,0.592966680211,0.609196800103
2789,0.59748668943,0.614107795467
2790,0.604032004408,0.62105677579
2791,0.620788184491,0.639401065197
2792,0.609022913038,0.626385581479
2793,0.6107441454,0.628165578322
2794,0.610310032244,0.627468917885
2795,0.615228518831,0.632611874083
2796,0.617699134074,0.635182728726
2797,0.627572815246,0.645583203527
2798,0.644859180742,0.664050928033
2799,0.630929417679,0.649201200462
2800,0.634240489477,0.652876170259
2801,0.631955610597,0.650479201133
2802,0.638235104882,0.657382238968
2803,0.641257543499,0.66075224652
2804,0.6488654547,0.668920108388
2805,0.65350066512,0.673632385373
2806,0.649780871951,0.669623173967
2807,0.64779961349,0.66735758365
2808,0.646227965724,0.665467621764
2809,0.651767969251,0.67147263901
2810,0.654418968055,0.674464870295
2811,0.660383371275,0.680949913219
2812,0.662816256926,0.683425559328
2813,0.660360405502,0.680787453213
2814,0.661780422624,0.682116636213
2815,0.656046257672,0.675639724205
2816,0.656993207298,0.676481097313
2817,0.659742609108,0.679081285242
2818,0.661910806495,0.681075819523
2819,0.661225055772,0.680068104762
2820,0.659274658476,0.677899964864
2821,0.657251067145,0.675822985891
2822,0.655995567878,0.674510942177
2823,0.658976187469,0.677848885338
2824,0.662655101663,0.681973625036
2825,0.666244900246,0.685842245015
2826,0.522320895779,0.538546710949
2827,0.528768015283,0.545119820962
2828,0.542736201577,0.559238674025
2829,0.521646205338,0.537716590918
2830,0.542313636048,0.558646973006
2831,0.558919666226,0.575465060445
2832,0.526880731956,0.542851466057
2833,0.520731787326,0.536677275301
2834,0.520833707958,0.536836201594
2835,0.558481937841,0.575260283252
2836,0.520251877563,0.536388119162
2837,0.54002484829,0.556558793399
2838,0.53975232195,0.556313530153
2839,0.539054137804,0.555482597769
2840,0.576404683377,0.593426922976
2841,0.574648467439,0.591344868037
2842,0.536139085605,0.552254918021
2843,0.574378196746,0.591342039268
2844,0.571842626727,0.588428473084
2845,0.53431218429,0.550543105719
2846,0.572009360447,0.589125350314
2847,0.588857433061,0.606364591532
2848,0.548799624376,0.565353595739
2849,0.548901916923,0.565754349611
2850,0.56834452349,0.585572050297
2851,0.566615045792,0.583634916816
2852,0.564401288795,0.581186196802
2853,0.558470276558,0.573918107283
2854,0.624544355483,0.643154191816
2855,0.558913736712,0.575206781249
2856,0.556636207941,0.572714700375
2857,0.535669687315,0.551256471427
2858,0.552518960708,0.568152946934
2859,0.531707846532,0.54688911671
2860,0.547297582609,0.562361641041
2861,0.601005521591,0.617951950915
2862,0.5656469875,0.581194058361
2863,0.523440933702,0.537785972613
2864,0.538068583541,0.552379572008
2865,0.51888742367,0.532830265358
2866,0.533130807066,0.54701463059
2867,0.514041128382,0.527646619241
2868,0.574543064915,0.589615858946
2869,0.51163241852,0.525383310678
2870,0.525742190252,0.539710402607
2871,0.495216100876,0.508896686569
2872,0.508420799946,0.522260897273
2873,0.526150575723,0.540122367796
2874,0.565060251402,0.579932491848
2875,0.574973718634,0.590072721765
2876,0.513810597191,0.527422536674
2877,0.516454746502,0.530172261519
2878,0.535388742412,0.549476036453
2879,0.538351825373,0.552685120814
2880,0.523357077793,0.53771721501
2881,0.54326928064,0.558023226222
2882,0.568347122554,0.584483398222
2883,0.547033229311,0.562090819897
2884,0.531870170549,0.547029544295
2885,0.552696651545,0.56835560688
2886,0.554984519032,0.570881764787
2887,0.557085743936,0.573243293657
2888,0.55895211535,0.575247336334
2889,0.624351113649,0.642927600915
2890,0.558192060506,0.573631633666
2891,0.543640397037,0.559947358496
2892,0.565739528488,0.582541261434
2893,0.547606242079,0.564332201572
2894,0.547816231059,0.56442054562
2895,0.569858007237,0.586872600048
2896,0.60021356443,0.61846270172
2897,0.549980761759,0.566419424625
2898,0.572360332058,0.589180315268
2899,0.534877017345,0.551061382148
2900,0.534248830792,0.550117414484
2901,0.573536663834,0.59016680593
2902,0.536777934326,0.55292789536
2903,0.536988915965,0.553299713486
2904,0.555367484662,0.572025762647
2905,0.578747047031,0.596025732794
2906,0.540948893796,0.557503598472
2907,0.57974291282,0.596966014102
2908,0.558350318143,0.575087407405
2909,0.55858218268,0.575249159982
2910,0.527290428134,0.543356462691
2911,0.520138622448,0.535982841564
2912,0.527255157609,0.54327465019
2913,0.527801661646,0.543887035358
2914,0.54256635588,0.558975952192
2915,0.522105369676,0.538270227401
2916,0.543338476616,0.559947195369
2917,0.519774448164,0.535874844131
2918,0.515047866379,0.531334143957
2919,0.520541040989,0.53692311525
2920,0.519532374912,0.535587203376
2921,0.535616880885,0.552498674634
2922,0.551341365239,0.568670305705
2923,0.53129521322,0.547401885743
2924,0.516960157944,0.532757985477
2925,0.531046645916,0.547124610852
2926,0.53355165294,0.550553164768
2927,0.516402981216,0.532292693897
2928,0.517713383327,0.534046579892
2929,0.530258019285,0.546793339134
2930,0.51065791463,0.526608183435
2931,0.5463627075,0.56312620228
2932,0.514300011554,0.530268552255
2933,0.527036740751,0.542914767456
2934,0.54453080612,0.561199566194
2935,0.561938391346,0.578876943986
2936,0.540879960862,0.557048310408
2937,0.542231255308,0.558785170591
2938,0.559893615029,0.576835180464
2939,0.557166752769,0.573624786264
2940,0.522442546751,0.538328267692
2941,0.537017493502,0.553168983481
2942,0.536371823647,0.552615346579
2943,0.55443726944,0.570985492929
2944,0.548809097416,0.564930178009
2945,0.551066675164,0.567494025939
2946,0.550372801015,0.566783969318
2947,0.54691806075,0.562984983115
2948,0.528375012162,0.54419091066
2949,0.54360750823,0.559368686361
2950,0.525413526159,0.540990793584
2951,0.53462097624,0.549309126063
2952,0.538121815209,0.553491024065
2953,0.536596505676,0.55182231545
2954,0.519127789474,0.534173314626
2955,0.515380858103,0.530098567953
2956,0.515399414623,0.530204280549
2957,0.528284900562,0.54301818007
2958,0.512143494763,0.526617138585
2959,0.530507104297,0.54532449522
2960,0.534164896775,0.549345554705
2961,0.536285194406,0.551632508877
2962,0.536362015712,0.551593699624
2963,0.522124344994,0.537470912901
2964,0.534738915232,0.54940399658
2965,0.543744397941,0.55964552866
2966,0.544186905446,0.559985196659
2967,0.547294293432,0.563441540738
2968,0.548679145744,0.564961216261
2969,0.550119992967,0.566480425017
2970,0.551051517317,0.567512080159
2971,0.529928944403,0.545638643214
2972,0.553358404838,0.569729494163
2973,0.554885684319,0.571513473344
2974,0.556971909772,0.573756485898
2975,0.538154085082,0.554553485494
2976,0.539169107678,0.555498078262
2977,0.54010931261,0.556393202897
2978,0.524337423956,0.540272672407
2979,0.540792979033,0.556974588037
2980,0.561199170716,0.577795280779
2981,0.526096208981,0.5421391188
2982,0.563228342585,0.580189246134
2983,0.508872064301,0.524552631449
2984,0.525856330754,0.541602378506
2985,0.546061478321,0.563023626536
2986,0.533167361824,0.550214584604
2987,0.518361268654,0.534666479531
2988,0.534180753549,0.551353721628
2989,0.514779341789,0.531319869446
2990,0.535036810803,0.552102242396
2991,0.548384324225,0.564967522109
2992,0.517194016759,0.532937094102
2993,0.518067649467,0.533922325972
2994,0.512839657088,0.528739508366
2995,0.520817652203,0.537274579175
2996,0.533430393065,0.54982892936
2997,0.514730821188,0.531029851941
2998,0.514613471689,0.530799855975
2999,0.660586446049,0.682063517259
3000,0.671177577228,0.692982302097
3001,0.688080081014,0.710491897333
3002,0.660088340649,0.681549776147
3003,0.68886254326,0.711487650104
3004,0.709487229988,0.733959278528
3005,0.672928543494,0.69536027371
3006,0.659972879016,0.681694283694
3007,0.658169905331,0.679549032035
3008,0.699193153841,0.723097690622
3009,0.656936372284,0.678511037342
3010,0.683107210858,0.705826647
3011,0.682344791611,0.705002154072
3012,0.680644817824,0.703440065197
3013,0.69317473341,0.716835170705
3014,0.691995334772,0.71588199099
3015,0.672845419435,0.694521860271
3016,0.687226085455,0.710282313394
3017,0.685348297572,0.708185488505
3018,0.667536721717,0.68869804351
3019,0.679139749644,0.701419958053
3020,0.677174696537,0.699218401847
3021,0.671321054608,0.692664165538
3022,0.667306243867,0.688448087048
3023,0.667967465197,0.689257400999
3024,0.664922483429,0.685931539613
3025,0.662785155983,0.683476979699
3026,0.659377995396,0.67984360291
3027,0.620376391642,0.638674420433
3028,0.65457632383,0.675253890582
3029,0.65216897596,0.672870982439
3030,0.645320567665,0.665583558437
3031,0.646296222861,0.66702078183
3032,0.639936002898,0.660161429845
3033,0.640293879416,0.660989786578
3034,0.605345299319,0.623975985874
3035,0.634378796332,0.654945150216
3036,0.636736095705,0.657623125613
3037,0.604022034054,0.62253633352
3038,0.640298753262,0.660983743442
3039,0.641207842198,0.661575727573
3040,0.646525192464,0.667276217999
3041,0.649231428811,0.669943537204
3042,0.652113921333,0.672810310315
3043,0.654617180799,0.675258407794
3044,0.620590493964,0.638871572411
3045,0.658843602867,0.679247626717
3046,0.659851395416,0.680137223186
3047,0.665891621718,0.686864099686
3048,0.665842042036,0.686688704679
3049,0.668372104914,0.689515864037
3050,0.674179574869,0.695992296767
3051,0.672938077966,0.694457717438
3052,0.675495647082,0.697324898598
3053,0.682138549552,0.704793365039
3054,0.670002387047,0.691265604396
3055,0.672261624629,0.694055809431
3056,0.688797269215,0.711882808185
3057,0.675245799159,0.697433688413
3058,0.662141139929,0.683827397321
3059,0.694136440862,0.717913005004
3060,0.697988888362,0.722144877858
3061,0.684366516076,0.707337894439
3062,0.699491161507,0.723433067609
3063,0.698438871184,0.722304334067
3064,0.700974027234,0.725170276289
3065,0.66978944863,0.691582192973
3066,0.658858826532,0.680243405622
3067,0.669231339194,0.690762860188
3068,0.670117056311,0.691774248963
3069,0.690182351278,0.713085268055
3070,0.661169248601,0.682686777472
3071,0.688286796708,0.710612514311
3072,0.381955741277,0.394440682906
3073,0.490880641471,0.506426714445
3074,0.604440772807,0.62322983399
3075,0.681388469815,0.702305157913
3076,0.63829329052,0.658618505629
3077,0.532561715443,0.549721837736
3078,0.408558119285,0.421614380025
3079,0.47135000818,0.486790778824
3080,0.585197530024,0.604206325543
3081,0.669926985061,0.691070061666
3082,0.642458528874,0.662189375275
3083,0.544826514559,0.561558642583
3084,0.427867743044,0.441249418053
3085,0.440941804619,0.456132951896
3086,0.55581144278,0.575057152004
3087,0.65612992871,0.677400562844
3088,0.656361463872,0.676575974188
3089,0.565384668464,0.582527018329
3090,0.455828130105,0.470720035785
3091,0.41045417433,0.424532107038
3092,0.515161423604,0.531487177141
3093,0.619865958119,0.639013413839
3094,0.65099363733,0.670584383957
3095,0.577022908846,0.594418693823
3096,0.479311295459,0.495856687668
3097,0.479111221702,0.495660962018
3098,0.577013886303,0.594390870194
3099,0.650646111969,0.670295039927
3100,0.619582694158,0.638749015971
3101,0.517555219929,0.534163652572
3102,0.410307380573,0.424367831857
3103,0.455186533943,0.470027598695
3104,0.565103098246,0.582218275609
3105,0.656352821393,0.676574377057
3106,0.652526100578,0.673231523398
3107,0.559446037874,0.579215669764
3108,0.438455217111,0.453518450279
3109,0.432406860738,0.446034955867
3110,0.545245771832,0.562004373205
3111,0.642639959596,0.662385867751
3112,0.680846712141,0.702734566189
3113,0.572770234764,0.591077415062
3114,0.470989832601,0.486393710259
3115,0.407022825449,0.420041931098
3116,0.519371148742,0.535761764795
3117,0.623250992889,0.64260911503
3118,0.681280634821,0.70218702424
3119,0.612806104506,0.632152048577
3120,0.490954226384,0.506492751341
3121,0.669620368192,0.691928328751
3122,0.605972817392,0.623907164572
3123,0.557257102692,0.574621294886
3124,0.504988507062,0.520738408483
3125,0.527807516909,0.543950503625
3126,0.549135628584,0.565480206587
3127,0.590933870771,0.608392740202
3128,0.653343498841,0.673319215081
3129,0.69732456638,0.722015422925
3130,0.638129216279,0.660421281452
3131,0.567139719932,0.584735790529
3132,0.517130086534,0.533709375399
3133,0.591855275917,0.608854392464
3134,0.525834429153,0.542138951625
3135,0.576960064774,0.594636855851
3136,0.640508202268,0.660617386776
3137,0.687263642169,0.710906271978
3138,0.636334112991,0.657784707213
3139,0.574791186785,0.592802594344
3140,0.522293537387,0.538580349454
3141,0.582214852397,0.598252353735
3142,0.512508061115,0.527858357284
3143,0.560489146793,0.578071982689
3144,0.620099070567,0.639376600125
3145,0.667790222681,0.689283262384
3146,0.625861778434,0.645445355295
3147,0.574114127083,0.591418808445
3148,0.532013208796,0.549609849334
3149,0.531608350992,0.549186877088
3150,0.574489263461,0.591831212272
3151,0.625693130216,0.645268469544
3152,0.667021255437,0.688475571
3153,0.619668275711,0.638930109651
3154,0.560315042497,0.577914966515
3155,0.512592237876,0.527980562722
3156,0.582769667694,0.598812745505
3157,0.522479510932,0.538750087754
3158,0.574653243178,0.592660406367
3159,0.635994296246,0.657422028853
3160,0.687008728606,0.710614973601
3161,0.640845863394,0.660950004739
3162,0.577266048703,0.59497224612
3163,0.526403416902,0.542704027167
3164,0.592060941826,0.609053778836
3165,0.51715958452,0.533764240742
3166,0.567138432588,0.584772125579
3167,0.637926356157,0.660198910121
3168,0.697308922824,0.721955170796
3169,0.653459508335,0.673445147192
3170,0.591236432822,0.608664926528
3171,0.539699648372,0.555773773753
3172,0.495540681026,0.511119111882
3173,0.509885704888,0.525743442536
3174,0.55692808458,0.574304670602
3175,0.62582416089,0.646828664767
3176,0.696460460737,0.721766183984
3177,0.653543900185,0.672296732295
3178,0.595125466362,0.611957534058
3179,0.59481046335,0.611559832425
3180,0.594399988735,0.611041476916
3181,0.526237591489,0.541912517575
3182,0.527824070143,0.544130624141
3183,0.592562965447,0.608745849044
3184,0.521589498888,0.536765711183
3185,0.649261339056,0.667594922668
3186,0.65135722588,0.670105639316
3187,0.59026255981,0.606335133208
3188,0.520709232817,0.535853554994
3189,0.599058737827,0.615084745698
3190,0.601654319504,0.619511400105
3191,0.588640242257,0.604722151109
3192,0.586044967898,0.601718195463
3193,0.648606227902,0.668278933662
3194,0.651098275574,0.671377030415
3195,0.585768252916,0.601819031418
3196,0.51674581887,0.531687133741
3197,0.524180386824,0.539323483914
3198,0.594735242444,0.610955844276
3199,0.585231192782,0.601435157342
3200,0.585902393331,0.602054197475
3201,0.651203206049,0.671458693344
3202,0.648636098577,0.668295733163
3203,0.58619939614,0.601880753726
3204,0.588695312049,0.604778346205
3205,0.601276874716,0.619115570954
3206,0.598899803938,0.614888490949
3207,0.589891209191,0.605992638187
3208,0.520789735221,0.535923230335
3209,0.651423702779,0.670137398233
3210,0.649600149976,0.667936510099
3211,0.591602244565,0.607690559121
3212,0.521818675933,0.537058956053
3213,0.522309698128,0.537661466903
3214,0.595594482364,0.612540443106
3215,0.595181660168,0.611941078126
3216,0.594679976869,0.611419468265
3217,0.655359420019,0.674288696566
3218,0.577492227696,0.593704795379
3219,0.516379928777,0.532113252576
3220,0.583026508681,0.599780377234
3221,0.581639657445,0.598374463573
3222,0.585040161375,0.604228454125
3223,0.58199167969,0.598714730822
3224,0.581331758926,0.598026536597
3225,0.576524856284,0.593176787839
3226,0.569114593316,0.584358370182
3227,0.569473904872,0.584758599713
3228,0.577222896511,0.593877518282
3229,0.581796195797,0.598516469723
3230,0.514112564403,0.529799083121
3231,0.581770376599,0.59851987339
3232,0.543666168084,0.560406531393
3233,0.58314200615,0.599892205113
3234,0.511896420511,0.527167207879
3235,0.571697270963,0.587433607386
