id,unit_kW_m2,optical
1,0.565264821862,0.582753509987
2,0.608137758393,0.628158530213
3,0.607063904339,0.627007531957
4,0.60379326727,0.623491236074
5,0.570551355263,0.586755245101
6,0.591435726238,0.6091423555
7,0.588843218915,0.60620056022
8,0.569894856397,0.580832100853
9,0.559359181154,0.573557874394
10,0.561537116583,0.577973450846
11,0.571542952789,0.588805812547
12,0.566176259216,0.58311903387
13,0.558837829477,0.575268112359
14,0.55263373549,0.568714686535
15,0.546953627463,0.562662997389
16,0.539865708087,0.554990675774
17,0.531588792653,0.545763522918
18,0.523212775388,0.536548877545
19,0.516176628572,0.528584691866
20,0.51403442846,0.525774191382
21,0.502688958208,0.51385048101
22,0.498154637429,0.509094519322
23,0.494872439705,0.506001715216
24,0.493133062728,0.504585479736
25,0.490747083893,0.502430489005
26,0.487010388285,0.498304463482
27,0.483782011116,0.494554231429
28,0.481547036459,0.492096139521
29,0.481164243691,0.491842705629
30,0.482655715067,0.493637071978
31,0.481040751844,0.491713905587
32,0.481456843124,0.492012609072
33,0.483429665214,0.494197187749
34,0.487008019619,0.498317236989
35,0.490588042246,0.502248695093
36,0.493228180458,0.504678706487
37,0.495092049149,0.506218377968
38,0.49824128283,0.509178279953
39,0.502407730973,0.513591083003
40,0.50829508404,0.520011425726
41,0.516095573333,0.528456422682
42,0.523430552263,0.536777468541
43,0.531782903397,0.545958109554
44,0.539708558117,0.554817443091
45,0.54684772052,0.562497186072
46,0.552819816565,0.568911875279
47,0.559409318624,0.575875595158
48,0.566019645481,0.582982702135
49,0.571881501704,0.589131312217
50,0.562026411176,0.578447276867
51,0.559239948535,0.573453720651
52,0.562693221509,0.57350392628
53,0.58809730029,0.605326862296
54,0.591351733682,0.60905043304
55,0.570594615269,0.586782859288
56,0.604015728285,0.623698270133
57,0.60702764707,0.626972045073
58,0.60802741781,0.628017732295
59,0.623075350722,0.641547187698
60,0.623776928392,0.641941639025
61,0.622317898194,0.640577490495
62,0.603796795111,0.620262647842
63,0.595659287027,0.612729356344
64,0.6106792142,0.6279829907
65,0.604091355898,0.619936444023
66,0.596725660239,0.61228078914
67,0.595132969428,0.611596138545
68,0.578871914472,0.594762485404
69,0.585320726649,0.601321698053
70,0.578027753214,0.593315186498
71,0.570854568979,0.58581480786
72,0.566445670547,0.581712028686
73,0.561253127939,0.576535755675
74,0.554230762026,0.568924542035
75,0.546724957754,0.560748483137
76,0.53939152827,0.553056996755
77,0.53263815317,0.545516227671
78,0.524266467934,0.5364424546
79,0.51746825241,0.52893896939
80,0.513154775853,0.524491931008
81,0.510670931849,0.522370724813
82,0.508782131183,0.520809851026
83,0.503922590047,0.515809048371
84,0.500147893645,0.511486304405
85,0.496292916881,0.507069053511
86,0.494926837625,0.505543311231
87,0.494354801941,0.50503771821
88,0.498799102499,0.509441441537
89,0.495019467319,0.505656854249
90,0.496385990429,0.50716334901
91,0.500040305972,0.511402827416
92,0.504136923612,0.51605904053
93,0.509210568757,0.521229428901
94,0.510542964616,0.522267412667
95,0.513091306972,0.524429163825
96,0.522799305036,0.534290280674
97,0.524563208103,0.536828425146
98,0.532284530937,0.545184656885
99,0.539427933101,0.553109505897
100,0.546744687947,0.560781303452
101,0.554257020765,0.568956417555
102,0.561403163116,0.576663952845
103,0.573743816434,0.589117052282
104,0.570858943153,0.585876154942
105,0.577913282122,0.593184153594
106,0.585746441871,0.601731272815
107,0.57917444036,0.59507705759
108,0.59515198715,0.611637410657
109,0.596742136678,0.612317124686
110,0.603501136017,0.61931331568
111,0.611104418065,0.628417988379
112,0.59576117851,0.612836372735
113,0.603818601183,0.620236381482
114,0.622431225799,0.64068496919
115,0.623646554717,0.641771105701
116,0.623107428342,0.641568845051
117,0.620062267948,0.636125307452
118,0.642244445894,0.660418108653
119,0.641383433116,0.659732767973
120,0.642180638054,0.661196496983
121,0.620797375513,0.638056356221
122,0.635028584967,0.653590792695
123,0.630809795177,0.649156298284
124,0.606623882613,0.618897059844
125,0.602095964251,0.61742667048
126,0.602247632204,0.619205130458
127,0.606951192885,0.623910568274
128,0.599906399971,0.616071142887
129,0.59109168944,0.606467204189
130,0.583056362095,0.598040533931
131,0.578535941086,0.593868004715
132,0.578787143138,0.593818103303
133,0.564439029092,0.57882159844
134,0.556868073948,0.57094914712
135,0.551632579697,0.565557233928
136,0.543109739556,0.556304408645
137,0.533969552957,0.54621350292
138,0.527409724633,0.539012726815
139,0.523738470815,0.535497757702
140,0.521293206213,0.533404537419
141,0.517234912338,0.529370339537
142,0.512041464023,0.523816460522
143,0.506872303014,0.517940467638
144,0.504908259874,0.515510277688
145,0.503387302501,0.513768815647
146,0.504246860731,0.514510190381
147,0.503296970955,0.513678047055
148,0.504687935514,0.515293960716
149,0.506910609815,0.517904980816
150,0.511924111803,0.523688268534
151,0.522502068169,0.534639669017
152,0.521856867461,0.534049040123
153,0.523611405183,0.535381776849
154,0.527423898901,0.539040963941
155,0.534195389081,0.546429880022
156,0.543106335697,0.556306958605
157,0.551936308848,0.565860906391
158,0.557082674002,0.571178984993
159,0.56409622773,0.578486351359
160,0.571685017763,0.586605257442
161,0.578475348218,0.593789218206
162,0.584388638893,0.599582283037
163,0.590860290292,0.60622164764
164,0.59956286092,0.615756722168
165,0.606969492209,0.623946241777
166,0.601858828922,0.618785505177
167,0.602066677132,0.617410171343
168,0.606335222977,0.618601294748
169,0.630594876485,0.648934975551
170,0.634853001546,0.653449217978
171,0.620786442223,0.638073038175
172,0.642493438103,0.661492072978
173,0.641308084827,0.659697116034
174,0.641996744629,0.660178677299
175,0.657667823227,0.675712005531
176,0.656973602241,0.675247836874
177,0.657992637798,0.677035366372
178,0.644084705887,0.661950844328
179,0.657287937312,0.677308858629
180,0.6509720202,0.670432866861
181,0.643386478275,0.661386835158
182,0.638717767309,0.657049237113
183,0.635435132409,0.654125708099
184,0.621306516643,0.639063058151
185,0.618335986815,0.63546483229
186,0.609128498142,0.625341707818
187,0.599537336105,0.614813667609
188,0.591488347387,0.606338521902
189,0.585217777841,0.600046953831
190,0.577855404886,0.592212915668
191,0.5708817027,0.585038539552
192,0.564900082779,0.579157074348
193,0.558358375672,0.572412005405
194,0.547915116421,0.560934813548
195,0.538825842555,0.55080019249
196,0.533256862922,0.544924831952
197,0.530418889608,0.542465865328
198,0.526899815261,0.539072388832
199,0.52177207919,0.533742095505
200,0.520665216151,0.532022775557
201,0.511426827731,0.52206287082
202,0.509132598205,0.519265633199
203,0.507726350813,0.517352772747
204,0.507483671868,0.517099044683
205,0.509182041258,0.519322274172
206,0.511271302308,0.521913254155
207,0.515274775301,0.526596658061
208,0.521411208661,0.533385705425
209,0.527019044623,0.539175505633
210,0.530456290899,0.542509757042
211,0.533412525533,0.5451102456
212,0.539009837739,0.550987251212
213,0.547945123583,0.560980550523
214,0.557978562577,0.572024009331
215,0.564944991897,0.579213036431
216,0.570717949899,0.584877547451
217,0.577546326085,0.591922863367
218,0.584724982834,0.59935501983
219,0.590891817324,0.605727322149
220,0.59938518571,0.614668571595
221,0.609411679946,0.625619191671
222,0.618274157151,0.635404464172
223,0.621114331723,0.638907771823
224,0.635451629009,0.654132397404
225,0.639062891302,0.65741216388
226,0.643406258843,0.661420162291
227,0.651559253907,0.671047744261
228,0.65729286926,0.677327546754
229,0.643909280546,0.661820636019
230,0.658329768702,0.677361012351
231,0.656783418379,0.675056301628
232,0.657447011208,0.675457748518
233,0.632783935094,0.646995650764
234,0.668617695591,0.686427720586
235,0.670991095279,0.689935372469
236,0.672175202916,0.692013352024
237,0.655730291232,0.674506404486
238,0.670301607034,0.691025081739
239,0.664371173546,0.684588654564
240,0.636637505145,0.650187789797
241,0.63253359595,0.649362601631
242,0.645519491342,0.664749723369
243,0.635845138649,0.654137052564
244,0.625021555753,0.642126134986
245,0.614892911923,0.630953644197
246,0.60446486615,0.619548723121
247,0.59579409089,0.610374202503
248,0.590320717382,0.605178405927
249,0.584309837264,0.599146858011
250,0.578247412616,0.593371277276
251,0.571373050705,0.586312762402
252,0.560211888104,0.574021464018
253,0.550085206014,0.562792988496
254,0.542175469794,0.554119797364
255,0.537477626763,0.549465685061
256,0.533311437643,0.545430791329
257,0.528408794264,0.540398138771
258,0.52243389259,0.534125543208
259,0.518590016821,0.529763557477
260,0.516926261729,0.528150932554
261,0.51614602242,0.527238816138
262,0.514914047904,0.525323429041
263,0.516377530422,0.527472186669
264,0.517357463465,0.528592782515
265,0.518354382449,0.529538244045
266,0.522316446405,0.533989464854
267,0.528254911754,0.540239102504
268,0.533483041976,0.545615738396
269,0.537694827398,0.549681301332
270,0.542402923839,0.554352811342
271,0.55006130077,0.562765335818
272,0.56015978746,0.573962030414
273,0.571166488955,0.58612036359
274,0.578566775823,0.593687433809
275,0.584434717344,0.59926083826
276,0.590190482041,0.605079938329
277,0.5958954207,0.610485862248
278,0.604792162988,0.619884619373
279,0.615145171994,0.63121861284
280,0.625486590217,0.642606619721
281,0.635750212666,0.654046092253
282,0.645644772286,0.664876791703
283,0.632113619613,0.648967114564
284,0.63723221542,0.650797250411
285,0.664656063084,0.684869535477
286,0.670420166582,0.691203944652
287,0.655300574932,0.674088955073
288,0.672557800685,0.692398487013
289,0.671009350585,0.689940958176
290,0.668285678249,0.686086030464
291,0.678784394324,0.700006757915
292,0.699100937115,0.721137608357
293,0.697795944071,0.719224733466
294,0.689253371747,0.711242416787
295,0.696600666115,0.719684084582
296,0.682976200153,0.703032408451
297,0.668625887861,0.686936679077
298,0.67755398875,0.69771034364
299,0.680544974378,0.700961650906
300,0.663895813616,0.681580827085
301,0.64116570349,0.653881392727
302,0.661786981918,0.680100294111
303,0.650895961459,0.668634717867
304,0.638769512584,0.655259815058
305,0.644693292574,0.661953012748
306,0.647571247903,0.666796536568
307,0.635064289864,0.653724672626
308,0.628362385958,0.645302305694
309,0.624347043246,0.641207878646
310,0.616627773072,0.634019071973
311,0.613635665929,0.631009349015
312,0.608452113834,0.625138273793
313,0.598104214378,0.614223928278
314,0.59159655451,0.607504076456
315,0.588165217931,0.603644649802
316,0.578139204616,0.592732837299
317,0.565858397072,0.579127393253
318,0.563057683999,0.575704940143
319,0.555512892683,0.567371054943
320,0.545548343875,0.556599960669
321,0.542536100437,0.553109916449
322,0.536359159406,0.546409354129
323,0.530379377631,0.54034079024
324,0.530224853564,0.540575774732
325,0.5290595206,0.539914939506
326,0.526900430647,0.538102626003
327,0.523130630598,0.534029374806
328,0.521060350576,0.53172329845
329,0.51922766709,0.529837367226
330,0.516762091216,0.52734446977
331,0.517872026733,0.528644877466
332,0.517912910401,0.528749677629
333,0.517676512892,0.528558887622
334,0.51802053266,0.528854123076
335,0.517865643393,0.528654735465
336,0.516738984718,0.527332954366
337,0.519059822465,0.529642324794
338,0.521086301657,0.531747464691
339,0.523358008668,0.534250464301
340,0.526591669665,0.537795269729
341,0.529099544599,0.539964987013
342,0.530146070239,0.540499445924
343,0.530455436726,0.54040506815
344,0.536489700022,0.546553471606
345,0.542634464375,0.553209350682
346,0.545554909879,0.556606722426
347,0.555274936094,0.567108117028
348,0.563090665954,0.575737509843
349,0.566202197392,0.579479678407
350,0.578296224283,0.592881396332
351,0.588211731404,0.603664285947
352,0.599802557796,0.615917007048
353,0.598608502511,0.614799594378
354,0.608441241266,0.625119171534
355,0.614013170582,0.631414170885
356,0.616643096643,0.634075387097
357,0.624390151191,0.641217523967
358,0.628496709606,0.64543701999
359,0.635072566331,0.653745067791
360,0.6477872447,0.667027514134
361,0.644625945529,0.661906027153
362,0.638898426276,0.655405640688
363,0.65085353798,0.66855802785
364,0.662068188947,0.680389660325
365,0.651786400666,0.664665925062
366,0.664645239498,0.682447624308
367,0.681193092236,0.701592524555
368,0.677679729959,0.6978461744
369,0.668724112398,0.687046795712
370,0.683190381098,0.703262343522
371,0.69690170964,0.719985603534
372,0.689213175606,0.711186173942
373,0.697627490307,0.719059319914
374,0.698874955119,0.720890447427
375,0.687181903164,0.706681604674
376,0.686177888542,0.705335410477
377,0.684382981302,0.70322672372
378,0.685835574828,0.705233535606
379,0.686856968783,0.706987257869
380,0.656146039744,0.673232177152
381,0.681251259554,0.701113880542
382,0.676682109783,0.696063629387
383,0.673292189457,0.692494971019
384,0.666322192155,0.683973149961
385,0.65401608268,0.669518434492
386,0.6402755663,0.655738799326
387,0.654367474891,0.672233100596
388,0.648881265563,0.666532443645
389,0.643329679607,0.660687137834
390,0.637191133505,0.654031254326
391,0.630281582979,0.646376744346
392,0.62312877553,0.638628732093
393,0.61790902269,0.633525778704
394,0.612998232488,0.628755276646
395,0.60857350261,0.624479308442
396,0.604037570775,0.619899851887
397,0.598485596124,0.614178568573
398,0.59193792175,0.607236351342
399,0.584273799228,0.59912792145
400,0.577263773169,0.591610770044
401,0.569406241964,0.582847558603
402,0.562125895963,0.5747387363
403,0.55518197034,0.56710585834
404,0.547579385996,0.558772150221
405,0.541104068109,0.551575848121
406,0.535880502368,0.545968293972
407,0.532364926474,0.542595770471
408,0.53142018221,0.542157570496
409,0.530058351892,0.541202443276
410,0.527601547059,0.538702949704
411,0.522773408879,0.533434027514
412,0.520294747618,0.5307717829
413,0.518048566529,0.528437740435
414,0.517303765356,0.527670041471
415,0.517333093944,0.527850008842
416,0.517463933236,0.528075306719
417,0.517652110648,0.528269144441
418,0.517296614241,0.527822133801
419,0.517438348261,0.527796286314
420,0.518194628847,0.528575995837
421,0.520364552792,0.530846162688
422,0.522805757526,0.53347116944
423,0.527510210957,0.538613266158
424,0.530094955398,0.5412313111
425,0.53149705156,0.54223616745
426,0.53266967989,0.542889162343
427,0.535886424222,0.545967490006
428,0.541117420961,0.551586132392
429,0.547661336051,0.558839297984
430,0.55506688475,0.566998183897
431,0.562111926463,0.574737270449
432,0.569726251867,0.583171646114
433,0.577575643737,0.591936824895
434,0.584360914503,0.599250299205
435,0.591664509073,0.606957742609
436,0.599911713576,0.615687376444
437,0.604227285027,0.620129705267
438,0.608802183892,0.624728099781
439,0.613052933469,0.628846512654
440,0.61779910933,0.633359428898
441,0.622835005619,0.638339625776
442,0.630229399532,0.646320912868
443,0.637226961774,0.654082731154
444,0.643157027188,0.660475246461
445,0.64901443204,0.666686329294
446,0.654354392681,0.672182990001
447,0.640540241915,0.655991032764
448,0.654922741766,0.670444344814
449,0.667884986516,0.685583707956
450,0.673517362758,0.692710031388
451,0.676852900305,0.696233265011
452,0.681074727989,0.70092555084
453,0.656233353906,0.673330586444
454,0.686842484747,0.706951065379
455,0.685655354629,0.705025812782
456,0.684851903223,0.703713659929
457,0.686761360156,0.705922400412
458,0.68741962914,0.706908458566
459,0.695931859076,0.714962549282
460,0.697368012953,0.716498223207
461,0.695101019735,0.713787193629
462,0.694978164234,0.714185151622
463,0.697162586288,0.717220997089
464,0.692588388505,0.71253450461
465,0.69623397525,0.717127636491
466,0.69216026688,0.712524502693
467,0.687582080542,0.707548114275
468,0.684169867962,0.703957153306
469,0.66381564157,0.67838860225
470,0.674919953194,0.693962938351
471,0.664830460504,0.68283703277
472,0.663546785162,0.681947013633
473,0.657297949494,0.67535924551
474,0.650148943396,0.667772247168
475,0.642974390488,0.659855784778
476,0.635632081089,0.651817431895
477,0.627238398818,0.642752361839
478,0.620991294693,0.636507242048
479,0.615838481226,0.631565861704
480,0.611042668443,0.626952392349
481,0.605773186845,0.621556844171
482,0.598261215048,0.61357266556
483,0.590895634281,0.60583822382
484,0.583786308847,0.598453368464
485,0.576866219295,0.591071556428
486,0.568817016035,0.582150660883
487,0.561274660457,0.573857794491
488,0.55344887179,0.565266385707
489,0.545911050887,0.556912375394
490,0.539192288475,0.549537859408
491,0.534660508464,0.544942556294
492,0.532518384181,0.543145021274
493,0.530763484623,0.541815062941
494,0.528432900533,0.539666943631
495,0.524180916085,0.534992858636
496,0.520396009623,0.530867441976
497,0.517703858454,0.527931281696
498,0.51587354826,0.525955772539
499,0.515282869373,0.525362343247
500,0.515772779543,0.526016753915
501,0.516694706811,0.527065718178
502,0.515763674009,0.526017391166
503,0.515037395622,0.525114942088
504,0.515966432109,0.526049119485
505,0.517672036084,0.5278896148
506,0.520231542795,0.530695790351
507,0.524167536333,0.534993902412
508,0.528589692987,0.539830892834
509,0.530694695425,0.54174977745
510,0.532344174001,0.542977746033
511,0.534747267782,0.545026775528
512,0.539021278636,0.54937015181
513,0.545661303577,0.556638558691
514,0.553657489813,0.565488169621
515,0.561116423516,0.573713104169
516,0.568627814643,0.581990146479
517,0.576992413432,0.591197231176
518,0.583825629231,0.598510962319
519,0.590841030528,0.605791759734
520,0.598252810011,0.613591374231
521,0.605626637813,0.621415560151
522,0.611176095226,0.627083925536
523,0.615524720551,0.631242762918
524,0.621114612404,0.636647283552
525,0.627357822591,0.642891695487
526,0.635484336833,0.651655063217
527,0.643054717587,0.659911842109
528,0.650238877683,0.667846858717
529,0.656988086055,0.675064966419
530,0.663698484357,0.68211338162
531,0.664946696209,0.68297493125
532,0.674561983281,0.693600466785
533,0.663549227415,0.678128414328
534,0.683982858047,0.703721950379
535,0.687825822587,0.707782727889
536,0.692237862716,0.712608860822
537,0.696396853169,0.717278076047
538,0.692424591583,0.712368571838
539,0.697250314188,0.717316572862
540,0.695095737266,0.714331524405
541,0.694883146906,0.713595108312
542,0.69748957967,0.716626169286
543,0.705908106155,0.724750419122
544,0.70459508932,0.723233482133
545,0.704638275357,0.723759370472
546,0.706411237467,0.726282406051
547,0.708927131595,0.729759136217
548,0.703329127503,0.723911410288
549,0.707100112799,0.728510219623
550,0.701580045137,0.722429797276
551,0.696971024715,0.717493304505
552,0.689560493012,0.708661040298
553,0.676538949869,0.693346524994
554,0.663306568879,0.680193687066
555,0.676946833686,0.696171785906
556,0.669392723334,0.688241001481
557,0.662034549422,0.680420041378
558,0.654600176305,0.672291581771
559,0.646763317168,0.663710191793
560,0.638259285739,0.654413332665
561,0.629157210535,0.644549247427
562,0.623160820588,0.638624236244
563,0.617335009382,0.632979078324
564,0.611971632155,0.627726386767
565,0.605169920749,0.620437329365
566,0.597272299803,0.612165578091
567,0.590321390594,0.605000018052
568,0.583648411894,0.598197296678
569,0.576202500852,0.590288771019
570,0.56770949683,0.580934381603
571,0.559859527996,0.572360848368
572,0.550867515358,0.562425572207
573,0.54294579335,0.553699593734
574,0.536891931574,0.547224552541
575,0.533330976224,0.543874146061
576,0.531666448653,0.542644896819
577,0.528773318428,0.53998937303
578,0.525245280632,0.536255146628
579,0.520439893136,0.531061333285
580,0.516752536775,0.526950318705
581,0.514272676126,0.524166766651
582,0.512768995332,0.522528595175
583,0.51236779616,0.522150633133
584,0.51283153865,0.522688338692
585,0.512606849881,0.522456899867
586,0.512331773207,0.522149151705
587,0.512988423001,0.522763169569
588,0.514299145411,0.524199699589
589,0.516848867535,0.527043133155
590,0.520528180775,0.531143262267
591,0.525016308838,0.536023095044
592,0.528982205053,0.540205497238
593,0.531492764158,0.54245984438
594,0.533632451755,0.544170645467
595,0.53700811824,0.547372195499
596,0.542888257962,0.553646341989
597,0.550718623191,0.562274762391
598,0.560130881841,0.572616767474
599,0.56782220104,0.581061451006
600,0.576174385168,0.590268454471
601,0.583517056939,0.598048534158
602,0.590203208795,0.604903017601
603,0.597406268695,0.612314858805
604,0.604639744802,0.619920823844
605,0.611971122972,0.627701212336
606,0.617539408762,0.633198725402
607,0.623016041098,0.638455097577
608,0.629288480928,0.644687687513
609,0.638258312327,0.654421845342
610,0.646726269212,0.663651182737
611,0.654827051557,0.672511517362
612,0.662327059109,0.680729428087
613,0.669738056244,0.688610612616
614,0.676837649051,0.696079278957
615,0.663405090963,0.680279494959
616,0.676480764758,0.693283676537
617,0.68966045769,0.708771501973
618,0.696981987124,0.717503671186
619,0.701235035651,0.722073916431
620,0.707026691406,0.728415976748
621,0.703075415172,0.723663001221
622,0.709194235518,0.730029542434
623,0.706122384185,0.726023958211
624,0.704636935703,0.723750959761
625,0.704342457916,0.722988711027
626,0.705894055226,0.724735278928
627,0.710297228875,0.7284153189
628,0.709745277005,0.727871896879
629,0.710844047859,0.729702754883
630,0.71215221924,0.731848867394
631,0.714274516425,0.734830579731
632,0.710647350467,0.73136255941
633,0.715910766371,0.73797437751
634,0.711938279263,0.733724745706
635,0.706881942793,0.728156312064
636,0.702163547068,0.72310734497
637,0.681724683802,0.697544769485
638,0.692304690963,0.712489332723
639,0.685694160262,0.705486355707
640,0.679882172757,0.699528243125
641,0.672431600687,0.691615604359
642,0.664112371536,0.682646037702
643,0.655901337981,0.673644921499
644,0.646974597716,0.663836442512
645,0.63775619063,0.653741778873
646,0.628495666054,0.643686126908
647,0.621988666963,0.637154803172
648,0.615680355987,0.630817757982
649,0.610565303239,0.625951343033
650,0.605065402558,0.620592222454
651,0.597952375007,0.613380537688
652,0.590814733834,0.606025769554
653,0.583821207387,0.598772174546
654,0.575836332657,0.59019769837
655,0.566121799914,0.579360339598
656,0.556529051424,0.56874041744
657,0.547795137181,0.559046514365
658,0.540494629086,0.551098304721
659,0.53552385161,0.546032821504
660,0.532504048861,0.543371577776
661,0.52977861868,0.540940444142
662,0.526365232187,0.537526873846
663,0.521762243936,0.532653695106
664,0.518418442179,0.529201025886
665,0.515670218147,0.526275340148
666,0.513038213073,0.523348248739
667,0.510802736626,0.520677824392
668,0.511648389873,0.521928305472
669,0.512248286997,0.522614874042
670,0.511796049873,0.522107913323
671,0.510838358634,0.52072593753
672,0.513090843466,0.523417703355
673,0.515626455662,0.526228936704
674,0.518168121319,0.528946185616
675,0.522000113437,0.53290343578
676,0.526172816345,0.53734471121
677,0.529614525726,0.540773482957
678,0.532587657457,0.543454951818
679,0.535355023603,0.545876685732
680,0.540475608776,0.551086614603
681,0.547451344762,0.558699316714
682,0.55673530432,0.5689455578
683,0.565970960109,0.579205813709
684,0.575830587387,0.590207777167
685,0.583671950832,0.598612771967
686,0.590898801216,0.606146045293
687,0.598088274112,0.613511955946
688,0.604649758343,0.620182475151
689,0.610299218248,0.625687771831
690,0.615415589828,0.630502680117
691,0.621850597112,0.637028696149
692,0.628485858711,0.643667187705
693,0.637581141793,0.653554736729
694,0.647250788621,0.664142036028
695,0.655818278208,0.673541439827
696,0.664125430638,0.682664953351
697,0.672150995084,0.691340220739
698,0.680311660575,0.699976062236
699,0.686022472624,0.705833941406
700,0.69212356256,0.712303144764
701,0.681947978555,0.697776747038
702,0.701884803007,0.722815781822
703,0.706914803319,0.728195233724
704,0.71199852419,0.733773605688
705,0.715782199111,0.737808269651
706,0.710764317476,0.731462114986
707,0.714532780173,0.735074363383
708,0.712564120092,0.732223152163
709,0.710673322919,0.729498532887
710,0.709616910648,0.727705817087
711,0.590705981757,0.609708458824
712,0.672700617472,0.693875990427
713,0.731645104314,0.753789454792
714,0.683434562712,0.70442307509
715,0.593107375944,0.612089676505
716,0.659908400892,0.681577592236
717,0.729594196008,0.752807607811
718,0.684750889208,0.704793934888
719,0.589006502385,0.606079879692
720,0.636410271703,0.656257621663
721,0.713041823841,0.735095741869
722,0.684257076924,0.703778126159
723,0.587412464645,0.60230740078
724,0.600340053876,0.614732806406
725,0.682846387494,0.700752719518
726,0.679126308271,0.698171886007
727,0.593861466204,0.609858842142
728,0.579189752779,0.593911719633
729,0.660625865635,0.678526238613
730,0.670943661197,0.690756851638
731,0.600230262131,0.618380949431
732,0.562666315338,0.578083335584
733,0.633779721813,0.650414433124
734,0.64788233857,0.665426029731
735,0.591833922654,0.608578803789
736,0.551620311562,0.566991230849
737,0.612468020662,0.629583346493
738,0.626577961845,0.643495994987
739,0.582597691608,0.598443914284
740,0.533797718721,0.548007713101
741,0.587416828878,0.603684946162
742,0.603813050626,0.620140752516
743,0.570656214122,0.585735416534
744,0.514148351693,0.526793684576
745,0.555771776756,0.56921715674
746,0.572237861588,0.585432098032
747,0.551157808274,0.56331715638
748,0.501511316812,0.511734752037
749,0.534982462211,0.545870296703
750,0.545245630255,0.55564779617
751,0.534593832536,0.544575555687
752,0.491601241271,0.500655593613
753,0.511277576429,0.520145233344
754,0.524167266446,0.533249066962
755,0.521773645817,0.531280527815
756,0.490712696653,0.50062888503
757,0.500674294949,0.510173285239
758,0.51752563214,0.527720711299
759,0.515675001631,0.525811637158
760,0.488240341542,0.498175653092
761,0.490346697318,0.499429681379
762,0.509835558346,0.519828984038
763,0.509330972912,0.519481837548
764,0.487427648571,0.497566776558
765,0.484751524322,0.494332915837
766,0.50848740672,0.518677709194
767,0.508452261,0.518642844741
768,0.489486068917,0.499077481725
769,0.491699747259,0.501832496595
770,0.509355102793,0.519500764958
771,0.509676227268,0.519641648209
772,0.490352737314,0.499425513421
773,0.488387477976,0.498334416059
774,0.515699442117,0.525840791494
775,0.517560414429,0.527762094238
776,0.512151057258,0.521919559168
777,0.491808973608,0.50187597676
778,0.521971640282,0.53146812108
779,0.524385084716,0.533468219565
780,0.511185520781,0.52005882806
781,0.491645831012,0.500706269959
782,0.534553802664,0.544530520161
783,0.545185732049,0.555590683908
784,0.534933762813,0.545816478942
785,0.50147129519,0.511693780392
786,0.551134994703,0.563296098126
787,0.572050583455,0.585236182635
788,0.563704469083,0.577370301127
789,0.514288958818,0.526961900319
790,0.570547111762,0.585620585125
791,0.604004087921,0.620353085476
792,0.587746072469,0.604021155164
793,0.527125679391,0.541244961068
794,0.582063374731,0.597894550546
795,0.626345892539,0.643267834251
796,0.612811428032,0.62994417224
797,0.544064841169,0.559269890773
798,0.591016071629,0.607686497927
799,0.648379870192,0.665940277559
800,0.633663676514,0.650322728731
801,0.562834547055,0.578252194252
802,0.599918995446,0.618068517601
803,0.671332312423,0.691139838011
804,0.660990435168,0.678883621021
805,0.579301258701,0.594009225865
806,0.593843753835,0.609863279517
807,0.678476442776,0.697546552458
808,0.682954552988,0.700831286155
809,0.600201818592,0.614575500545
810,0.587262586929,0.602156069985
811,0.684330406352,0.703845009823
812,0.713271724173,0.735337322218
813,0.636113872268,0.655969714142
814,0.589355821818,0.606448376617
815,0.684651953824,0.704696602662
816,0.729373671209,0.752561307565
817,0.659997866439,0.681660490346
818,0.593035318542,0.612027249966
819,0.683453213818,0.704427319676
820,0.731752436454,0.753896290346
821,0.672329021,0.693516385468
822,0.696407074814,0.716182651421
823,0.695085736779,0.714596951358
824,0.692736143187,0.711818671235
825,0.692070558337,0.711088942855
826,0.693345379028,0.712930637227
827,0.695263048185,0.715591820362
828,0.696519237672,0.717350954867
829,0.695034950403,0.71606255893
830,0.691440632108,0.712103173544
831,0.687262609361,0.707534136037
832,0.68406374489,0.704133111906
833,0.681541246146,0.70164470944
834,0.677190454417,0.696621567842
835,0.655776758175,0.670191808939
836,0.67034868102,0.689351759922
837,0.664980427442,0.683365761719
838,0.660052418484,0.678248671139
839,0.655382382096,0.67343453085
840,0.650263540675,0.66805630191
841,0.644918885988,0.662375900557
842,0.639436750596,0.656599510175
843,0.633630767669,0.650215164822
844,0.627079974479,0.643026225016
845,0.621496401678,0.637058755434
846,0.620535912967,0.636513198214
847,0.613063942747,0.629002573465
848,0.609186295778,0.625265143004
849,0.604943605986,0.621092115971
850,0.60293342931,0.619068351211
851,0.595626592665,0.611511869164
852,0.59065799469,0.606413781001
853,0.584861500579,0.600374291042
854,0.577937855717,0.593099188181
855,0.571632911073,0.586325432512
856,0.564164412678,0.578174123442
857,0.557099654334,0.570271941437
858,0.55040216169,0.562860765576
859,0.545755395662,0.557511635319
860,0.537868090032,0.549001673218
861,0.531476732279,0.542005583557
862,0.525701992876,0.535629965457
863,0.521670715238,0.531041248438
864,0.516764871127,0.52610456965
865,0.514237130591,0.523862415728
866,0.513018929774,0.523011335748
867,0.51296951027,0.523226545181
868,0.510006398901,0.520358722712
869,0.507402051057,0.517689295709
870,0.504747756327,0.514830045994
871,0.503393466131,0.5132672897
872,0.501352475305,0.511281710055
873,0.499890283209,0.509905926949
874,0.499468530265,0.509561748096
875,0.499348222088,0.509507537968
876,0.499258974445,0.509496849114
877,0.499742425593,0.509997129436
878,0.499910486304,0.510130409041
879,0.500730386814,0.510857987683
880,0.50032366422,0.510390321852
881,0.499891783764,0.509913964
882,0.501195917505,0.511115104152
883,0.50336128159,0.513234407159
884,0.504699901345,0.514785575316
885,0.507519529695,0.517804955407
886,0.510207728931,0.520561512393
887,0.515079539107,0.525294267235
888,0.513221113245,0.523218402594
889,0.514302781138,0.523931577694
890,0.516852665419,0.526189417906
891,0.521645770696,0.531024728989
892,0.525936389574,0.535842836963
893,0.531616586095,0.54216882451
894,0.538008891553,0.549151595872
895,0.545713878019,0.557479643143
896,0.550471937175,0.56291646047
897,0.557110723421,0.570292966149
898,0.564324606788,0.578329580869
899,0.573409582277,0.588097752144
900,0.578454168909,0.593701162919
901,0.584498230029,0.600007211877
902,0.590515044397,0.606257132003
903,0.595477149302,0.61135959292
904,0.600139857224,0.616180146999
905,0.604804147932,0.620944641915
906,0.609063050073,0.625141312538
907,0.612980636832,0.628905553502
908,0.617284077762,0.633007505955
909,0.621414228859,0.636981021286
910,0.627356853305,0.643277699043
911,0.63398570369,0.650602262637
912,0.639500501474,0.656650770297
913,0.645096471762,0.662574235688
914,0.650049717521,0.667827160068
915,0.655212777776,0.673253453407
916,0.660282153087,0.678499702883
917,0.664865136022,0.683255468926
918,0.670264103337,0.689275542476
919,0.655825997668,0.670261297588
920,0.677002241566,0.696431335111
921,0.681228233322,0.70130675298
922,0.68421552277,0.704287379919
923,0.687284106029,0.707560698808
924,0.691308600629,0.711940764429
925,0.695342755671,0.716382349869
926,0.696557976383,0.717411542019
927,0.695150074612,0.715473929484
928,0.693291479668,0.71284469771
929,0.691883629772,0.710894641716
930,0.693162637797,0.712238723694
931,0.694831785832,0.714309646518
932,0.696588387651,0.716344126182
933,0.708851394966,0.728547129636
934,0.707906058779,0.727488839082
935,0.705644744672,0.724908913704
936,0.703799685132,0.722829524951
937,0.70429072563,0.723837068785
938,0.706526329978,0.726863062901
939,0.708293914381,0.729436609306
940,0.708794400564,0.730458738048
941,0.706160915604,0.727681649038
942,0.701890522385,0.722989580742
943,0.698359302407,0.71910115346
944,0.69446876357,0.714931427736
945,0.691059923872,0.711316668162
946,0.678661915592,0.695597542492
947,0.679438917112,0.697968997404
948,0.678925567053,0.698123952226
949,0.673446104833,0.692236538667
950,0.668358993928,0.687027002747
951,0.662927085842,0.681381610837
952,0.657720988313,0.67595745634
953,0.651992230615,0.669837912875
954,0.645241815059,0.662501618397
955,0.638906531095,0.655532047874
956,0.632164970197,0.648151635612
957,0.625299993502,0.641008880427
958,0.620565315357,0.636406815995
959,0.615546775903,0.631523028272
960,0.61124030227,0.627380491783
961,0.606619889823,0.622797574557
962,0.601894675469,0.617956857537
963,0.596167174819,0.612063380483
964,0.589542212826,0.605102466738
965,0.583318733659,0.598573094425
966,0.577328440995,0.59235112014
967,0.570303006771,0.584831262163
968,0.56291932591,0.576704857023
969,0.555587912486,0.568606603178
970,0.549157830221,0.561486234515
971,0.542435339327,0.554127694609
972,0.535712694147,0.546717024123
973,0.529112523522,0.53948227885
974,0.522935767395,0.532709817894
975,0.518307203504,0.527774755061
976,0.514915512103,0.524502715632
977,0.512689529186,0.52268430396
978,0.511231316835,0.521529298175
979,0.509492431881,0.519932299753
980,0.506582010466,0.516963000156
981,0.503462984859,0.51357670464
982,0.500226366574,0.510098812563
983,0.498329296063,0.508145498356
984,0.496798694393,0.506580343192
985,0.495810914133,0.505593997017
986,0.495727620846,0.505600131605
987,0.495528076065,0.505518533827
988,0.496382072374,0.506472999589
989,0.496342071799,0.506431840084
990,0.495725835898,0.50571833036
991,0.495555454629,0.5054221251
992,0.495882150694,0.505657633838
993,0.496944439701,0.50673234206
994,0.498131272433,0.50795005549
995,0.500416406609,0.5102961392
996,0.503555444788,0.513673564785
997,0.506956089769,0.517332705336
998,0.509384266601,0.519834404509
999,0.511197494307,0.521488622631
1000,0.513091672461,0.523063278858
1001,0.514909406034,0.524505572208
1002,0.518154162502,0.527627872633
1003,0.522923269301,0.532697106384
1004,0.52932485676,0.539697652363
1005,0.535724001151,0.546728781605
1006,0.542635187763,0.554327610729
1007,0.549097850368,0.56143979229
1008,0.555670851648,0.568694300247
1009,0.563191231802,0.576995017889
1010,0.570247205046,0.584782152142
1011,0.577177407082,0.592170089575
1012,0.583098486774,0.598343973444
1013,0.589852932339,0.605407223449
1014,0.596180704472,0.612076002274
1015,0.601669272443,0.617737603643
1016,0.606658910603,0.622837993111
1017,0.61140900172,0.627548536601
1018,0.615679628344,0.631655672049
1019,0.620479121466,0.636332506694
1020,0.625205559497,0.64088078557
1021,0.631865948371,0.64785546033
1022,0.638972938077,0.655596920349
1023,0.645406369503,0.662671645061
1024,0.651668065993,0.669508360162
1025,0.657644979445,0.675872095941
1026,0.662976069086,0.681403590996
1027,0.668507932635,0.687159965057
1028,0.673274586026,0.692113160418
1029,0.678923563622,0.698127672946
1030,0.67912849599,0.697635032599
1031,0.678724120508,0.695651107517
1032,0.690842505226,0.711111586243
1033,0.694057916016,0.714489187462
1034,0.698214975286,0.718983328628
1035,0.702079925911,0.72321080043
1036,0.706108901865,0.727643616922
1037,0.709061953556,0.730760636024
1038,0.70807924769,0.729227876367
1039,0.706437870995,0.726784359539
1040,0.704054450327,0.72361067171
1041,0.703845980848,0.722876083683
1042,0.705935825966,0.725201408797
1043,0.707679844246,0.727280240806
1044,0.715524190041,0.734931699346
1045,0.714130092325,0.733407794467
1046,0.712444690917,0.73147116244
1047,0.712640712872,0.732058033072
1048,0.714258861429,0.734382221232
1049,0.716686671776,0.737621808589
1050,0.718283077003,0.740021867306
1051,0.717887505288,0.739993196962
1052,0.714395129434,0.736227168542
1053,0.710089514315,0.731517711228
1054,0.705739103657,0.726789589003
1055,0.701977993232,0.72278163748
1056,0.697609110626,0.717887380603
1057,0.675817285915,0.691048905303
1058,0.690532701154,0.710500404553
1059,0.684559836392,0.703974931984
1060,0.679470222196,0.698723009669
1061,0.673643577981,0.692673239049
1062,0.667686206554,0.686429171264
1063,0.661978477297,0.6804182648
1064,0.655356377953,0.673238972901
1065,0.648463682987,0.665707834819
1066,0.641582360951,0.65821096664
1067,0.634100721744,0.650107051407
1068,0.627354802185,0.643010940349
1069,0.621838601651,0.637606544835
1070,0.616786217417,0.632678832115
1071,0.612909662605,0.628988794321
1072,0.608063647083,0.624202321321
1073,0.602254394926,0.61819071014
1074,0.595188828717,0.610687352884
1075,0.588515186457,0.603681352166
1076,0.582249150833,0.597211649757
1077,0.576051006172,0.590787842875
1078,0.569473448105,0.583767883307
1079,0.562130103996,0.575707111137
1080,0.554971573981,0.567841657691
1081,0.547895854913,0.560100067413
1082,0.540787425516,0.552262150423
1083,0.533186479291,0.543982080052
1084,0.526819296954,0.536958579401
1085,0.520781349372,0.530400770519
1086,0.516471373052,0.526058733417
1087,0.514079090973,0.523993966
1088,0.51218825458,0.522431761959
1089,0.509932852918,0.52041951931
1090,0.507058870178,0.517493632362
1091,0.50352119472,0.513684518083
1092,0.500123498129,0.510035680277
1093,0.497191935418,0.506908181269
1094,0.495059624711,0.504641060308
1095,0.493658116636,0.503160547353
1096,0.492840129664,0.502351163611
1097,0.492574216082,0.502189400814
1098,0.493256485478,0.503062650815
1099,0.493642380222,0.503535354386
1100,0.493249492385,0.503059461843
1101,0.492837152337,0.50245608751
1102,0.492823596207,0.502331203758
1103,0.493603580674,0.503119994994
1104,0.494969820408,0.504532822274
1105,0.497075093727,0.506800282714
1106,0.500178138732,0.510091965948
1107,0.503440068415,0.513578515219
1108,0.507131657223,0.517579590753
1109,0.509891790407,0.520370573076
1110,0.512189963516,0.522446416896
1111,0.514276750288,0.524171225796
1112,0.516786603839,0.526383356177
1113,0.52071132658,0.530315143479
1114,0.526719418122,0.536867324625
1115,0.533262568994,0.544045386281
1116,0.540602939555,0.552072496887
1117,0.548225438371,0.56044065504
1118,0.554793374562,0.567639303779
1119,0.562174165969,0.575725813411
1120,0.569524882486,0.583818781156
1121,0.576186654504,0.590922111327
1122,0.582245401522,0.597180675858
1123,0.588564645771,0.603739925128
1124,0.595236575503,0.610734969422
1125,0.602172628822,0.618100870905
1126,0.608281372169,0.624411992781
1127,0.612643561953,0.628716705146
1128,0.616857716306,0.632746282147
1129,0.621770955007,0.637547711995
1130,0.627208201375,0.642859627509
1131,0.634065133343,0.650051877336
1132,0.641726878312,0.65834554685
1133,0.648615815568,0.665872730502
1134,0.655173233161,0.673049680656
1135,0.661800654413,0.680233005915
1136,0.667647902453,0.686430606304
1137,0.673770982087,0.692785735723
1138,0.679240031439,0.698491412095
1139,0.684884443258,0.704264914992
1140,0.690517967198,0.710468059135
1141,0.675768018733,0.6910082016
1142,0.697237481534,0.7175272738
1143,0.701900930269,0.72268138869
1144,0.705890027071,0.72695609888
1145,0.710206602494,0.73162194421
1146,0.714888963998,0.73675125341
1147,0.718044237478,0.740128873395
1148,0.718533524618,0.740258976086
1149,0.716732548262,0.737670024893
1150,0.71446681924,0.73456056586
1151,0.712737572295,0.732155308916
1152,0.712662695068,0.731679622173
1153,0.714538223607,0.733804896012
1154,0.715798684232,0.735215357343
1155,0.716540451236,0.735254232306
1156,0.715878326566,0.73453578779
1157,0.714945653467,0.733557835168
1158,0.715335082372,0.734398569837
1159,0.716172109627,0.735872481908
1160,0.717747457565,0.738180949867
1161,0.720057783939,0.741319760299
1162,0.720743013961,0.74273006852
1163,0.719529275876,0.741760289934
1164,0.715498892655,0.737338497861
1165,0.711149382133,0.732562041141
1166,0.706769296021,0.727842757795
1167,0.702674417877,0.72353459641
1168,0.6905379119,0.708047543532
1169,0.692083369408,0.711458563478
1170,0.690536355436,0.710419258686
1171,0.68496532276,0.704529495153
1172,0.679148103571,0.698543890366
1173,0.672895564396,0.692016081801
1174,0.666846810169,0.685666895088
1175,0.660426872696,0.678735069587
1176,0.65369079316,0.671417705984
1177,0.646989306306,0.664091655928
1178,0.639446194631,0.655854443563
1179,0.631363231081,0.647037984474
1180,0.624091186395,0.639297104264
1181,0.618387228924,0.633546413914
1182,0.614041292879,0.62941976089
1183,0.610088660494,0.62578703133
1184,0.605142071405,0.620892517598
1185,0.599156291113,0.614779168048
1186,0.593198815725,0.608687364194
1187,0.586299663659,0.601392793677
1188,0.580869161485,0.595987977788
1189,0.575364016867,0.590438762441
1190,0.568679604851,0.583198886151
1191,0.560674397781,0.574326878877
1192,0.552260719142,0.564908064062
1193,0.54500872612,0.556937169761
1194,0.536849963792,0.547951863035
1195,0.529844950865,0.540249548792
1196,0.523395844005,0.53323045388
1197,0.51844858887,0.528018179599
1198,0.515325829687,0.525075650444
1199,0.513152892073,0.523273453516
1200,0.51077490373,0.521179025129
1201,0.507909611213,0.518430087182
1202,0.505007830087,0.515498235706
1203,0.501690348323,0.512043440709
1204,0.498350636607,0.508554804225
1205,0.495770577538,0.505759790204
1206,0.493646362707,0.503364292482
1207,0.493313255356,0.503305862621
1208,0.492277506388,0.502217232676
1209,0.491584210507,0.501496011835
1210,0.490738157365,0.50023611308
1211,0.490589187104,0.500077363898
1212,0.491965410944,0.501866037075
1213,0.492336769707,0.50228293528
1214,0.493297175828,0.503284399131
1215,0.493409184954,0.503123166508
1216,0.495888948771,0.505879105583
1217,0.49855681263,0.508746397906
1218,0.501820095255,0.512172572337
1219,0.50477877838,0.515276832756
1220,0.507953855036,0.518472604694
1221,0.510757108076,0.521147851914
1222,0.512956025087,0.523081533889
1223,0.515297541294,0.525047898681
1224,0.518470266323,0.528026192737
1225,0.523489360808,0.533338398564
1226,0.529763362989,0.540175428848
1227,0.536723371575,0.547804843515
1228,0.545115172038,0.557048480153
1229,0.552262693273,0.564930160893
1230,0.560852011802,0.57452365908
1231,0.568589416749,0.583107987954
1232,0.575525949712,0.590617442993
1233,0.580913760657,0.596024145093
1234,0.586013250606,0.601024716412
1235,0.593321514001,0.608833064933
1236,0.599368164534,0.614987335035
1237,0.604993727517,0.620735668912
1238,0.609993390987,0.625706481207
1239,0.61386255014,0.629224207957
1240,0.618830507984,0.633991072847
1241,0.62427405966,0.63947886155
1242,0.631441636972,0.647136526475
1243,0.639602216328,0.656043180798
1244,0.647087422468,0.664174926645
1245,0.65370231036,0.671456126748
1246,0.660549218856,0.678876963324
1247,0.666899826077,0.685709873128
1248,0.673160061906,0.692291414769
1249,0.679409657652,0.698825736392
1250,0.684893023724,0.704489534883
1251,0.690370766671,0.710258399018
1252,0.691870480553,0.711251389688
1253,0.690651358928,0.708178475014
1254,0.702951416327,0.72379559559
1255,0.706736996725,0.727775026857
1256,0.711235419975,0.732652678903
1257,0.715419762768,0.737278952792
1258,0.719574568565,0.741781332274
1259,0.720732357173,0.742735553399
1260,0.719935440701,0.741206629523
1261,0.717659874868,0.738095400654
1262,0.716042494253,0.735741648405
1263,0.715446342515,0.734502074176
1264,0.714792250484,0.733376098141
1265,0.716185306015,0.734834333813
1266,0.48813557289,0.503785679115
1267,0.594894069631,0.613948675835
1268,0.713670242774,0.735698842396
1269,0.712341439427,0.734396577321
1270,0.59189926776,0.61036416991
1271,0.487969822343,0.503735740552
1272,0.594156428054,0.613615225331
1273,0.71467077475,0.737931958391
1274,0.704672568086,0.726396216145
1275,0.584304012709,0.601790445861
1276,0.479970176194,0.494404796087
1277,0.589219979657,0.608550147545
1278,0.701986099545,0.72429989605
1279,0.690442659768,0.710847045055
1280,0.571907685775,0.587568455812
1281,0.474016099069,0.4875392129
1282,0.572162807441,0.588345937786
1283,0.66419284655,0.678998991089
1284,0.675695214753,0.695099505988
1285,0.565093020015,0.58079490138
1286,0.465959127388,0.479027497967
1287,0.559207071121,0.574553182636
1288,0.663436067608,0.682012314599
1289,0.659228786626,0.678771045721
1290,0.56154363117,0.578988744236
1291,0.472798307974,0.486132725359
1292,0.548270986134,0.563333054465
1293,0.641663551541,0.658943542938
1294,0.634895724921,0.652608531622
1295,0.545140870065,0.561295663982
1296,0.486833881762,0.499837259437
1297,0.538447978484,0.553475012362
1298,0.621525756938,0.638802648316
1299,0.61182374079,0.628402397736
1300,0.527824210499,0.542941692711
1301,0.479212147735,0.491488034198
1302,0.526822905841,0.541593243153
1303,0.600827242229,0.617885677471
1304,0.590657841061,0.606948738532
1305,0.511757287406,0.526110979359
1306,0.47132209924,0.482725363943
1307,0.529552443686,0.543383409068
1308,0.571059153996,0.585872636406
1309,0.561191827872,0.575079379539
1310,0.491738350002,0.503743068365
1311,0.485515124157,0.495098549744
1312,0.508182767828,0.519467584849
1313,0.539084999565,0.550159784179
1314,0.531542349851,0.54215378994
1315,0.472082532545,0.482328985669
1316,0.477048440847,0.485618332443
1317,0.490621570116,0.499844469467
1318,0.512903658547,0.521483045791
1319,0.507698293679,0.51644037069
1320,0.463246430457,0.47338469563
1321,0.471095396099,0.479512594045
1322,0.482903907323,0.491946182205
1323,0.501680666254,0.511030154096
1324,0.498083033071,0.508018308411
1325,0.458191289223,0.468306918069
1326,0.44631954929,0.454154871349
1327,0.481057901095,0.490507834326
1328,0.494049003599,0.503437696746
1329,0.481928285602,0.491065525308
1330,0.447310027446,0.456922146355
1331,0.448080331435,0.456429723877
1332,0.481502339982,0.491089238019
1333,0.49043215919,0.500172890503
1334,0.478479545631,0.488062176352
1335,0.447027218235,0.456270722966
1336,0.447184930747,0.456419133325
1337,0.474551161531,0.48402960924
1338,0.490269373666,0.500012131331
1339,0.472455753108,0.481841097662
1340,0.448125668158,0.456465101695
1341,0.447498097141,0.457111963597
1342,0.482090318757,0.491244443047
1343,0.494070327524,0.503488577224
1344,0.471843600788,0.481092476543
1345,0.446306071646,0.454143416405
1346,0.448579527473,0.458753844875
1347,0.49578788313,0.505381818519
1348,0.501752696523,0.511106669099
1349,0.483148603744,0.492179238093
1350,0.471147900514,0.479562742962
1351,0.463527394748,0.473657176595
1352,0.507814210948,0.516536114225
1353,0.512859464753,0.521452314104
1354,0.49058144584,0.499808329859
1355,0.477023208726,0.485592473484
1356,0.472200178141,0.482461626319
1357,0.531699079972,0.542311470885
1358,0.539024355286,0.550107678791
1359,0.508410957523,0.519697773867
1360,0.485569663408,0.495155150582
1361,0.491727149705,0.503699694902
1362,0.561002210265,0.574879716091
1363,0.571031356987,0.585812075313
1364,0.516398120333,0.529831733197
1365,0.471096293739,0.482477746819
1366,0.511751254646,0.526112581053
1367,0.590398646117,0.606676326143
1368,0.600866882122,0.617880853101
1369,0.526589343906,0.541370900895
1370,0.479149328668,0.491429165847
1371,0.527850672675,0.542948985058
1372,0.611472725301,0.628055084101
1373,0.621734292327,0.639011457146
1374,0.54513873118,0.560394339199
1375,0.487011020126,0.500031000688
1376,0.545139235793,0.561319467967
1377,0.634901049943,0.652595020959
1378,0.641683291704,0.658987227085
1379,0.54842976501,0.563456565107
1380,0.46447573308,0.477746490608
1381,0.560066412615,0.577331055775
1382,0.659375968145,0.67891324237
1383,0.663238561346,0.681809425432
1384,0.559261017823,0.574603007585
1385,0.469834148111,0.482944352989
1386,0.565754985213,0.581645177047
1387,0.675645983985,0.6950580382
1388,0.664497610085,0.679332290955
1389,0.572158239618,0.588347813597
1390,0.473759575944,0.487257707764
1391,0.571949861293,0.587590505547
1392,0.690508485431,0.710940674259
1393,0.702371687467,0.724679298459
1394,0.589710078089,0.609057705564
1395,0.480029451013,0.494463158138
1396,0.584141791816,0.601620315776
1397,0.704657070795,0.726416400889
1398,0.71457974724,0.737821742497
1399,0.594554923929,0.614030489466
1400,0.48804219074,0.503797727836
1401,0.591775139287,0.610238067892
1402,0.712879170776,0.734918421973
1403,0.713583428182,0.735621053176
1404,0.594771012685,0.613824421998
1405,0.68879369811,0.708632280452
1406,0.687508133638,0.707096123102
1407,0.68575744234,0.70501975467
1408,0.684022277838,0.703006366668
1409,0.683639085142,0.702658546275
1410,0.684705860527,0.704192161805
1411,0.685973564724,0.706059877077
1412,0.687524690464,0.70815143964
1413,0.687805198911,0.70883637964
1414,0.686241445832,0.707217427417
1415,0.682953793682,0.703599110987
1416,0.679247598046,0.699587249438
1417,0.676743519594,0.697015201317
1418,0.674710150318,0.694972574842
1419,0.672392694201,0.692594083301
1420,0.669734243502,0.689876726539
1421,0.657101154236,0.674071005906
1422,0.659355930375,0.677952564312
1423,0.657631041087,0.676491651801
1424,0.652974328133,0.67135824058
1425,0.648937220908,0.667227497356
1426,0.644128774471,0.662230806677
1427,0.639852608996,0.657774598833
1428,0.635601172221,0.653222639671
1429,0.640380483331,0.658476689412
1430,0.627481734068,0.644678080622
1431,0.622066289798,0.638927143588
1432,0.617068873488,0.633365261032
1433,0.611542278926,0.627280983895
1434,0.626683478012,0.644036792323
1435,0.60434404725,0.620007374395
1436,0.600191244528,0.616053431526
1437,0.597478138482,0.613550044154
1438,0.593804207349,0.610044608732
1439,0.606439745757,0.623684566094
1440,0.586252857628,0.602354065374
1441,0.581499407189,0.597452164879
1442,0.577466625,0.593307540189
1443,0.574346181065,0.590587809514
1444,0.581170671746,0.59716357766
1445,0.568444521258,0.583769243551
1446,0.55692045454,0.5718481401
1447,0.551443869683,0.565875593854
1448,0.544963460569,0.558743733546
1449,0.55294339665,0.565765225188
1450,0.538072132901,0.550421442076
1451,0.527243479102,0.538945957384
1452,0.522013274863,0.533227368096
1453,0.516694828827,0.527404616036
1454,0.523486961058,0.533427694244
1455,0.511058335122,0.520684691571
1456,0.501199450698,0.510351040668
1457,0.495951823977,0.504856058608
1458,0.494024748661,0.502904904978
1459,0.50217555255,0.5111185644
1460,0.49547619493,0.504808758275
1461,0.488309821856,0.497955990927
1462,0.485498582011,0.495356095197
1463,0.48795975083,0.497872832406
1464,0.491744662015,0.501532344045
1465,0.487808775029,0.497511792115
1466,0.479800486342,0.489371064685
1467,0.475564254846,0.485068190408
1468,0.478184739584,0.487743498888
1469,0.483215382877,0.492812810632
1470,0.481427416508,0.491150596878
1471,0.475432214446,0.485283010095
1472,0.474211132259,0.484112221963
1473,0.478391224547,0.488234936031
1474,0.481575701364,0.491387122072
1475,0.47769049965,0.487543293417
1476,0.473069008774,0.482996669363
1477,0.474096327576,0.483949985964
1478,0.479690853519,0.489441499658
1479,0.4831968391,0.492799454554
1480,0.481729793394,0.491389274809
1481,0.475727586807,0.485256123793
1482,0.478218910091,0.487820706213
1483,0.485160238022,0.494901180654
1484,0.489657999605,0.499496337631
1485,0.484479729657,0.494473916203
1486,0.485370624687,0.495211442445
1487,0.488323104368,0.497965763524
1488,0.495554616839,0.504869033975
1489,0.501906605436,0.510869617743
1490,0.493883776285,0.502762348107
1491,0.496080409142,0.504974563191
1492,0.50112503051,0.510274110656
1493,0.511134843673,0.520761001487
1494,0.523333567744,0.53328662893
1495,0.516541582648,0.527260895965
1496,0.52212767245,0.533341222277
1497,0.526893419402,0.538581140548
1498,0.537889187313,0.550245402872
1499,0.552883393438,0.565688563711
1500,0.544859436875,0.558635971262
1501,0.551076308406,0.565529489001
1502,0.557084255937,0.572020113168
1503,0.564701737291,0.580043258129
1504,0.580438708781,0.596253753527
1505,0.574380842582,0.590619078543
1506,0.577354376505,0.593214244436
1507,0.581580309943,0.597507682462
1508,0.586288609597,0.60237740311
1509,0.606454078658,0.623696164197
1510,0.594089599819,0.610349021687
1511,0.597219974624,0.613290225633
1512,0.600311732463,0.616179268873
1513,0.607449242996,0.623380260092
1514,0.626768936427,0.644140959115
1515,0.611910486446,0.62767582526
1516,0.616882490088,0.633168844642
1517,0.621950920639,0.638813859721
1518,0.627354466476,0.644537679643
1519,0.634583588874,0.652275401255
1520,0.635363908133,0.652998775606
1521,0.640015463505,0.657915959707
1522,0.644194665927,0.662275051851
1523,0.649074524013,0.667355381161
1524,0.655347807353,0.673820405905
1525,0.657673906919,0.67650795949
1526,0.659201523171,0.677814358435
1527,0.657334448953,0.674348060367
1528,0.669664220809,0.689805032426
1529,0.671955971256,0.692151949519
1530,0.674554173546,0.69481546627
1531,0.676976530511,0.697261916141
1532,0.67972494466,0.700113014288
1533,0.682862241596,0.703545889583
1534,0.686389467395,0.707386925146
1535,0.688049191861,0.709091862716
1536,0.687388845429,0.707984941646
1537,0.685785529893,0.705878506662
1538,0.684839241841,0.704344269816
1539,0.683746932739,0.702794698222
1540,0.684143816562,0.703115207111
1541,0.68595846676,0.705212925518
1542,0.687287602384,0.70686490718
1543,0.688902385487,0.708733781661
1544,0.687570191302,0.706755189464
1545,0.687314289638,0.706440446144
1546,0.686283234125,0.705192282311
1547,0.685025876652,0.703708890481
1548,0.684219645314,0.702841621062
1549,0.684791068229,0.703814967056
1550,0.685979021568,0.705527250337
1551,0.687368367535,0.707507169225
1552,0.687368106215,0.707889144828
1553,0.686745055962,0.70751003641
1554,0.683775434777,0.704324612013
1555,0.680467276991,0.700660571299
1556,0.67741050431,0.697294360894
1557,0.674850894859,0.694546126889
1558,0.672019391035,0.691544076618
1559,0.669777522751,0.689207119218
1560,0.661601127148,0.679062379618
1561,0.648267690373,0.663185883617
1562,0.660095170816,0.678851364022
1563,0.655181144182,0.67346183866
1564,0.650590177629,0.668589900223
1565,0.646149121447,0.664067681086
1566,0.642310212742,0.660154025648
1567,0.638186358079,0.655905790677
1568,0.634014174785,0.651552346248
1569,0.639334451109,0.657082470608
1570,0.624887803669,0.641753827595
1571,0.619763313675,0.636089258077
1572,0.614313903819,0.630105878972
1573,0.608863318345,0.624207377926
1574,0.612880030229,0.628583316819
1575,0.600300783191,0.615725563948
1576,0.596513164288,0.612070747245
1577,0.592924038292,0.608604709753
1578,0.589658096056,0.605460125557
1579,0.593972908524,0.610285788912
1580,0.581703986778,0.597363802886
1581,0.577346583826,0.592929393047
1582,0.572363742735,0.587838391291
1583,0.567428823742,0.58270331816
1584,0.569001799514,0.58446404172
1585,0.562662796164,0.577750677904
1586,0.550563071183,0.564791341786
1587,0.544688651016,0.558334706998
1588,0.538577442988,0.551498692496
1589,0.539164552532,0.552030335804
1590,0.532610607973,0.544749422065
1591,0.521987350434,0.533167715536
1592,0.51699795896,0.527671380865
1593,0.511523193687,0.521689599823
1594,0.510846157966,0.520907043624
1595,0.504341077963,0.513806252873
1596,0.495930103319,0.504807721473
1597,0.492336764766,0.501118710005
1598,0.491191935493,0.500232241538
1599,0.490804976676,0.500227378009
1600,0.488491304166,0.498168931072
1601,0.48542933233,0.495212076475
1602,0.483840231401,0.493700641174
1603,0.483643409926,0.49356085169
1604,0.481480443506,0.491345707268
1605,0.478144401766,0.487617823664
1606,0.474247461671,0.48343509725
1607,0.472888291201,0.482154874115
1608,0.473472728032,0.482909678955
1609,0.473172628711,0.48272500132
1610,0.472469106391,0.482094715778
1611,0.471689595129,0.481359235422
1612,0.472619655827,0.482381255793
1613,0.473434427483,0.483244548885
1614,0.473356130985,0.483167843549
1615,0.472049922191,0.481823892961
1616,0.471639258806,0.481315783067
1617,0.472076952169,0.481663410854
1618,0.47316315792,0.482720522224
1619,0.474027116329,0.483444691628
1620,0.47391953747,0.483155546265
1621,0.474144310557,0.48334551697
1622,0.47706416519,0.486444125654
1623,0.481562357616,0.491393125454
1624,0.48158441528,0.491380992547
1625,0.487698048294,0.497689582463
1626,0.485967113872,0.495877736373
1627,0.488674502873,0.498330367253
1628,0.490801864282,0.500230126238
1629,0.491289962917,0.500332625748
1630,0.492349783951,0.50113649322
1631,0.495941011774,0.504808133038
1632,0.504502914921,0.513973994073
1633,0.510796385934,0.520845258369
1634,0.51161237545,0.521792240388
1635,0.51678405339,0.527451812076
1636,0.52228867945,0.533478993438
1637,0.532828788331,0.544949839203
1638,0.538945827862,0.551809476595
1639,0.538616757829,0.551547384095
1640,0.544736049087,0.558372890867
1641,0.550738995412,0.56498291953
1642,0.559009389595,0.573832222097
1643,0.56899990777,0.584464974172
1644,0.567248449774,0.582524163402
1645,0.572414698245,0.587877023715
1646,0.577456912089,0.593063218585
1647,0.581661758569,0.597325149832
1648,0.594067846104,0.610368496895
1649,0.589688332248,0.605505431238
1650,0.593159420753,0.608864861259
1651,0.596706711306,0.612261396087
1652,0.604434063763,0.62001347249
1653,0.612615942189,0.6283270186
1654,0.609015136309,0.624377241064
1655,0.614303038018,0.63008761426
1656,0.619783203852,0.636113317584
1657,0.625063664502,0.641940334203
1658,0.634159177032,0.651563321986
1659,0.634376666949,0.65187476154
1660,0.638150630354,0.655866614382
1661,0.641973174577,0.65979251571
1662,0.646269715237,0.664204642615
1663,0.655661430816,0.673935019541
1664,0.655080076057,0.673331826181
1665,0.659797257881,0.678569483003
1666,0.648343982623,0.663263198532
1667,0.661773339525,0.679224764418
1668,0.66960551348,0.689017640019
1669,0.672005135593,0.691526830843
1670,0.674970817459,0.694674601835
1671,0.677727382282,0.697642550641
1672,0.680631739276,0.700834216332
1673,0.683859062066,0.704388972039
1674,0.686830857986,0.707578373894
1675,0.687368827416,0.707902510232
1676,0.687299560477,0.707420482879
1677,0.685910521082,0.705453178895
1678,0.68466195311,0.703687245126
1679,0.684360141212,0.702971519738
1680,0.685317397296,0.704018460459
1681,0.686329996685,0.705247695786
1682,0.687088841612,0.706180532143
1683,0.679440043676,0.69801981777
1684,0.679272218239,0.697829489884
1685,0.678040287369,0.696356467204
1686,0.676757077591,0.694912097254
1687,0.67712881162,0.695587983742
1688,0.677777394739,0.6966894841
1689,0.679119160059,0.698572863453
1690,0.679937072661,0.69991173662
1691,0.679844387802,0.700158114165
1692,0.678132233676,0.698527786106
1693,0.67498508028,0.695023150446
1694,0.671573300089,0.691247761774
1695,0.668966794871,0.688427007137
1696,0.666561969211,0.685878649686
1697,0.664266403718,0.683514759985
1698,0.661927116265,0.681130189394
1699,0.653264047486,0.670247342968
1700,0.655796753261,0.674544634407
1701,0.65215009869,0.670575685664
1702,0.64725471429,0.665225615867
1703,0.643347552716,0.661259804186
1704,0.639225977944,0.657007746802
1705,0.635095550762,0.652766142088
1706,0.631422361399,0.64892094439
1707,0.62716930618,0.64441165006
1708,0.622724041023,0.639630980364
1709,0.617230549047,0.63357649876
1710,0.612053322207,0.62793834282
1711,0.606780226737,0.62220302075
1712,0.601029883371,0.616070770014
1713,0.596998981961,0.61200290728
1714,0.593006467246,0.608139626373
1715,0.588835518528,0.604062133299
1716,0.585769481125,0.601108031828
1717,0.582657515249,0.598106831753
1718,0.578767670615,0.594148449626
1719,0.574207543668,0.589437549016
1720,0.569521661878,0.584654668844
1721,0.564599821673,0.579433986444
1722,0.559425372178,0.573942408371
1723,0.553912721169,0.568193997489
1724,0.548770912031,0.562754061176
1725,0.543181104161,0.556739335615
1726,0.537985010118,0.550981057276
1727,0.532002002872,0.544319629319
1728,0.526688303088,0.538444549865
1729,0.521527677609,0.532742365391
1730,0.51623185315,0.52694695947
1731,0.511023286632,0.521231733965
1732,0.505731921925,0.515500686355
1733,0.500914204423,0.510259836834
1734,0.496148240487,0.505097791926
1735,0.491975939949,0.500702958346
1736,0.489143302608,0.497977002709
1737,0.487500351823,0.496684588257
1738,0.485807972817,0.495263378731
1739,0.484410467997,0.494079811974
1740,0.482453040796,0.492162755858
1741,0.480568593813,0.490263607507
1742,0.481566613067,0.49109451152
1743,0.475187995569,0.484386174099
1744,0.472713920055,0.481721555693
1745,0.471418543613,0.480413209979
1746,0.470105057224,0.479113707379
1747,0.469158844817,0.47817772732
1748,0.468895790443,0.478035650586
1749,0.469294013491,0.478622765783
1750,0.469674532528,0.479164306804
1751,0.470517524293,0.480124787375
1752,0.470832956438,0.480522168593
1753,0.470196599985,0.479800018184
1754,0.469674412311,0.479158815358
1755,0.469186113713,0.478495264821
1756,0.46888604272,0.478023227217
1757,0.469280623242,0.478310595797
1758,0.471071172625,0.480117395567
1759,0.471218526245,0.480210283137
1760,0.472761497442,0.481778692594
1761,0.47512253426,0.484282479724
1762,0.477939366557,0.487368789085
1763,0.480674779118,0.490316075083
1764,0.483364242645,0.493093970784
1765,0.484368474113,0.494020070401
1766,0.485929478297,0.495391943817
1767,0.491543976406,0.500833940268
1768,0.489964357892,0.498990479144
1769,0.491900271582,0.500623227215
1770,0.495934611598,0.504881062635
1771,0.500879472426,0.51023877296
1772,0.505924201088,0.515680827434
1773,0.511020092033,0.521230246562
1774,0.516458521451,0.52717558934
1775,0.521448340999,0.532661248836
1776,0.526444839814,0.538176273166
1777,0.53205052874,0.544363779207
1778,0.538088495891,0.551065279864
1779,0.543390800108,0.556902844624
1780,0.548793847169,0.562772023554
1781,0.553958930967,0.56823484774
1782,0.559063280827,0.573572323061
1783,0.564613651893,0.579447468831
1784,0.569762682252,0.584895229962
1785,0.574366047988,0.589611242551
1786,0.578575108977,0.593943890358
1787,0.582473879486,0.597903193919
1788,0.58577805094,0.601096494421
1789,0.589197148554,0.604421396908
1790,0.592990220635,0.608109250748
1791,0.596622529495,0.611632193739
1792,0.601483959535,0.616535987327
1793,0.606806405743,0.622232363452
1794,0.612040012643,0.627907982179
1795,0.617261297272,0.6336162536
1796,0.622578069623,0.639470913691
1797,0.627193378001,0.644413161197
1798,0.631406959894,0.648926897459
1799,0.634842943972,0.652497343043
1800,0.639001394313,0.656798260872
1801,0.643364283976,0.66129019232
1802,0.647032975754,0.665024958202
1803,0.651858423442,0.670264382876
1804,0.65561769522,0.674374063633
1805,0.652811981494,0.669772385535
1806,0.661658523057,0.680824130794
1807,0.664018435192,0.683236071178
1808,0.666700634921,0.686030761949
1809,0.669104396114,0.688561077367
1810,0.671928045993,0.691635129396
1811,0.674924354713,0.69496860209
1812,0.678217805292,0.698584218269
1813,0.679760988532,0.700052413193
1814,0.679863766506,0.699832949498
1815,0.679315414781,0.69878107424
1816,0.677733745811,0.696643657284
1817,0.67712381903,0.695566579691
1818,0.676847286187,0.694997779213
1819,0.677936961038,0.696243379639
1820,0.678998895808,0.697502140263
1821,0.679773275089,0.698356168268
1822,0.659602533012,0.677502433291
1823,0.659458275744,0.677367471146
1824,0.658872412136,0.676699323521
1825,0.657686148836,0.675336041785
1826,0.658082382172,0.675976628676
1827,0.658229904061,0.676478654657
1828,0.659327600569,0.67801611367
1829,0.660124599116,0.679267370593
1830,0.660630007981,0.680172062192
1831,0.660090382636,0.679816839425
1832,0.657916699582,0.677632163378
1833,0.655238649537,0.674618119408
1834,0.652302848203,0.671350779009
1835,0.649763803873,0.668632859241
1836,0.647436357736,0.666193372742
1837,0.645724981172,0.664453716718
1838,0.638180696532,0.655084200221
1839,0.639105626879,0.657142801172
1840,0.637702007523,0.655926140423
1841,0.633692155331,0.651528292621
1842,0.630020468797,0.647699614568
1843,0.626554235145,0.644157471984
1844,0.622898890172,0.640408783784
1845,0.618976563175,0.636282718078
1846,0.61517944204,0.632212317523
1847,0.61078335361,0.627466479245
1848,0.606397188273,0.622710680909
1849,0.601795301446,0.617680029407
1850,0.596931595271,0.612390484829
1851,0.59218028067,0.607216391332
1852,0.587199679207,0.601841615841
1853,0.582690442892,0.597228928495
1854,0.579286101771,0.593954241582
1855,0.575973749578,0.590613682286
1856,0.572236738848,0.586858206881
1857,0.569692166548,0.584502345273
1858,0.565855657971,0.580570903481
1859,0.562257876277,0.576958357609
1860,0.557861438118,0.572452633567
1861,0.553102815733,0.567535391098
1862,0.5487931016,0.56304949736
1863,0.544155990149,0.558256732425
1864,0.538935610355,0.55258192031
1865,0.534263190998,0.547506799971
1866,0.529512745218,0.542397147963
1867,0.523966697871,0.536189372691
1868,0.523554548624,0.53520416325
1869,0.513027773962,0.523983150685
1870,0.5075625609,0.517900852808
1871,0.502158836759,0.511966643145
1872,0.497610608453,0.506983980392
1873,0.493813660507,0.50296394052
1874,0.493611141654,0.502413741102
1875,0.486395415918,0.495116128491
1876,0.48458526308,0.493585047375
1877,0.48367085831,0.493091969193
1878,0.485757673925,0.495350015926
1879,0.480085909376,0.489704192493
1880,0.478172018806,0.487822216639
1881,0.476675101038,0.48627940725
1882,0.478079917059,0.487551356761
1883,0.472829897209,0.482323941989
1884,0.470949358786,0.480361574536
1885,0.46960136828,0.47889865943
1886,0.468103321072,0.477276886407
1887,0.467709780528,0.476971788975
1888,0.466303976358,0.475270194553
1889,0.467286565027,0.476698164184
1890,0.467555578703,0.477041501025
1891,0.467979410296,0.477523633336
1892,0.467943572197,0.477481241693
1893,0.467341810988,0.476853117758
1894,0.467380882448,0.476786315982
1895,0.466014443629,0.474950016325
1896,0.467675399017,0.476946043641
1897,0.467859645585,0.476995838015
1898,0.469612497807,0.478915871213
1899,0.471211454133,0.480615325948
1900,0.472769682039,0.482247919562
1901,0.474129531664,0.483525763041
1902,0.476378824093,0.485982721743
1903,0.480563306569,0.490263581861
1904,0.484329410784,0.494053913389
1905,0.482116324196,0.49170563214
1906,0.487686620142,0.497068376378
1907,0.485661241327,0.494803702096
1908,0.486450148038,0.495179092179
1909,0.489271909427,0.49798312606
1910,0.493227250441,0.502232962929
1911,0.497456967436,0.506826403227
1912,0.502172351406,0.511987836873
1913,0.507321822921,0.517650414681
1914,0.512791936129,0.523743171063
1915,0.518143116697,0.529662910475
1916,0.523379262395,0.535542997729
1917,0.529471344414,0.542358737321
1918,0.534277277929,0.547542313372
1919,0.538955361101,0.552611573714
1920,0.544263585639,0.558370925786
1921,0.548766772991,0.563045650386
1922,0.553516108287,0.567945625279
1923,0.55774990231,0.572323558904
1924,0.562264090364,0.576970610568
1925,0.566261577704,0.580994235721
1926,0.569694479515,0.584489901533
1927,0.572503476717,0.587135452523
1928,0.575852925497,0.590493904098
1929,0.579243122629,0.593899304782
1930,0.582713532177,0.597238444974
1931,0.587345578197,0.60198636381
1932,0.59198958814,0.607009871832
1933,0.597044392497,0.612521299176
1934,0.601631973112,0.617537369335
1935,0.606391592123,0.622708941944
1936,0.610758370492,0.627440799522
1937,0.614879173295,0.631913911217
1938,0.618902091101,0.636217770885
1939,0.632358392053,0.650065860113
1940,0.62731209514,0.645025438527
1941,0.630036287063,0.647686929941
1942,0.633815903504,0.651643376816
1943,0.637567235761,0.655780512186
1944,0.639059050593,0.657104725273
1945,0.637972705609,0.654840625326
1946,0.645813844621,0.664532182036
1947,0.647569813319,0.666341952465
1948,0.65000005312,0.668886658623
1949,0.652349845816,0.67137120225
1950,0.65520910819,0.674587527892
1951,0.657981991642,0.677691352618
1952,0.659839387888,0.679572489946
1953,0.660585343747,0.680129478966
1954,0.660292400637,0.679455336292
1955,0.659342272023,0.678044077499
1956,0.658255366554,0.676497378781
1957,0.657909350007,0.675758071797
1958,0.658131447658,0.675781147648
1959,0.658716637361,0.67655076139
1960,0.659503212042,0.677406752477
1961,0.410344269599,0.423481376637
1962,0.507201077209,0.523460237399
1963,0.619119347268,0.638124977442
1964,0.69532091081,0.716232519722
1965,0.64136138631,0.661080270455
1966,0.528019272853,0.544636659259
1967,0.41702654339,0.430479173404
1968,0.483675506919,0.499533842647
1969,0.596628890975,0.615686955689
1970,0.687887113906,0.709304577112
1971,0.654004360719,0.673806817414
1972,0.542849404354,0.559117713984
1973,0.425989284542,0.438704516866
1974,0.455331635806,0.470269564814
1975,0.570567993717,0.58926274776
1976,0.663356678578,0.68342021155
1977,0.655354826324,0.674258710855
1978,0.556256455649,0.571934980853
1979,0.441843433899,0.45414476986
1980,0.426850860838,0.439657629524
1981,0.536204297743,0.552625554256
1982,0.632536325064,0.650658414952
1983,0.651005218089,0.669318691337
1984,0.56948707782,0.585603062334
1985,0.462325644596,0.476487720521
1986,0.423918957471,0.435123380961
1987,0.500549298208,0.514553932427
1988,0.598349418813,0.615170941501
1989,0.638664715652,0.656624081548
1990,0.580434825081,0.597963554156
1991,0.477617193329,0.492812061051
1992,0.426425839959,0.436085240248
1993,0.484254877072,0.497926125588
1994,0.564943484543,0.580641114504
1995,0.613232746757,0.628872039029
1996,0.573943998088,0.589391100156
1997,0.483737770592,0.497860744571
1998,0.418662576193,0.427525593499
1999,0.475027422362,0.488373329272
2000,0.537213557431,0.552858603832
2001,0.592995807235,0.60921250429
2002,0.570568145515,0.586232135675
2003,0.488540530549,0.50298061712
2004,0.405261446623,0.415813095286
2005,0.464696223649,0.476426589911
2006,0.524164922237,0.539183677263
2007,0.566707895351,0.582231108864
2008,0.558268351792,0.573372243392
2009,0.486547549612,0.499953392568
2010,0.409529696761,0.419931282921
2011,0.463025983054,0.472218547089
2012,0.486263857892,0.498183440788
2013,0.527853229014,0.539897107118
2014,0.533009536888,0.544659576994
2015,0.479179434438,0.490344781731
2016,0.424053765821,0.433242977242
2017,0.441848261188,0.45016410272
2018,0.466015418995,0.475943682508
2019,0.495577884975,0.504932181664
2020,0.506218445394,0.515274608398
2021,0.469798164447,0.479828334292
2022,0.418434303458,0.427754046162
2023,0.443326157131,0.450878748316
2024,0.449644053937,0.458031158318
2025,0.471126069007,0.47935940855
2026,0.485965191147,0.494319629215
2027,0.467446437868,0.477888521192
2028,0.426401783899,0.435714649264
2029,0.415632647739,0.421780336334
2030,0.456773758026,0.465590683417
2031,0.463836219482,0.47293567097
2032,0.477488247273,0.486281153837
2033,0.458145213385,0.467348709486
2034,0.418424031146,0.427797182311
2035,0.415943633442,0.422337663855
2036,0.4431642279,0.45183178584
2037,0.453725219907,0.463311562161
2038,0.47042551598,0.479674587421
2039,0.455342069103,0.464717801468
2040,0.432657448647,0.441493643655
2041,0.413912323614,0.420260786533
2042,0.435150647399,0.443620448085
2043,0.451638038691,0.460879594663
2044,0.469430347995,0.478848650466
2045,0.451806013567,0.461059204395
2046,0.435019569883,0.443484765867
2047,0.413913629899,0.420264572748
2048,0.432692232492,0.441528883472
2049,0.451892170667,0.461117567472
2050,0.470355303383,0.479619654458
2051,0.456863956151,0.466523035814
2052,0.443218830692,0.451888001963
2053,0.415975604884,0.422378063947
2054,0.418392902451,0.427770375072
2055,0.455608843801,0.464786392347
2056,0.476180579075,0.484898962691
2057,0.47164159406,0.480961459748
2058,0.457588731056,0.466609583656
2059,0.430842755511,0.43751633713
2060,0.419449403005,0.428766926408
2061,0.466506155181,0.476755233235
2062,0.486567869925,0.494792492199
2063,0.474871766619,0.483166703447
2064,0.450403443198,0.459010236101
2065,0.424511677501,0.431417460002
2066,0.418213594816,0.427543569451
2067,0.470017156584,0.480059899256
2068,0.506191559797,0.515221297511
2069,0.495639224816,0.504990735329
2070,0.466077740919,0.476010312534
2071,0.441927406947,0.450249072599
2072,0.413966011617,0.423014913082
2073,0.479092252684,0.490283417031
2074,0.532698889879,0.544335060495
2075,0.527607123054,0.539669350842
2076,0.486078554437,0.498011624573
2077,0.46279756973,0.471991900398
2078,0.40969390728,0.420126138946
2079,0.486531236844,0.499959326171
2080,0.558343567837,0.573454102433
2081,0.566576434657,0.582105999931
2082,0.511935962035,0.526488772617
2083,0.464693823613,0.476428637731
2084,0.405192224182,0.415743386146
2085,0.488487557293,0.502931293678
2086,0.570230897631,0.585897017179
2087,0.593002717164,0.609220718179
2088,0.537409820123,0.553081309647
2089,0.465300368775,0.478374383744
2090,0.418555897786,0.427419099644
2091,0.483712212292,0.497821418453
2092,0.57416098802,0.58963407498
2093,0.613265815784,0.628909947551
2094,0.564482572958,0.580157053053
2095,0.484205549457,0.497881330879
2096,0.426003469932,0.435654124118
2097,0.47780962873,0.492993006344
2098,0.580526722991,0.5980861605
2099,0.638852899193,0.656833779415
2100,0.598220033408,0.615043686061
2101,0.510063404403,0.524451701127
2102,0.414159346816,0.425651944316
2103,0.460715559529,0.474532447997
2104,0.56935213468,0.585486653125
2105,0.650986283627,0.669285545369
2106,0.632734225003,0.650873256917
2107,0.536195988003,0.552623591697
2108,0.426920809292,0.439714872463
2109,0.441927799685,0.454248111293
2110,0.55619438149,0.571811748086
2111,0.654763497406,0.673662835448
2112,0.663393724229,0.68340686884
2113,0.570568353626,0.589259033277
2114,0.454984577677,0.469906441881
2115,0.426140692014,0.438876231347
2116,0.543005370404,0.559279249865
2117,0.653958374465,0.673771056252
2118,0.687565632967,0.708935616741
2119,0.596687872912,0.615752382961
2120,0.483733433762,0.499584970867
2121,0.417178444399,0.430627005897
2122,0.528226146061,0.544831928981
2123,0.641378567551,0.661107413318
2124,0.695275162782,0.716142957635
2125,0.619259289057,0.63827749049
2126,0.507422602338,0.523712569394
2127,0.691925508963,0.713327628478
2128,0.689503899986,0.7107629237
2129,0.687932946798,0.708859058279
2130,0.687340009534,0.708195173368
2131,0.686691040272,0.707533265083
2132,0.688115431563,0.709108744102
2133,0.688846416526,0.710196615449
2134,0.687808776109,0.709364954138
2135,0.686835805968,0.708579076928
2136,0.68715025742,0.709096675477
2137,0.686700873441,0.708848859232
2138,0.68563074423,0.70765395811
2139,0.682950680578,0.704718644587
2140,0.678918943932,0.700324530929
2141,0.673499600362,0.694257716508
2142,0.671517249899,0.692159128
2143,0.670489994181,0.691191450822
2144,0.668691767909,0.689385964589
2145,0.668923482646,0.689630807778
2146,0.655441107455,0.672891479882
2147,0.657540078642,0.677322032251
2148,0.654402086003,0.673767550167
2149,0.652133239266,0.67121578623
2150,0.64864544702,0.667494026613
2151,0.664196805854,0.684065900748
2152,0.644381476131,0.663164828544
2153,0.636040323443,0.654503368834
2154,0.632490675944,0.650847455934
2155,0.631364761002,0.649828762113
2156,0.627906624539,0.646227782858
2157,0.65201693305,0.672597061735
2158,0.630244916225,0.648732898789
2159,0.61421009521,0.631540213664
2160,0.608708590158,0.625455466612
2161,0.606611548611,0.623198142675
2162,0.603285992114,0.619795498495
2163,0.627505834599,0.646890963494
2164,0.613506839737,0.631594261398
2165,0.592496069215,0.6092144378
2166,0.587504876578,0.604139367494
2167,0.586044048896,0.6027725234
2168,0.582958816712,0.59975539352
2169,0.592869187584,0.610321163513
2170,0.592332006705,0.609660453306
2171,0.575963923981,0.592475734529
2172,0.564383451103,0.580355908031
2173,0.562112089159,0.578071592424
2174,0.558518292517,0.574580984924
2175,0.560754146978,0.576342476546
2176,0.562531735486,0.577488717422
2177,0.545784100944,0.560151095181
2178,0.533217693834,0.546725123157
2179,0.52923848991,0.5422508489
2180,0.52494866608,0.537521037351
2181,0.52881340496,0.540704516687
2182,0.528362721038,0.539598691955
2183,0.516382527447,0.527290359862
2184,0.504072000965,0.514354023681
2185,0.500195050887,0.510162614743
2186,0.496452295249,0.506112420573
2187,0.499542081276,0.508632131454
2188,0.499250701825,0.507728262625
2189,0.491429666969,0.499718623741
2190,0.479872059622,0.488174633301
2191,0.476683063706,0.485213689659
2192,0.47680270734,0.485611585313
2193,0.481604039277,0.490486985588
2194,0.485157500935,0.494107638381
2195,0.483474797206,0.492662056077
2196,0.474871262693,0.484463317176
2197,0.470504294145,0.480299561562
2198,0.469732485061,0.47988933988
2199,0.469768364408,0.479919952139
2200,0.471537028963,0.481292740051
2201,0.476799360492,0.486352841812
2202,0.483353497808,0.492542959838
2203,0.485301721633,0.494246334507
2204,0.481043089128,0.489948396888
2205,0.475453814348,0.484277295828
2206,0.477099223525,0.485622079399
2207,0.481044345099,0.489332982441
2208,0.491478957369,0.499762194565
2209,0.499314328046,0.507798050278
2210,0.499566974856,0.508642123549
2211,0.496450719346,0.506116430909
2212,0.500371726268,0.510330888656
2213,0.503867962966,0.514174484689
2214,0.516485410417,0.527398877306
2215,0.528473969466,0.539697183102
2216,0.528732007567,0.540646626311
2217,0.52514116645,0.537716035944
2218,0.529525300632,0.54255073489
2219,0.533343471617,0.546863906541
2220,0.545600773167,0.559980773469
2221,0.562603422163,0.577563558538
2222,0.561018391309,0.576631631995
2223,0.558806037228,0.574861586484
2224,0.561999014258,0.5779768383
2225,0.564413857473,0.580393023414
2226,0.57207217996,0.588431291466
2227,0.592309032341,0.609568003138
2228,0.592755150055,0.610213166786
2229,0.583013989576,0.599839714954
2230,0.586006871988,0.602722557829
2231,0.587565820524,0.604222783519
2232,0.592243095337,0.608958364932
2233,0.60944029198,0.627151456853
2234,0.627812486778,0.647186117398
2235,0.603101312311,0.619605341026
2236,0.606555009229,0.623156297435
2237,0.608895264635,0.625628339692
2238,0.614423473368,0.631762866971
2239,0.629978193315,0.648458981385
2240,0.651732104184,0.672278464504
2241,0.628515805324,0.646840589658
2242,0.631218644272,0.649663890044
2243,0.632753894248,0.651087608884
2244,0.637244293705,0.655812913134
2245,0.643562841277,0.66234468489
2246,0.659106040928,0.678721919898
2247,0.64859023021,0.667462063204
2248,0.652188292532,0.67131334638
2249,0.654540282373,0.673891907986
2250,0.657455710746,0.677220794904
2251,0.65530127081,0.672761139497
2252,0.668548078533,0.689230453183
2253,0.669042756487,0.68973578253
2254,0.670502988047,0.691185991141
2255,0.671604839804,0.692219296578
2256,0.673257382973,0.694018633094
2257,0.678836642661,0.700227381479
2258,0.682983646065,0.704752494818
2259,0.685544044993,0.70752961753
2260,0.68707374302,0.709216124326
2261,0.6870921595,0.709034091294
2262,0.68672110365,0.708434060311
2263,0.687724913915,0.709276569372
2264,0.688347517732,0.709701163902
2265,0.687987179293,0.708999141139
2266,0.68717717002,0.708011427915
2267,0.687529104628,0.708375195241
2268,0.688034566124,0.708992620331
2269,0.689687749371,0.710916776002
2270,0.691852489236,0.713273980509
2271,0.658549282022,0.677126118733
2272,0.658261030054,0.676808326687
2273,0.657602140118,0.675980135005
2274,0.656839233011,0.675069695648
2275,0.655983991069,0.674088978753
2276,0.655349037605,0.673391576262
2277,0.656215183014,0.674598853204
2278,0.656889832381,0.675629961668
2279,0.657726105807,0.676865870821
2280,0.657994432773,0.677430175645
2281,0.657582598133,0.677265642936
2282,0.655916824262,0.675642669943
2283,0.653020595891,0.67248805372
2284,0.650753169523,0.669928146172
2285,0.64851177561,0.667519370561
2286,0.646568378278,0.665447664288
2287,0.644598426132,0.663401096776
2288,0.643059410133,0.661810104714
2289,0.640984430845,0.659704609
2290,0.645179593841,0.663283340413
2291,0.636802208263,0.655377717911
2292,0.634054927299,0.652368096944
2293,0.630197536594,0.648099728103
2294,0.626002229236,0.643434150406
2295,0.62267141117,0.640011145127
2296,0.64746239001,0.666149475051
2297,0.616454501168,0.633632381536
2298,0.613346783622,0.630470823931
2299,0.610407535026,0.627402890719
2300,0.60697526787,0.623804392663
2301,0.603668977362,0.620249871409
2302,0.623036071,0.64045585914
2303,0.611988473079,0.628396434588
2304,0.590963863817,0.60634233859
2305,0.585886376024,0.600871082806
2306,0.582301950652,0.597110202157
2307,0.578937880019,0.593804791164
2308,0.596444780761,0.612299282693
2309,0.592954448264,0.608904029727
2310,0.569871835898,0.585063274901
2311,0.567410807256,0.582754780466
2312,0.564446035914,0.579797944976
2313,0.561296203596,0.576587733365
2314,0.576699635258,0.592787010808
2315,0.572331853071,0.588294755317
2316,0.563005863745,0.578467696674
2317,0.546659692204,0.561503205295
2318,0.542567449261,0.557239489402
2319,0.538295420809,0.552691162611
2320,0.548857608311,0.563810669958
2321,0.544646275442,0.559412798836
2322,0.534486164977,0.548301700543
2323,0.519247908499,0.53192831863
2324,0.514391628939,0.526508373191
2325,0.509315136058,0.520937596794
2326,0.517742614565,0.529819141958
2327,0.512610939001,0.52410198828
2328,0.507425538576,0.518480990677
2329,0.492155011402,0.502145089128
2330,0.491655663272,0.50120359193
2331,0.483075931793,0.492116324789
2332,0.487654659058,0.496781640106
2333,0.482938135862,0.491644614103
2334,0.491445003792,0.502988059779
2335,0.491202650105,0.502746844556
2336,0.482924622129,0.49163119733
2337,0.487564496999,0.496683842416
2338,0.487381407761,0.496529119351
2339,0.487604270577,0.497157980011
2340,0.49642687216,0.506448192374
2341,0.508005053874,0.519182805495
2342,0.512479256739,0.524026118409
2343,0.517791146113,0.529869450718
2344,0.509504357312,0.521113872612
2345,0.514088009291,0.526154574809
2346,0.519137248436,0.531771314254
2347,0.534549526373,0.548369935169
2348,0.544745166118,0.559460839157
2349,0.548944935457,0.56393149044
2350,0.538249542027,0.552641816392
2351,0.542692932841,0.557344196871
2352,0.547034035642,0.561891389919
2353,0.555347268157,0.570468933824
2354,0.572528216127,0.588500558402
2355,0.576330960893,0.592446851674
2356,0.561355743054,0.576677088017
2357,0.564682653607,0.580053735137
2358,0.567174203447,0.582498666004
2359,0.569957496348,0.585188186381
2360,0.592415913001,0.608258778583
2361,0.596419167664,0.612231701348
2362,0.578788814404,0.593631502691
2363,0.582206217576,0.597040691543
2364,0.586246703792,0.601301148757
2365,0.591038365665,0.606454202043
2366,0.611711832005,0.628106987814
2367,0.623383998914,0.640786313593
2368,0.603526462553,0.620091708746
2369,0.607165195848,0.623967562031
2370,0.610337627664,0.627307108761
2371,0.613360162071,0.63047382805
2372,0.616557910993,0.633743735579
2373,0.647505823194,0.66618892963
2374,0.622852862611,0.640175422429
2375,0.626103048625,0.643541976885
2376,0.630273644653,0.648159483526
2377,0.634084206163,0.652409179251
2378,0.637050423807,0.655643617618
2379,0.645369999809,0.66346313877
2380,0.640979518162,0.659690911491
2381,0.642953520009,0.661712991444
2382,0.644787507196,0.663581334744
2383,0.646836199681,0.665740090971
2384,0.648623409067,0.667649098991
2385,0.650888132748,0.670073888797
2386,0.653313464924,0.672770196594
2387,0.655909439143,0.675655008098
2388,0.657225537859,0.676887155864
2389,0.657570921741,0.677017576163
2390,0.657897756348,0.677035111404
2391,0.657100718805,0.675849462985
2392,0.656566139868,0.674958178316
2393,0.655608603238,0.673696410038
2394,0.655681432246,0.673736793598
2395,0.656873454377,0.675112122995
2396,0.6573094799,0.675686785798
2397,0.658400296964,0.676937448254
2398,0.593308073328,0.610649719408
2399,0.593264472516,0.610605375504
2400,0.592583062511,0.60980521048
2401,0.592042331436,0.609149271077
2402,0.60008824118,0.617290423702
2403,0.600250444123,0.617630653925
2404,0.591765685159,0.609192264122
2405,0.591544541775,0.609165915857
2406,0.591698368342,0.609529803944
2407,0.591109606043,0.609075790202
2408,0.590190118637,0.60819691455
2409,0.588247360067,0.606134266363
2410,0.586081750577,0.603648261209
2411,0.584578770311,0.601926651584
2412,0.591905699662,0.609338595539
2413,0.590226329827,0.607518391112
2414,0.580637659048,0.597768537536
2415,0.587700352218,0.604897913593
2416,0.578281867923,0.595408777537
2417,0.581395733597,0.597228272492
2418,0.574810515004,0.591679367003
2419,0.572398858388,0.588999070901
2420,0.572133176941,0.588951608342
2421,0.595074116158,0.611957992146
2422,0.573480556516,0.589849256947
2423,0.56336237394,0.57955424013
2424,0.5614279927,0.577586898415
2425,0.559105337655,0.575108898735
2426,0.556669643468,0.572454629316
2427,0.554236278261,0.569807811148
2428,0.558950365489,0.574338395287
2429,0.548734747306,0.563714017003
2430,0.552617663292,0.567390859856
2431,0.542213222246,0.556541641286
2432,0.538942679409,0.553035729766
2433,0.536354811779,0.550398168818
2434,0.540908484131,0.55509180727
2435,0.538833804278,0.55308523338
2436,0.536176100413,0.55046417054
2437,0.527740666456,0.541987281647
2438,0.53236355495,0.546787970041
2439,0.52979408316,0.544177837576
2440,0.527324343179,0.541621987494
2441,0.524391988289,0.538606446879
2442,0.521130674684,0.535217003374
2443,0.517725352233,0.531607915102
2444,0.527363448514,0.541220969056
2445,0.523179588827,0.536700408083
2446,0.519089726622,0.53229659211
2447,0.503687186241,0.516367308991
2448,0.511490144597,0.524063682941
2449,0.496896156077,0.508842297231
2450,0.505714259075,0.517952656535
2451,0.50105694753,0.512769410618
2452,0.496927378092,0.508145079411
2453,0.492362302047,0.502985292166
2454,0.483107044094,0.49439348192
2455,0.492898688242,0.504429920696
2456,0.492597809145,0.503373445066
2457,0.496997961011,0.508215978258
2458,0.49055201139,0.502031152758
2459,0.494116036011,0.506004151207
2460,0.496549616305,0.508483462906
2461,0.499929025486,0.512282511634
2462,0.515409904015,0.528371574739
2463,0.506830302869,0.519782782153
2464,0.510256602681,0.523465369642
2465,0.514055813803,0.527606888211
2466,0.517593526614,0.531448265058
2467,0.52082242807,0.534889347545
2468,0.517899788089,0.531986527459
2469,0.52081349503,0.535009470659
2470,0.529400455649,0.543748559119
2471,0.532317677438,0.546726673903
2472,0.527587843409,0.541822405909
2473,0.529562591453,0.543768275392
2474,0.531837433831,0.545995735323
2475,0.540973829451,0.555167834885
2476,0.543434521144,0.557570407171
2477,0.54650342407,0.56074916495
2478,0.549968956016,0.564476362184
2479,0.545394328031,0.560031974331
2480,0.54801186609,0.562971583827
2481,0.558948204725,0.574364129852
2482,0.562362700138,0.578079776147
2483,0.556803732834,0.572639496853
2484,0.567042455467,0.583189297035
2485,0.561796764958,0.57805945767
2486,0.571514016313,0.587854001432
2487,0.574524451657,0.591027243537
2488,0.594978892909,0.61187546242
2489,0.571834663308,0.588673092884
2490,0.57250431662,0.589091445052
2491,0.574691436986,0.591571058731
2492,0.581424367291,0.597275057807
2493,0.578209518021,0.595348970204
2494,0.578972275524,0.595998402685
2495,0.580484759814,0.597527317334
2496,0.581524395907,0.598590689488
2497,0.58305704839,0.600229720437
2498,0.613370528084,0.631298818286
2499,0.596060212344,0.613926213265
2500,0.588521979169,0.606396657853
2501,0.590339176079,0.608361614243
2502,0.600235970538,0.618389332302
2503,0.591700779576,0.609571352883
2504,0.59199268245,0.609626128209
2505,0.600407656809,0.61799722308
2506,0.591475007551,0.608700318763
2507,0.591162130149,0.608219135064
2508,0.591804269,0.608894649621
2509,0.592728563111,0.609989052285
2510,0.593169550698,0.610497698707
2511,0.593451409479,0.61078719576
2512,0.57505037465,0.591796107955
2513,0.575242629276,0.59196227098
2514,0.575104059277,0.591809401751
2515,0.574764514491,0.591361135374
2516,0.574670686275,0.591227375384
2517,0.575194894221,0.592035168956
2518,0.574960828495,0.591899069786
2519,0.574860960961,0.591809958371
2520,0.575166605663,0.592290653923
2521,0.574492177956,0.591760107203
2522,0.574043524308,0.591413327651
2523,0.573231835047,0.590647920746
2524,0.571576777637,0.588819797411
2525,0.569532404991,0.586467174272
2526,0.568048629719,0.58477172543
2527,0.567333058327,0.584112359172
2528,0.573537000914,0.590341822233
2529,0.564442194501,0.581018228168
2530,0.562779875227,0.579343193912
2531,0.562094156403,0.578714652086
2532,0.568124778212,0.584769611
2533,0.558209590724,0.574496050538
2534,0.557065948926,0.573372194501
2535,0.562623259314,0.578769287304
2536,0.553116396126,0.569234738151
2537,0.557858422189,0.573914941063
2538,0.548771068489,0.56469966648
2539,0.553700365591,0.569565074415
2540,0.551258546411,0.566907178005
2541,0.548638289307,0.564022305218
2542,0.54036165393,0.555584448004
2543,0.559409407633,0.574532288375
2544,0.5418841979,0.556689978542
2545,0.538474044678,0.552888582682
2546,0.550288398798,0.564572496637
2547,0.531998922272,0.545800977764
2548,0.523475506867,0.53720304585
2549,0.541630361105,0.55553303746
2550,0.518017981489,0.531363471731
2551,0.52080270235,0.533764201921
2552,0.532215569906,0.545421911913
2553,0.51301978539,0.526490655358
2554,0.529601146773,0.543350914807
2555,0.515396422649,0.529277888156
2556,0.512635628835,0.52638521157
2557,0.503644023049,0.517164796125
2558,0.501655239241,0.515034760213
2559,0.498458809457,0.51158575114
2560,0.495817219635,0.508752907327
2561,0.508751753641,0.521783930904
2562,0.494662083959,0.507214130551
2563,0.49114052676,0.503403944187
2564,0.489808931241,0.501974437473
2565,0.500122403386,0.512453009227
2566,0.50278019747,0.515293369947
2567,0.506124387048,0.518959318651
2568,0.498167805393,0.510993816353
2569,0.500113138459,0.513107753701
2570,0.515048227876,0.528447026822
2571,0.506616613652,0.52004670361
2572,0.503737080541,0.517225875939
2573,0.51254995719,0.526312427454
2574,0.508779864351,0.522465365898
2575,0.509635197332,0.522974821055
2576,0.518813071618,0.532353917249
2577,0.512868121887,0.525767348035
2578,0.534005878048,0.547168626018
2579,0.524034061303,0.537338234237
2580,0.526890533224,0.54039105305
2581,0.544537807162,0.558519403996
2582,0.548064465228,0.562284406019
2583,0.536465853483,0.550811536321
2584,0.539309126415,0.55386209576
2585,0.541096852505,0.555729826777
2586,0.543470617656,0.558363459862
2587,0.563232599583,0.578784567749
2588,0.542712538778,0.558202530745
2589,0.543879431392,0.559335090372
2590,0.546332706453,0.562091928298
2591,0.555652983981,0.571655682796
2592,0.550974892881,0.567054133622
2593,0.560031754308,0.576145762973
2594,0.563211220925,0.579525546742
2595,0.56484661426,0.581295646694
2596,0.559041443114,0.575512138912
2597,0.568301927904,0.584981237827
2598,0.562236832707,0.578857994426
2599,0.562720861441,0.579247616712
2600,0.571781890935,0.588502751977
2601,0.565623437421,0.582260323735
2602,0.566367192557,0.583014799299
2603,0.576739906586,0.593861748758
2604,0.570220232404,0.587285377325
2605,0.571753332532,0.58896694437
2606,0.57305894099,0.590474559672
2607,0.582828264962,0.600497152154
2608,0.574676432375,0.591961261734
2609,0.574663727955,0.591796393697
2610,0.575381912254,0.59247531669
2611,0.574473076662,0.591253308114
2612,0.574179828072,0.590747906445
2613,0.574011813645,0.59046828162
2614,0.57466070838,0.591259519019
2615,0.5754348294,0.59214582494
2616,0.575225342583,0.591973245779
2617,0.489454926987,0.505381927098
2618,0.549789149916,0.568229127012
2619,0.628272781859,0.649228916733
2620,0.697828720312,0.72117617734
2621,0.696253443731,0.719545289967
2622,0.628971818861,0.649958038863
2623,0.547045254818,0.56512078624
2624,0.488404187157,0.504246795238
2625,0.548964807567,0.567430047322
2626,0.626622635636,0.647640798298
2627,0.694630531032,0.717961612995
2628,0.686725586877,0.709360323719
2629,0.619028505964,0.639087571764
2630,0.536599576367,0.553530231097
2631,0.481561897777,0.496511789796
2632,0.543883932084,0.561881157037
2633,0.619568345368,0.640094340578
2634,0.684396258352,0.706397498998
2635,0.673744624446,0.694801293675
2636,0.60879867607,0.627171044176
2637,0.523855377191,0.538780630739
2638,0.480013978171,0.494217276527
2639,0.535549789312,0.552595953246
2640,0.612854968369,0.631742503899
2641,0.663299512926,0.683211829408
2642,0.65171503307,0.670929756202
2643,0.588450434007,0.605410594533
2644,0.53089228028,0.547397492262
2645,0.55419563385,0.569326981727
2646,0.533175300601,0.5487682167
2647,0.589958593779,0.607139297011
2648,0.645209533364,0.664327951585
2649,0.635811869755,0.655022743911
2650,0.581579310503,0.599713171178
2651,0.519601251903,0.535972173017
2652,0.546909423968,0.562003692381
2653,0.56912534014,0.586229471326
2654,0.583566416611,0.601112791054
2655,0.628887347103,0.647748654616
2656,0.614217246998,0.632908939667
2657,0.570483904688,0.5877239087
2658,0.502770265739,0.517658549149
2659,0.534116101784,0.54825704177
2660,0.531585595795,0.547186396849
2661,0.56457651329,0.581422433731
2662,0.604134330787,0.622108824118
2663,0.590594662787,0.608372026044
2664,0.54961193555,0.565939894964
2665,0.480919513551,0.49515201694
2666,0.571181412848,0.586709216973
2667,0.518151620345,0.532630980699
2668,0.548719335929,0.564750028305
2669,0.576269059822,0.592855919812
2670,0.56354187167,0.579736884981
2671,0.518204254354,0.533078489029
2672,0.52176942291,0.536724048428
2673,0.563711944087,0.57995034929
2674,0.576436604498,0.593011651796
2675,0.546578496782,0.562443879046
2676,0.508318573933,0.522420494716
2677,0.519165877512,0.532293491087
2678,0.488355834764,0.50270969526
2679,0.53857512836,0.554696144964
2680,0.590794840845,0.608236315182
2681,0.602398460777,0.620381817925
2682,0.567219155149,0.584171825339
2683,0.533772108437,0.54934055771
2684,0.59378699835,0.610658653969
2685,0.520043330182,0.535553441347
2686,0.563604848721,0.58085523065
2687,0.615583651294,0.63418082874
2688,0.625651307369,0.64428766753
2689,0.583366418721,0.600899043686
2690,0.525435591776,0.541016989329
2691,0.559174373995,0.575371109198
2692,0.509421493917,0.525342533741
2693,0.577226578117,0.595228898632
2694,0.637162869187,0.656565847347
2695,0.644209363377,0.663265106255
2696,0.598306915389,0.615876964616
2697,0.522691996879,0.538013081212
2698,0.579352069669,0.595219799101
2699,0.53085780601,0.547358734642
2700,0.593034018983,0.610167043569
2701,0.65150350291,0.670714002037
2702,0.663341770079,0.68321464599
2703,0.612937784556,0.631793971207
2704,0.535220517053,0.552296710174
2705,0.490032332843,0.504360194905
2706,0.535421581314,0.550973128126
2707,0.603163745001,0.621291086668
2708,0.669495354443,0.690196525985
2709,0.679570901769,0.701176948414
2710,0.631468105842,0.652784521218
2711,0.545011790325,0.563120490701
2712,0.486381756167,0.501400691637
2713,0.537345199976,0.554302368054
2714,0.624515435826,0.64486694193
2715,0.691804147567,0.714860716312
2716,0.69488646235,0.718238391948
2717,0.62646708232,0.647453460667
2718,0.549856009512,0.568368517891
2719,0.488039362255,0.503852047018
2720,0.546552709816,0.564598756381
2721,0.626610829178,0.647427229527
2722,0.696119286655,0.719421373462
2723,0.697885269614,0.721218466784
2724,0.628354093387,0.649347035994
2725,0.549598899213,0.568025271441
2726,0.666247579528,0.685820939344
2727,0.663362462914,0.682683518869
2728,0.658920048115,0.677779296958
2729,0.655926168369,0.674451205858
2730,0.657483466127,0.676060846296
2731,0.659299974557,0.677943705706
2732,0.661019640249,0.679876110912
2733,0.661842514174,0.681005082155
2734,0.659975867918,0.679332134621
2735,0.657134176972,0.676632908198
2736,0.656046525547,0.67564525552
2737,0.658818394995,0.678957756279
2738,0.66050156439,0.680883600914
2739,0.661389349454,0.681925525314
2740,0.65900342196,0.679394579608
2741,0.654466217122,0.674519817084
2742,0.648502261024,0.66794612242
2743,0.646380585247,0.665624045457
2744,0.650470720411,0.670245527117
2745,0.649020607773,0.668786573968
2746,0.650425709765,0.670412968025
2747,0.647556217014,0.66751560317
2748,0.641258109832,0.660745131328
2749,0.638494121088,0.657628197826
2750,0.631828082565,0.6503675347
2751,0.632234606719,0.650730928862
2752,0.631079635453,0.649348103519
2753,0.644713056633,0.663921537653
2754,0.627347625004,0.645306834214
2755,0.619613436156,0.637229321603
2756,0.611778157195,0.628932733283
2757,0.613509074863,0.630876447025
2758,0.612085820373,0.629567572648
2759,0.609574654536,0.626943285334
2760,0.627536698016,0.646789564495
2761,0.610835973469,0.628435587535
2762,0.599733685875,0.616480052727
2763,0.592995547336,0.609233601036
2764,0.590443194732,0.606373671906
2765,0.587641048654,0.603382598143
2766,0.583014833481,0.59831244225
2767,0.604477853422,0.62259298817
2768,0.579008089093,0.594705112776
2769,0.575464038672,0.591214461173
2770,0.568493690391,0.58417516245
2771,0.570134849525,0.586033593833
2772,0.568861224014,0.585042473574
2773,0.566389202436,0.582641509493
2774,0.581514534547,0.598953826193
2775,0.567855834842,0.584387894785
2776,0.567430476283,0.583955065894
2777,0.581366509669,0.598815576484
2778,0.566540528307,0.582804193744
2779,0.568365297692,0.584468804
2780,0.570997476058,0.587041872119
2781,0.570772836357,0.586550554335
2782,0.574605509363,0.590343503602
2783,0.586687208736,0.603121766882
2784,0.604668889476,0.622837424
2785,0.583161981511,0.598463079672
2786,0.587584460335,0.603335593674
2787,0.590499583761,0.606401210232
2788,0.592997519859,0.609243790933
2789,0.5976462697,0.614246637237
2790,0.604331332169,0.621332240529
2791,0.620931568212,0.639542750567
2792,0.609276118842,0.626650341841
2793,0.61093678861,0.628379550488
2794,0.609952091642,0.627121921705
2795,0.614969538027,0.632338405304
2796,0.617716299303,0.635189202986
2797,0.627657224238,0.645646234361
2798,0.644424763593,0.66360919369
2799,0.630996950449,0.649272943271
2800,0.634433684652,0.653070203715
2801,0.63217063867,0.650690853336
2802,0.638504352794,0.657654825347
2803,0.641412482768,0.660905426956
2804,0.648740028771,0.668768430182
2805,0.652966730567,0.673111150484
2806,0.64932422766,0.669167110454
2807,0.647949207181,0.667504743777
2808,0.646443461559,0.665683548173
2809,0.652110398876,0.671828711721
2810,0.654755442575,0.674838965655
2811,0.660865961536,0.681477568136
2812,0.662598599872,0.683210501952
2813,0.660455578229,0.680856485623
2814,0.661435568736,0.681777895229
2815,0.655850123909,0.675436773026
2816,0.657143034889,0.676621499596
2817,0.659669521093,0.679003285203
2818,0.661557206385,0.680710113103
2819,0.661225554572,0.680056938642
2820,0.659735885067,0.678374484997
2821,0.657399472812,0.675972069974
2822,0.655850207809,0.674348866494
2823,0.658699988507,0.67753901247
2824,0.663312857974,0.682674401445
2825,0.666091266845,0.685671178772
2826,0.522496673984,0.538747250419
2827,0.528926772517,0.545258395124
2828,0.542952182119,0.559455132945
2829,0.521721513808,0.537799068869
2830,0.542126396847,0.558428235739
2831,0.559166224802,0.575721016967
2832,0.526815861808,0.542776332834
2833,0.520985358099,0.536913420532
2834,0.520382095706,0.536380284854
2835,0.558712741887,0.575486822198
2836,0.519800861848,0.535940945269
2837,0.540422424252,0.556929960149
2838,0.539602363007,0.556143343581
2839,0.539270283737,0.555735170272
2840,0.57643103335,0.593436358032
2841,0.574352866795,0.591045953855
2842,0.536184655164,0.552333640934
2843,0.574116887462,0.591054717765
2844,0.5716952229,0.588287674679
2845,0.534382529679,0.550600962658
2846,0.572041757381,0.589183091017
2847,0.589163062354,0.606687205939
2848,0.549008804691,0.565593015964
2849,0.548726858644,0.565582051894
2850,0.568350731518,0.585580299831
2851,0.566509231908,0.583510815897
2852,0.564448655121,0.581245674827
2853,0.558128040986,0.573563781432
2854,0.624242824368,0.642828269827
2855,0.558726023803,0.575025861123
2856,0.556555915975,0.572621108637
2857,0.535133156397,0.550727373921
2858,0.552693546019,0.568349550945
2859,0.531745932418,0.546947304163
2860,0.546972463157,0.562034840357
2861,0.601062312473,0.618033006195
2862,0.565547071593,0.581115424147
2863,0.523241586914,0.537599040917
2864,0.538198295896,0.552525941345
2865,0.518705068458,0.532641254738
2866,0.532882993518,0.546785808175
2867,0.513715607131,0.527304380208
2868,0.574531746934,0.589595302455
2869,0.511674600175,0.525431837431
2870,0.525900349767,0.539859889459
2871,0.495658806929,0.509366574152
2872,0.50830002662,0.522136540758
2873,0.525780184769,0.539742794064
2874,0.5647906704,0.57965445787
2875,0.574915877995,0.590033421646
2876,0.513715203407,0.527315137905
2877,0.516396033728,0.530130208122
2878,0.535700704948,0.549801807627
2879,0.538113665594,0.552424064696
2880,0.523425208239,0.537789297235
2881,0.543292955848,0.558054631526
2882,0.568418859101,0.584546480336
2883,0.547251118703,0.562306583711
2884,0.531483127043,0.546654387238
2885,0.552785213452,0.568425084533
2886,0.554886443957,0.570767809085
2887,0.556789014514,0.572917696566
2888,0.558924962804,0.575227193967
2889,0.624325188946,0.642890476053
2890,0.558253949287,0.573686468263
2891,0.5439432659,0.560287602226
2892,0.56580696541,0.582616815988
2893,0.547674167675,0.5644070826
2894,0.547992817811,0.564626869512
2895,0.569554127055,0.586580581836
2896,0.599868910327,0.618103849062
2897,0.549875755982,0.566307513546
2898,0.571994506927,0.588821026617
2899,0.535069627459,0.551275003296
2900,0.534397451173,0.550247306086
2901,0.573591019287,0.590221849919
2902,0.536869955402,0.553045960753
2903,0.536672177921,0.55294021373
2904,0.55540898489,0.572035636621
2905,0.578723919937,0.595995342501
2906,0.540704414309,0.557249667505
2907,0.58003147119,0.597268277983
2908,0.558490375181,0.57526433194
2909,0.558488003926,0.575144236184
2910,0.527010917475,0.543040833175
2911,0.520599525811,0.536447653491
2912,0.527535280247,0.543572586765
2913,0.527768384083,0.543877728301
2914,0.542813121113,0.559251050558
2915,0.522108638349,0.538233303192
2916,0.543213479335,0.559790452163
2917,0.519743669809,0.535850645164
2918,0.51498067019,0.531266132435
2919,0.520528072451,0.536943797125
2920,0.519627016594,0.535710989876
2921,0.535030062667,0.551899287141
2922,0.551677061921,0.569020675128
2923,0.531105947149,0.547188648706
2924,0.516849594993,0.532646425686
2925,0.53089211419,0.54697784918
2926,0.533249532492,0.550258267875
2927,0.516080909712,0.531973520719
2928,0.517689687299,0.53405364614
2929,0.530080724246,0.546623721853
2930,0.510587627714,0.526530966373
2931,0.546132217304,0.562896125205
2932,0.514823392102,0.530792567038
2933,0.527190103257,0.54311890069
2934,0.544409696296,0.561068775491
2935,0.561784128501,0.578691998226
2936,0.540764740682,0.556932758734
2937,0.541839818687,0.558391087764
2938,0.559915758264,0.576877638729
2939,0.556941313105,0.57338518946
2940,0.522233688285,0.538115481938
2941,0.537434236507,0.553600614333
2942,0.536601180098,0.552832433503
2943,0.554176722721,0.570718305025
2944,0.548867911681,0.564977249935
2945,0.55134248766,0.567778283921
2946,0.550235859958,0.566627336523
2947,0.547208168947,0.563257451238
2948,0.528559528198,0.544385341494
2949,0.543692066512,0.559488602916
2950,0.525400911399,0.540974015537
2951,0.534911193476,0.549608886424
2952,0.538349954242,0.553732308944
2953,0.536321023193,0.55156285614
2954,0.519082841908,0.534139962946
2955,0.515387406917,0.530103769223
2956,0.515302879706,0.530094426852
2957,0.528331292274,0.543055772209
2958,0.511900430843,0.526374559556
2959,0.53030284343,0.545121934286
2960,0.534117377695,0.549307548667
2961,0.536094393403,0.551410710425
2962,0.536500413003,0.551744799014
2963,0.522049091386,0.537364531807
2964,0.534687288372,0.54934576034
2965,0.544231790804,0.560130501062
2966,0.543779464189,0.559572503368
2967,0.547435876461,0.563616847729
2968,0.548801326633,0.565073061146
2969,0.550599827958,0.566992191753
2970,0.550973557612,0.567410289545
2971,0.52993822033,0.545640897311
2972,0.553368985369,0.56974747594
2973,0.554960860299,0.571575907182
2974,0.557230266955,0.573993779175
2975,0.538415111019,0.554831300197
2976,0.538891473517,0.555229123113
2977,0.540176173653,0.556457110577
2978,0.524097661527,0.540045002706
2979,0.540780505067,0.556960381087
2980,0.561423557824,0.578030975328
2981,0.525803087433,0.54185970675
2982,0.563143939056,0.580100639918
2983,0.508712071197,0.524377249828
2984,0.525836896342,0.541578904473
2985,0.5461184149,0.563071178253
2986,0.533062525712,0.550115313046
2987,0.518644212164,0.534979452287
2988,0.534112334576,0.551305297573
2989,0.515281341044,0.531831757217
2990,0.535117261736,0.552199709187
2991,0.548341154817,0.564919813997
2992,0.517394007027,0.533126301885
2993,0.518243560846,0.534089010826
2994,0.513027126218,0.528921921544
2995,0.520496930792,0.536939716549
2996,0.53343193548,0.549832460003
2997,0.514995501162,0.531292328427
2998,0.514635861994,0.53084244327
2999,0.660557966622,0.682006186654
3000,0.671427606211,0.693213452594
3001,0.688023216284,0.710436495543
3002,0.660744130373,0.68227227115
3003,0.688937198121,0.711570122636
3004,0.709203950741,0.733672673931
3005,0.672773188048,0.695198427997
3006,0.659822029378,0.681516278816
3007,0.658308183446,0.679682823808
3008,0.698893916655,0.722805887803
3009,0.657116765597,0.678724084185
3010,0.683346765785,0.706073177722
3011,0.682409522234,0.705073453125
3012,0.680872657304,0.703705675822
3013,0.693657414889,0.717347631619
3014,0.692350060418,0.716247649566
3015,0.673015881441,0.694706957931
3016,0.686980619203,0.710051405521
3017,0.685237180377,0.708088783807
3018,0.667420056023,0.688595617831
3019,0.679611473457,0.70195993755
3020,0.677310726205,0.699339840495
3021,0.671586231379,0.692931505969
3022,0.667570789467,0.688719629107
3023,0.668148149168,0.689426088777
3024,0.665086841449,0.686088210083
3025,0.662808551084,0.683512367042
3026,0.659106189813,0.679523411342
3027,0.620545143633,0.638829494908
3028,0.65473044758,0.675365616737
3029,0.651904240565,0.672619895155
3030,0.645377807583,0.665652733675
3031,0.646237941993,0.666965724298
3032,0.63983125903,0.660055630571
3033,0.640300033624,0.660985740003
3034,0.605105361032,0.623738686955
3035,0.634298933828,0.654840647743
3036,0.636709151463,0.657629605064
3037,0.604233161713,0.622726467713
3038,0.640431127531,0.661112585711
3039,0.64090229543,0.661261147321
3040,0.646523187792,0.667261447156
3041,0.649215584492,0.669935717792
3042,0.651946001476,0.672634595768
3043,0.654553468942,0.675188156526
3044,0.620633700475,0.638893552234
3045,0.658467555818,0.678879694676
3046,0.659901033874,0.680208847851
3047,0.66591207631,0.686915451427
3048,0.666044591199,0.686894413137
3049,0.667988285216,0.689094297926
3050,0.674321923365,0.696140919611
3051,0.673178602079,0.694699563843
3052,0.675509789267,0.697359584141
3053,0.682559052434,0.705231194198
3054,0.670071233754,0.691331805761
3055,0.672132131417,0.693898271223
3056,0.688867455613,0.711955395734
3057,0.675204244517,0.697385430968
3058,0.661874497335,0.683536348979
3059,0.694101432411,0.717919740869
3060,0.697299056924,0.721427760347
3061,0.684475012789,0.707446832915
3062,0.699606216859,0.723572889793
3063,0.698429973433,0.722304976376
3064,0.701168777258,0.725373155744
3065,0.67037833883,0.692202085093
3066,0.658888855505,0.680242395788
3067,0.669249726035,0.690774464305
3068,0.670291399245,0.691947829726
3069,0.690060479514,0.712925526874
3070,0.660924343433,0.682445997911
3071,0.688395654788,0.710734083724
3072,0.382648332858,0.395134050037
3073,0.490937710768,0.506520161479
3074,0.604701845575,0.623476360648
3075,0.681631327983,0.702536002408
3076,0.638069197309,0.658394954842
3077,0.532061389766,0.549167177603
3078,0.408371676691,0.421454928823
3079,0.471123491155,0.486528957743
3080,0.585296865952,0.604295834631
3081,0.670180460574,0.691325041829
3082,0.642560807807,0.662270394961
3083,0.544857775488,0.561615579989
3084,0.427479727193,0.440870322911
3085,0.441052719991,0.456259937753
3086,0.556083976248,0.57533738339
3087,0.656268611779,0.677563145416
3088,0.656395004082,0.676615202929
3089,0.564961485788,0.582075532013
3090,0.455858912024,0.470718230929
3091,0.410354498881,0.424419241251
3092,0.515179337236,0.531519616965
3093,0.619357570117,0.638483234624
3094,0.650671495502,0.670291874582
3095,0.577392267336,0.594764536062
3096,0.479287382056,0.49582576496
3097,0.479246392468,0.495781103756
3098,0.577013543673,0.59438431715
3099,0.650754360974,0.670379130342
3100,0.619694442957,0.638880766403
3101,0.5175059968,0.534151525855
3102,0.410313967444,0.42436381216
3103,0.455139756979,0.469978125664
3104,0.564893924739,0.581972947251
3105,0.656390813263,0.676598959743
3106,0.652086257887,0.672800293381
3107,0.559313767289,0.579057375278
3108,0.438358849598,0.453427482788
3109,0.43261088288,0.446244893809
3110,0.545120871166,0.561896693503
3111,0.642704946762,0.662429825499
3112,0.680442944915,0.702340248905
3113,0.572475015123,0.59074971907
3114,0.471400709438,0.486812320331
3115,0.407112685375,0.420115016816
3116,0.519384660747,0.535772710672
3117,0.622916244267,0.642251726375
3118,0.681337988316,0.702224518362
3119,0.612603530785,0.63193384146
3120,0.491134504027,0.506704464575
3121,0.66983176712,0.692125403363
3122,0.605842478226,0.623766161382
3123,0.557262016545,0.574630923325
3124,0.504992903186,0.520741282126
3125,0.527930732463,0.544059148568
3126,0.548970515498,0.56530769335
3127,0.591356680765,0.608825004418
3128,0.653671311369,0.673642314702
3129,0.697149916522,0.72178242059
3130,0.63815918077,0.660428118719
3131,0.567021273219,0.584632599829
3132,0.517087328347,0.533670116338
3133,0.592037782548,0.609020453814
3134,0.526110503146,0.542399644659
3135,0.57706442151,0.594772019425
3136,0.640582620921,0.660700071915
3137,0.687161773336,0.710761867885
3138,0.636397031465,0.657850340751
3139,0.574591843996,0.592572980307
3140,0.52245878176,0.538721894222
3141,0.582550315685,0.598594249352
3142,0.512853487423,0.528213771316
3143,0.560666684655,0.578252102383
3144,0.619581265449,0.638825669416
3145,0.667324983472,0.688765773869
3146,0.62555581864,0.645127465878
3147,0.573767886653,0.591033880927
3148,0.531708755518,0.549290476231
3149,0.531990789293,0.549591787666
3150,0.574136342417,0.591475901382
3151,0.62565310141,0.64521055205
3152,0.667258952489,0.688730206227
3153,0.619831472751,0.639110298991
3154,0.560753358768,0.578344956077
3155,0.512761678557,0.528148131973
3156,0.582317329021,0.598342193444
3157,0.522728718517,0.539008331393
3158,0.574866588928,0.592903420395
3159,0.636154389635,0.65764041897
3160,0.687065803651,0.710701151349
3161,0.640711393508,0.660816482603
3162,0.577186898872,0.59489590354
3163,0.526409279866,0.542691059162
3164,0.591890615307,0.608896663449
3165,0.51749685226,0.534115302161
3166,0.566909681412,0.584518570009
3167,0.637912578011,0.66019244914
3168,0.697101247328,0.721738850149
3169,0.653807275645,0.6737604012
3170,0.591366591784,0.608823814877
3171,0.539721772327,0.555781066811
3172,0.495787344388,0.51138501318
3173,0.510010499912,0.525891447022
3174,0.557125597439,0.574481835912
3175,0.62575507807,0.646744373687
3176,0.696416248139,0.721746863015
3177,0.653509764396,0.672235646911
3178,0.594958587607,0.611782365714
3179,0.594924826733,0.611689473496
3180,0.594417616668,0.611063130709
3181,0.525758137146,0.541431948053
3182,0.527818619307,0.544148671011
3183,0.592163842049,0.608366595652
3184,0.521392958997,0.536555932616
3185,0.649105216931,0.667431657741
3186,0.651588862088,0.670324752182
3187,0.590233025407,0.606293393261
3188,0.52053439901,0.535664334762
3189,0.598934944056,0.614932104444
3190,0.601188589965,0.619067489242
3191,0.588391985417,0.604469064474
3192,0.586426290416,0.602086005273
3193,0.648309730792,0.668003470353
3194,0.651250591882,0.671523007944
3195,0.585679870284,0.601758993306
3196,0.516841594912,0.531790538655
3197,0.524529237359,0.539687198865
3198,0.594628938635,0.610846833091
3199,0.585088214748,0.601277653747
3200,0.58585522209,0.601989427247
3201,0.651326569959,0.671596447217
3202,0.648224169381,0.667900414455
3203,0.586210418551,0.601863550176
3204,0.588552020553,0.604607784462
3205,0.60116103888,0.618996312976
3206,0.598822164629,0.614828440848
3207,0.589802709616,0.605876558034
3208,0.520408689821,0.535533151487
3209,0.651441244051,0.670174006322
3210,0.649367439747,0.667698615578
3211,0.591529753386,0.607612887586
3212,0.521661263258,0.536925740011
3213,0.522285113507,0.537667195174
3214,0.595569439487,0.612459026491
3215,0.595194780659,0.611932829526
3216,0.595021071672,0.611795162324
3217,0.65582846808,0.674803233081
3218,0.577373764325,0.59358351116
3219,0.516200953157,0.531917457765
3220,0.583179450596,0.599929914664
3221,0.58219647338,0.59894482144
3222,0.584952458783,0.604139938762
3223,0.581934763302,0.598637978891
3224,0.581338156285,0.598033595598
3225,0.576614229522,0.593263208743
3226,0.569218510206,0.584488804122
3227,0.569162316631,0.584401716904
3228,0.576950791748,0.593622040172
3229,0.58152298434,0.598209541792
3230,0.514111035,0.529809919679
3231,0.58161537391,0.598350112469
3232,0.543605757637,0.560347957161
3233,0.583250849562,0.599992615237
3234,0.511555416451,0.526825563494
3235,0.572149791401,0.587878829026
