id,unit_kW_m2,optical
1,0.565249791502,0.582736670858
2,0.608023373407,0.628057415136
3,0.606818686755,0.626761816531
4,0.603826909275,0.623501575491
5,0.570863266263,0.58705782553
6,0.591472658122,0.60915009785
7,0.588763769107,0.606071954319
8,0.570134417711,0.581052370687
9,0.559357734602,0.573561357168
10,0.561482209576,0.577907983133
11,0.571523478851,0.588790223681
12,0.566116830077,0.583075749279
13,0.558901381225,0.575342608875
14,0.552415781803,0.568520992137
15,0.546825605471,0.562494160244
16,0.539826955459,0.554920670295
17,0.531410187324,0.545572177566
18,0.523772947091,0.537122747945
19,0.516278113635,0.528689408169
20,0.514085850371,0.525828291943
21,0.50260274386,0.513781552821
22,0.498216665304,0.509156320995
23,0.494960780053,0.506087353257
24,0.492775755047,0.504197811947
25,0.490488850996,0.502157214696
26,0.487183815002,0.498471508882
27,0.483728260778,0.494508921424
28,0.481706181271,0.492254182806
29,0.481094199529,0.491773147532
30,0.483218745125,0.494187392036
31,0.481023156566,0.491701236958
32,0.481594035232,0.492143518906
33,0.483699226749,0.494477731666
34,0.487175301704,0.498471669473
35,0.490574498394,0.502241198552
36,0.49306164643,0.504506460008
37,0.494812240778,0.505952748309
38,0.498114951251,0.509056565726
39,0.502787006361,0.513989107125
40,0.508779752385,0.520452835438
41,0.51572107664,0.528085494989
42,0.523462162388,0.536788130305
43,0.531810091364,0.545985749148
44,0.539980259607,0.555068870282
45,0.546990865122,0.562680430743
46,0.552555684516,0.568617948609
47,0.559174098564,0.575620333391
48,0.565921093128,0.582851315128
49,0.571711707894,0.588983920151
50,0.561492058527,0.577921729465
51,0.559060243316,0.573298261886
52,0.562927056015,0.573748693522
53,0.588129867377,0.605388290288
54,0.591625318832,0.609364595767
55,0.57089200218,0.587118759507
56,0.603974301086,0.623679463182
57,0.606941198605,0.626855744924
58,0.607837083469,0.627831730461
59,0.623111538293,0.641578223783
60,0.623874536868,0.642047588624
61,0.622579875343,0.640816630989
62,0.604002546118,0.620431113422
63,0.59534066654,0.612399265135
64,0.611121216509,0.62842938018
65,0.603766451291,0.61958420607
66,0.596678801561,0.612234171983
67,0.595233187118,0.611703238447
68,0.579027329446,0.594916611529
69,0.585159265034,0.601157373642
70,0.578233298254,0.593482011058
71,0.571039349101,0.58601712501
72,0.566460280366,0.581752765313
73,0.561737631758,0.577002103493
74,0.554177194302,0.56886135562
75,0.546606377914,0.560646778711
76,0.539372482494,0.553049386303
77,0.532579123093,0.545471324754
78,0.523942261286,0.536124143815
79,0.517188346024,0.528655800014
80,0.513138340052,0.524488782122
81,0.510622167113,0.522346429297
82,0.50877960351,0.520779106137
83,0.503855584651,0.515757066944
84,0.500242981379,0.511596676322
85,0.496157066728,0.506927754325
86,0.49461499869,0.505251873616
87,0.494439918826,0.505161865035
88,0.498620402943,0.509251226795
89,0.495158199982,0.505787311849
90,0.496513621304,0.507316573788
91,0.499951567002,0.511286096833
92,0.504331249387,0.516240250756
93,0.509028884884,0.521039778702
94,0.510585815236,0.52229237637
95,0.513287278629,0.524638920708
96,0.522766663369,0.534225406556
97,0.524553193539,0.536814873883
98,0.532228984495,0.545135656312
99,0.539567485719,0.55322910326
100,0.54657783126,0.560616698643
101,0.554190265646,0.568879515589
102,0.56156647999,0.576853550746
103,0.573466316369,0.588872883413
104,0.571212651491,0.586233958939
105,0.577956254891,0.593214935722
106,0.585279209137,0.601258611879
107,0.579259301541,0.595153648135
108,0.595548531727,0.612043134001
109,0.596496956122,0.612080274169
110,0.603682923879,0.619500605592
111,0.610921387198,0.628221403252
112,0.595707100636,0.612809907546
113,0.603884771747,0.620314558072
114,0.622546016129,0.640815072453
115,0.623558456701,0.641739998738
116,0.623255613423,0.641700794431
117,0.620065019019,0.636128115429
118,0.642284213967,0.660470506464
119,0.641268018612,0.659627852987
120,0.642388798021,0.661390818514
121,0.621014243835,0.638306536524
122,0.634934439524,0.653510356433
123,0.631093874627,0.649443051955
124,0.60656611365,0.618850435734
125,0.602103920869,0.617447099729
126,0.601770795055,0.618677538763
127,0.607451538017,0.624413757495
128,0.599508855106,0.615681639084
129,0.590758828779,0.606122924953
130,0.583010668734,0.597974984913
131,0.578644383311,0.593976271454
132,0.579108068819,0.594156714895
133,0.564424795921,0.578823981223
134,0.557062556145,0.571161686351
135,0.55155301994,0.565470816248
136,0.54287668325,0.55605254585
137,0.534301105393,0.546544219517
138,0.527457548657,0.53909654471
139,0.523592085606,0.535373167571
140,0.521318313131,0.533431014379
141,0.517447074193,0.529565929178
142,0.512031789053,0.523812000965
143,0.507208882661,0.518271130535
144,0.504808182234,0.515388264066
145,0.50329519916,0.513665820909
146,0.504522427112,0.514802644129
147,0.503316533459,0.513688820901
148,0.504673636699,0.515277685141
149,0.506507618763,0.517483775828
150,0.511670800372,0.52344183207
151,0.522406353155,0.534530862637
152,0.521795435025,0.533954361411
153,0.523637622537,0.535381697936
154,0.527378380766,0.538997439625
155,0.534172416802,0.546419722894
156,0.54303759268,0.556228984759
157,0.551208644761,0.565144519692
158,0.55707462412,0.571149061646
159,0.564233518247,0.578624856503
160,0.572088550723,0.58701427829
161,0.578492581102,0.593803449653
162,0.584058261129,0.599284946356
163,0.591132457752,0.60650481039
164,0.599379136015,0.615545397905
165,0.607149809985,0.624118130479
166,0.601877664771,0.618786293715
167,0.602097716629,0.617443594456
168,0.606380171364,0.618666839577
169,0.630895014499,0.649228730984
170,0.634781591507,0.653362876268
171,0.620839484304,0.638096077866
172,0.642425957683,0.661451871723
173,0.641503413727,0.65984210032
174,0.642027952674,0.660189336684
175,0.657743653964,0.67577372486
176,0.656890481727,0.675166663826
177,0.658228107982,0.677286476895
178,0.643512509074,0.66136817388
179,0.65670934593,0.676732186239
180,0.651662050595,0.671150646316
181,0.643390776901,0.661395954784
182,0.638690167758,0.657051038546
183,0.635538188358,0.65423681458
184,0.621197640496,0.638969934921
185,0.618297845821,0.635426052199
186,0.609143564288,0.625360186826
187,0.599436969548,0.614695812749
188,0.591841501377,0.606691758354
189,0.585089706355,0.599916545493
190,0.577667575612,0.592013632905
191,0.570861857532,0.585035985358
192,0.564702747352,0.578939872932
193,0.558268461481,0.572308776087
194,0.547959544239,0.561005788175
195,0.539004079039,0.551002922681
196,0.533171739646,0.544857377998
197,0.530368969782,0.54242155067
198,0.526897430212,0.539059803768
199,0.521873454031,0.533839564793
200,0.520567747741,0.531932928461
201,0.511658694283,0.52228821939
202,0.509423196364,0.519572998224
203,0.507330675649,0.51694348147
204,0.50734734985,0.516988762141
205,0.509049204503,0.519191395011
206,0.511234400853,0.521872162069
207,0.515135707837,0.526446012616
208,0.521468264055,0.533447659088
209,0.526755509653,0.538932828087
210,0.530430994229,0.542471277128
211,0.533287915288,0.5449652144
212,0.53910625994,0.551094161024
213,0.547939386708,0.560955213383
214,0.558002393838,0.572034743466
215,0.564790949682,0.57905986243
216,0.570753613337,0.584907241784
217,0.577819851322,0.592170497551
218,0.584138096247,0.598790534262
219,0.591442429338,0.606287647656
220,0.599591356843,0.61485155772
221,0.608968383382,0.625162206159
222,0.618275394602,0.635381366899
223,0.621123785834,0.638878366306
224,0.635821405512,0.654521769123
225,0.638580284279,0.656913958304
226,0.643357780852,0.661374295488
227,0.651225915272,0.670711101576
228,0.657526903573,0.677582641139
229,0.64392973122,0.661821063668
230,0.658258955032,0.677282056062
231,0.656665260565,0.674920905917
232,0.657694674384,0.675725544782
233,0.632336144238,0.646530562276
234,0.668375143667,0.686153724157
235,0.671043910649,0.689989975549
236,0.672522724136,0.692369553522
237,0.655878126524,0.674672725863
238,0.670259887314,0.690970913646
239,0.664417971315,0.684622576226
240,0.636904767745,0.650445715342
241,0.632558952537,0.649425598121
242,0.645786442694,0.665039897495
243,0.635908843929,0.654194034871
244,0.625176969025,0.642282719696
245,0.615065991199,0.631133404634
246,0.604630776411,0.619744415135
247,0.595970326433,0.610560837959
248,0.590410882604,0.605289081806
249,0.584465830523,0.599312795977
250,0.578396979769,0.593501525091
251,0.571249051242,0.586183603293
252,0.560144158703,0.573978156296
253,0.550023931501,0.56271636757
254,0.542344495263,0.554274681601
255,0.537460020422,0.549446844583
256,0.533851384189,0.545980278364
257,0.528373396621,0.540341534819
258,0.522446074191,0.534100400683
259,0.518188227619,0.529383045343
260,0.517013336505,0.528243042243
261,0.516272084929,0.527377365866
262,0.514879353292,0.525273577654
263,0.51632379857,0.527397701577
264,0.51699322818,0.528263019509
265,0.518229162716,0.52940601338
266,0.522683000727,0.534351340123
267,0.528491608422,0.540480662318
268,0.533450092244,0.545589165803
269,0.537280487216,0.549262752015
270,0.5423710405,0.554314489308
271,0.550201255834,0.562888014625
272,0.560407285404,0.574238892852
273,0.571054440118,0.585989717586
274,0.578289486738,0.59341759459
275,0.584581788718,0.599425371642
276,0.590038428037,0.604913004861
277,0.595757096109,0.610346873757
278,0.604709916426,0.619804236031
279,0.615073041525,0.631135956823
280,0.625247563213,0.64235038033
281,0.636109983784,0.654395928703
282,0.646089333519,0.665364735502
283,0.632198349032,0.649021688053
284,0.636778405114,0.650322030538
285,0.664960318243,0.685172107793
286,0.670389343133,0.691102007598
287,0.655321111418,0.674089077614
288,0.672503257308,0.692303460026
289,0.671142082283,0.690059606322
290,0.668279800498,0.686067860149
291,0.678856795804,0.700081872569
292,0.699105154948,0.721173773838
293,0.69777038768,0.719201129748
294,0.689314480277,0.711311970064
295,0.696816096402,0.719898324401
296,0.682842772904,0.702911003235
297,0.668392216574,0.686724391705
298,0.677465243937,0.697616341007
299,0.680939634823,0.701344273519
300,0.663704129066,0.681361958969
301,0.641337257575,0.65407966203
302,0.662127703727,0.680419344639
303,0.650988855554,0.668703251906
304,0.638840436072,0.655319101032
305,0.644276574595,0.661507069855
306,0.647473529474,0.666706555796
307,0.634802098612,0.653498523725
308,0.628457834553,0.645392365006
309,0.624364462531,0.641203533029
310,0.61666368854,0.6340452222
311,0.613708798518,0.631109649851
312,0.608258790892,0.62491450655
313,0.598284892841,0.614431662373
314,0.591483156126,0.607418947166
315,0.588067094278,0.603508682267
316,0.578195409866,0.592819465079
317,0.565848843686,0.579124945067
318,0.563047740754,0.575681720224
319,0.555159124804,0.567006056532
320,0.545702453928,0.556739499505
321,0.542290618426,0.552847601765
322,0.536525514441,0.546573065542
323,0.530458326713,0.540397947216
324,0.530091897283,0.540432530046
325,0.52908336401,0.539957523216
326,0.527019345441,0.538201995293
327,0.523261610738,0.534148077994
328,0.521030336918,0.531707712761
329,0.519220367529,0.529798235969
330,0.516896881243,0.527479259156
331,0.517844397005,0.528622646341
332,0.517911745047,0.528736613197
333,0.517924510263,0.528783363829
334,0.517885714915,0.528732588646
335,0.517926650478,0.528698165802
336,0.516983569597,0.527585894209
337,0.518922410274,0.529507916867
338,0.520984596712,0.531672664976
339,0.523419912231,0.534332904547
340,0.527196575381,0.538364833963
341,0.529382557714,0.540234767636
342,0.530308218196,0.540644582805
343,0.530489636139,0.540447743638
344,0.536653220314,0.546705651346
345,0.542538596822,0.553110803534
346,0.545779989752,0.556824416707
347,0.555530216435,0.567375106342
348,0.563203680136,0.57585899547
349,0.565995686328,0.579279870955
350,0.57850224199,0.593095164786
351,0.588318228217,0.60377596029
352,0.600076197025,0.616204292259
353,0.598480090353,0.614657751471
354,0.608236110192,0.624917419411
355,0.613657933656,0.631053141885
356,0.616360102463,0.633745316378
357,0.624596555531,0.64144817699
358,0.628284757964,0.645227426974
359,0.63520236057,0.65389655051
360,0.647707153352,0.666923818502
361,0.644562506297,0.661837691764
362,0.638718284478,0.655218798017
363,0.650768605561,0.668511419735
364,0.662178450474,0.68049494928
365,0.651787142977,0.664695207675
366,0.66462750979,0.682454668796
367,0.68052370698,0.700944122822
368,0.677708495197,0.697877195219
369,0.668390143411,0.686727013164
370,0.682943025301,0.703028557047
371,0.69673937684,0.719823055673
372,0.689207807627,0.711176978898
373,0.697814884487,0.719263795801
374,0.69914926999,0.721213961797
375,0.687586986438,0.707088771264
376,0.686334018385,0.705496085068
377,0.684877171284,0.703696621594
378,0.685890036686,0.705291927843
379,0.686959570277,0.707088292123
380,0.655934194544,0.672976208345
381,0.681285752049,0.701157205654
382,0.676762730086,0.696147564423
383,0.673290830713,0.692487857218
384,0.666177131717,0.683817974533
385,0.654119441189,0.669628736634
386,0.640482349156,0.65595201228
387,0.654679178959,0.67254618832
388,0.649312262447,0.666954671934
389,0.643484270421,0.660795983897
390,0.63734188634,0.65419497764
391,0.630590584075,0.646686565079
392,0.623096018713,0.638596170495
393,0.617680322553,0.633268524837
394,0.613131312534,0.628899617024
395,0.608998813258,0.624896019873
396,0.604129866554,0.619978359153
397,0.598703660646,0.614392209047
398,0.59165525443,0.606947081626
399,0.584741788044,0.599637012872
400,0.57773321763,0.592108677395
401,0.569559553473,0.582972908433
402,0.562115907266,0.574723007046
403,0.555227053888,0.567130513785
404,0.547876214221,0.559049777785
405,0.541148645776,0.551621157807
406,0.535697910644,0.545787674274
407,0.532808439568,0.543037125902
408,0.531124855252,0.541856912189
409,0.530142141175,0.541287672077
410,0.527560866808,0.538658353838
411,0.523095714104,0.533762169748
412,0.520294110267,0.530766182388
413,0.518411882302,0.528788578643
414,0.517384510247,0.527737490101
415,0.517266095117,0.527784743498
416,0.517643676254,0.528267188139
417,0.517619440919,0.528241262856
418,0.517436706377,0.527958106728
419,0.517246699116,0.527620427649
420,0.518389327892,0.528761076969
421,0.52015865454,0.530641635141
422,0.522681716917,0.533364079261
423,0.527562469738,0.538668561705
424,0.530065297675,0.541215664634
425,0.531332830583,0.542061477535
426,0.532527207834,0.542758750439
427,0.535768831853,0.545862776105
428,0.54136378429,0.551848363891
429,0.548099480065,0.559291029384
430,0.555295195666,0.567216788084
431,0.562269145018,0.574898539562
432,0.569465348928,0.582904069816
433,0.577251737664,0.591592094293
434,0.584751997812,0.59967020294
435,0.591527664709,0.60682518884
436,0.600087373514,0.61586664738
437,0.604121014961,0.620017491996
438,0.608756919289,0.624653267147
439,0.613203201315,0.628987718814
440,0.617909542617,0.633500233934
441,0.623148390249,0.638635584496
442,0.63029062785,0.646408886641
443,0.637194218563,0.654062838579
444,0.643165479223,0.660493724072
445,0.648981004679,0.666655637466
446,0.654352041937,0.67218986614
447,0.640269737386,0.655738501242
448,0.654640616102,0.670146948676
449,0.667928203734,0.685668427029
450,0.673857574467,0.693051539119
451,0.676667607832,0.696042861624
452,0.680811663313,0.700657396904
453,0.65636599213,0.673441335781
454,0.686693467867,0.706818079591
455,0.685721462549,0.705108674438
456,0.684531779981,0.703391985924
457,0.686636225868,0.705815596435
458,0.68752630099,0.707031564127
459,0.695890779482,0.714904311661
460,0.69722577309,0.716377775957
461,0.694715598112,0.713403917899
462,0.694908572309,0.714131154797
463,0.69742193335,0.717479686964
464,0.69227096601,0.712223895523
465,0.696603138795,0.71749913474
466,0.69210811491,0.712503169362
467,0.687587163738,0.707547430187
468,0.684101676258,0.703862406789
469,0.663620176953,0.678132812293
470,0.674650022625,0.693676661662
471,0.664676897919,0.682670962473
472,0.663808073561,0.682202073269
473,0.657116882362,0.675193245094
474,0.650533491492,0.668151839067
475,0.643058511644,0.659934113377
476,0.635390827361,0.65157461261
477,0.626964362221,0.642484136342
478,0.620923670484,0.636455446639
479,0.615711478978,0.631432457677
480,0.61125085008,0.627169843615
481,0.605385364249,0.621173203694
482,0.598281528532,0.613587828021
483,0.590671432866,0.605621467979
484,0.583970661211,0.598618038776
485,0.576992340862,0.591203779136
486,0.568561071733,0.581891081895
487,0.561076994936,0.573671495808
488,0.553449768598,0.565256262485
489,0.545611636248,0.556599745726
490,0.539045848793,0.549409801392
491,0.53480254573,0.54506479613
492,0.532674436895,0.543300645401
493,0.530928608805,0.541987352121
494,0.528658918456,0.53991370044
495,0.524338973812,0.535129382409
496,0.520173685733,0.530633529641
497,0.517723953582,0.527966834331
498,0.515843310631,0.525923984891
499,0.515171737095,0.52524771372
500,0.515595604343,0.525842548285
501,0.516665150046,0.527045165426
502,0.515685743244,0.525940939392
503,0.515033911011,0.525109013863
504,0.515606036143,0.525686637182
505,0.517511786141,0.527734040931
506,0.520267367836,0.530750580076
507,0.524153737709,0.534963640841
508,0.528691836387,0.53993330929
509,0.530887178169,0.541957457966
510,0.532359266323,0.542973643171
511,0.534614065028,0.544893748826
512,0.539167856322,0.549527772285
513,0.545591348114,0.556583723538
514,0.553609601837,0.565437157822
515,0.561195503285,0.573768965554
516,0.568736374487,0.582070309957
517,0.576845406496,0.591068635719
518,0.583682987022,0.598352397537
519,0.590714833766,0.60565044748
520,0.59806408438,0.613375319496
521,0.605676860754,0.621483655273
522,0.611179441277,0.627087250789
523,0.615579583017,0.631327375095
524,0.6209640828,0.636488188267
525,0.627277219947,0.642811708197
526,0.635373546943,0.651558730354
527,0.642873538225,0.659741377592
528,0.650757253216,0.668395004596
529,0.657242236179,0.675310851602
530,0.663649299269,0.682037912143
531,0.665021950218,0.683034877533
532,0.674908705746,0.693948292952
533,0.663603584068,0.678164288392
534,0.683776874992,0.703515373174
535,0.687368611821,0.707340647367
536,0.692264109157,0.71266653733
537,0.696517819527,0.717401916406
538,0.692572211458,0.712500455756
539,0.697332667093,0.717419140171
540,0.695201945702,0.714424160376
541,0.694946255161,0.713670879023
542,0.697756602269,0.716906964694
543,0.705967076321,0.724796925757
544,0.704384088014,0.723037007481
545,0.704842528228,0.723957457372
546,0.706387259149,0.726279062082
547,0.708933119675,0.729766212274
548,0.703335756999,0.723925765452
549,0.707033240904,0.728442481002
550,0.701724193689,0.72260022428
551,0.696895664414,0.717415234215
552,0.68953675754,0.708614940551
553,0.676808593184,0.693619772528
554,0.663382446832,0.68026615978
555,0.676943874251,0.69617370885
556,0.669536277619,0.688399169085
557,0.662186837948,0.680599710547
558,0.654930559291,0.672621170777
559,0.64644396503,0.663392055901
560,0.638094099802,0.654237071808
561,0.629167521018,0.644566370811
562,0.622923693091,0.638354360953
563,0.61746586856,0.633120595155
564,0.612086661489,0.627843315203
565,0.605157450099,0.620447853507
566,0.597422012064,0.612338365463
567,0.590182688356,0.604875394887
568,0.583691892209,0.598239104483
569,0.576592949129,0.590694559389
570,0.567830248579,0.581072073265
571,0.559807160264,0.57229906894
572,0.55057412713,0.562139270282
573,0.542841558496,0.553595906301
574,0.53692058914,0.547281629454
575,0.533507068516,0.544044957145
576,0.531473589111,0.542441459205
577,0.528730057491,0.539944185039
578,0.525243376534,0.536254410541
579,0.520566326478,0.531175595156
580,0.516767483086,0.52696465764
581,0.514382701409,0.524290686336
582,0.512802641186,0.522571900389
583,0.512545957753,0.522333941502
584,0.51294374927,0.522802925195
585,0.512851497426,0.522695220036
586,0.512518946208,0.522299306131
587,0.512824307597,0.522601132108
588,0.514420734145,0.524331437063
589,0.516688704341,0.526889069781
590,0.520466607716,0.53109172852
591,0.525217872164,0.536220255764
592,0.528886641614,0.540108320984
593,0.531474499041,0.54246662931
594,0.533694221054,0.544252668012
595,0.537079060871,0.547446548897
596,0.54269927833,0.553459323427
597,0.550949874756,0.562513018592
598,0.559893124096,0.572376067271
599,0.567823367531,0.581058720623
600,0.576204268772,0.590292003727
601,0.58355016441,0.598081946028
602,0.590194071043,0.604869679196
603,0.597370530638,0.612270418285
604,0.604963993967,0.620246171504
605,0.612338437602,0.628086622208
606,0.617790383358,0.633446551418
607,0.623015829638,0.638464780694
608,0.629406606646,0.64482389158
609,0.638246954083,0.654426062777
610,0.646824882213,0.663769072426
611,0.654791754333,0.672470935952
612,0.662302824736,0.680719869462
613,0.669545396009,0.68841062813
614,0.676904312028,0.696146771439
615,0.663356359652,0.680237351056
616,0.676601729782,0.693427952376
617,0.689442275663,0.708521231297
618,0.697253935291,0.717772826971
619,0.701922565175,0.722773825949
620,0.706976573208,0.728378568128
621,0.703551318926,0.724147384097
622,0.708883676202,0.729710693623
623,0.706283709414,0.726148600058
624,0.704726636707,0.723834793948
625,0.704539331696,0.723171009116
626,0.70636280372,0.725183676574
627,0.709980196002,0.728107238745
628,0.709893605764,0.728003493852
629,0.710765766044,0.729607177068
630,0.712616493664,0.732314439931
631,0.714368427443,0.73491492073
632,0.710894584208,0.731597676922
633,0.716183620671,0.738260565247
634,0.712303508887,0.734082546498
635,0.707138560582,0.728439075181
636,0.70233937212,0.723260766999
637,0.68151701317,0.697345469126
638,0.692098297716,0.712287258897
639,0.685731803443,0.70551232709
640,0.679854936211,0.69951897207
641,0.671991556105,0.691178647952
642,0.664288597546,0.68285212093
643,0.655805773213,0.67356296517
644,0.646947737902,0.663824736443
645,0.637830133234,0.653801287219
646,0.628507342631,0.643684452017
647,0.621929418754,0.637096497592
648,0.615846092283,0.630985664985
649,0.610625877537,0.626012605684
650,0.605063237394,0.620600050978
651,0.597666525279,0.613096612778
652,0.590850401903,0.606077581756
653,0.583638209433,0.59858048277
654,0.575768759408,0.590151297883
655,0.565897869045,0.579139145901
656,0.556713443819,0.568911987266
657,0.547539862576,0.558787602795
658,0.540617551402,0.551219489544
659,0.535262822472,0.545785378485
660,0.532474248025,0.543352042206
661,0.529934210003,0.541100761804
662,0.525975521382,0.537151732079
663,0.522102012458,0.533006475194
664,0.518142069998,0.528921365898
665,0.51564608211,0.52625938003
666,0.51299613794,0.523307697498
667,0.510768457076,0.520655196691
668,0.511586549583,0.521868024212
669,0.512169036198,0.522523795701
670,0.51149306161,0.521814238714
671,0.510812399321,0.520706449117
672,0.513321010762,0.523666227534
673,0.51551508014,0.526123319359
674,0.518225982559,0.529015465935
675,0.521608376129,0.532504570573
676,0.526162518617,0.537335860754
677,0.52964405562,0.540810661106
678,0.532627163489,0.543504334155
679,0.535375635077,0.545888916083
680,0.540444480688,0.55105840863
681,0.547691728336,0.558937819054
682,0.557016837523,0.56921533686
683,0.566058618203,0.579287332591
684,0.57576566004,0.590129764895
685,0.583895567356,0.598858613932
686,0.590813864669,0.606039682381
687,0.597811888795,0.613225168618
688,0.604731692756,0.620255357628
689,0.61034774545,0.625720232574
690,0.615424525555,0.630494824601
691,0.621859341912,0.637023437092
692,0.628312342279,0.64348879218
693,0.63798890868,0.65398196197
694,0.646573789414,0.663458313595
695,0.655487595764,0.673224114217
696,0.664049041777,0.682606420863
697,0.672368250361,0.691557563326
698,0.679989081826,0.699650268095
699,0.686048132392,0.705850359158
700,0.692150412073,0.712326585932
701,0.681526176006,0.697351890274
702,0.702090995106,0.72304369197
703,0.706657863562,0.727971773168
704,0.712311807545,0.734110038418
705,0.715963520754,0.738032335501
706,0.711054825746,0.731808204789
707,0.714267898578,0.734823036974
708,0.712453089101,0.732126615274
709,0.710790483795,0.72964167401
710,0.709927778105,0.728037139627
711,0.590789344367,0.609798872674
712,0.672562187232,0.693757865458
713,0.731523381371,0.753679259533
714,0.683232030727,0.704224393751
715,0.593128546122,0.612135226057
716,0.660096491817,0.681781651513
717,0.729318998289,0.752505780876
718,0.684623741912,0.70466920688
719,0.589063351257,0.606139554487
720,0.636128360292,0.655999964009
721,0.713338005298,0.735399686698
722,0.68456730149,0.70410209406
723,0.587320740021,0.602201512661
724,0.600379654892,0.614770668439
725,0.682901935502,0.70079684139
726,0.678578194814,0.697641074355
727,0.594040858387,0.610084980106
728,0.579254138937,0.593968764528
729,0.660892052418,0.678801953332
730,0.670955924636,0.690747852554
731,0.599838525846,0.617996799976
732,0.562581651733,0.577999219923
733,0.633382422344,0.650036172768
734,0.648062887243,0.665614435194
735,0.591703353546,0.608455501098
736,0.551427213809,0.566781510322
737,0.612427559269,0.629533488175
738,0.626394250659,0.643325589652
739,0.58270834611,0.598565378057
740,0.533598483325,0.547800209103
741,0.587954877829,0.604243438956
742,0.604093519377,0.620436522935
743,0.570796903823,0.585898254158
744,0.514040596331,0.526696367441
745,0.556035142986,0.569471581487
746,0.572223645502,0.585421907568
747,0.551103528648,0.563258821934
748,0.501326048886,0.511558428637
749,0.534910107286,0.545787546914
750,0.545310520514,0.555733878499
751,0.534365653238,0.544343991888
752,0.491589959416,0.500639512507
753,0.51115766313,0.520038303386
754,0.524159610649,0.533241539499
755,0.521857484737,0.53135628952
756,0.490759145779,0.500664571348
757,0.500454724818,0.509952794706
758,0.517600780653,0.52779225297
759,0.515474388959,0.525609167107
760,0.488395424034,0.498325458599
761,0.490461233791,0.499543121757
762,0.509810739994,0.519795370396
763,0.50933319849,0.519486296361
764,0.487703443708,0.497841760982
765,0.484827360131,0.49440755552
766,0.508527914329,0.518717264693
767,0.508678717259,0.518872397908
768,0.48930693712,0.498894728063
769,0.491811219817,0.501937464807
770,0.509435317805,0.519582160759
771,0.509720065268,0.519709342741
772,0.49034451299,0.499426595349
773,0.488308403456,0.49823808988
774,0.515717632,0.525861255008
775,0.51745164021,0.52763645196
776,0.512106472962,0.521861159675
777,0.491656142922,0.501713908703
778,0.522018263788,0.531528943396
779,0.523939887245,0.533025060843
780,0.511216510957,0.52008704235
781,0.491713801693,0.500769526157
782,0.534707905136,0.544691315751
783,0.545233065055,0.555631118283
784,0.534814195834,0.545700091185
785,0.501629952806,0.511847682147
786,0.551125432827,0.563283014829
787,0.572090400391,0.585296708773
788,0.56395876963,0.577619824499
789,0.514103764638,0.526779432151
790,0.570981703602,0.586063642866
791,0.603999512842,0.620344521668
792,0.587622979197,0.603901832553
793,0.527160991823,0.541262255192
794,0.582258433159,0.598082824946
795,0.626620416249,0.643554322755
796,0.612565535672,0.629670716454
797,0.543973293403,0.559188980427
798,0.59130421208,0.607996860345
799,0.648430600711,0.665982345184
800,0.633427712683,0.65007577838
801,0.562634805791,0.578048552551
802,0.599780365124,0.617924043777
803,0.670913300617,0.690718617057
804,0.660790486853,0.678706576479
805,0.579213881647,0.59392193732
806,0.593612165991,0.609621144053
807,0.678673335649,0.697720887225
808,0.682444546811,0.700313197972
809,0.600403273716,0.614786729401
810,0.587389401517,0.60226797651
811,0.684756908659,0.704301441899
812,0.713152345959,0.735208030828
813,0.636231213052,0.656107222489
814,0.589126696685,0.60622057855
815,0.684788885619,0.704840717718
816,0.729395020299,0.75257605774
817,0.66016756166,0.681860898481
818,0.592965295398,0.611959340087
819,0.683277073517,0.704248731157
820,0.731708407666,0.75385202751
821,0.672496963806,0.69369503849
822,0.696498861167,0.716278869371
823,0.695003894456,0.714476793876
824,0.693026603272,0.712119035414
825,0.691627741053,0.710621292868
826,0.693518741886,0.713107575821
827,0.695115314392,0.715442936556
828,0.696525554127,0.717405911521
829,0.695372708443,0.716402175971
830,0.691301828847,0.711923442779
831,0.687234260291,0.707517902652
832,0.684067893097,0.704147108964
833,0.681491623289,0.701553942098
834,0.677278026803,0.696738077561
835,0.65594596177,0.67036544957
836,0.670448888556,0.689481770833
837,0.664964801674,0.683357472674
838,0.660064431077,0.67827874405
839,0.655102525807,0.673145930628
840,0.650068181891,0.667862942369
841,0.644774479519,0.662238521842
842,0.639747011303,0.656898771046
843,0.633769091055,0.650358614557
844,0.627020398106,0.642934318733
845,0.621435019022,0.637005068569
846,0.620535171505,0.636502080963
847,0.613007634696,0.628939588892
848,0.609276430489,0.625358729778
849,0.605198189459,0.621363882951
850,0.603268182482,0.619410675589
851,0.595311490171,0.611180185023
852,0.590302989482,0.606052324986
853,0.584321325369,0.599822217079
854,0.578111313449,0.593293384214
855,0.571753199903,0.586469364728
856,0.564571825468,0.578565310693
857,0.557050557055,0.570236491928
858,0.550196058098,0.562667490168
859,0.545576298365,0.557340888457
860,0.53765213699,0.548776935392
861,0.531587359831,0.542105420484
862,0.525771470139,0.535698255701
863,0.52152626097,0.530910919675
864,0.516644077834,0.525961758849
865,0.514506357642,0.52413050261
866,0.512898418554,0.522911701083
867,0.512651652047,0.522896121435
868,0.509988263111,0.520348832202
869,0.507468377315,0.517764524119
870,0.50466369994,0.514752867932
871,0.503412650906,0.513279569578
872,0.501456421551,0.511383976437
873,0.499829589865,0.509852935172
874,0.49944772275,0.50955327709
875,0.499243098745,0.509396774008
876,0.499273453185,0.50950230275
877,0.499609741409,0.50987075816
878,0.500006835151,0.510231343858
879,0.500600618854,0.510715433815
880,0.500311469159,0.510395895901
881,0.500115895623,0.510146271118
882,0.501355346449,0.511279868001
883,0.503544550776,0.513416635608
884,0.504807109175,0.514881001126
885,0.507330696506,0.517619727704
886,0.510355423325,0.520714576735
887,0.514965024983,0.52517533144
888,0.512871664729,0.522870669694
889,0.51424475444,0.523865633795
890,0.516749796926,0.526093395028
891,0.521321629599,0.530698903517
892,0.525504235568,0.535435539111
893,0.531779966078,0.542315800515
894,0.537799241141,0.548923223125
895,0.545616243918,0.557368844141
896,0.550187356238,0.562644925161
897,0.55710945086,0.570289307408
898,0.564453079414,0.578463657017
899,0.573394905716,0.588099304519
900,0.578283689845,0.593523862054
901,0.584767202781,0.600275270105
902,0.590430014129,0.606194356899
903,0.595507064454,0.611370474349
904,0.600482848237,0.6165069873
905,0.604927702769,0.621048372606
906,0.60888871406,0.624959828449
907,0.612900902583,0.628831429677
908,0.617132124526,0.63284540856
909,0.621514216385,0.637082833979
910,0.62696789123,0.642884555013
911,0.63369713957,0.650293836222
912,0.63959245008,0.656726704536
913,0.644962449548,0.662442557239
914,0.650146451594,0.667937839894
915,0.655491419499,0.673533615284
916,0.660252148058,0.678467662576
917,0.664976636021,0.683356348634
918,0.670386526235,0.68938122943
919,0.655728796,0.67015040112
920,0.677245833295,0.696694240953
921,0.681516339353,0.701589055037
922,0.684101031152,0.704184608104
923,0.687633812183,0.707943882493
924,0.691333516595,0.711964673958
925,0.69529752125,0.716329480791
926,0.696449120619,0.717300660273
927,0.695398061692,0.715732070669
928,0.693540685371,0.713115593578
929,0.691913698035,0.71092066832
930,0.693236349583,0.712319160087
931,0.695141701507,0.714623183879
932,0.696715842708,0.716511684083
933,0.70862650665,0.728301648125
934,0.708008214105,0.727620734201
935,0.705898598889,0.725154762244
936,0.703938354716,0.722958493026
937,0.70393092591,0.723479277873
938,0.706377654476,0.726758522926
939,0.708294073758,0.729430580173
940,0.70861938478,0.730283384863
941,0.705788029822,0.727312533558
942,0.702134932723,0.72325575603
943,0.698202463206,0.718955296383
944,0.694571852884,0.715014086221
945,0.690823188498,0.711064408324
946,0.678643289592,0.69555286798
947,0.67949935393,0.698016773636
948,0.679331949388,0.698535024311
949,0.673448632959,0.692232290845
950,0.668342172681,0.68701367733
951,0.662797574123,0.681249955738
952,0.657139542101,0.67534890598
953,0.651822665565,0.669652556049
954,0.645584249624,0.662844464189
955,0.638329354324,0.65494469289
956,0.631681704145,0.647672791269
957,0.625545229688,0.64121504434
958,0.620271727117,0.636106545372
959,0.615661683913,0.631623971404
960,0.611309810049,0.627419859384
961,0.606702404623,0.622892938631
962,0.601842588268,0.617903912446
963,0.596062152396,0.611967327016
964,0.589821504879,0.605366758123
965,0.58318351927,0.598441223736
966,0.576968760641,0.591975082796
967,0.570337959062,0.584859480982
968,0.56291188887,0.576720739568
969,0.55570722856,0.568728673615
970,0.549198764073,0.561546640607
971,0.542565522068,0.554245151474
972,0.535900550336,0.54691084627
973,0.529070460517,0.53944073426
974,0.523131390039,0.532906050038
975,0.518039984397,0.52752729935
976,0.51492708286,0.524525641374
977,0.512872463282,0.522851857331
978,0.511222614077,0.521511576986
979,0.509250166247,0.51969952289
980,0.506850853298,0.517223464532
981,0.503556887268,0.51367854474
982,0.500442383917,0.510326505519
983,0.49832785162,0.50814735654
984,0.496949950337,0.506716143558
985,0.49601092343,0.505791384876
986,0.495583459091,0.505466914173
987,0.495723800152,0.505704134828
988,0.496318681546,0.506410226552
989,0.496259669624,0.506346460447
990,0.495801558665,0.505785440227
991,0.495722342755,0.50559075417
992,0.495818402193,0.505595224432
993,0.49702507202,0.506812632878
994,0.49830045576,0.508119449074
995,0.500435931795,0.510325994512
996,0.503563188442,0.5136878895
997,0.506775920834,0.51714021842
998,0.509337666704,0.519782721154
999,0.511351028954,0.521659288324
1000,0.51302757785,0.522988491113
1001,0.514842922775,0.524433325797
1002,0.518079691086,0.527556104597
1003,0.523014261983,0.532810322442
1004,0.529124907398,0.539496556148
1005,0.535682943507,0.546711496968
1006,0.542586211352,0.554254185134
1007,0.549188288352,0.561539460071
1008,0.555745645018,0.568763775263
1009,0.563030731809,0.576832514245
1010,0.570359866925,0.584884410304
1011,0.576991278164,0.591996522446
1012,0.583559389257,0.598823706386
1013,0.589575575873,0.605123834537
1014,0.596358817278,0.612269580507
1015,0.601647219237,0.617728930154
1016,0.606761888645,0.622942753757
1017,0.61144042663,0.627569446873
1018,0.615690590644,0.631651216587
1019,0.620570036676,0.63641132645
1020,0.625475650886,0.641164891122
1021,0.631914582203,0.647912847198
1022,0.638900892893,0.655518702057
1023,0.645190990316,0.66245119384
1024,0.651903456669,0.669728929026
1025,0.657385900464,0.675597904786
1026,0.66275074081,0.681186383718
1027,0.668280248729,0.686942459216
1028,0.673455865962,0.692245470746
1029,0.678995072583,0.698208355572
1030,0.679092736684,0.697585685679
1031,0.678842772921,0.695768063229
1032,0.691016790102,0.711276928566
1033,0.694257432498,0.714724539421
1034,0.698300343831,0.719048258464
1035,0.701802135869,0.722939316855
1036,0.705840951171,0.72735529548
1037,0.708715863598,0.730378729778
1038,0.708584670295,0.729748280875
1039,0.706540913099,0.72689414068
1040,0.704350897697,0.72390488709
1041,0.704035625751,0.723073806956
1042,0.705701093081,0.724952112988
1043,0.70811839466,0.727720634259
1044,0.715277478238,0.734692945823
1045,0.714498262025,0.733776729689
1046,0.712517416458,0.73152269043
1047,0.712753705845,0.732205498448
1048,0.714333374636,0.734444048885
1049,0.716612057885,0.737574688204
1050,0.71860165254,0.740341077801
1051,0.718121314957,0.740245194728
1052,0.714352906828,0.736209277372
1053,0.709982415885,0.731416638003
1054,0.705728436416,0.726785752419
1055,0.701832204612,0.722643074289
1056,0.697724758712,0.718003925296
1057,0.675921698984,0.691177384255
1058,0.690404293267,0.710362740367
1059,0.684873445354,0.704279762428
1060,0.679452768919,0.698718129622
1061,0.673721255326,0.69276334161
1062,0.667492704436,0.686258975181
1063,0.661670455362,0.680085152113
1064,0.655380591973,0.673240631646
1065,0.648662514462,0.665909097429
1066,0.641741684336,0.658363549561
1067,0.634118470596,0.650097597841
1068,0.62704873808,0.642710609611
1069,0.621834421894,0.637615783086
1070,0.617076917685,0.6329693264
1071,0.612896783666,0.62896816716
1072,0.60817819122,0.624296506976
1073,0.602508514287,0.618449484564
1074,0.595301786238,0.610793818184
1075,0.588740515867,0.6039297364
1076,0.582344505433,0.597319431761
1077,0.575949043653,0.590673045509
1078,0.56944126956,0.583727919484
1079,0.562027273348,0.575595231172
1080,0.555043497455,0.567893584079
1081,0.54812657821,0.560318549059
1082,0.540835849124,0.552321804214
1083,0.533339283808,0.544135830731
1084,0.527047352335,0.537191693524
1085,0.520746217482,0.530363333789
1086,0.516819157957,0.526398661236
1087,0.514129863754,0.524040868372
1088,0.512162493247,0.522407842252
1089,0.50983432671,0.520299786784
1090,0.507112484895,0.517548051916
1091,0.503271731032,0.513418967718
1092,0.500107219233,0.510021250212
1093,0.497274541571,0.506998558004
1094,0.495080008388,0.504641564085
1095,0.493711088963,0.503198733142
1096,0.492770005304,0.502287417758
1097,0.492686023749,0.502304743713
1098,0.493201062549,0.50300774569
1099,0.493785021095,0.503679944213
1100,0.49286769069,0.502678646433
1101,0.492514496022,0.502136042008
1102,0.492931087206,0.502436000042
1103,0.493598184467,0.503094617902
1104,0.49513595288,0.504717743379
1105,0.497017505698,0.506742538292
1106,0.500200336254,0.510114465535
1107,0.503394069904,0.513542089612
1108,0.507157188809,0.517594815933
1109,0.509749065585,0.520224391125
1110,0.512184598239,0.522437371284
1111,0.513926043102,0.523839630382
1112,0.516692527143,0.526291604581
1113,0.520783502332,0.530393209509
1114,0.52676611341,0.536908407479
1115,0.533136495651,0.543932230421
1116,0.540636701284,0.552117059444
1117,0.54801059771,0.560196630621
1118,0.554851036588,0.567700951293
1119,0.562078945662,0.575624150552
1120,0.569587227337,0.583849181088
1121,0.576173262327,0.590918368923
1122,0.582343766656,0.597293625568
1123,0.588480925676,0.603653235807
1124,0.595281913013,0.610793297152
1125,0.60239655755,0.618325324931
1126,0.608271547155,0.624417198145
1127,0.612598016614,0.628666405569
1128,0.616803394913,0.632679538517
1129,0.621942006612,0.637700547351
1130,0.627271700231,0.642922831001
1131,0.634132990392,0.650127317991
1132,0.641693003827,0.65831044081
1133,0.648662259614,0.665902486892
1134,0.655393996072,0.673292458641
1135,0.661670559769,0.680097572295
1136,0.667657713423,0.686417901103
1137,0.673506300079,0.692522071381
1138,0.679165731213,0.698411954626
1139,0.684733023636,0.704144236497
1140,0.69048377793,0.71047326832
1141,0.675738091102,0.690980199457
1142,0.697790050825,0.718089778753
1143,0.701628772627,0.722419500502
1144,0.706044971681,0.727123744156
1145,0.710294999597,0.731725412699
1146,0.713909053965,0.735746278459
1147,0.717938488983,0.740035153382
1148,0.718503647278,0.740213426152
1149,0.717018318544,0.737965096258
1150,0.714325371793,0.734429705449
1151,0.712705085464,0.732145251748
1152,0.712694118632,0.73172770632
1153,0.71454770251,0.733824602089
1154,0.715423471912,0.734827102287
1155,0.716607779872,0.73534950912
1156,0.716237915325,0.734896648766
1157,0.714967237158,0.733570669022
1158,0.715251163776,0.734348564127
1159,0.716229118475,0.735902717143
1160,0.717727327158,0.738173550282
1161,0.720047203586,0.741346081089
1162,0.720868126981,0.742878278121
1163,0.719886669492,0.742126819433
1164,0.715992616449,0.737837926744
1165,0.711435659796,0.732851303325
1166,0.706847572958,0.727915474741
1167,0.70320733239,0.724067804112
1168,0.690609127736,0.708143015852
1169,0.691770793644,0.71113932071
1170,0.690066704345,0.709945405535
1171,0.685027997522,0.704608942259
1172,0.679461113808,0.698868990028
1173,0.673252769639,0.692413982203
1174,0.666610047822,0.68543774717
1175,0.660636498415,0.678959372546
1176,0.653753488164,0.671494714426
1177,0.6469368024,0.664031776169
1178,0.639215809518,0.655632188372
1179,0.631417384407,0.647084270299
1180,0.623980371121,0.639183387142
1181,0.618616539059,0.633789025857
1182,0.613877661057,0.629268272832
1183,0.610016999965,0.625727569995
1184,0.605356823619,0.621111528035
1185,0.599485387395,0.615093768567
1186,0.593233022219,0.60872013237
1187,0.586180298022,0.601280124025
1188,0.580839805615,0.595971632895
1189,0.575449565994,0.590536976559
1190,0.568543587988,0.583085260979
1191,0.560748912283,0.574384178976
1192,0.552673692983,0.565359123612
1193,0.544926691141,0.556868104474
1194,0.537066212998,0.548162933775
1195,0.529700658838,0.540117210224
1196,0.523432409332,0.533265009304
1197,0.518528797173,0.52810050281
1198,0.515066953273,0.524825509454
1199,0.512971278095,0.52310864635
1200,0.510680237974,0.521075800545
1201,0.507997896999,0.518505646291
1202,0.505026065769,0.515520460807
1203,0.501666299218,0.512029597629
1204,0.498695717717,0.508882172507
1205,0.496051232727,0.506035787033
1206,0.493717152574,0.503427788426
1207,0.493374946196,0.503362959351
1208,0.492469949162,0.502408122011
1209,0.491835917994,0.501727072758
1210,0.490636182768,0.500130407816
1211,0.490520836268,0.500015302864
1212,0.491714143643,0.501618671911
1213,0.492442612182,0.502384185958
1214,0.493214032943,0.503208599408
1215,0.493451651501,0.503161068843
1216,0.495993151759,0.5059741255
1217,0.498507786524,0.508704932451
1218,0.501620801631,0.511981939623
1219,0.504901348259,0.5153794832
1220,0.507964430548,0.518488366703
1221,0.510680099858,0.521074630519
1222,0.513033785093,0.523168692464
1223,0.515249551054,0.525009784514
1224,0.518540461853,0.528088693523
1225,0.523338632335,0.533173077846
1226,0.52978963651,0.540188036935
1227,0.537037201527,0.548129228226
1228,0.54521598135,0.557154583753
1229,0.552674844414,0.565338447214
1230,0.560702183552,0.574364392952
1231,0.56838081674,0.58291481245
1232,0.575396327076,0.590479246832
1233,0.580612527477,0.595741660492
1234,0.586007493369,0.601024846613
1235,0.593274972051,0.608755443252
1236,0.599209611324,0.614815709381
1237,0.604935936153,0.620699117034
1238,0.609850281417,0.625546694866
1239,0.614183274708,0.629582041917
1240,0.618631638702,0.633806014281
1241,0.624300455402,0.639506208143
1242,0.631645857327,0.647330001422
1243,0.639356510461,0.655754324976
1244,0.646978005515,0.66408245691
1245,0.654057149431,0.671809079131
1246,0.660364339756,0.678675773212
1247,0.666690268539,0.685489341136
1248,0.672990560349,0.692127621146
1249,0.679278561258,0.698691710879
1250,0.685057747822,0.704628686519
1251,0.690302287319,0.710162264271
1252,0.691694088497,0.711044084495
1253,0.690685169146,0.708227855897
1254,0.702990264539,0.723844335266
1255,0.706699616457,0.727767810345
1256,0.711082018221,0.732464658711
1257,0.715599551908,0.737450680351
1258,0.719531110615,0.741752775984
1259,0.720926955299,0.742914630354
1260,0.720005185219,0.74129699591
1261,0.717487516497,0.73791665971
1262,0.716008743236,0.735682869691
1263,0.714822327412,0.733910878725
1264,0.714867707084,0.733474701117
1265,0.716262148071,0.734936717264
1266,0.488437584667,0.504097699899
1267,0.59492682304,0.613975269249
1268,0.713477669985,0.735512379353
1269,0.712462874902,0.734514947996
1270,0.591712431336,0.610175023913
1271,0.48823914427,0.504014373957
1272,0.594388856444,0.613845876494
1273,0.714504246246,0.737776700731
1274,0.704599563102,0.726352357122
1275,0.584191080201,0.601652789967
1276,0.480079132265,0.494494722688
1277,0.589305865785,0.60862278497
1278,0.70213487346,0.724440527244
1279,0.690608355039,0.71102250033
1280,0.57202779514,0.587667562952
1281,0.474102635053,0.487611326854
1282,0.572119671686,0.588301310118
1283,0.664477527438,0.67933292959
1284,0.675483126566,0.69489779774
1285,0.564878435428,0.580554632622
1286,0.465994302679,0.479090112511
1287,0.559191216205,0.574529782075
1288,0.663113515279,0.681668564548
1289,0.659347824193,0.678880886486
1290,0.56151978746,0.578968879579
1291,0.4727519351,0.486096485279
1292,0.548450153653,0.563506541355
1293,0.6415404085,0.658813598234
1294,0.635117587414,0.652803788676
1295,0.545214028465,0.561374117728
1296,0.486772067947,0.499778470676
1297,0.538509629492,0.553535594632
1298,0.621822464754,0.639102745194
1299,0.611869858103,0.628451028813
1300,0.527765690583,0.542894606382
1301,0.479191623283,0.491465064517
1302,0.526698650837,0.541469885573
1303,0.600478751234,0.61750205456
1304,0.590753366225,0.607029603813
1305,0.511917714694,0.526275067022
1306,0.471203265212,0.482610711098
1307,0.529509832027,0.543347077435
1308,0.571182633033,0.585975726942
1309,0.561134065349,0.575020880767
1310,0.491694165744,0.503676713361
1311,0.485690972097,0.495277296397
1312,0.508321789031,0.519611848533
1313,0.53900001751,0.550071563223
1314,0.531660843953,0.542255268034
1315,0.472156819098,0.482413289635
1316,0.476970895972,0.485550999964
1317,0.490538404726,0.499767756888
1318,0.512994792614,0.521602181754
1319,0.507700945283,0.516432337879
1320,0.462939423962,0.473068836401
1321,0.471143777717,0.479563917987
1322,0.482802516935,0.491832517365
1323,0.501590303073,0.510943034674
1324,0.498215836409,0.508149752704
1325,0.458188958037,0.468310820205
1326,0.446367438153,0.454204504135
1327,0.480836375366,0.490287787678
1328,0.493789307131,0.503191042062
1329,0.482123273682,0.49126505438
1330,0.44736575904,0.456975783731
1331,0.448170428925,0.456516694401
1332,0.481478820793,0.491071527127
1333,0.49037095542,0.500123849508
1334,0.478527615392,0.48811635108
1335,0.447180743874,0.45641316624
1336,0.447057300585,0.456298638081
1337,0.474540925128,0.484017817689
1338,0.490218546485,0.499974324674
1339,0.472293492356,0.481671259534
1340,0.448039469856,0.456394254919
1341,0.447317562132,0.456932837428
1342,0.482070624459,0.491225790274
1343,0.494212974984,0.503634753357
1344,0.471895181793,0.481127787447
1345,0.446203469429,0.454046545837
1346,0.448419219006,0.458614746436
1347,0.495671610472,0.505274254039
1348,0.501886101468,0.511245717595
1349,0.483011114138,0.492043099486
1350,0.471229307634,0.479640362455
1351,0.463154884436,0.47328756694
1352,0.507790267847,0.516501696403
1353,0.512833444778,0.521437798322
1354,0.490556732003,0.499776005198
1355,0.476939016676,0.485509181296
1356,0.47226352911,0.482530144357
1357,0.531568249081,0.54215083894
1358,0.538891596569,0.549969269311
1359,0.508395244799,0.51968988874
1360,0.485472450444,0.495053701153
1361,0.491805046593,0.503803467493
1362,0.560942524031,0.574828692299
1363,0.571260547207,0.586049991392
1364,0.516401745345,0.52980451901
1365,0.470915216634,0.48230529464
1366,0.511840374581,0.526188516625
1367,0.590588134087,0.606884621158
1368,0.600823068863,0.617855147407
1369,0.5266995987,0.541472172948
1370,0.479094644826,0.491376093346
1371,0.527723438293,0.542834044597
1372,0.611712666923,0.628295145974
1373,0.621548293346,0.63882804638
1374,0.545210238026,0.560438328145
1375,0.487064484305,0.500093527889
1376,0.544966104046,0.561119934052
1377,0.634673314035,0.652372067648
1378,0.641716647426,0.659001975472
1379,0.548450075043,0.56352066896
1380,0.464613113617,0.477875124842
1381,0.56021935522,0.577475234524
1382,0.659497824688,0.679053215239
1383,0.66302361305,0.681595557589
1384,0.559379738831,0.574737691614
1385,0.469577468429,0.482698994065
1386,0.565778495564,0.58165831582
1387,0.675365520921,0.694789095728
1388,0.664360394053,0.679188113087
1389,0.572066993632,0.588261860672
1390,0.473714111067,0.487205539865
1391,0.571760534768,0.587391971781
1392,0.690786711978,0.711194768273
1393,0.701886824718,0.724181198815
1394,0.589464688005,0.608775443542
1395,0.480102237319,0.494544603133
1396,0.584110486499,0.601588531935
1397,0.704569529245,0.726298076044
1398,0.714756263182,0.738002056682
1399,0.59467520283,0.614174106203
1400,0.487972909414,0.503755726625
1401,0.591821604163,0.610292997228
1402,0.712564227342,0.734613845097
1403,0.713567985738,0.735592511141
1404,0.594907009932,0.613982670347
1405,0.688552458947,0.708401879682
1406,0.687436286222,0.707009237435
1407,0.685817822005,0.705096316783
1408,0.683869535503,0.702813175382
1409,0.683545774498,0.702556037923
1410,0.684617267799,0.704132804245
1411,0.685981999358,0.706092571396
1412,0.6873522544,0.707974426946
1413,0.688007748319,0.709065121395
1414,0.686037768817,0.70701851376
1415,0.683204660227,0.703855733975
1416,0.679612965135,0.699984669215
1417,0.677277976821,0.69756603941
1418,0.674436996937,0.694666955226
1419,0.672093278619,0.692271795352
1420,0.669331025732,0.689415787345
1421,0.657012384916,0.673993901631
1422,0.659393381067,0.677989576309
1423,0.657735846253,0.67656567496
1424,0.652843307004,0.671214474077
1425,0.6489551894,0.66725206069
1426,0.64447905065,0.662585863977
1427,0.639956950934,0.657877433514
1428,0.635635760733,0.653283779471
1429,0.640488810985,0.658606345271
1430,0.627619516684,0.644800852774
1431,0.622245242503,0.639098046704
1432,0.616983621559,0.633272522272
1433,0.611761580133,0.627515932441
1434,0.626801857778,0.644179769602
1435,0.604240035588,0.619894698749
1436,0.600258655623,0.616131432735
1437,0.597174319922,0.61324062259
1438,0.594047647332,0.610285809318
1439,0.60657096038,0.623811551701
1440,0.5859748869,0.602084637345
1441,0.581310896912,0.597231673421
1442,0.577672261853,0.593550268554
1443,0.574141177458,0.590406970764
1444,0.581014682017,0.597020383596
1445,0.568311670917,0.583653467038
1446,0.556749481276,0.571701270304
1447,0.551492296055,0.565928786211
1448,0.545028971802,0.558807470414
1449,0.552734999003,0.565545894879
1450,0.537738989017,0.550068858448
1451,0.527077225417,0.538775277196
1452,0.521900730603,0.533123040758
1453,0.51666261904,0.52737670627
1454,0.523479348543,0.533429570685
1455,0.510970749727,0.520588978516
1456,0.501051456827,0.510200130225
1457,0.495911058561,0.504814033339
1458,0.493931190751,0.502818561479
1459,0.502010311012,0.510963004164
1460,0.495523069673,0.504854896208
1461,0.488463905738,0.498105525596
1462,0.48542490135,0.495280315657
1463,0.488071872906,0.497991441211
1464,0.491764575417,0.501570731274
1465,0.487421772061,0.497128812797
1466,0.479632488655,0.489195673766
1467,0.475636369757,0.48513658134
1468,0.478034682887,0.487591785394
1469,0.483178465328,0.492788701669
1470,0.481495586589,0.49121554922
1471,0.47565120839,0.48548570681
1472,0.474170647059,0.484084902887
1473,0.478508388404,0.488352487074
1474,0.481599405719,0.491410211822
1475,0.477528463285,0.487386194015
1476,0.473219065984,0.483140398196
1477,0.47418599194,0.484043240697
1478,0.479641397161,0.489398821715
1479,0.483253136339,0.492856192031
1480,0.481798632787,0.491455617057
1481,0.475644374482,0.485141439604
1482,0.478214239522,0.487810196246
1483,0.485379279102,0.495120336621
1484,0.489776721013,0.499616478427
1485,0.484233330069,0.49424006207
1486,0.485560380239,0.495390209978
1487,0.488257831545,0.497899426692
1488,0.495570963194,0.504902256812
1489,0.502065188353,0.511010911893
1490,0.494024321439,0.502906643795
1491,0.49591912312,0.504835290741
1492,0.501280084582,0.510432499964
1493,0.510811648118,0.520426259174
1494,0.523377596627,0.533327661034
1495,0.516463751181,0.527177580165
1496,0.522106938958,0.533327561443
1497,0.527043149496,0.538749594458
1498,0.537851192675,0.550199527582
1499,0.553026532767,0.565835356004
1500,0.545138098791,0.558893391605
1501,0.551200529494,0.565636123559
1502,0.557094218309,0.572025814273
1503,0.564913232458,0.580232211813
1504,0.580493515151,0.596296406248
1505,0.5742035,0.590432584547
1506,0.577258036499,0.593099989056
1507,0.581516689135,0.597464426579
1508,0.586311964695,0.602419072841
1509,0.606476726242,0.623719142585
1510,0.59426080568,0.61049849064
1511,0.59724498407,0.613348024083
1512,0.600365061456,0.616214415663
1513,0.607487996457,0.623426489211
1514,0.627063504194,0.644417208913
1515,0.611559404718,0.627314371628
1516,0.617026906767,0.633299909194
1517,0.622259035477,0.639104039372
1518,0.627414861727,0.644618304853
1519,0.634744248928,0.652408460536
1520,0.635428497682,0.653086678918
1521,0.639912232963,0.65782167921
1522,0.644072362888,0.662173679529
1523,0.649016537311,0.667297759069
1524,0.655329975894,0.673810283047
1525,0.657667749638,0.676524257966
1526,0.659282233793,0.677889707255
1527,0.657088241398,0.674113979289
1528,0.669426368868,0.68956067007
1529,0.672124485624,0.692338958775
1530,0.674568642844,0.694821300263
1531,0.677273580828,0.69757397272
1532,0.679711205641,0.70007261027
1533,0.682736859747,0.703397571469
1534,0.686095798895,0.707055145667
1535,0.687794851552,0.708867556609
1536,0.687326935887,0.707952723728
1537,0.685821876107,0.705900242473
1538,0.684562266492,0.704051478926
1539,0.683611315109,0.702645269704
1540,0.68411468874,0.703111671658
1541,0.685886253774,0.705158021885
1542,0.687671606335,0.707273782361
1543,0.688637696425,0.708464920967
1544,0.687718116222,0.706911778338
1545,0.687413257626,0.706566796969
1546,0.686221004455,0.705104213364
1547,0.684939981751,0.70363120794
1548,0.684256978211,0.702871997441
1549,0.684873041345,0.703875482446
1550,0.685971027137,0.705508460465
1551,0.687063109459,0.707152282515
1552,0.687330338063,0.707844285235
1553,0.686549159633,0.707302211624
1554,0.684054310967,0.704573935422
1555,0.680414708178,0.700618029908
1556,0.677282199679,0.697174111416
1557,0.674507955859,0.694196628647
1558,0.672211972848,0.691749315987
1559,0.6696963527,0.689136346533
1560,0.661534912883,0.678977584691
1561,0.648426372018,0.663335007485
1562,0.659931362798,0.678708860441
1563,0.655203476961,0.673475998226
1564,0.650471250483,0.668469211498
1565,0.64602161399,0.663932487733
1566,0.642234139827,0.660068101063
1567,0.637943382308,0.655652327723
1568,0.634112520728,0.651655767123
1569,0.639260175158,0.656999669591
1570,0.625120344131,0.641999193135
1571,0.619776289186,0.636096199905
1572,0.614438207528,0.630229825118
1573,0.608870622333,0.624232698998
1574,0.613214938668,0.628936196596
1575,0.600565548554,0.615999025165
1576,0.596381798009,0.611950832622
1577,0.593036799292,0.608750816738
1578,0.589586707698,0.605375171916
1579,0.594530550652,0.610828659003
1580,0.581720407194,0.597398932215
1581,0.577328870355,0.592915433467
1582,0.572328328592,0.587797783196
1583,0.567123789627,0.582402896
1584,0.569271900366,0.58472595392
1585,0.562665946387,0.577753285287
1586,0.550542598101,0.564782531121
1587,0.544751286872,0.55839948798
1588,0.538579273089,0.551505231487
1589,0.539296567983,0.552159376418
1590,0.532668803671,0.544806930017
1591,0.522370042388,0.533546168817
1592,0.516771017542,0.527442784639
1593,0.511325537408,0.521499087378
1594,0.510532264622,0.520590483756
1595,0.504560331353,0.514022135008
1596,0.496154089725,0.505024880086
1597,0.492212989017,0.500990984813
1598,0.491244537857,0.50027790381
1599,0.490725752407,0.500143225096
1600,0.488675751781,0.498336010333
1601,0.485143825654,0.494928045162
1602,0.483480403473,0.49335872786
1603,0.483480774474,0.493394266085
1604,0.481499319729,0.491359517456
1605,0.478137910935,0.487610313134
1606,0.473956442942,0.48316221203
1607,0.472872434048,0.482125501409
1608,0.473458642147,0.482897389899
1609,0.473102363847,0.482652848062
1610,0.472561384292,0.482158493243
1611,0.471760588449,0.481450696815
1612,0.472734650929,0.482496886072
1613,0.473371649528,0.483179912948
1614,0.473402981618,0.48322423898
1615,0.472178728452,0.481936543663
1616,0.471701474677,0.481379435583
1617,0.472216826461,0.481791730436
1618,0.473144583326,0.482698195186
1619,0.474014839401,0.48343328169
1620,0.473628809701,0.482882360908
1621,0.474155369265,0.483341459321
1622,0.477177992779,0.486554785879
1623,0.481526851936,0.491368718191
1624,0.481577246699,0.491371008103
1625,0.487850660843,0.497823911909
1626,0.485843478024,0.495739200688
1627,0.48864261825,0.498294138768
1628,0.490602439983,0.500029648469
1629,0.491184231803,0.50022597075
1630,0.492304037426,0.501084182225
1631,0.49611407392,0.504996605683
1632,0.504310018885,0.513768636907
1633,0.510660664777,0.520720588309
1634,0.511582629378,0.521767222653
1635,0.51683354441,0.527513718367
1636,0.522353829952,0.533539233747
1637,0.53260962492,0.544726587554
1638,0.539302123369,0.5521673246
1639,0.538601152687,0.551516273415
1640,0.544929924452,0.558580545941
1641,0.550790012937,0.565037631172
1642,0.559292729427,0.574095862228
1643,0.569027735798,0.584498023038
1644,0.567331756973,0.5826143881
1645,0.572153113763,0.587604324092
1646,0.577214910023,0.592808295018
1647,0.581630641553,0.597298669939
1648,0.594042069533,0.61035344492
1649,0.589632371665,0.605451596757
1650,0.593200978793,0.608881207023
1651,0.596487675468,0.612043713243
1652,0.604142505078,0.619724877796
1653,0.613003291443,0.62870817707
1654,0.608937349165,0.624298353969
1655,0.614399037998,0.630168609057
1656,0.619684007332,0.636003535938
1657,0.624808015598,0.641684918615
1658,0.634068073193,0.651468272467
1659,0.634300945567,0.651834729375
1660,0.638208893846,0.655925071853
1661,0.642210448547,0.660052409128
1662,0.646290064244,0.66419513915
1663,0.656011854992,0.674301874244
1664,0.655158366132,0.673412145039
1665,0.659865044872,0.678651005206
1666,0.648094967031,0.662996089779
1667,0.661486384494,0.678951431319
1668,0.669270570883,0.688696297841
1669,0.672079893779,0.69161712919
1670,0.674730356774,0.694412105666
1671,0.677677689948,0.697588969185
1672,0.680593811277,0.700793741157
1673,0.683945915069,0.70446676817
1674,0.686641765278,0.707425812092
1675,0.687180242941,0.707672217905
1676,0.687193867793,0.707313591817
1677,0.686120220725,0.705679087115
1678,0.685033500068,0.70404254916
1679,0.684440502945,0.703063850884
1680,0.685068929798,0.70374409142
1681,0.686218683109,0.705123956044
1682,0.687130926335,0.706252129435
1683,0.679692774034,0.698282265927
1684,0.679138122722,0.697674811937
1685,0.677740783547,0.696042310217
1686,0.676811184517,0.694971799295
1687,0.677071309348,0.695512481814
1688,0.677688529963,0.696590641137
1689,0.6790396635,0.698502926221
1690,0.680131454265,0.700075407652
1691,0.679444354447,0.699747817531
1692,0.678125040033,0.698508422876
1693,0.674960124536,0.695029547302
1694,0.671597852065,0.69128160689
1695,0.669063393087,0.688536258103
1696,0.666352565313,0.685677410278
1697,0.664042832987,0.683265355476
1698,0.661828797772,0.681035351799
1699,0.652976334651,0.669937579425
1700,0.655504071787,0.67425975723
1701,0.651716979709,0.670104745618
1702,0.647315993334,0.665282021301
1703,0.643280922109,0.661167522782
1704,0.638930364675,0.656713395013
1705,0.6348782476,0.652529766063
1706,0.63132920511,0.648868517114
1707,0.627146046933,0.644393920588
1708,0.622749844531,0.63966347683
1709,0.617186238096,0.633516163874
1710,0.611892997737,0.627780551521
1711,0.606649699094,0.622069069827
1712,0.601370422028,0.616428135864
1713,0.596610919053,0.61161134759
1714,0.593018099829,0.608152195997
1715,0.589038952627,0.604234181032
1716,0.585587370033,0.600911858862
1717,0.582439839028,0.597868605921
1718,0.57842268779,0.593820533446
1719,0.574323821892,0.589586103145
1720,0.569765721191,0.584888936445
1721,0.564335625033,0.579181024721
1722,0.559291387731,0.573818687907
1723,0.553775978369,0.568045708405
1724,0.548676356512,0.562652899896
1725,0.543113267853,0.556669368639
1726,0.53764992484,0.550635886002
1727,0.53196873494,0.544270315719
1728,0.526875451172,0.538633646882
1729,0.521602413028,0.532817615258
1730,0.51635669693,0.527080258767
1731,0.510888410269,0.521116933987
1732,0.505800564099,0.515555252457
1733,0.500874552728,0.510220315645
1734,0.496083847597,0.505029489502
1735,0.491981647053,0.500714801705
1736,0.489169775362,0.498014336821
1737,0.487316902221,0.49649788851
1738,0.485935106899,0.495408718014
1739,0.484350305263,0.494006393327
1740,0.482473397988,0.492205768254
1741,0.480449514649,0.490148290482
1742,0.481546456859,0.49107465644
1743,0.475382494979,0.484576475448
1744,0.472852083644,0.481872057361
1745,0.471036768374,0.480033912583
1746,0.469964656365,0.478963507292
1747,0.469160036076,0.478183224665
1748,0.468816819714,0.477941176726
1749,0.469100597353,0.478417519135
1750,0.46972603772,0.479212126824
1751,0.47026049858,0.479864703167
1752,0.470871536378,0.480561211217
1753,0.470218502623,0.479818323007
1754,0.469762961751,0.479247159211
1755,0.469050979186,0.478361822987
1756,0.468848903805,0.477972971401
1757,0.469244203426,0.478281905943
1758,0.471001469862,0.480051319664
1759,0.471233408752,0.480220186384
1760,0.472860111387,0.481867897018
1761,0.475227680756,0.484394669671
1762,0.477699887445,0.487136367031
1763,0.48075452147,0.490411748918
1764,0.483217968506,0.492953764525
1765,0.484337720318,0.493986639808
1766,0.48572781249,0.495209777505
1767,0.491582877699,0.500880988233
1768,0.48997010796,0.49898610722
1769,0.491987560337,0.500719927524
1770,0.496173069518,0.505119339784
1771,0.500971095368,0.510324445782
1772,0.505928667879,0.515687437441
1773,0.510952504253,0.521169284746
1774,0.51631390169,0.527027827483
1775,0.521564881698,0.532778214273
1776,0.526334107127,0.538061807006
1777,0.532040534663,0.54434448222
1778,0.537557384772,0.550535425151
1779,0.543169114098,0.556719168278
1780,0.548785249867,0.562765294648
1781,0.553824450537,0.568081872878
1782,0.559206431059,0.573736686655
1783,0.564270895246,0.57909099586
1784,0.569758106268,0.584908625181
1785,0.574369840335,0.589622069262
1786,0.578739375175,0.594135404264
1787,0.582273842924,0.597710795654
1788,0.585791747851,0.601113128683
1789,0.589159871732,0.604352450851
1790,0.593001152996,0.608142900363
1791,0.596888388527,0.61191438017
1792,0.601270737225,0.616327644683
1793,0.606947018322,0.622362533967
1794,0.611964220873,0.627819424146
1795,0.617105523305,0.633465817816
1796,0.622421879248,0.639302281587
1797,0.627452648386,0.644701665964
1798,0.631405356618,0.648922019961
1799,0.634951319647,0.652606159969
1800,0.638988268448,0.656773548167
1801,0.643422715153,0.661332476844
1802,0.647290599412,0.66527934306
1803,0.652070813387,0.670491619391
1804,0.655683147102,0.674419965147
1805,0.653179802281,0.670134314378
1806,0.661843404104,0.681026049165
1807,0.664168604999,0.683401322658
1808,0.666391181979,0.68570607505
1809,0.669190303908,0.688653555976
1810,0.67182464307,0.691526614722
1811,0.674957493199,0.694978475426
1812,0.678030253699,0.698409795334
1813,0.679614893448,0.699897776998
1814,0.679932219305,0.699898138808
1815,0.679037516034,0.698502748187
1816,0.677786502955,0.696677775205
1817,0.676823249991,0.69524079273
1818,0.676828138377,0.694997737844
1819,0.677946650463,0.69623613845
1820,0.679077054721,0.697605479989
1821,0.679429061477,0.698003849296
1822,0.659268473033,0.677179313682
1823,0.659316780167,0.677208285854
1824,0.658991012991,0.676840342973
1825,0.657828385117,0.675489049285
1826,0.658047117166,0.675939217073
1827,0.658501472357,0.676744447074
1828,0.659354698709,0.678060126282
1829,0.660344327074,0.6794998578
1830,0.660681892347,0.68023980369
1831,0.660021232325,0.679760913226
1832,0.657904742804,0.677612793839
1833,0.655130656668,0.674489142932
1834,0.652241751174,0.671310154357
1835,0.649999752906,0.66886276214
1836,0.647653334969,0.666422216108
1837,0.645637428867,0.664363143172
1838,0.638506306901,0.655409594922
1839,0.639243655989,0.657292564644
1840,0.637374384404,0.655573297316
1841,0.634000364585,0.651856741082
1842,0.629774663329,0.647434348377
1843,0.626804665333,0.644418162028
1844,0.622671832236,0.640175624593
1845,0.619147693729,0.63646221079
1846,0.615082606227,0.632123275978
1847,0.610964507902,0.627669415701
1848,0.606372376821,0.622685651448
1849,0.601910537138,0.617802979979
1850,0.596958274484,0.612423566736
1851,0.592119702155,0.607144103506
1852,0.587082242535,0.601716521002
1853,0.582755648065,0.597291987794
1854,0.579399442094,0.594029229742
1855,0.575788744982,0.590425345023
1856,0.572361316324,0.586997227486
1857,0.569572778102,0.584364838441
1858,0.565904182066,0.580617246721
1859,0.562358417708,0.577072175302
1860,0.557770012156,0.572354028176
1861,0.553213884278,0.567644557278
1862,0.548749751188,0.563021221792
1863,0.544313160593,0.558388116493
1864,0.539025168725,0.552666134882
1865,0.534359751105,0.547629682193
1866,0.529267935858,0.542152225902
1867,0.523833042527,0.53605387232
1868,0.523473486908,0.535132577835
1869,0.512736702243,0.523690418964
1870,0.507460964435,0.517797992592
1871,0.502125715675,0.511940329263
1872,0.497512709295,0.506886412965
1873,0.493848748061,0.503004492676
1874,0.493880436776,0.502684824308
1875,0.486476149355,0.495193791843
1876,0.484472029898,0.493472169765
1877,0.483639914841,0.493050800384
1878,0.485836524747,0.495419414602
1879,0.480006184662,0.489634454311
1880,0.478308662393,0.487945709417
1881,0.476758998972,0.486367592287
1882,0.478233646292,0.487692160196
1883,0.472831160702,0.482317435572
1884,0.471072448862,0.480479844375
1885,0.469495822258,0.478803420593
1886,0.468115735407,0.477270496535
1887,0.467959779231,0.477234297986
1888,0.466120050566,0.4750901933
1889,0.467172814838,0.476572864519
1890,0.46754993725,0.477035650861
1891,0.467698832099,0.477231555677
1892,0.46775422214,0.477280660745
1893,0.467641569271,0.477121041717
1894,0.467348602556,0.476753058912
1895,0.466052491348,0.474984601674
1896,0.467777117544,0.477046350058
1897,0.468103505325,0.477248122766
1898,0.469639707566,0.478929822988
1899,0.471166771435,0.480573027811
1900,0.472747106734,0.482228875174
1901,0.47400159286,0.483421969837
1902,0.476275578502,0.485890028872
1903,0.480452546625,0.49015208823
1904,0.484080882582,0.493806921651
1905,0.482289263406,0.491878645716
1906,0.487548228001,0.496926502313
1907,0.485614557297,0.494751870356
1908,0.486353935707,0.495074317542
1909,0.489383571395,0.498093374919
1910,0.493187603162,0.502195398636
1911,0.497518429242,0.506877699585
1912,0.502179150637,0.512001686149
1913,0.507367035068,0.51770174694
1914,0.513060473019,0.524008369506
1915,0.51805231151,0.529581624586
1916,0.523595219243,0.535752613138
1917,0.529356561896,0.542255517428
1918,0.534314175539,0.547577670154
1919,0.539266801821,0.552915965213
1920,0.544321176,0.558394060758
1921,0.548600034259,0.562862076586
1922,0.553288743525,0.567701659646
1923,0.557845013505,0.572422259039
1924,0.56224029884,0.576945779612
1925,0.565815189775,0.580523811983
1926,0.569483737378,0.584284979935
1927,0.572216837636,0.586817467023
1928,0.575660814455,0.590315878325
1929,0.579391970064,0.594013398982
1930,0.582705923596,0.597240869252
1931,0.587099688536,0.601734192518
1932,0.591995296301,0.607026422749
1933,0.597413446734,0.612884047636
1934,0.601780100449,0.617685560346
1935,0.606194154854,0.622516647072
1936,0.610907009649,0.627594559758
1937,0.615141620441,0.632189487376
1938,0.618941397639,0.636254324934
1939,0.632362292587,0.65009427233
1940,0.627126923936,0.644874353024
1941,0.630281846725,0.647958865386
1942,0.633882562879,0.651718026156
1943,0.637349853062,0.655564169694
1944,0.639154386759,0.657215969601
1945,0.638336081478,0.655229416507
1946,0.645576029196,0.664297689188
1947,0.647518847601,0.666281125075
1948,0.649872555097,0.66875510251
1949,0.652277234587,0.671316596719
1950,0.655178128718,0.674536032749
1951,0.658232158477,0.677956372541
1952,0.659879140241,0.679626987746
1953,0.660621970904,0.680152800757
1954,0.660192117225,0.679338577528
1955,0.659744088694,0.678454308193
1956,0.658470220885,0.676696030416
1957,0.65797676094,0.675861642486
1958,0.657731243999,0.675399867144
1959,0.658744267084,0.676563916093
1960,0.659313728069,0.677229640285
1961,0.410665495367,0.423800132195
1962,0.507247550766,0.523517089979
1963,0.619218186609,0.638208491048
1964,0.695377544675,0.716255077931
1965,0.641417198636,0.66116088516
1966,0.5281387287,0.544740274829
1967,0.416976278387,0.430406362043
1968,0.483576412303,0.499438207587
1969,0.597017745438,0.61608200264
1970,0.687694450832,0.709088330692
1971,0.654144744635,0.673944744809
1972,0.542787240377,0.559053680415
1973,0.426313078555,0.439054252532
1974,0.455210154894,0.470146773516
1975,0.570687907957,0.589387384339
1976,0.663456024168,0.683474421854
1977,0.654907357534,0.673796070408
1978,0.556109859726,0.57173638176
1979,0.44173878414,0.454068531346
1980,0.426910668759,0.43972142197
1981,0.535978917807,0.552404396049
1982,0.632540562944,0.650653072277
1983,0.651299090785,0.669612366133
1984,0.569400632995,0.585531388167
1985,0.46236289046,0.476500826703
1986,0.424159437014,0.435377604949
1987,0.500317680897,0.514325985939
1988,0.59812957476,0.614940180512
1989,0.638627462294,0.65657919643
1990,0.580751044971,0.59833182905
1991,0.477957232422,0.493147958443
1992,0.426362236747,0.436015145012
1993,0.484231011289,0.497907034494
1994,0.564618659098,0.58028450887
1995,0.613387613954,0.629043273582
1996,0.573962683213,0.589408231508
1997,0.483879459849,0.498010185562
1998,0.418524057415,0.42738256882
1999,0.475034344317,0.488392264647
2000,0.537480653708,0.553121703217
2001,0.593198898711,0.609413592704
2002,0.57050309782,0.58618016656
2003,0.488537458606,0.502980733605
2004,0.40531066215,0.415881517583
2005,0.464536720254,0.476266028824
2006,0.52415520843,0.539165620239
2007,0.566789596916,0.582335696873
2008,0.558031200985,0.573131491712
2009,0.486442779286,0.499859527216
2010,0.409714927118,0.420135953207
2011,0.462753881476,0.471956790918
2012,0.486113553865,0.49802365597
2013,0.527987117867,0.540047749027
2014,0.533078109744,0.544730326983
2015,0.4790585802,0.490249215421
2016,0.424074662345,0.433267041209
2017,0.441854967016,0.45018617599
2018,0.465934457989,0.475873083139
2019,0.495830343381,0.505180814541
2020,0.506399749362,0.515434467946
2021,0.469970540496,0.480002035798
2022,0.418394089102,0.427729551895
2023,0.443606121327,0.4511632672
2024,0.449555193072,0.457955108295
2025,0.47114439731,0.479365231736
2026,0.485682237635,0.494018683808
2027,0.467518810199,0.477944185574
2028,0.426256596558,0.435559521032
2029,0.415672319944,0.421825523195
2030,0.456738207724,0.465559280354
2031,0.463932502176,0.473042457293
2032,0.477476919942,0.48625532085
2033,0.458096775003,0.467291445685
2034,0.418194587241,0.427575834178
2035,0.415887949372,0.422291032904
2036,0.443124669094,0.451785632641
2037,0.453769084212,0.463360809374
2038,0.470249466066,0.479522625042
2039,0.455367873087,0.464757994643
2040,0.432600382608,0.441431137446
2041,0.413822578283,0.420161282973
2042,0.435119763492,0.443581418297
2043,0.451811221473,0.461057731777
2044,0.469709309841,0.479128108652
2045,0.451737953816,0.460987465877
2046,0.435291106271,0.443751407285
2047,0.413856795603,0.420209271928
2048,0.432634263442,0.441466511872
2049,0.451828833445,0.461058447758
2050,0.470391106226,0.479663254198
2051,0.456793539727,0.466453940607
2052,0.443059624481,0.451727341976
2053,0.416048198066,0.422454890449
2054,0.418367217997,0.427754141103
2055,0.455760435293,0.464944560092
2056,0.47601283938,0.484732613192
2057,0.471720415318,0.481044112306
2058,0.457514749897,0.466531490986
2059,0.430889449872,0.437572973412
2060,0.419525405024,0.428849310982
2061,0.466410026909,0.476658269662
2062,0.486697105722,0.494918129247
2063,0.475142385251,0.483438459528
2064,0.450453340622,0.459060449713
2065,0.424596930176,0.431502184425
2066,0.41836151459,0.427687461288
2067,0.469779066278,0.479838673975
2068,0.506202216036,0.515241616679
2069,0.495823419182,0.505181710631
2070,0.466137437106,0.476060735349
2071,0.441912688066,0.450232747956
2072,0.414083726291,0.423137452866
2073,0.479047232912,0.490233410226
2074,0.532708399407,0.544355379969
2075,0.527839381247,0.539907411842
2076,0.486047189551,0.49796627479
2077,0.462782444626,0.471976592557
2078,0.409556068435,0.419962545115
2079,0.486317636814,0.499740536398
2080,0.558471135307,0.573579074334
2081,0.566719026066,0.582231158673
2082,0.511936634627,0.526493936652
2083,0.464630268314,0.476379778414
2084,0.405227387148,0.415785946159
2085,0.488734267528,0.503183778303
2086,0.570659355672,0.586348123538
2087,0.592753672609,0.608958263577
2088,0.537406967231,0.553064639602
2089,0.465069690054,0.478160450326
2090,0.418616858051,0.42748968846
2091,0.483592671154,0.497724829196
2092,0.574032199254,0.589500899299
2093,0.613232781341,0.628870893524
2094,0.564831004943,0.580492816443
2095,0.484351560927,0.498020473723
2096,0.426376422181,0.436025525649
2097,0.47825170901,0.49343882122
2098,0.580247111654,0.597821344899
2099,0.638765782125,0.656726542181
2100,0.598304621127,0.615132127702
2101,0.509872110604,0.524259874509
2102,0.414191435043,0.425678769597
2103,0.460747831393,0.474567801237
2104,0.569400277573,0.585526114083
2105,0.650924362419,0.669201014133
2106,0.632706406889,0.650853177564
2107,0.536254874653,0.552685826045
2108,0.42691944988,0.439715650573
2109,0.441884011739,0.454200297265
2110,0.556240318231,0.571892254423
2111,0.654936652387,0.673817636877
2112,0.663262787129,0.683294837011
2113,0.570749618735,0.589448363953
2114,0.455068982586,0.470003663173
2115,0.42596573965,0.438716217944
2116,0.542930647611,0.559201818869
2117,0.653908535002,0.673733838255
2118,0.687569258936,0.708940721464
2119,0.596806602412,0.61584337921
2120,0.483566580209,0.499429336175
2121,0.416971324631,0.43040207673
2122,0.528037855957,0.544615877787
2123,0.6416722939,0.661444437584
2124,0.69512064758,0.71598716878
2125,0.619214523846,0.638222485186
2126,0.50715832406,0.523433366402
2127,0.691632395023,0.713051640741
2128,0.68983450458,0.711067670907
2129,0.687818449207,0.708763345582
2130,0.687342097317,0.708182913083
2131,0.686754159494,0.707583700716
2132,0.688387167899,0.709395439831
2133,0.688789659903,0.710150331553
2134,0.687930541249,0.709484115528
2135,0.686568416793,0.708244344963
2136,0.687009465787,0.708928265221
2137,0.686695521004,0.708810903512
2138,0.685462290953,0.707435281132
2139,0.682995964386,0.704772849226
2140,0.678807628316,0.700194841938
2141,0.673456455476,0.694207360157
2142,0.671699227418,0.692307552318
2143,0.670748398927,0.691445394012
2144,0.668705268917,0.689384174369
2145,0.66866357423,0.68938140235
2146,0.65566518725,0.673111178508
2147,0.657391381613,0.677162764155
2148,0.654425331617,0.673778838622
2149,0.652155656331,0.671277562283
2150,0.648859080409,0.667739992125
2151,0.664606191618,0.684488881459
2152,0.644771599671,0.66359716647
2153,0.636070491431,0.654512448103
2154,0.632653634075,0.651011030005
2155,0.631293750478,0.649748508784
2156,0.628206601734,0.646530785335
2157,0.651908692049,0.672484915319
2158,0.630305148798,0.648787703091
2159,0.614082368356,0.631439498815
2160,0.608732617032,0.625460867999
2161,0.606394659706,0.622981292333
2162,0.602932387513,0.619428470577
2163,0.627715128263,0.647094185049
2164,0.613346315554,0.631418496784
2165,0.592391644286,0.609070482295
2166,0.587474352742,0.60409551939
2167,0.586028587774,0.602721703473
2168,0.583000467153,0.599792546701
2169,0.592605285748,0.610059078273
2170,0.592274646753,0.609608489293
2171,0.575595207309,0.59208140133
2172,0.56448918759,0.580475762938
2173,0.561862188542,0.577836527798
2174,0.558652263733,0.574712574007
2175,0.560941819706,0.57653988326
2176,0.562543097798,0.577476448946
2177,0.545547349466,0.559947734524
2178,0.533277045393,0.546790021423
2179,0.52946434419,0.542484160315
2180,0.52521165872,0.537786410024
2181,0.528530042489,0.540426825355
2182,0.528469106261,0.539696434827
2183,0.516460637981,0.527357999648
2184,0.503999665779,0.514276183297
2185,0.500361194829,0.510329824499
2186,0.496496633637,0.506169290681
2187,0.499459317298,0.50852348749
2188,0.499194915061,0.507685120852
2189,0.491515682165,0.499801824453
2190,0.480082066502,0.488383646808
2191,0.476680234659,0.485220575771
2192,0.476625849098,0.485432424758
2193,0.481732633044,0.490626036052
2194,0.485100088402,0.494056568882
2195,0.48324458913,0.492427788706
2196,0.474840547104,0.484427443741
2197,0.470403602441,0.480201054876
2198,0.469783275778,0.479941096765
2199,0.469849781373,0.479997476506
2200,0.471535515755,0.481309455035
2201,0.47677749611,0.48632187392
2202,0.483442167956,0.492633995901
2203,0.485169329773,0.494117890693
2204,0.481018145313,0.489914315417
2205,0.475455397744,0.484274921832
2206,0.477108861957,0.485639778637
2207,0.481095734862,0.489368428545
2208,0.491727465114,0.500013835899
2209,0.49917948671,0.507652434678
2210,0.499558489251,0.508636145717
2211,0.496537757371,0.506211854534
2212,0.500329571503,0.510283994295
2213,0.504097984026,0.514385427857
2214,0.516585881141,0.527507745415
2215,0.528418460498,0.539644855313
2216,0.52879547858,0.540698410216
2217,0.525313159843,0.537923472984
2218,0.529398339399,0.542421934542
2219,0.53353426496,0.547049650225
2220,0.545413500022,0.559792131112
2221,0.562611902728,0.57754850545
2222,0.561126855343,0.576728371062
2223,0.558641538827,0.574684182344
2224,0.562081795393,0.578053675048
2225,0.564067888413,0.58001636663
2226,0.571999566899,0.588368928698
2227,0.59224164633,0.60951487486
2228,0.592759172352,0.610215140082
2229,0.583208981643,0.600016150259
2230,0.585926410599,0.602651187139
2231,0.587242319634,0.603866802431
2232,0.591978563673,0.608675107769
2233,0.609650905333,0.627372937724
2234,0.627722486842,0.647119136005
2235,0.602729650722,0.619230127602
2236,0.606564805728,0.623138418673
2237,0.60891433412,0.625685551508
2238,0.614244143096,0.631561052514
2239,0.630136465368,0.648614955836
2240,0.651611093136,0.672161127492
2241,0.628062786687,0.646381364725
2242,0.631318244032,0.649760963643
2243,0.632442580289,0.650774855192
2244,0.637452044113,0.656041126729
2245,0.643572636361,0.6623748385
2246,0.659463355822,0.679073979533
2247,0.64861038515,0.667448793932
2248,0.652225064145,0.671336331117
2249,0.654237446416,0.673597843012
2250,0.657741201137,0.677540582711
2251,0.655158517471,0.672555723273
2252,0.668859448668,0.689577233832
2253,0.668555243643,0.689230806265
2254,0.670640181711,0.691350939445
2255,0.671791430138,0.692436336981
2256,0.673357179576,0.694116378311
2257,0.678967999361,0.70038964872
2258,0.68304677254,0.70482551428
2259,0.685418640544,0.707387541687
2260,0.687041154869,0.709177365762
2261,0.687239399618,0.709181766292
2262,0.686780220088,0.708497504728
2263,0.687754698835,0.709289404282
2264,0.688606855112,0.709975265255
2265,0.688160347764,0.709177556304
2266,0.686757664059,0.707575287527
2267,0.687605268541,0.708472958408
2268,0.687921783692,0.708861706562
2269,0.689556758926,0.710774403253
2270,0.691663907717,0.71307585728
2271,0.658434925987,0.677026671357
2272,0.658392414107,0.676915376852
2273,0.657523193791,0.675917684436
2274,0.656990105238,0.675230178874
2275,0.655929749918,0.674002667071
2276,0.655542974937,0.673631576662
2277,0.656442796613,0.674840464051
2278,0.657058056009,0.675791142591
2279,0.658004193293,0.677178811066
2280,0.657793278772,0.677231176522
2281,0.657287548596,0.676982569061
2282,0.656145001433,0.675868740384
2283,0.653208519603,0.672672439863
2284,0.650718437543,0.6699096787
2285,0.648427371905,0.667410536367
2286,0.646431058054,0.66530698571
2287,0.644899208176,0.663694934861
2288,0.642909823126,0.661658472643
2289,0.640983098721,0.659705683393
2290,0.645508831965,0.663599331908
2291,0.636767183718,0.655340326052
2292,0.634030367987,0.652352431926
2293,0.630212301168,0.64807620176
2294,0.62613548726,0.643561566847
2295,0.6228511303,0.640184827875
2296,0.647416258691,0.666104316588
2297,0.616591850592,0.63377288903
2298,0.613167001339,0.630297379146
2299,0.610266910986,0.627257631913
2300,0.607024626576,0.623801563598
2301,0.603662386687,0.620243146507
2302,0.623055857145,0.640462041022
2303,0.611909271734,0.628329828847
2304,0.59099220018,0.606373785451
2305,0.585916731371,0.600902150879
2306,0.582164881239,0.596998672513
2307,0.578745839894,0.593592793434
2308,0.595932178736,0.611757400186
2309,0.592905940482,0.608831658438
2310,0.569692014334,0.584918245313
2311,0.567152584073,0.582470285578
2312,0.564576227859,0.579938109383
2313,0.561506588414,0.576839865802
2314,0.576456566742,0.592568299707
2315,0.572329327638,0.588291710296
2316,0.562786448068,0.578230983391
2317,0.546637181075,0.561493179512
2318,0.542714789423,0.557377579119
2319,0.538136481911,0.55253145931
2320,0.548968191447,0.563904154432
2321,0.544534680318,0.559293164718
2322,0.534587173473,0.548417306059
2323,0.519204942949,0.531895694903
2324,0.514265449081,0.526385398167
2325,0.509626498442,0.521238161319
2326,0.517786565546,0.529856455087
2327,0.512524761574,0.524027251336
2328,0.507357819678,0.518417641669
2329,0.492283120819,0.502266091198
2330,0.491821290618,0.501360776702
2331,0.483055382105,0.492104298697
2332,0.487656033699,0.496779828915
2333,0.483055591719,0.491779352449
2334,0.491404732623,0.502949885934
2335,0.491422669255,0.502953118446
2336,0.483133407261,0.491842728467
2337,0.487568770315,0.496700908725
2338,0.487710406024,0.496863712953
2339,0.487818113749,0.497366527315
2340,0.496471449244,0.506497319825
2341,0.507942848694,0.519143410702
2342,0.512602126667,0.524126325563
2343,0.517936657445,0.530002703377
2344,0.509545804717,0.52116902825
2345,0.513951080322,0.526038004047
2346,0.519023133031,0.531658799598
2347,0.534560561212,0.548364675031
2348,0.544468635918,0.559219663453
2349,0.548873075633,0.563851193895
2350,0.538089119846,0.552482852036
2351,0.542529500123,0.55719092841
2352,0.546500674875,0.561359128848
2353,0.555539062647,0.570682387977
2354,0.572131204896,0.588105822716
2355,0.576055569404,0.592157739399
2356,0.561346939931,0.576665172572
2357,0.564645596528,0.580008526472
2358,0.567241203475,0.582559137624
2359,0.569862994789,0.585058873988
2360,0.592376695908,0.60823630473
2361,0.596181019009,0.611988110923
2362,0.5785455286,0.593380052804
2363,0.582141023292,0.596974462358
2364,0.58614922728,0.601196383761
2365,0.591093807205,0.606526650987
2366,0.61228801758,0.628709846483
2367,0.623259757322,0.640658666969
2368,0.603187513415,0.619721753422
2369,0.607084307524,0.623912108523
2370,0.610105052909,0.627092065864
2371,0.613323797804,0.630426405917
2372,0.616038873988,0.633230558606
2373,0.647504024231,0.666199508239
2374,0.622611977971,0.639929342055
2375,0.626225263514,0.643665409435
2376,0.630479487157,0.64838198068
2377,0.633838559128,0.652127626864
2378,0.636545683996,0.655137114516
2379,0.645227346822,0.663342329939
2380,0.641124886042,0.659866766843
2381,0.642866120854,0.661598547925
2382,0.644814392743,0.663611869941
2383,0.646548746797,0.665436791387
2384,0.648247424473,0.667257764064
2385,0.650610601953,0.669784251594
2386,0.653610848339,0.673083211954
2387,0.655783745065,0.675501487801
2388,0.657420280892,0.677090612871
2389,0.657714347877,0.677172875393
2390,0.657850426479,0.67700047926
2391,0.656970268818,0.675710422854
2392,0.656304334503,0.674692388978
2393,0.655462823801,0.673534716622
2394,0.656024749886,0.674116052105
2395,0.656824962093,0.675084286562
2396,0.657568240654,0.67595829051
2397,0.658622457094,0.677188350669
2398,0.593153794684,0.610512718352
2399,0.593016600956,0.610323249792
2400,0.592381570038,0.60959327353
2401,0.591929586028,0.609047055925
2402,0.600185391051,0.61739520223
2403,0.600311579071,0.617694808921
2404,0.591634635906,0.609047698912
2405,0.591839845702,0.609469918461
2406,0.591520212784,0.609329847407
2407,0.591271763883,0.609229109312
2408,0.590439778882,0.608446209775
2409,0.58865337588,0.606532763496
2410,0.586240537951,0.603796800383
2411,0.584426099164,0.601740793451
2412,0.592008033288,0.609414363747
2413,0.590220591303,0.607506155655
2414,0.5805843689,0.597727068243
2415,0.587877396785,0.605087541934
2416,0.578042692167,0.595154042169
2417,0.581265185056,0.597124450826
2418,0.574963438642,0.591841818181
2419,0.572761099183,0.5893846811
2420,0.571929046009,0.588762046174
2421,0.595236206772,0.612158532179
2422,0.573746158427,0.590107020318
2423,0.563108431697,0.579276992715
2424,0.561443602768,0.577624111337
2425,0.559244058062,0.575247139538
2426,0.556642189674,0.572438906963
2427,0.554329080608,0.569912365031
2428,0.558867335429,0.574287891093
2429,0.548342343624,0.563324482861
2430,0.552774069751,0.56754417095
2431,0.542325838437,0.55664822886
2432,0.538746215012,0.552818790591
2433,0.536607131356,0.550678710849
2434,0.541162091506,0.555360190633
2435,0.538545574339,0.55281259952
2436,0.536412557044,0.550702540111
2437,0.527784356423,0.542058913752
2438,0.532326524472,0.546735733523
2439,0.529576624318,0.543941098848
2440,0.527290614637,0.541596714139
2441,0.524357267462,0.538580918606
2442,0.521107046102,0.535199807796
2443,0.517958102701,0.531847718663
2444,0.527225788065,0.541069415737
2445,0.522957219476,0.536453582938
2446,0.518972685468,0.532178858462
2447,0.503548077288,0.516221690551
2448,0.511488245278,0.524055302326
2449,0.496739815786,0.50869824812
2450,0.505807501648,0.51804184982
2451,0.501016910815,0.512711266659
2452,0.497048792955,0.508280567583
2453,0.492295321245,0.50293085982
2454,0.483185872406,0.494483349568
2455,0.492954477868,0.504484449975
2456,0.492990383052,0.503757773332
2457,0.496856831022,0.508067182286
2458,0.490604572462,0.502075790417
2459,0.494219285564,0.506098165812
2460,0.496489613605,0.508435331766
2461,0.499938740169,0.512280082511
2462,0.515326578796,0.528268367935
2463,0.506984178692,0.519931521738
2464,0.51003117129,0.523217469293
2465,0.514013682149,0.52755469527
2466,0.517585760317,0.531457365665
2467,0.521099779928,0.535186553057
2468,0.518116470409,0.532221422126
2469,0.520599770376,0.534773118507
2470,0.529445544093,0.54379920912
2471,0.532230536019,0.546636708529
2472,0.527593396621,0.541859613708
2473,0.529697268642,0.543905817518
2474,0.53179108505,0.545951293081
2475,0.541194624078,0.555378539986
2476,0.543133935522,0.557247864075
2477,0.546540388991,0.560792385351
2478,0.549903976991,0.564433533202
2479,0.545219829296,0.559834683736
2480,0.548326598947,0.563274671835
2481,0.559024564295,0.574431941807
2482,0.562103914305,0.57781875129
2483,0.556792057658,0.572620714253
2484,0.56701325004,0.583161551175
2485,0.561780816045,0.578042115618
2486,0.571388421256,0.587732228833
2487,0.574281485267,0.590791633763
2488,0.595088545398,0.611997426159
2489,0.57165395514,0.58846872401
2490,0.572530255401,0.589141148433
2491,0.574681810767,0.591557279371
2492,0.581019855398,0.596847404342
2493,0.578213026093,0.595345515401
2494,0.579139606008,0.596157425162
2495,0.58019993802,0.597221724536
2496,0.581298071692,0.598395022984
2497,0.582794983328,0.599951615703
2498,0.613272479209,0.631231595162
2499,0.595740907541,0.613572532347
2500,0.588625613703,0.606531878397
2501,0.59020325103,0.608238220989
2502,0.599903835381,0.61805045435
2503,0.59160794372,0.609409353591
2504,0.591546989093,0.609203445262
2505,0.600516855489,0.61809460475
2506,0.591423925691,0.608626367804
2507,0.591201158377,0.608263391131
2508,0.592034656062,0.609159665437
2509,0.592513046248,0.609713913273
2510,0.59313552703,0.610464916402
2511,0.593332184894,0.610715205769
2512,0.57530453507,0.592040997348
2513,0.575292986917,0.592048097272
2514,0.575343826856,0.592063017539
2515,0.574738415566,0.591354099006
2516,0.574432162228,0.590987585491
2517,0.575415821064,0.592269986704
2518,0.574949893188,0.591875700301
2519,0.574633103247,0.591561467973
2520,0.574726287241,0.591833322629
2521,0.574830856253,0.592106002619
2522,0.574377366485,0.591744771759
2523,0.573120003991,0.590523025987
2524,0.571634789108,0.588874995484
2525,0.569448390937,0.586355295173
2526,0.567717677442,0.584439237794
2527,0.56722614997,0.5840221722
2528,0.57329054162,0.590106211084
2529,0.564357000669,0.580899047987
2530,0.562827852044,0.57940802515
2531,0.562273337465,0.578892024968
2532,0.568262422161,0.58494277405
2533,0.558418330876,0.57472468643
2534,0.556882535933,0.573149034075
2535,0.562417168945,0.578559040594
2536,0.55316525354,0.569288279612
2537,0.557782212252,0.573833667474
2538,0.54866355536,0.564582677348
2539,0.553476670726,0.569328237478
2540,0.551317156249,0.566971907687
2541,0.548388442881,0.563762684981
2542,0.540278688606,0.555509105807
2543,0.559622893898,0.574751774734
2544,0.541953212617,0.556749505252
2545,0.538182646579,0.552576217595
2546,0.550005237592,0.564274705141
2547,0.532049400605,0.545837057615
2548,0.523955703417,0.53769788096
2549,0.541626401024,0.555539428819
2550,0.518080188221,0.531438545914
2551,0.520877706043,0.533866297563
2552,0.532568647293,0.545783112006
2553,0.512811268276,0.526293079921
2554,0.52960642972,0.543360542238
2555,0.51517515486,0.529055764218
2556,0.51250976969,0.526286307281
2557,0.50376110739,0.517269849216
2558,0.50183757005,0.515233234449
2559,0.498736759662,0.511869876802
2560,0.495884908466,0.50880555156
2561,0.508773101677,0.521810644947
2562,0.494637752708,0.50719914884
2563,0.491140646278,0.503438174141
2564,0.489792595379,0.501936532161
2565,0.50016550753,0.512514133812
2566,0.502669102314,0.515194865084
2567,0.506149303803,0.518977305949
2568,0.498242197406,0.511053589119
2569,0.500321932886,0.513323198728
2570,0.515018825987,0.528434672893
2571,0.506523020174,0.519950301198
2572,0.503928312816,0.517422485202
2573,0.512396364165,0.526187765515
2574,0.508897704198,0.522583988176
2575,0.509778676801,0.523124499339
2576,0.518651447044,0.532181447589
2577,0.51289415072,0.525803512227
2578,0.534180440949,0.547350262989
2579,0.523937787019,0.537239580151
2580,0.526678052336,0.540176970953
2581,0.544456779324,0.558452580038
2582,0.548050192849,0.562271243727
2583,0.536633283472,0.550960505961
2584,0.539281645626,0.553843340595
2585,0.540967568173,0.555620176838
2586,0.543391959811,0.558287214412
2587,0.563223199316,0.578778057286
2588,0.542592701117,0.558059298764
2589,0.543594266456,0.559079309378
2590,0.546325086772,0.562092528886
2591,0.555553703731,0.57156024504
2592,0.551128803467,0.567196236789
2593,0.560289100824,0.57640486761
2594,0.563233156797,0.579583272193
2595,0.564786845296,0.581214404215
2596,0.559053574719,0.575541537253
2597,0.56810895819,0.58478781507
2598,0.562432059248,0.57906766623
2599,0.562576753953,0.579118661441
2600,0.571856974868,0.58857775221
2601,0.565476351054,0.582141673136
2602,0.566503030698,0.583132955119
2603,0.576936674089,0.594079142683
2604,0.570686971715,0.587764796247
2605,0.571477251389,0.588717889783
2606,0.573523105393,0.590919241184
2607,0.582833613417,0.600525093708
2608,0.57485683085,0.592127092137
2609,0.574763078319,0.591897162879
2610,0.575464742817,0.592555388233
2611,0.574425774599,0.591198765825
2612,0.574123981335,0.590710476744
2613,0.573903461121,0.590361952351
2614,0.574662184721,0.591228658613
2615,0.575291643442,0.591993730456
2616,0.575304646581,0.592024574801
2617,0.489336657907,0.505241543145
2618,0.549853723137,0.56829795418
2619,0.628383466098,0.649365027899
2620,0.69817078692,0.721522752543
2621,0.696299108166,0.71959163425
2622,0.62931150403,0.65032971532
2623,0.547127783515,0.565207621616
2624,0.488110191258,0.503922700213
2625,0.549062778145,0.567502976677
2626,0.626520551502,0.647502091571
2627,0.69478767587,0.718101822955
2628,0.687230778611,0.709899188714
2629,0.618618323289,0.638672660403
2630,0.536807320402,0.553748219417
2631,0.481552104094,0.496493033867
2632,0.544013410968,0.562040068445
2633,0.619901708849,0.640458270343
2634,0.684394976852,0.706426529124
2635,0.673737137068,0.694800511384
2636,0.609145309898,0.627502932515
2637,0.524313076251,0.53925678996
2638,0.480082864018,0.494301518345
2639,0.535005458403,0.552039757423
2640,0.612933394146,0.631805124456
2641,0.66331853853,0.68322816298
2642,0.651738769471,0.67095593799
2643,0.588419000211,0.605405725432
2644,0.530944238743,0.547442850039
2645,0.554255638357,0.569377077517
2646,0.533358996683,0.5489744426
2647,0.590195898466,0.607374387762
2648,0.645183179804,0.664326814347
2649,0.635637583164,0.654839507126
2650,0.581901045187,0.600013490686
2651,0.519560826777,0.53591083355
2652,0.547015706861,0.562085039457
2653,0.569321371983,0.586426215889
2654,0.583299104891,0.600853420097
2655,0.628776914736,0.647641462173
2656,0.614643141789,0.633312614286
2657,0.5704566459,0.587716427618
2658,0.502960111623,0.517846279646
2659,0.534076265938,0.548217219803
2660,0.531814261873,0.547429163319
2661,0.564586413841,0.581465634165
2662,0.604259721665,0.622229147768
2663,0.590480171925,0.608203406148
2664,0.549567911916,0.565887628028
2665,0.480721804202,0.494958939351
2666,0.571233416425,0.586755464797
2667,0.518423195919,0.532916080688
2668,0.548532039066,0.564556235877
2669,0.576373227461,0.592941007772
2670,0.563756475437,0.579957242054
2671,0.518404798713,0.533290675972
2672,0.521630329633,0.536589534779
2673,0.563633758327,0.579853935523
2674,0.576356802678,0.592930731879
2675,0.546311578962,0.562184098723
2676,0.50796502561,0.522053003081
2677,0.519133225401,0.532226526972
2678,0.488304526731,0.502684276271
2679,0.538731159246,0.55484576586
2680,0.591012234256,0.608459534907
2681,0.602701850974,0.620662210173
2682,0.567277903618,0.584221444241
2683,0.533735998823,0.549324502896
2684,0.594038996748,0.610943920417
2685,0.519905805192,0.535439532722
2686,0.563498872983,0.580718016812
2687,0.615301032702,0.633890484034
2688,0.625500623563,0.644144831618
2689,0.583481503933,0.601071866658
2690,0.525332740384,0.540907773903
2691,0.559145408975,0.57534537348
2692,0.50953169985,0.525453890072
2693,0.576937914485,0.594908090863
2694,0.637268576515,0.656686329417
2695,0.644326480532,0.663381963929
2696,0.598515407655,0.616074943115
2697,0.522756749491,0.538072428311
2698,0.57912574897,0.595011394465
2699,0.531052438144,0.547550669095
2700,0.593271572641,0.610427031957
2701,0.651605363851,0.670828503545
2702,0.663166265865,0.683063230444
2703,0.612903163111,0.631760641825
2704,0.535312108332,0.552334066504
2705,0.489933319972,0.50426181899
2706,0.535367657813,0.550918854056
2707,0.603565908098,0.621697760868
2708,0.669814070901,0.690511458506
2709,0.679478702307,0.701046129887
2710,0.631095495716,0.652409987128
2711,0.544901066726,0.563039677976
2712,0.486336078868,0.501357115227
2713,0.537137373739,0.554103295838
2714,0.62463207445,0.644972125188
2715,0.69172126278,0.714758104743
2716,0.694603685561,0.717955752276
2717,0.626327342978,0.64730966269
2718,0.549749903679,0.568278519611
2719,0.488008495264,0.503829577264
2720,0.546746919062,0.56480692484
2721,0.627002775389,0.647844866134
2722,0.696470219355,0.719779247347
2723,0.697905693843,0.721267732654
2724,0.628289536481,0.649275075584
2725,0.549692216222,0.568134435461
2726,0.666057893604,0.685626705984
2727,0.663189521893,0.682519754858
2728,0.658720252285,0.677585273733
2729,0.655937446886,0.674457600283
2730,0.657611538593,0.676176382857
2731,0.659519236947,0.678161504545
2732,0.661087239703,0.679910353851
2733,0.661691134811,0.680839193069
2734,0.659413794774,0.678736959211
2735,0.657230473079,0.676717440393
2736,0.655783743465,0.675349376807
2737,0.658802773099,0.678904649977
2738,0.660718420054,0.681082154212
2739,0.661365119819,0.681917317364
2740,0.659532211018,0.679949798301
2741,0.654622599265,0.674701025714
2742,0.64848270398,0.667932032676
2743,0.64636969871,0.665653072852
2744,0.65043481669,0.670178572284
2745,0.648881184809,0.668656802092
2746,0.650590811948,0.670606216265
2747,0.647763123888,0.667686651008
2748,0.641298902482,0.660791263341
2749,0.638648350578,0.657780277224
2750,0.632102313205,0.650630696079
2751,0.632511818855,0.651008406927
2752,0.630837480467,0.649117232108
2753,0.644610592225,0.663798072345
2754,0.627304882788,0.645272315648
2755,0.61914740693,0.63675611121
2756,0.611702175103,0.628867468386
2757,0.613412673376,0.630793159962
2758,0.612213864389,0.629710036165
2759,0.609394942927,0.626744271492
2760,0.627529218508,0.646795492056
2761,0.610973948076,0.628568974957
2762,0.599484206197,0.616217780583
2763,0.593022368865,0.609251821594
2764,0.590402699116,0.606348026707
2765,0.587547203648,0.603296332051
2766,0.582959675165,0.598274309548
2767,0.60423148386,0.622319585255
2768,0.579173927713,0.594881138919
2769,0.575705892667,0.591445176529
2770,0.56877421805,0.584461231819
2771,0.569888748258,0.585739633193
2772,0.568835289872,0.585003077986
2773,0.566371378595,0.582644534967
2774,0.581323551045,0.598767450552
2775,0.567962847285,0.584502555209
2776,0.567402875873,0.583935338336
2777,0.581527883998,0.598968359645
2778,0.566312024704,0.582551763333
2779,0.568093999854,0.584199863677
2780,0.570991100948,0.587045649721
2781,0.571090757967,0.58686283668
2782,0.574883012089,0.59064999412
2783,0.586650165472,0.603093428179
2784,0.604706858332,0.622836311538
2785,0.583053488409,0.598374841068
2786,0.587326632877,0.603060441436
2787,0.590276284882,0.606170419128
2788,0.593251943407,0.609509962495
2789,0.59744002899,0.614001452044
2790,0.604263015639,0.621268768446
2791,0.620741756015,0.639349571342
2792,0.609068105553,0.6264205746
2793,0.610843861886,0.628245545998
2794,0.610151881024,0.627310611914
2795,0.614858873324,0.632206878312
2796,0.617667418249,0.63516552896
2797,0.627741770801,0.645738350518
2798,0.64446665362,0.663652331919
2799,0.630901426517,0.64919434574
2800,0.634334609984,0.652972590308
2801,0.632085721287,0.65060899202
2802,0.638672463737,0.657822519325
2803,0.641437625793,0.66092902922
2804,0.648836766669,0.668876427143
2805,0.653498182872,0.67362963465
2806,0.649229868375,0.6690661181
2807,0.647896994811,0.667474931487
2808,0.64624527863,0.665478927926
2809,0.651835080378,0.671509392195
2810,0.654629935684,0.674696389055
2811,0.660377347481,0.68091775771
2812,0.663026287126,0.683651521698
2813,0.660470550195,0.680871672573
2814,0.66151012711,0.681843126296
2815,0.655868888675,0.675436610033
2816,0.657134238173,0.676623506558
2817,0.659735728386,0.679059593268
2818,0.661495351524,0.680629611545
2819,0.661032596692,0.679843402557
2820,0.659399736099,0.678030989959
2821,0.657437344606,0.676015164979
2822,0.656036258746,0.674505273513
2823,0.659053864383,0.677906973623
2824,0.663010193907,0.682356412774
2825,0.6661601327,0.685755378291
2826,0.522188316356,0.538421751845
2827,0.528730683413,0.545099945469
2828,0.54275507497,0.559268377114
2829,0.521728346053,0.537789982064
2830,0.542333898304,0.558691831953
2831,0.559109649386,0.575678466231
2832,0.526537302427,0.542488541404
2833,0.520607678627,0.536538206161
2834,0.52040945483,0.536402704086
2835,0.55831689416,0.575052588358
2836,0.520031539851,0.53615803712
2837,0.540361724277,0.55689460014
2838,0.539766942692,0.556338784974
2839,0.539107173819,0.555560151322
2840,0.576766964773,0.593779169134
2841,0.574523475742,0.591223105792
2842,0.536103237678,0.552247609678
2843,0.574100867149,0.591035517295
2844,0.571717173827,0.588282784092
2845,0.534187625471,0.550397434943
2846,0.572124055924,0.589213568891
2847,0.589306009294,0.606821930975
2848,0.548738502173,0.565315576565
2849,0.548976530842,0.56581854691
2850,0.568416675054,0.585634333951
2851,0.566206539165,0.583210860982
2852,0.564495666239,0.581277222299
2853,0.558087087432,0.573529843222
2854,0.624647070654,0.643244016515
2855,0.558997531921,0.575293257308
2856,0.556773869745,0.572839785452
2857,0.535542762286,0.551157561566
2858,0.552328258382,0.567982386707
2859,0.531718608848,0.546902638203
2860,0.547173662776,0.562245556984
2861,0.60114756357,0.618092845875
2862,0.565457688302,0.581018879331
2863,0.523451711302,0.537813343892
2864,0.538175703952,0.552492128364
2865,0.518963580667,0.532902400048
2866,0.533105098248,0.547008921579
2867,0.513890202872,0.527503079215
2868,0.574679303833,0.589772987591
2869,0.511530832959,0.525304367665
2870,0.525905717165,0.539876811273
2871,0.495155801517,0.508853942224
2872,0.508577108994,0.522389741925
2873,0.525968925748,0.539926805851
2874,0.564713499274,0.579588321087
2875,0.574752649083,0.589832872407
2876,0.514049502808,0.527670747676
2877,0.516493593155,0.530233959656
2878,0.535443534795,0.549539174266
2879,0.53804505099,0.552354333719
2880,0.523262492044,0.537603235872
2881,0.543330008554,0.558095908335
2882,0.568318278395,0.58444312076
2883,0.547017602201,0.562087880415
2884,0.531780740446,0.54695377116
2885,0.552800064427,0.568471349041
2886,0.555035885982,0.570953185152
2887,0.557052699615,0.573174322253
2888,0.558762233445,0.575049790933
2889,0.624455850129,0.643032242654
2890,0.558174289764,0.573631781125
2891,0.543869458615,0.560208483024
2892,0.565870240582,0.582657366746
2893,0.547102725763,0.563846873139
2894,0.548062626316,0.564685103755
2895,0.569713556815,0.586737883067
2896,0.59991657849,0.618169733222
2897,0.550013261836,0.566421055101
2898,0.571871678639,0.588705428024
2899,0.534983051199,0.551153983156
2900,0.534350086834,0.550244931533
2901,0.573494146018,0.5901390568
2902,0.536766697446,0.552924747062
2903,0.536339383118,0.552641006001
2904,0.555552253604,0.572214401863
2905,0.579129763659,0.596439409196
2906,0.54061612504,0.557187818064
2907,0.580107109064,0.597340660768
2908,0.558719556048,0.575480171682
2909,0.558245895512,0.574909390103
2910,0.526939094055,0.542978697314
2911,0.520512556424,0.53634700757
2912,0.527253709046,0.543256171989
2913,0.528069212397,0.544170556182
2914,0.542752701205,0.559178048292
2915,0.521938797291,0.538065035927
2916,0.543254779,0.559830102471
2917,0.519529742542,0.53562049391
2918,0.51517381314,0.531464807179
2919,0.520681220694,0.537064873564
2920,0.519911695213,0.535992129423
2921,0.535287342644,0.552158152274
2922,0.551513966162,0.568876158023
2923,0.531009915983,0.547103178236
2924,0.517045244634,0.53282995034
2925,0.531006568395,0.547063078658
2926,0.533396949961,0.55038682074
2927,0.516727860291,0.53260255256
2928,0.517612724809,0.533932159932
2929,0.530016407285,0.546528171085
2930,0.510418302119,0.526381614327
2931,0.546371872754,0.563134982349
2932,0.514652331698,0.530627389702
2933,0.527142333052,0.543041100349
2934,0.544736165895,0.561432321404
2935,0.561778593655,0.578726240192
2936,0.54113154558,0.557313222375
2937,0.54204326327,0.558592968383
2938,0.559770678482,0.576743466322
2939,0.557126707769,0.573581007874
2940,0.522204187691,0.538087308376
2941,0.537094496337,0.553238347759
2942,0.536416322777,0.552660116528
2943,0.554163184299,0.570733750158
2944,0.549087865401,0.56520665405
2945,0.551211829899,0.567676055875
2946,0.550288257113,0.566666376027
2947,0.547160107734,0.563226924645
2948,0.528534250495,0.544340211461
2949,0.543649117775,0.559425801243
2950,0.525542982244,0.541107171374
2951,0.534933140088,0.549615437281
2952,0.538296501091,0.55367115454
2953,0.536250052322,0.551494756733
2954,0.518942892138,0.533985314282
2955,0.515539528592,0.530253673529
2956,0.515325567196,0.530149807316
2957,0.528166682804,0.54287740565
2958,0.512003261457,0.52648129448
2959,0.530138492967,0.544985584213
2960,0.534210451635,0.549407233842
2961,0.536133824645,0.551483365223
2962,0.536375461407,0.5516077637
2963,0.522148048047,0.537454578038
2964,0.53483497684,0.549518723679
2965,0.543556760392,0.559444010236
2966,0.544230679777,0.560025900612
2967,0.547232778299,0.563384625851
2968,0.548767989777,0.565058092671
2969,0.550117285895,0.566516262886
2970,0.551214221589,0.567656399698
2971,0.529801524302,0.545520330682
2972,0.553514430803,0.569874578246
2973,0.554935025162,0.571563435057
2974,0.556696126928,0.573484579625
2975,0.53813873662,0.554531791236
2976,0.539061939316,0.555363324969
2977,0.539768036424,0.556046533251
2978,0.524382912738,0.540315722036
2979,0.540770964516,0.556959675108
2980,0.561403426951,0.577982124961
2981,0.5259529571,0.541991771068
2982,0.563141404558,0.58008718251
2983,0.50858429131,0.524230611574
2984,0.526269883464,0.542016535826
2985,0.546138022794,0.563110680135
2986,0.533163140473,0.550202133677
2987,0.518385392015,0.534697385973
2988,0.534193911114,0.55134888643
2989,0.514880753442,0.531437275197
2990,0.535081884961,0.552144358691
2991,0.548473703524,0.565057784549
2992,0.517619312235,0.533386039425
2993,0.518264417291,0.53413681324
2994,0.512958561207,0.528839852735
2995,0.520919000482,0.537376899234
2996,0.533555672818,0.549951465624
2997,0.514595896509,0.530873658279
2998,0.514693428116,0.530905608449
2999,0.660786564441,0.682248087599
3000,0.671080026943,0.692856718336
3001,0.688594382444,0.711030065413
3002,0.660408826212,0.681901992564
3003,0.688847713166,0.711469243606
3004,0.70933547851,0.733832441875
3005,0.672814215121,0.695245783054
3006,0.659606860058,0.681320195767
3007,0.658225148818,0.679606271045
3008,0.699078456615,0.722968518152
3009,0.656889394605,0.678499949593
3010,0.68342874284,0.706151586353
3011,0.682252927588,0.70490055758
3012,0.680654541708,0.703474465389
3013,0.693375880198,0.717047080319
3014,0.69203474837,0.715928063845
3015,0.672950400397,0.694624969609
3016,0.687339221979,0.71044173732
3017,0.685591524178,0.708463722226
3018,0.667505525457,0.688658123829
3019,0.679547975625,0.701865539349
3020,0.677372005979,0.699438981902
3021,0.671806237834,0.693174959695
3022,0.667585024593,0.688737558446
3023,0.668170902375,0.68947876245
3024,0.665570875886,0.686561971007
3025,0.662742913435,0.683414736176
3026,0.659521227945,0.679968285059
3027,0.620761384589,0.639054766784
3028,0.654589992497,0.675261848194
3029,0.651781693149,0.672491223001
3030,0.645586982404,0.665866021891
3031,0.646552959699,0.667261664579
3032,0.639658295717,0.659877803465
3033,0.640613961964,0.661280479953
3034,0.605354908785,0.623969362771
3035,0.63446040276,0.655015821678
3036,0.636679436587,0.657595615869
3037,0.604002815999,0.622544465507
3038,0.640304691999,0.660974628689
3039,0.641002604511,0.661391632476
3040,0.646213159257,0.666934383184
3041,0.649332751863,0.670067053649
3042,0.652062583594,0.672805471756
3043,0.654937829682,0.675578838114
3044,0.620616390804,0.638904034038
3045,0.658521027899,0.678938378684
3046,0.659929541872,0.680243814654
3047,0.666063414647,0.687055179987
3048,0.665638092283,0.686481517527
3049,0.66815252793,0.689266589046
3050,0.673883067225,0.695702034344
3051,0.673370208355,0.694918107993
3052,0.675681032745,0.697503470248
3053,0.682666798737,0.7053423253
3054,0.669731902117,0.69099073534
3055,0.67213837598,0.693913757878
3056,0.689055735534,0.712174478393
3057,0.675184047381,0.697373009667
3058,0.66212363272,0.683819755534
3059,0.694282714137,0.718067628369
3060,0.697527382358,0.721674106526
3061,0.68412392799,0.707098529394
3062,0.699245286601,0.723186681707
3063,0.69794035087,0.72180965523
3064,0.701149731829,0.725341516028
3065,0.670142770371,0.691978685934
3066,0.658853245773,0.680212500408
3067,0.669136428087,0.690676312837
3068,0.670051164917,0.691746854913
3069,0.690086158776,0.712972252559
3070,0.660506481508,0.681986399979
3071,0.687964603738,0.710308306934
3072,0.382091590132,0.394537268782
3073,0.490809989569,0.506399020914
3074,0.604692465236,0.623460699311
3075,0.681275851169,0.702181754446
3076,0.638327644521,0.658667056686
3077,0.531948297143,0.549085974756
3078,0.408348956416,0.421401183746
3079,0.471585921982,0.487010487999
3080,0.585188999452,0.604203126227
3081,0.669840989766,0.691013090609
3082,0.642148735173,0.661846583916
3083,0.545052095237,0.561779316445
3084,0.427843160485,0.441232345429
3085,0.440888049855,0.456091844009
3086,0.555954698833,0.575208322367
3087,0.656274187262,0.677566656567
3088,0.656417524515,0.67662783716
3089,0.56479446837,0.581925749196
3090,0.455826793212,0.470719392122
3091,0.410468639118,0.424522791349
3092,0.515325001757,0.531615680304
3093,0.619640355436,0.638771425671
3094,0.650505412697,0.670127847066
3095,0.577160703232,0.594538535857
3096,0.479399693013,0.495914362352
3097,0.479376033075,0.495894514704
3098,0.577006548058,0.594396606379
3099,0.650945516071,0.670583293389
3100,0.619750723142,0.638926860817
3101,0.517795285644,0.534428582556
3102,0.410397984515,0.42444543395
3103,0.455019061842,0.469821694963
3104,0.565084229584,0.582198687166
3105,0.656320209835,0.676559145687
3106,0.652180936469,0.672875219788
3107,0.559541796143,0.579296944072
3108,0.438483284267,0.453547400382
3109,0.432253192752,0.44588388111
3110,0.545160872521,0.561910044386
3111,0.642664363698,0.662371522932
3112,0.680281863618,0.702145674564
3113,0.572582850246,0.590860180175
3114,0.471408587763,0.486851156312
3115,0.407105081254,0.420092686222
3116,0.519261916886,0.535664386307
3117,0.623023594556,0.642375156574
3118,0.681416956953,0.702320962678
3119,0.612728977416,0.632029743213
3120,0.490801445897,0.506345304133
3121,0.66959596446,0.691889641851
3122,0.605776408892,0.623730054023
3123,0.557313830679,0.574676514434
3124,0.504943665793,0.520720392407
3125,0.528095046356,0.544257415866
3126,0.549098831054,0.565472212843
3127,0.591340705282,0.608817452982
3128,0.653825383743,0.673821144486
3129,0.697056375889,0.721692425134
3130,0.638078367052,0.66033685708
3131,0.567182764831,0.584811806539
3132,0.517433311711,0.534006918084
3133,0.591837704953,0.608817087704
3134,0.526496561655,0.542818343146
3135,0.577072098217,0.594779877743
3136,0.640552879931,0.660652929909
3137,0.686654900611,0.710260281025
3138,0.636266082784,0.657760022468
3139,0.574807161804,0.592790246557
3140,0.522515867179,0.538799464998
3141,0.582751464963,0.598793625566
3142,0.512959278511,0.528308833428
3143,0.560293545402,0.577861488079
3144,0.619669206741,0.638927930178
3145,0.667372934912,0.688854228931
3146,0.625923785986,0.645541935442
3147,0.574271058721,0.591608726946
3148,0.531616626036,0.549236834514
3149,0.531471650752,0.549049803554
3150,0.574025403149,0.591342466574
3151,0.625624891916,0.645186607321
3152,0.66717999545,0.688640776814
3153,0.619972808014,0.639291549118
3154,0.560604143254,0.578196238042
3155,0.512666418551,0.528052077988
3156,0.582598749923,0.598633144041
3157,0.522354512528,0.538621516623
3158,0.574683931395,0.592683065928
3159,0.636452965381,0.657983729346
3160,0.686594327802,0.710195958665
3161,0.640984574373,0.661073587609
3162,0.577448271769,0.595136609166
3163,0.525880993927,0.542197297293
3164,0.591921624123,0.608905661553
3165,0.51718541145,0.533786862953
3166,0.567254325114,0.584881446877
3167,0.638283485104,0.660566943202
3168,0.697170671254,0.72183485082
3169,0.653518309669,0.673485776583
3170,0.591044537978,0.60851664522
3171,0.539791019697,0.555864593967
3172,0.495528302122,0.511133258079
3173,0.510048684888,0.525932303529
3174,0.557664662067,0.57501442657
3175,0.625745051084,0.64671847442
3176,0.696386805461,0.721713017251
3177,0.653493692276,0.672209966237
3178,0.595087707506,0.611892584756
3179,0.594622325594,0.611364009537
3180,0.594439657221,0.611094668741
3181,0.526511603986,0.542203781974
3182,0.528030107212,0.544337630639
3183,0.592234529051,0.608419516472
3184,0.521526251198,0.53665666363
3185,0.649650854144,0.667972673309
3186,0.651208034437,0.669937875752
3187,0.590134240299,0.60620760491
3188,0.520418022574,0.535555279095
3189,0.598730230175,0.614725625917
3190,0.601559083257,0.61940175937
3191,0.588548765559,0.60461549952
3192,0.586123427362,0.601788146312
3193,0.64838574823,0.668065222331
3194,0.650964078588,0.671240679339
3195,0.585550896685,0.601589469447
3196,0.516890235159,0.531804476794
3197,0.524409209273,0.539573164032
3198,0.594383970851,0.610611236727
3199,0.585243150623,0.601426413108
3200,0.586232017486,0.602394355543
3201,0.65125960149,0.671505050766
3202,0.648081923253,0.667758130016
3203,0.586268268557,0.601954517475
3204,0.588629347586,0.604679795891
3205,0.601586053277,0.619461149722
3206,0.598690840521,0.614702560238
3207,0.590141824503,0.60622851721
3208,0.520924134183,0.536060351327
3209,0.651408854437,0.670127226787
3210,0.649129722386,0.667430290692
3211,0.591708897027,0.607815873011
3212,0.521831913077,0.537075837038
3213,0.522375224629,0.537773116153
3214,0.595614156277,0.612497863088
3215,0.595211090224,0.611967731824
3216,0.594994367826,0.611768198955
3217,0.655834487252,0.674801623721
3218,0.577308090326,0.593512414206
3219,0.516048873372,0.531762530557
3220,0.583231265127,0.59997284217
3221,0.581832192773,0.598580759343
3222,0.584820909047,0.604016831542
3223,0.581955285078,0.598664429528
3224,0.581169548727,0.597855200421
3225,0.576483143288,0.593145907798
3226,0.569202786734,0.58447429426
3227,0.569471519656,0.584752297891
3228,0.57709061055,0.593742804859
3229,0.581922854313,0.598631820814
3230,0.513895232258,0.529563226102
3231,0.581794145152,0.598504743187
3232,0.543751167092,0.560532126607
3233,0.583249826721,0.600002371009
3234,0.511966353544,0.527288353087
3235,0.572159918939,0.587920011972
