id,unit_kW_m2,optical
1,0.565157883606,0.582646114818
2,0.60817449281,0.628185157597
3,0.606919357445,0.62687853291
4,0.603920910081,0.62358730534
5,0.570997798798,0.587185567448
6,0.59174599652,0.609467706001
7,0.588545056634,0.60591149941
8,0.570523902523,0.58145311888
9,0.55948654204,0.573702639647
10,0.561449255448,0.577852601808
11,0.571467937784,0.588738641282
12,0.566400141677,0.583330476568
13,0.558902680994,0.575337395525
14,0.55293063275,0.569034560813
15,0.547011424232,0.562648716216
16,0.539860915755,0.55496493168
17,0.531608497059,0.54577996495
18,0.52330858891,0.536636526441
19,0.51631952674,0.528723063835
20,0.513647730244,0.525366718085
21,0.502258639799,0.51340817002
22,0.498145096823,0.509079480342
23,0.495147427937,0.506308429584
24,0.49306272851,0.504518511431
25,0.490781946756,0.502461206033
26,0.487239957929,0.498541926126
27,0.483413314724,0.494212053903
28,0.481551597289,0.492110467441
29,0.481095100543,0.491780582014
30,0.483122940634,0.494072795771
31,0.481037091868,0.491718045713
32,0.481811549804,0.492365306251
33,0.483650781263,0.494436350666
34,0.487157935209,0.498458670858
35,0.490764660134,0.502440774835
36,0.493117251219,0.50457193065
37,0.494794917401,0.505941669206
38,0.497963928177,0.508891642674
39,0.50297045687,0.514141203224
40,0.50846862051,0.520166338841
41,0.515640698275,0.527980925427
42,0.523289694365,0.536630366058
43,0.531441049649,0.545608986218
44,0.539760730683,0.554863088442
45,0.547026489549,0.562716289148
46,0.552513802852,0.568598060909
47,0.559384545145,0.575848380337
48,0.566091079946,0.583021369355
49,0.571934248453,0.589202437961
50,0.561727044282,0.578159811263
51,0.559442937361,0.573678525811
52,0.56295914325,0.573784993861
53,0.58831108184,0.605550915048
54,0.591437421614,0.609152644131
55,0.57094303276,0.587146014308
56,0.603676398749,0.623374908905
57,0.607105654865,0.627012400699
58,0.608101196682,0.628069332938
59,0.623230051947,0.641689767577
60,0.623505170875,0.641652971218
61,0.622539400971,0.640788629614
62,0.603737403076,0.620196080857
63,0.595614051717,0.612697705886
64,0.610870473575,0.628196219521
65,0.60365852894,0.619499766379
66,0.596882076667,0.612447324092
67,0.59533611998,0.611816477192
68,0.579233343113,0.595140195863
69,0.585199400147,0.601192358854
70,0.578138958283,0.593393718716
71,0.57092333638,0.585903677692
72,0.566480123087,0.581759269811
73,0.561663955485,0.576945539986
74,0.55417176876,0.568859097335
75,0.546625459273,0.560663389143
76,0.539526871989,0.553210045382
77,0.532614947952,0.545506289605
78,0.524436985774,0.536616845522
79,0.517385076781,0.528864936296
80,0.513296971294,0.524649494383
81,0.510538992734,0.522233493816
82,0.509113163214,0.521141383509
83,0.503848944416,0.515744897625
84,0.500123997466,0.511471977818
85,0.496242467016,0.50701061008
86,0.494836193185,0.505481382614
87,0.494295672284,0.504987453245
88,0.499012288344,0.509620218953
89,0.495017198365,0.50565783363
90,0.496407413623,0.507182154347
91,0.49990834682,0.511256195609
92,0.503733444658,0.515642201492
93,0.508984906391,0.520985961912
94,0.510399078372,0.52211091061
95,0.512939437606,0.524293187477
96,0.522792530275,0.534271404563
97,0.524422915533,0.536690382795
98,0.532346257404,0.545243845389
99,0.539549599732,0.553195716173
100,0.546558369425,0.560594520091
101,0.554339505131,0.569055147128
102,0.561753283272,0.577006311433
103,0.573114063313,0.588510681886
104,0.570915559622,0.5859119307
105,0.578345927854,0.593628179423
106,0.585556433298,0.601553093285
107,0.579118969707,0.595002719367
108,0.5950403616,0.611501470196
109,0.596621471846,0.61219397408
110,0.603629771023,0.619425897142
111,0.61063999928,0.62793685092
112,0.595722004795,0.612792981162
113,0.603728579537,0.62017247885
114,0.622522951704,0.640793785217
115,0.623482790522,0.641636823326
116,0.623352953041,0.641824443417
117,0.61998247397,0.636066977299
118,0.64255570136,0.660715861116
119,0.641331839322,0.659690900566
120,0.642628073176,0.661669668106
121,0.620827195498,0.63810226842
122,0.635100931462,0.653671658652
123,0.630595217066,0.64894569059
124,0.60663090873,0.618921940772
125,0.601914404397,0.617256059783
126,0.601731626343,0.618680359252
127,0.607023898313,0.623993264424
128,0.599415564007,0.615596925076
129,0.590958099975,0.606350792771
130,0.583336509007,0.598302548546
131,0.57862281121,0.593926167004
132,0.578777371356,0.59381957159
133,0.564059538251,0.578422247594
134,0.557005515052,0.571078179936
135,0.551681525767,0.565616445849
136,0.542935318457,0.556116204064
137,0.534298124698,0.546549807679
138,0.527490195019,0.53909595952
139,0.523671900449,0.535457903085
140,0.52124694583,0.533351950146
141,0.517430293047,0.529563510235
142,0.511744056229,0.523532306624
143,0.507044854221,0.518099372233
144,0.504754827979,0.515371530307
145,0.503104754402,0.513468443662
146,0.504242054776,0.514510708438
147,0.503292014531,0.513667832409
148,0.504890609525,0.515490626039
149,0.506916406489,0.517925581486
150,0.511924951094,0.52369081102
151,0.522518520022,0.534646978835
152,0.52177543261,0.533948943408
153,0.523657580707,0.535416465812
154,0.527324067342,0.538928145351
155,0.534175450445,0.546404229206
156,0.543211012702,0.556423240151
157,0.55137474637,0.565299590182
158,0.557027074477,0.571093822687
159,0.564412891661,0.578797516415
160,0.572065972712,0.586988790894
161,0.578519387626,0.593826913986
162,0.583901172474,0.59908601652
163,0.590943146327,0.606336343997
164,0.599453044653,0.615635689465
165,0.607391803832,0.624362712134
166,0.602218959794,0.619156039223
167,0.60223661103,0.617565850502
168,0.606356503743,0.618637384286
169,0.630647787725,0.648996737888
170,0.634760031847,0.653322871662
171,0.620702347291,0.637933570976
172,0.642438710202,0.661447819881
173,0.641655430721,0.66000272013
174,0.642254462906,0.660436458707
175,0.657571379974,0.675582304376
176,0.656932212833,0.675236715242
177,0.65839509291,0.677448505034
178,0.643982469444,0.661862684804
179,0.657572359168,0.677627258073
180,0.651450403397,0.670942745999
181,0.643791601942,0.661797594569
182,0.638790172197,0.657145551857
183,0.635196542501,0.653867929793
184,0.620945981374,0.638711817985
185,0.618088368807,0.635196318677
186,0.609063027025,0.62527406282
187,0.599474722986,0.614732810128
188,0.591297889577,0.606121996759
189,0.584912392187,0.599731905496
190,0.577590213374,0.591934613029
191,0.571073831871,0.585235754321
192,0.564817581563,0.579071322274
193,0.558122795417,0.572201063072
194,0.547622097682,0.560627361848
195,0.538883980784,0.550890598894
196,0.533379978564,0.545063290988
197,0.530283251934,0.542329304195
198,0.526652659785,0.538829720952
199,0.521668811847,0.533635469551
200,0.520802490412,0.532158869353
201,0.511370779569,0.522003215884
202,0.509308365959,0.519456421448
203,0.507501603259,0.517114845063
204,0.507476825905,0.517090366439
205,0.508838455171,0.518990973067
206,0.51144914008,0.52206472811
207,0.51507906731,0.52640166647
208,0.521559037669,0.533529398263
209,0.526979955072,0.539136276708
210,0.530407149744,0.542460432771
211,0.533279604095,0.544970900101
212,0.538736666699,0.550745865564
213,0.547902782806,0.560919119478
214,0.558118708555,0.57215537465
215,0.564865941895,0.579142905128
216,0.571129871349,0.585309934059
217,0.577533306272,0.591912026633
218,0.584332480552,0.598959268901
219,0.591300662109,0.606117129898
220,0.599336968665,0.614618590767
221,0.608687194636,0.624905059799
222,0.618195544709,0.63532378576
223,0.621315889569,0.639057626823
224,0.635550711025,0.654264293016
225,0.639167520466,0.657500696655
226,0.643348999235,0.661379205548
227,0.651103310592,0.670572731797
228,0.657777873038,0.677830088979
229,0.64357805937,0.661434047932
230,0.658075409749,0.677094777199
231,0.657154067874,0.675429878077
232,0.657725539642,0.675744772153
233,0.632660329393,0.646872359608
234,0.668192754662,0.685984691889
235,0.671339359171,0.690276140524
236,0.672440983209,0.692267805619
237,0.655742134642,0.674535990209
238,0.670221709926,0.690942949638
239,0.664379456671,0.684613391338
240,0.636809360583,0.650347489574
241,0.632324824522,0.649193469268
242,0.645579952641,0.66482614949
243,0.635975820312,0.654267438278
244,0.62537273647,0.6424882865
245,0.614724782278,0.630785061161
246,0.605024652222,0.620149270527
247,0.596046456164,0.610656182844
248,0.590347510684,0.605223946604
249,0.584236129588,0.599066023023
250,0.578352797168,0.593459705984
251,0.570980687064,0.58592637771
252,0.560400206674,0.574227558254
253,0.550036855434,0.562733764008
254,0.542542935338,0.554485668649
255,0.537230594599,0.549216850472
256,0.533655886759,0.545787225343
257,0.528543606762,0.540536083962
258,0.52239726902,0.534068614707
259,0.518419519408,0.529606389323
260,0.516967438589,0.528216754603
261,0.515911068694,0.526989910533
262,0.514952981143,0.525353811758
263,0.516371649473,0.527444888945
264,0.517314739586,0.52856596949
265,0.518363603808,0.529561619888
266,0.522209043939,0.53387633895
267,0.528511566312,0.540499327067
268,0.533531109967,0.545661199408
269,0.537572445836,0.549550285171
270,0.542120217022,0.554048582404
271,0.550193137233,0.562908770328
272,0.560048968596,0.573863948966
273,0.571462944749,0.586418078019
274,0.578563660037,0.593700479434
275,0.58443812047,0.599272786587
276,0.590083762443,0.604983864034
277,0.596134218631,0.61071951648
278,0.604647786647,0.61976033133
279,0.615128494144,0.631190066829
280,0.625451493806,0.642593705666
281,0.6358321958,0.654073386864
282,0.645546758632,0.664796446298
283,0.632056068471,0.648879884155
284,0.636706183881,0.650204041635
285,0.664498839923,0.684705328772
286,0.670188954739,0.69093654299
287,0.655700139052,0.674488691767
288,0.672247814553,0.692097062487
289,0.671303195813,0.690210982679
290,0.668281501616,0.686056267864
291,0.679181946344,0.700425442295
292,0.699068679012,0.72113013959
293,0.697783463878,0.719218774943
294,0.689380017361,0.711361514101
295,0.696726001866,0.719837449419
296,0.682880869363,0.702960898199
297,0.668642587362,0.686981995859
298,0.677588808749,0.697767915054
299,0.681274719378,0.701709446607
300,0.664122948931,0.681799425576
301,0.641228407465,0.65395190259
302,0.662116410158,0.680423785058
303,0.650830179889,0.66853181025
304,0.638693343652,0.655177076005
305,0.644463750383,0.661748053325
306,0.647622590657,0.666876085521
307,0.635433482422,0.65412390537
308,0.628711727288,0.6456651314
309,0.624580304477,0.641440618012
310,0.616325134656,0.633740288874
311,0.613834158514,0.631213297946
312,0.608291887908,0.624968793523
313,0.598294705147,0.614438754591
314,0.591321498453,0.607246835748
315,0.588193698068,0.603628554389
316,0.578329880843,0.592911676774
317,0.566130183231,0.579387923963
318,0.563265964317,0.575887068618
319,0.555584227223,0.567408472857
320,0.545704321924,0.556735879488
321,0.542602747213,0.553172312384
322,0.536419508845,0.546450915654
323,0.530537153787,0.54049684101
324,0.530178924986,0.540515416718
325,0.529029150392,0.539902051453
326,0.526694421611,0.53787895593
327,0.523360814242,0.534253610639
328,0.520872242386,0.531561837158
329,0.518883883333,0.529464076767
330,0.516691037915,0.527288444101
331,0.518051523313,0.528817764842
332,0.518015886092,0.528858682072
333,0.517826094209,0.528689826485
334,0.517977747383,0.528805551883
335,0.517982153385,0.528751474844
336,0.516853085669,0.527431328112
337,0.51907662595,0.529671054913
338,0.52097426921,0.531642663646
339,0.523407444585,0.534293866412
340,0.52688496048,0.538079111412
341,0.529300109248,0.540169352044
342,0.529916991865,0.54027030579
343,0.530331943588,0.540291621852
344,0.536729628102,0.546780819816
345,0.542380135333,0.552965513553
346,0.545653409726,0.556693440709
347,0.555848146837,0.567693710329
348,0.562978602048,0.575608019798
349,0.566169036671,0.579443868419
350,0.578353144191,0.592954737299
351,0.588259368102,0.603728300098
352,0.600040394008,0.616169745208
353,0.59883816682,0.615026474803
354,0.608304184941,0.624990829809
355,0.613394470562,0.630774497812
356,0.616637401083,0.634017927124
357,0.62452603617,0.641371512837
358,0.628008375842,0.644935576702
359,0.634835914359,0.653518061424
360,0.647959216336,0.667215209598
361,0.644787068461,0.66204697629
362,0.638518712021,0.655000438707
363,0.651148953789,0.668897776701
364,0.661976196592,0.680285011643
365,0.651786695139,0.664674826165
366,0.664346703721,0.682159204133
367,0.681147464533,0.70156633857
368,0.677592023904,0.697757865213
369,0.668641172895,0.68694796228
370,0.682371369564,0.70245202519
371,0.696565878665,0.719634127846
372,0.689510185679,0.711502913129
373,0.698017838059,0.719437695264
374,0.698974008945,0.721009419472
375,0.687419827444,0.706928168293
376,0.686393741085,0.705556231242
377,0.684818548621,0.703676197909
378,0.685570792113,0.704959137483
379,0.686971417698,0.707093493464
380,0.656299366392,0.673381572572
381,0.681296627899,0.701167533362
382,0.676631676199,0.695999936775
383,0.673449858037,0.692654304236
384,0.666196694359,0.6838592452
385,0.654230255523,0.669723002255
386,0.640388761405,0.655835194136
387,0.654686970513,0.672548516708
388,0.648608220446,0.666253997478
389,0.643199512233,0.660530157121
390,0.637248740526,0.654128641188
391,0.630301745195,0.646424286303
392,0.623067678715,0.638561942693
393,0.618010226034,0.633588933361
394,0.613134803116,0.628929533878
395,0.608597720206,0.624495301013
396,0.604193825934,0.620043265115
397,0.598674663575,0.614374483814
398,0.591755274692,0.607018108688
399,0.584319186293,0.599200316844
400,0.577693266593,0.592048182597
401,0.569739630655,0.58318255643
402,0.562004005349,0.574616831487
403,0.555045865266,0.566942308098
404,0.547835067066,0.559005550329
405,0.541125297071,0.551595125527
406,0.535686559857,0.545768269346
407,0.53256729579,0.542810080902
408,0.531435371637,0.542158500061
409,0.530093185102,0.541229415479
410,0.527837403691,0.538938945338
411,0.522942732519,0.533603440783
412,0.520101138183,0.530567076373
413,0.51837609068,0.528770400976
414,0.517161144065,0.527527969167
415,0.517073985656,0.527600068058
416,0.517666641396,0.528291424508
417,0.517752782525,0.528384357228
418,0.517229793631,0.527755420854
419,0.517304193388,0.52768877483
420,0.518578054792,0.528947062753
421,0.520369700735,0.530852574759
422,0.522793620922,0.533469421304
423,0.527529063604,0.538637928642
424,0.529972290514,0.541107723865
425,0.531454084922,0.542183181717
426,0.53280096341,0.543026713241
427,0.535871400591,0.545956739609
428,0.541068438434,0.551518967913
429,0.547699286681,0.558882717407
430,0.555127017122,0.567055908633
431,0.562127503845,0.574767544999
432,0.569940493665,0.583361101435
433,0.577421458301,0.591754648884
434,0.584478952538,0.599361229985
435,0.591723547013,0.607018669732
436,0.599912693789,0.615703036295
437,0.60449265226,0.620390909521
438,0.608616241986,0.624511989157
439,0.613115319046,0.62889247969
440,0.617706269237,0.633295933809
441,0.622827614896,0.638294985227
442,0.630327178308,0.646447300153
443,0.637167586428,0.654029428302
444,0.64346888266,0.660794597824
445,0.64882261937,0.666473983621
446,0.65438029258,0.672234152446
447,0.640359985015,0.65580757798
448,0.654722456924,0.670262045582
449,0.667878376775,0.685578532232
450,0.673436662877,0.692605671032
451,0.67665041137,0.696031758076
452,0.680952963318,0.700816890701
453,0.656406142593,0.67350713919
454,0.686857215858,0.706975161408
455,0.685806211388,0.705180682171
456,0.684582983699,0.703410230382
457,0.686555934806,0.705730387897
458,0.687637910712,0.707150434372
459,0.695693470321,0.714676435196
460,0.697577528659,0.716710693481
461,0.694850574526,0.713555471064
462,0.695428399798,0.714646578529
463,0.697411832184,0.717493040172
464,0.692336121444,0.712293614846
465,0.696349419754,0.717210572656
466,0.692283362624,0.712689986151
467,0.687570249667,0.707538289741
468,0.683991288162,0.703742446637
469,0.663490544886,0.678038931762
470,0.674864671368,0.693900411109
471,0.66482564549,0.682842050512
472,0.663829656333,0.682239530899
473,0.657152674338,0.675230121614
474,0.650477050808,0.668091544909
475,0.642872962087,0.65975816324
476,0.635565393344,0.65174092015
477,0.627159946034,0.642694806786
478,0.621306673905,0.63685602918
479,0.61575764375,0.63150311504
480,0.611092530027,0.626997276997
481,0.605510849882,0.621283321861
482,0.598058778322,0.613373132385
483,0.590677810365,0.605598800457
484,0.583909144714,0.598590926881
485,0.576793677262,0.590995718815
486,0.568671886757,0.582013684661
487,0.561158754484,0.573726628685
488,0.553510229759,0.565334671381
489,0.545622057937,0.556596168904
490,0.539194494481,0.54954164237
491,0.534905445526,0.545166682975
492,0.532397239348,0.54303116549
493,0.530929193972,0.541998427293
494,0.528745142145,0.53998523041
495,0.524225717908,0.535028767867
496,0.520489588475,0.530953036981
497,0.517743988307,0.527970813508
498,0.515947490199,0.526038300375
499,0.515416293503,0.525495639683
500,0.515606250805,0.525848810296
501,0.516566925193,0.526925994427
502,0.515889914357,0.526113686384
503,0.515015933792,0.525096185228
504,0.51587894774,0.525964712491
505,0.517727153873,0.527939734043
506,0.520219713048,0.530690017564
507,0.523941380239,0.534718807249
508,0.528720336832,0.539969661379
509,0.530952677479,0.542009641258
510,0.532416580613,0.543040288689
511,0.534695558905,0.544967735862
512,0.53923133836,0.549584233026
513,0.545582700605,0.556565464862
514,0.55370196962,0.565524616754
515,0.561337925293,0.573927914258
516,0.568653163692,0.582001754339
517,0.576795862394,0.591009127118
518,0.584101553857,0.598769865736
519,0.590986693137,0.605952270851
520,0.598232681975,0.613542147518
521,0.605864904528,0.621650831203
522,0.611383055885,0.6273104635
523,0.615756855939,0.631461260786
524,0.62088282622,0.636414065811
525,0.627031335796,0.642543238261
526,0.635384765146,0.651562641464
527,0.642838550742,0.659700315292
528,0.650470483446,0.668088736731
529,0.656976730457,0.675034830284
530,0.663873739821,0.682243921142
531,0.665109044001,0.68313865002
532,0.675026649153,0.694084791084
533,0.663684190253,0.678272421491
534,0.683879406602,0.703654483337
535,0.687754073859,0.707717547604
536,0.69243100026,0.712836789246
537,0.696072235611,0.716946266056
538,0.692440120034,0.712382168362
539,0.697498186887,0.717568350628
540,0.694967274526,0.714181128857
541,0.694903912785,0.713598701208
542,0.697442276917,0.716558503674
543,0.706021495442,0.724855587687
544,0.7044480095,0.723111967194
545,0.704551786149,0.723660381888
546,0.706448156593,0.726338293247
547,0.70921573657,0.730073954767
548,0.70329579999,0.723862668271
549,0.707285748994,0.728708414589
550,0.701759896632,0.722633267588
551,0.69675320752,0.717233152966
552,0.68973893904,0.708826265372
553,0.676549497665,0.693362236219
554,0.66325070667,0.680142686611
555,0.676865824523,0.696087873495
556,0.669566177811,0.688428188589
557,0.661936087883,0.680335880728
558,0.654830499165,0.672512661535
559,0.646885023134,0.663824361171
560,0.638397063794,0.654574034784
561,0.629396850325,0.644802624996
562,0.622817074712,0.638256895543
563,0.617634258813,0.633296941769
564,0.612256896757,0.627986684622
565,0.605074477937,0.620346237907
566,0.597395379044,0.612316121391
567,0.590230602806,0.604896028183
568,0.583652946106,0.59820280355
569,0.576377567804,0.590475756154
570,0.567661676421,0.580905026527
571,0.560106651086,0.572588784246
572,0.550912969368,0.562479868796
573,0.542616326468,0.553365313849
574,0.536821835209,0.547183806802
575,0.533568389774,0.544103211469
576,0.531333647931,0.542303061592
577,0.52894584625,0.540180236368
578,0.525033499197,0.536044855993
579,0.520686907615,0.531306894917
580,0.516884230251,0.527073099367
581,0.514298618969,0.524203989945
582,0.512983484644,0.522749124483
583,0.512490032211,0.522277461557
584,0.512875914924,0.522736738898
585,0.512780823743,0.522632422107
586,0.512359506552,0.522165129169
587,0.5129360627,0.522698121005
588,0.514401035361,0.52430696223
589,0.516707481335,0.526896951137
590,0.520651401124,0.531271600328
591,0.524908292668,0.535923896341
592,0.528877270435,0.540107805953
593,0.531385664001,0.542358065511
594,0.53333754184,0.543882115453
595,0.537034279707,0.5473941978
596,0.542812454257,0.553569513787
597,0.550917326886,0.562484060868
598,0.559791220748,0.572274012426
599,0.567654328004,0.580874121662
600,0.576265909973,0.590346668171
601,0.583508681108,0.598076081023
602,0.590272553254,0.604967037211
603,0.597625695556,0.612522519014
604,0.604975659364,0.620275537557
605,0.612487407507,0.628228424454
606,0.61751160105,0.633155887289
607,0.62268671003,0.6381195195
608,0.62909958931,0.644504627059
609,0.638351896856,0.65451641295
610,0.646678134282,0.663638033177
611,0.65479284012,0.672478883342
612,0.662267668006,0.680638924711
613,0.669943161823,0.688824515808
614,0.676854897973,0.696078151178
615,0.66342798864,0.680300397459
616,0.676777044024,0.693562580704
617,0.689386087085,0.70851590868
618,0.696984248153,0.717488684236
619,0.7020318894,0.722893827175
620,0.707101494343,0.728499287762
621,0.703514077977,0.72409626324
622,0.709006353621,0.729841824335
623,0.706625870392,0.726525411804
624,0.70474748616,0.723857703158
625,0.704496527963,0.723158898508
626,0.706336288876,0.725158592491
627,0.709879629023,0.727986787321
628,0.70960031325,0.727714356037
629,0.710871830863,0.729724462885
630,0.712366195265,0.732041013431
631,0.714277868339,0.734848742682
632,0.710715076764,0.731429434506
633,0.716060546758,0.738124460352
634,0.711961082506,0.733735105856
635,0.707113395718,0.728407822926
636,0.702186708872,0.72313575715
637,0.68180217326,0.697594934239
638,0.692139296609,0.712317088428
639,0.685836975915,0.705598163865
640,0.679873617621,0.699539043165
641,0.671917439449,0.691119645202
642,0.664294622797,0.682863573448
643,0.655766843191,0.673493962031
644,0.647021522556,0.663923520445
645,0.637656571379,0.653632902154
646,0.628047995179,0.643245360474
647,0.62193994395,0.63711443546
648,0.615516238565,0.630661403334
649,0.610357473793,0.625745051299
650,0.604798044628,0.620323676643
651,0.597992746296,0.613423710304
652,0.590778615658,0.606011290999
653,0.583792358626,0.598744293921
654,0.575707472175,0.590065085194
655,0.566073760283,0.579296424517
656,0.556858521755,0.569061724934
657,0.547557315196,0.558814376511
658,0.540479271809,0.551087954941
659,0.535452337654,0.545971544154
660,0.532789213682,0.543656007874
661,0.529694784864,0.5408598376
662,0.525951427391,0.53711758573
663,0.521785454899,0.532696396031
664,0.5182078025,0.528991633447
665,0.515496113451,0.526114415904
666,0.513155779933,0.523465134737
667,0.510572573579,0.520470334933
668,0.511812193752,0.522096022714
669,0.512350588229,0.522711767264
670,0.511773177116,0.522082894335
671,0.510782946345,0.520683819779
672,0.513156200381,0.523486875187
673,0.515709662848,0.526327252352
674,0.518203710598,0.528994371439
675,0.521809177063,0.53270745289
676,0.526234311513,0.537402493001
677,0.529643008229,0.540803758904
678,0.532525441413,0.543395460932
679,0.535420351448,0.545944354393
680,0.54009464612,0.550700702786
681,0.54764920831,0.558911484947
682,0.556594844572,0.568787410722
683,0.56584201142,0.579092626086
684,0.575678833518,0.590059805819
685,0.58396411951,0.598893119068
686,0.590728931806,0.605954215765
687,0.597976883018,0.613415597575
688,0.604932503955,0.620460210597
689,0.610457609587,0.625825049685
690,0.615389517379,0.630471514214
691,0.621867498878,0.637030491395
692,0.628216454287,0.643388102806
693,0.637590436014,0.653563296131
694,0.647030800068,0.663924116431
695,0.655653411237,0.673403046078
696,0.664111311969,0.682637897458
697,0.672134875164,0.691318583636
698,0.680035825638,0.699715349295
699,0.685848815527,0.705633175109
700,0.692096316202,0.712283131361
701,0.681865121439,0.697684045844
702,0.702245049118,0.723193313101
703,0.706941514924,0.728247393223
704,0.712016706423,0.733806341875
705,0.716108741683,0.738164353217
706,0.710919319804,0.731617080587
707,0.714243315573,0.734798796255
708,0.712246178528,0.731905960455
709,0.710783315047,0.729620504766
710,0.709505637613,0.727604218969
711,0.59083107615,0.609852592084
712,0.672816115618,0.694005982289
713,0.731577222115,0.753733423397
714,0.683372339333,0.704364070787
715,0.592984656263,0.61196817453
716,0.660022503662,0.681684582528
717,0.729520123511,0.752711449189
718,0.684498778636,0.704546996372
719,0.589309175855,0.606405209592
720,0.636032531145,0.655901950781
721,0.713484610428,0.73556749875
722,0.684557750093,0.704084452968
723,0.587475559715,0.602358638209
724,0.600360657239,0.61473552524
725,0.682808774647,0.700697186676
726,0.678652244621,0.697705591757
727,0.593525430754,0.60953734794
728,0.579014427696,0.593729193061
729,0.660771363996,0.678669448638
730,0.671184671166,0.69097091829
731,0.599951747827,0.61808141589
732,0.56262999318,0.57805588403
733,0.633505432065,0.650136772869
734,0.64829562673,0.665845226093
735,0.591658841681,0.608409971793
736,0.551582100095,0.56694252791
737,0.612352625688,0.629464004535
738,0.626641981059,0.643579062737
739,0.582488939414,0.598343376189
740,0.533539442361,0.547740390727
741,0.587760035286,0.604037100795
742,0.604065442065,0.620378396014
743,0.570741646831,0.585827388864
744,0.513868960045,0.526521157377
745,0.556118431841,0.569569569537
746,0.572427041086,0.585628935294
747,0.551113280774,0.563254035917
748,0.501550616879,0.511769469292
749,0.535028247191,0.545932797233
750,0.545082687933,0.555496094853
751,0.534441958988,0.544437968005
752,0.491547607657,0.500604478678
753,0.511368988921,0.520233071956
754,0.524286934919,0.533375393172
755,0.522022144624,0.53151803334
756,0.490580451259,0.500492990517
757,0.500512425188,0.510013505665
758,0.517620426017,0.52782545133
759,0.515419714193,0.525559271415
760,0.488193795778,0.498125929715
761,0.490358514272,0.49944966
762,0.509877096375,0.519852620562
763,0.509253777188,0.519392443585
764,0.487628336517,0.49776978312
765,0.48493881254,0.494525277565
766,0.508445408116,0.518632357748
767,0.508573413393,0.518763658203
768,0.489501635383,0.499093039289
769,0.491952151072,0.502076465656
770,0.509501239461,0.519644479486
771,0.509785186619,0.519766516779
772,0.490461944181,0.49954923357
773,0.488258475368,0.498191358265
774,0.515516280784,0.52566174685
775,0.517577600479,0.527776547269
776,0.512163385413,0.521917984824
777,0.491944323952,0.50200060645
778,0.521999527349,0.531502956636
779,0.523977360678,0.533049762983
780,0.511115220093,0.519973852092
781,0.491761599185,0.500816343416
782,0.534361090653,0.54434552546
783,0.545111446675,0.555496439235
784,0.534959295952,0.545845091153
785,0.501453770968,0.511681294183
786,0.551006835348,0.563143669598
787,0.57224820412,0.585449849455
788,0.563893358561,0.577572883537
789,0.514260952986,0.526932676711
790,0.570600847294,0.585695520504
791,0.603865452372,0.620191172837
792,0.587624170795,0.603881095363
793,0.527175670416,0.541269954597
794,0.581875151593,0.59768589312
795,0.626536722523,0.643462162918
796,0.612338320145,0.629430993194
797,0.544164024974,0.559358210101
798,0.591412240069,0.608084361672
799,0.648275705066,0.665827305941
800,0.633674391373,0.650327441483
801,0.562546232303,0.577966943943
802,0.600179452052,0.61832722719
803,0.670963281476,0.690756937072
804,0.661005100685,0.678932886256
805,0.579166813277,0.593888257487
806,0.593610953781,0.609601691691
807,0.678869353378,0.69795745827
808,0.682718314977,0.700593777481
809,0.600588758533,0.614977427321
810,0.587152388974,0.60202746277
811,0.684549087374,0.704082715675
812,0.713079113768,0.735108162047
813,0.636290065081,0.656174789945
814,0.589014823542,0.606089136867
815,0.684715799689,0.704772015191
816,0.729308010915,0.752521216909
817,0.659752815348,0.681431420385
818,0.592651380783,0.611608950561
819,0.683271517459,0.704224817094
820,0.731575099017,0.753723691941
821,0.67266440359,0.693836881566
822,0.696288004445,0.716065316746
823,0.694812379213,0.714270499104
824,0.692829120063,0.711913033805
825,0.692042777994,0.711044724136
826,0.693221908648,0.712800337591
827,0.695439047497,0.715748776974
828,0.696471411493,0.717323437991
829,0.695126598692,0.716164217042
830,0.690999129249,0.71160146324
831,0.687444900857,0.70772322726
832,0.684045736041,0.704104363758
833,0.681522515379,0.701579191553
834,0.677034314088,0.696484125015
835,0.655883304794,0.670295253504
836,0.670393831697,0.689410492505
837,0.6650460454,0.683427984233
838,0.660131589051,0.678337038162
839,0.655423097494,0.673458313819
840,0.65020337917,0.667997116405
841,0.64469946573,0.662129171397
842,0.639666491485,0.656793473712
843,0.633840472633,0.650447199319
844,0.627350445285,0.643290538339
845,0.621501458094,0.637082079106
846,0.620416891154,0.636377981663
847,0.612955432165,0.62887338846
848,0.609134770104,0.625220899843
849,0.605011201775,0.621155027988
850,0.60286668652,0.619009223818
851,0.595206157876,0.61106763755
852,0.590523078159,0.606269980534
853,0.584537928085,0.600053924567
854,0.578150711979,0.593322850194
855,0.571623429666,0.586320809441
856,0.564462697963,0.578439677718
857,0.556753985816,0.569933323487
858,0.550230110241,0.562673927691
859,0.54565558532,0.557403261709
860,0.537740086113,0.548857383395
861,0.531642482491,0.542172003686
862,0.525897507056,0.535821603077
863,0.5215732005,0.530943673506
864,0.516710846935,0.526048249442
865,0.514520120001,0.52415296513
866,0.513206020756,0.523195578326
867,0.512982348402,0.523231054953
868,0.510234874989,0.520595126244
869,0.50757496897,0.517866439726
870,0.504836998632,0.514905434551
871,0.503164301945,0.51304318645
872,0.501475732249,0.511408018083
873,0.499909129835,0.509919349139
874,0.499483704389,0.509581894045
875,0.499062396564,0.509218070863
876,0.49917494683,0.509410930996
877,0.499545577856,0.509808080855
878,0.499926320857,0.510142062715
879,0.500756665643,0.510899407536
880,0.500297687822,0.510389443152
881,0.500051009646,0.510069709513
882,0.501310305956,0.511247281069
883,0.503394646763,0.513275692803
884,0.504596713183,0.514682484596
885,0.507351841218,0.517624617967
886,0.510549539012,0.520900776327
887,0.515002983283,0.525195638721
888,0.512908789498,0.522915898891
889,0.514339444413,0.523970997826
890,0.516663762718,0.52599106806
891,0.521718558089,0.531091020956
892,0.525590299053,0.535516900098
893,0.531546048345,0.542064865805
894,0.537682996528,0.548812204755
895,0.545740471925,0.557484841177
896,0.550318497402,0.562781458325
897,0.556730277684,0.569911784762
898,0.564433423136,0.578423123879
899,0.573282105791,0.587989011746
900,0.578347151283,0.593580792991
901,0.584455059589,0.599957639348
902,0.590248651972,0.605997143695
903,0.595518392519,0.61139479182
904,0.60016339246,0.616176602324
905,0.604897046024,0.62103825084
906,0.609151251369,0.625237795169
907,0.612959091153,0.628900866678
908,0.617403335988,0.63312720975
909,0.621450118381,0.637034799674
910,0.627160289243,0.64307711919
911,0.633762289132,0.650343427696
912,0.639565075374,0.656708151709
913,0.644633109451,0.66209797421
914,0.650000010898,0.667789735842
915,0.65535798413,0.673400945818
916,0.660223590877,0.678445124791
917,0.664758033275,0.683123029303
918,0.670427229841,0.689461214876
919,0.655722388934,0.670168103224
920,0.676774463908,0.696221924266
921,0.681408356796,0.701494346829
922,0.684031164477,0.704128498645
923,0.687542323471,0.707781801816
924,0.691188157287,0.711850786586
925,0.694997082212,0.715985562463
926,0.696200498088,0.717051909447
927,0.695593528787,0.715920961499
928,0.693178423278,0.712739438777
929,0.691954875783,0.710952903777
930,0.693325297804,0.712399859924
931,0.69503164364,0.714519976831
932,0.696229275386,0.715997556496
933,0.708496840064,0.728198788073
934,0.707922454709,0.727526935486
935,0.705856808762,0.725151232164
936,0.703869781482,0.722892592179
937,0.704235142323,0.723789422468
938,0.705970679493,0.726290049571
939,0.708075856719,0.729205463476
940,0.708768213273,0.730438700438
941,0.706148331017,0.727670416949
942,0.701996722887,0.72313873293
943,0.698244545302,0.718992258924
944,0.694474649589,0.714938579375
945,0.691078094102,0.711333426801
946,0.678685406571,0.695635848552
947,0.679300848184,0.697812495808
948,0.678859809917,0.698070469639
949,0.673689969847,0.692480240463
950,0.668614416513,0.687283627658
951,0.662926560042,0.681370913614
952,0.657729190449,0.675958775622
953,0.651720095847,0.669564215779
954,0.645289156863,0.662558926903
955,0.638889745012,0.655512648541
956,0.632131908034,0.648092071098
957,0.625710064049,0.641390118994
958,0.62068404882,0.636553982849
959,0.615754230769,0.631741010275
960,0.611349101817,0.627493943612
961,0.607042408342,0.623230407539
962,0.601551067186,0.617612924252
963,0.596160096202,0.612075380024
964,0.589518128346,0.605074193163
965,0.583407440329,0.598694111316
966,0.577358686018,0.592351094182
967,0.570413018664,0.584937953407
968,0.563003762127,0.576791863346
969,0.555616773506,0.568636269046
970,0.549045949412,0.561389059649
971,0.542602320301,0.554259616289
972,0.535550311541,0.546558881465
973,0.529192059174,0.539557689926
974,0.522936546539,0.532714032148
975,0.518332002117,0.527809934984
976,0.514846398735,0.524449549913
977,0.512838431613,0.52281384634
978,0.511334575301,0.521627725584
979,0.509114618468,0.519561890624
980,0.506856940573,0.517230881907
981,0.503500008617,0.513629630246
982,0.500435405247,0.510301911632
983,0.498301740622,0.508119961146
984,0.496732834452,0.506504138451
985,0.495869837413,0.505644075139
986,0.495569820117,0.505440527808
987,0.495603736793,0.505596746535
988,0.49627466129,0.506359261515
989,0.496281144819,0.506375936616
990,0.495774681809,0.505751162027
991,0.495684525467,0.505564339053
992,0.495834039204,0.505611408209
993,0.496866189281,0.506638346825
994,0.498282199698,0.508094531156
995,0.500358917501,0.510233917464
996,0.503488604824,0.513628055056
997,0.506935839993,0.517309622894
998,0.509238113508,0.519678751537
999,0.511205560199,0.521505351224
1000,0.512888673946,0.522874485135
1001,0.514969792371,0.524568780938
1002,0.518128031966,0.52761077041
1003,0.522955053593,0.53272172874
1004,0.529028589335,0.539403306255
1005,0.535631076477,0.546654971268
1006,0.542595303921,0.554263139795
1007,0.54907541023,0.561425061351
1008,0.55567943987,0.568705981462
1009,0.562795740027,0.576591590595
1010,0.570305227718,0.584818577612
1011,0.57725078626,0.592259860722
1012,0.583427990058,0.598700876693
1013,0.589737270853,0.605297359972
1014,0.595965814944,0.611862163018
1015,0.601797965029,0.617871890129
1016,0.606909093867,0.623086569771
1017,0.611295311661,0.627422693823
1018,0.615571988434,0.631520973109
1019,0.620301493666,0.636144254924
1020,0.625459508153,0.641125116478
1021,0.632056852989,0.648059726998
1022,0.638506454118,0.655107454002
1023,0.645504855721,0.662773369268
1024,0.651926761172,0.669772328549
1025,0.657441111078,0.67564903971
1026,0.662926801807,0.681369703161
1027,0.668497017813,0.687151361463
1028,0.673746736464,0.692559200762
1029,0.67905038014,0.698263113033
1030,0.679464990297,0.698000239672
1031,0.678681173107,0.695595485777
1032,0.690957298657,0.711223127754
1033,0.694340748743,0.714802269969
1034,0.698007591589,0.718767373064
1035,0.701935030582,0.723042676603
1036,0.706073198476,0.727600197386
1037,0.70895043857,0.730634614034
1038,0.708189043828,0.729302015895
1039,0.706236141821,0.72658123842
1040,0.704397819638,0.723966977853
1041,0.703902369075,0.722943100759
1042,0.705888637254,0.725156903596
1043,0.708120734699,0.727713933713
1044,0.715378021607,0.734786155223
1045,0.714326797727,0.733585566082
1046,0.712681938275,0.731720485405
1047,0.712685539964,0.732105796345
1048,0.714237462735,0.734328174669
1049,0.716710559976,0.737681110714
1050,0.718665145027,0.740384814144
1051,0.717923840835,0.740039902359
1052,0.714115961326,0.735947807343
1053,0.709782881778,0.731200871222
1054,0.70581995924,0.72686510897
1055,0.701840201876,0.722632755729
1056,0.697601730638,0.71790795664
1057,0.675938353786,0.691183400044
1058,0.690298210173,0.710266135587
1059,0.684571229591,0.703965496512
1060,0.679365953401,0.698611172351
1061,0.673685705604,0.692710503498
1062,0.667468497509,0.686234166824
1063,0.661602033661,0.680046260936
1064,0.655490542097,0.673382631251
1065,0.648875337745,0.666115853696
1066,0.641721492194,0.658354992823
1067,0.634253130861,0.650219203652
1068,0.627142591297,0.642793099714
1069,0.622070495997,0.637830089573
1070,0.617005585984,0.632907573971
1071,0.612773948612,0.628849857397
1072,0.608167253014,0.624282188241
1073,0.60241385294,0.61835168028
1074,0.59533657295,0.61082058782
1075,0.588434020846,0.60361680493
1076,0.582175390502,0.597137244278
1077,0.576199809256,0.590936055997
1078,0.569418630508,0.583698326221
1079,0.562110267988,0.575688047563
1080,0.555036686631,0.567889858612
1081,0.548143722182,0.56035347044
1082,0.540721525631,0.552223338065
1083,0.533332876743,0.544123643793
1084,0.526717171479,0.536870551051
1085,0.520619071562,0.530237192786
1086,0.516821417064,0.526415358771
1087,0.514297271785,0.524194250399
1088,0.512297470124,0.522543116563
1089,0.510002051262,0.520492248751
1090,0.507096013603,0.517543175037
1091,0.503405247084,0.513548169165
1092,0.500118699233,0.510038784419
1093,0.497240428387,0.506961608119
1094,0.495140582371,0.504727059083
1095,0.493511120897,0.503009088548
1096,0.492975166423,0.502497421924
1097,0.492735938623,0.502358986524
1098,0.493171191887,0.502997193117
1099,0.493794972845,0.503671620406
1100,0.493224714214,0.503035387934
1101,0.492904796922,0.502530184468
1102,0.49293538024,0.502441990868
1103,0.493638213168,0.503135488366
1104,0.495188781876,0.504773204481
1105,0.497148998524,0.506870154759
1106,0.500131371827,0.51003841732
1107,0.503495608218,0.513662923025
1108,0.507154838296,0.517592960984
1109,0.509861883329,0.520341889689
1110,0.511869105683,0.522107213774
1111,0.514440786786,0.5243401344
1112,0.51665512716,0.526244925107
1113,0.520655884569,0.530261363801
1114,0.526754716273,0.536894312219
1115,0.533534869431,0.544328646805
1116,0.540777320766,0.552267303613
1117,0.548222690578,0.560439034236
1118,0.555048345721,0.567903607599
1119,0.562003660983,0.575562927376
1120,0.569260395805,0.583535323499
1121,0.576062238765,0.59081207452
1122,0.582321637607,0.597286981482
1123,0.588537966617,0.603717608051
1124,0.59540020595,0.610895898189
1125,0.602315233365,0.6182410339
1126,0.608143006508,0.624292930427
1127,0.612690944965,0.628770942757
1128,0.616799018242,0.632682611162
1129,0.621898153813,0.637676648791
1130,0.627207988682,0.642858944441
1131,0.63431371824,0.650300756944
1132,0.641788544953,0.658406691144
1133,0.648475975691,0.665733919391
1134,0.655540147617,0.673416668932
1135,0.661753660743,0.680210512761
1136,0.667564275953,0.686325605422
1137,0.673469129113,0.69249134264
1138,0.679035482533,0.698258223895
1139,0.684396029512,0.703809866073
1140,0.690314822713,0.710289291244
1141,0.675967854681,0.691226808949
1142,0.697457311974,0.717747575671
1143,0.701829429462,0.72260625825
1144,0.705850187944,0.726913580011
1145,0.710281763078,0.731675848559
1146,0.71433316838,0.736193162947
1147,0.717802680326,0.739921111253
1148,0.718287880092,0.740008458484
1149,0.716271558514,0.737194976725
1150,0.714296889233,0.734414525511
1151,0.712860745524,0.732265365579
1152,0.712536386306,0.731550369862
1153,0.714206240406,0.733482700959
1154,0.71527479248,0.734669979046
1155,0.716477445616,0.735176930103
1156,0.716046875028,0.734708092651
1157,0.714823085469,0.733429686435
1158,0.715120989459,0.734204213785
1159,0.716152396784,0.735833092792
1160,0.717716249095,0.738165411217
1161,0.720007469452,0.741267482435
1162,0.721246126154,0.743243864861
1163,0.71979214777,0.742036083288
1164,0.715560050756,0.737415175605
1165,0.711201866414,0.732616322154
1166,0.706772134519,0.727855714668
1167,0.702967156331,0.723826803278
1168,0.690449535722,0.707960941975
1169,0.691924147202,0.711310871652
1170,0.690285084866,0.710174705573
1171,0.68490172433,0.704471758809
1172,0.679143300595,0.698549312134
1173,0.673210300149,0.692335396031
1174,0.66668502367,0.6855073557
1175,0.660386291829,0.678722211144
1176,0.653959197281,0.671713044522
1177,0.646901900437,0.664001564079
1178,0.63931871585,0.655702049441
1179,0.631412437371,0.64709710771
1180,0.624040238307,0.639257575786
1181,0.618582532611,0.633738395845
1182,0.613927455476,0.629304330388
1183,0.609840599311,0.625536048925
1184,0.605157833142,0.620902955305
1185,0.599426683441,0.615046917736
1186,0.592967763787,0.608469239262
1187,0.586341390709,0.601444510068
1188,0.580670355933,0.595808035138
1189,0.575223746371,0.59030437245
1190,0.568490896413,0.58302490344
1191,0.560588018196,0.574251325397
1192,0.552277119363,0.564929896039
1193,0.545115694966,0.557055290883
1194,0.53681298783,0.547903802892
1195,0.529788921738,0.54019850419
1196,0.523458866404,0.533276578892
1197,0.518474284336,0.528037938292
1198,0.515257692399,0.525024299062
1199,0.512981608751,0.523112329976
1200,0.510767704618,0.521162599914
1201,0.507924316769,0.518429365965
1202,0.505107282545,0.515612197582
1203,0.501660799829,0.512029966659
1204,0.498400030189,0.508597646012
1205,0.495909858557,0.505892416034
1206,0.493595372778,0.503296377733
1207,0.493283862967,0.503279261421
1208,0.492217178404,0.502145712206
1209,0.491882254504,0.501779808411
1210,0.490617321148,0.500114979163
1211,0.490586794641,0.500067591422
1212,0.491646253379,0.501545475827
1213,0.492345640439,0.502287824673
1214,0.49340745987,0.503402741251
1215,0.493568595265,0.50327214415
1216,0.49584582101,0.505830588166
1217,0.498747194943,0.50894526936
1218,0.501627683051,0.511983660331
1219,0.504830971877,0.515322181717
1220,0.507985479449,0.518510484651
1221,0.510496992975,0.520898967555
1222,0.512814635544,0.522950015589
1223,0.51509068677,0.524856023517
1224,0.518561606196,0.528138172278
1225,0.523544731214,0.533362953418
1226,0.529751793602,0.540147436868
1227,0.536691343058,0.547783188015
1228,0.544897049101,0.556837922441
1229,0.552322076061,0.564979622358
1230,0.560736208127,0.57438237261
1231,0.568459753122,0.582999677917
1232,0.575519090235,0.59058951761
1233,0.580859652254,0.595978321625
1234,0.585898753055,0.600904601238
1235,0.593312989039,0.608808664183
1236,0.599196155916,0.614817325065
1237,0.605142957581,0.620885980078
1238,0.609975049341,0.625673415506
1239,0.613765478818,0.629127801678
1240,0.618316991932,0.633469430965
1241,0.624062772625,0.639246061928
1242,0.631455845458,0.647142793142
1243,0.639434628943,0.655827071993
1244,0.646999002434,0.664105834698
1245,0.654065110087,0.671812188484
1246,0.660288686938,0.678622345162
1247,0.667052677935,0.685859392086
1248,0.67317504615,0.69229748644
1249,0.679321454958,0.698709571574
1250,0.685098973295,0.704682522752
1251,0.690157665007,0.710062293762
1252,0.691963050893,0.71132184473
1253,0.690508876597,0.708015703092
1254,0.70310034453,0.723969279977
1255,0.706726941253,0.727788263005
1256,0.710974318629,0.732404179656
1257,0.715631662306,0.737480508701
1258,0.719614110724,0.741837799421
1259,0.720994666981,0.742989304519
1260,0.720046385037,0.741347204079
1261,0.717828140827,0.738278423806
1262,0.716283909984,0.736008063485
1263,0.715062270025,0.734147862869
1264,0.714908638355,0.733517212738
1265,0.715972579602,0.73466372878
1266,0.488228852286,0.50388981909
1267,0.594761938912,0.613832163752
1268,0.713064315303,0.735087930223
1269,0.712716785999,0.734787083046
1270,0.591993563006,0.610441947658
1271,0.488132478586,0.503914571483
1272,0.594421470837,0.613884772563
1273,0.714797135144,0.738053596433
1274,0.704807818292,0.72655269092
1275,0.584288768119,0.601752452548
1276,0.479958681023,0.494377354154
1277,0.589307993802,0.608637166085
1278,0.70173866381,0.724048706453
1279,0.690755676622,0.71116389649
1280,0.571913995714,0.587556983735
1281,0.47414253293,0.487663409574
1282,0.571863890343,0.588029766879
1283,0.664340639599,0.67918191769
1284,0.675859062101,0.69529100381
1285,0.56491387969,0.580610486506
1286,0.466052351241,0.479142468512
1287,0.559449405393,0.57482193353
1288,0.663269755869,0.681828193768
1289,0.659525564167,0.679081580339
1290,0.561341118664,0.578772631531
1291,0.472684429051,0.486017440943
1292,0.548404748079,0.563449554577
1293,0.641569748108,0.658849163445
1294,0.634955123985,0.652689396938
1295,0.545153621516,0.561298830282
1296,0.486887775683,0.499900030506
1297,0.538738591347,0.553768469919
1298,0.621631359504,0.638912796264
1299,0.611513897222,0.628105920584
1300,0.527572285556,0.542692215216
1301,0.479170152284,0.491447911052
1302,0.526671431984,0.541455933745
1303,0.600793293491,0.617841721748
1304,0.590491735831,0.606791669992
1305,0.511739499289,0.526091535836
1306,0.471209928373,0.482627903382
1307,0.529514612234,0.543355018262
1308,0.570973447247,0.58577533593
1309,0.561033776746,0.574920696868
1310,0.491905311216,0.503901047554
1311,0.485556334993,0.49514134879
1312,0.508221354209,0.51951768455
1313,0.539253957582,0.550340109823
1314,0.531553760925,0.54215137897
1315,0.472116220207,0.482365607863
1316,0.477003139988,0.48558788145
1317,0.490709196888,0.499928603127
1318,0.512948456386,0.521554121094
1319,0.507566209541,0.516293052352
1320,0.46347470577,0.473600585791
1321,0.471242062732,0.479649788837
1322,0.483104551494,0.492144563563
1323,0.501830282469,0.511185502502
1324,0.497895291662,0.507823594905
1325,0.458190257972,0.46830440891
1326,0.446301434763,0.45415041151
1327,0.480940377569,0.490374761418
1328,0.493941820015,0.503334484558
1329,0.48191289276,0.491054787254
1330,0.447391593294,0.456992811695
1331,0.448109116805,0.45645298925
1332,0.481451079942,0.491047649601
1333,0.490444804538,0.50020136911
1334,0.47854709638,0.488122568014
1335,0.447240250765,0.456481793711
1336,0.447032024135,0.456272726081
1337,0.474540225042,0.484024509454
1338,0.490387089896,0.500137741023
1339,0.472365466488,0.481761398112
1340,0.448106943824,0.456448508875
1341,0.44723667546,0.456851557773
1342,0.48215449846,0.491309538038
1343,0.494034580627,0.503465007198
1344,0.471762068434,0.48100083375
1345,0.446322736643,0.454163410195
1346,0.44859407184,0.458788296156
1347,0.495714695153,0.505314520966
1348,0.501646970141,0.510997366832
1349,0.482980136686,0.492025487837
1350,0.471011269773,0.479423731744
1351,0.463267806219,0.473410855134
1352,0.507589280741,0.516322115755
1353,0.512693847702,0.521281451978
1354,0.490611291681,0.499823163109
1355,0.477041292728,0.485609907576
1356,0.472268331145,0.482512665887
1357,0.531813150085,0.542424410777
1358,0.538967407676,0.550035056479
1359,0.508303551058,0.519601644134
1360,0.485544985128,0.495127776461
1361,0.491719124862,0.503720085699
1362,0.561280056174,0.575168437349
1363,0.571118077421,0.585926984606
1364,0.51609617523,0.529506439953
1365,0.471163007463,0.482542706845
1366,0.511802134631,0.526170816542
1367,0.590768736079,0.607067663526
1368,0.600683198864,0.617724588311
1369,0.526738029039,0.541509215921
1370,0.47922512513,0.491492189362
1371,0.527749532186,0.542856171937
1372,0.611644247588,0.628234922146
1373,0.621737449331,0.63903576408
1374,0.545308644328,0.560566176915
1375,0.486877893869,0.499907946808
1376,0.54525958524,0.561423112913
1377,0.634853142099,0.652563562143
1378,0.641635841525,0.658933224642
1379,0.548241586096,0.563284059997
1380,0.464694921136,0.47796395954
1381,0.56016286223,0.577416983818
1382,0.659559180664,0.679115633224
1383,0.66313879742,0.681715206157
1384,0.559286683681,0.574637146352
1385,0.469695105095,0.482809203704
1386,0.56602819563,0.581903371408
1387,0.675781194861,0.695199690512
1388,0.664291950799,0.679113401396
1389,0.572264290315,0.588456967195
1390,0.473683207847,0.487175649586
1391,0.571771606408,0.58741019414
1392,0.690845285468,0.711296589281
1393,0.701871232514,0.724175594208
1394,0.589205845132,0.608541774078
1395,0.479987606797,0.494424132309
1396,0.584120513931,0.601573499532
1397,0.704671654584,0.726420918556
1398,0.715135859142,0.738396584185
1399,0.594559564438,0.61403060759
1400,0.487934775237,0.503690295875
1401,0.592035883471,0.610511923429
1402,0.712619572537,0.734687895222
1403,0.713480038091,0.735505099691
1404,0.594796386168,0.613852928318
1405,0.688917933633,0.708755488078
1406,0.687500372178,0.707094170355
1407,0.685886507537,0.705145758918
1408,0.684200952765,0.703193083109
1409,0.683576860791,0.702609256853
1410,0.684797847093,0.704318839987
1411,0.68610409766,0.706204228015
1412,0.687311265056,0.70793297737
1413,0.687795580877,0.708846314932
1414,0.686047372333,0.707003059831
1415,0.683218048293,0.703921409109
1416,0.679149053493,0.699523106566
1417,0.676865510042,0.697134473813
1418,0.67441674655,0.694684383595
1419,0.671891860636,0.692087075884
1420,0.669782192256,0.689915354732
1421,0.657270484054,0.674293999432
1422,0.659101818267,0.677710253644
1423,0.657968759456,0.676827038776
1424,0.652926025954,0.671286695515
1425,0.648717123856,0.666978883729
1426,0.644508548008,0.662617584988
1427,0.639864622957,0.657789310179
1428,0.635664758632,0.653313926132
1429,0.640235769371,0.65833487857
1430,0.627317402091,0.64450891157
1431,0.622516820204,0.639386849702
1432,0.617032850239,0.633339423147
1433,0.611606573704,0.627343005539
1434,0.627045101909,0.644417738728
1435,0.603879483235,0.619525884672
1436,0.600184612386,0.616051234729
1437,0.597257306224,0.613332624722
1438,0.593864486811,0.610094035128
1439,0.606614427697,0.623860098505
1440,0.586224730174,0.602329126002
1441,0.581461281499,0.597383992592
1442,0.577404846345,0.593258846533
1443,0.574296811261,0.590535252556
1444,0.581242117562,0.597248511666
1445,0.568506620133,0.583858745356
1446,0.557013324382,0.571948085728
1447,0.550982808398,0.565398447652
1448,0.544907132141,0.558676094605
1449,0.552763051047,0.565576648629
1450,0.538026904893,0.550376235303
1451,0.52700666923,0.538705655592
1452,0.522195183115,0.533411997401
1453,0.516438828648,0.527153256677
1454,0.523377663722,0.533329156248
1455,0.511044078275,0.520662265194
1456,0.501128924776,0.510271425489
1457,0.495972791284,0.504872289005
1458,0.493960966442,0.502842235387
1459,0.501841881005,0.510784671128
1460,0.495557486746,0.504883900691
1461,0.488213169436,0.497859586691
1462,0.485593996737,0.49543789704
1463,0.487971643261,0.497882810697
1464,0.491897863349,0.501682513195
1465,0.487456501337,0.497164514982
1466,0.479622969346,0.489201172366
1467,0.475671007211,0.48518070837
1468,0.478004896624,0.487564737349
1469,0.483181782061,0.492779923685
1470,0.481483655926,0.491210252289
1471,0.4757425094,0.485586489356
1472,0.47420028697,0.48411341364
1473,0.478357033661,0.488208436709
1474,0.481462980355,0.491278410227
1475,0.477456008386,0.487315295431
1476,0.473143618486,0.483077116625
1477,0.473992783835,0.483838115857
1478,0.479392653377,0.489143727127
1479,0.483205684496,0.492806625929
1480,0.481785183457,0.491445619869
1481,0.475572485975,0.485085115139
1482,0.478355931215,0.48794696947
1483,0.485278844671,0.495026087834
1484,0.489715134312,0.499542819077
1485,0.484519052973,0.494516303746
1486,0.485340677796,0.495193048593
1487,0.488267950729,0.497910652096
1488,0.495680128141,0.50500785747
1489,0.501983261271,0.510929443238
1490,0.493882422091,0.502769116004
1491,0.496019789302,0.504912034904
1492,0.501251627531,0.510390422235
1493,0.511282878259,0.520897492217
1494,0.523494154993,0.533453261028
1495,0.516664601455,0.527382802827
1496,0.522162496692,0.533381304708
1497,0.527123052089,0.538812230898
1498,0.537988425226,0.550341514998
1499,0.55273633649,0.565550020927
1500,0.544942181686,0.558711682576
1501,0.551300485076,0.565738107977
1502,0.556771212141,0.571684765106
1503,0.564707273207,0.580038170508
1504,0.580268390467,0.596065598243
1505,0.574373246359,0.590620980806
1506,0.577412631768,0.59325346746
1507,0.581607347784,0.597541224859
1508,0.586103960899,0.602191505505
1509,0.606554025624,0.623787507396
1510,0.594082876948,0.610316243421
1511,0.597311356451,0.613386693272
1512,0.600448271922,0.616292579704
1513,0.607677664796,0.623624324397
1514,0.626608951909,0.643978106704
1515,0.611651743599,0.627427386548
1516,0.617078810153,0.633385166282
1517,0.622137948829,0.639000248286
1518,0.627173732213,0.644352450876
1519,0.634286532786,0.651951877625
1520,0.635388040062,0.653003074905
1521,0.640028890784,0.657940213208
1522,0.644406279799,0.66252355706
1523,0.649318664181,0.667597523701
1524,0.655321274223,0.673813475135
1525,0.657924990646,0.676772991821
1526,0.659358641593,0.67793904411
1527,0.657096633526,0.674081450944
1528,0.669385802292,0.689485068597
1529,0.672054005538,0.692249116547
1530,0.674353610822,0.694633919862
1531,0.676991398485,0.697263799347
1532,0.679623820637,0.699984342241
1533,0.68280341365,0.70345812259
1534,0.686128658718,0.707118499625
1535,0.688234437214,0.709276266777
1536,0.687488731193,0.708105726951
1537,0.686114658922,0.706198755152
1538,0.684875256137,0.704373227182
1539,0.683634185528,0.702660742976
1540,0.684268048185,0.703253784358
1541,0.686142214973,0.705410710497
1542,0.687561198378,0.707168502632
1543,0.689219880762,0.709040848137
1544,0.687648204423,0.706834440375
1545,0.687346105105,0.706465500088
1546,0.686053935875,0.704964362384
1547,0.684879274495,0.703581094917
1548,0.684323328065,0.702936756956
1549,0.684982629892,0.704008979027
1550,0.685959675034,0.705479669525
1551,0.687435285676,0.707542723248
1552,0.687440839373,0.707970071766
1553,0.686608844964,0.707375731792
1554,0.684079808312,0.704597883212
1555,0.680398206461,0.700595046091
1556,0.677487403203,0.697382327397
1557,0.674585795306,0.694261724518
1558,0.67224996075,0.69179626023
1559,0.669493036774,0.688915581849
1560,0.661643420079,0.679113760829
1561,0.648062137576,0.662994810998
1562,0.65987946572,0.678654783185
1563,0.655031124957,0.673311633476
1564,0.65067577383,0.668702444892
1565,0.646280578285,0.664203448565
1566,0.64238557861,0.660207108734
1567,0.63811639092,0.655836251554
1568,0.634154141978,0.651680368503
1569,0.639243351834,0.656997017632
1570,0.624889613738,0.641762776771
1571,0.619723191652,0.636044636544
1572,0.614462003583,0.630262206955
1573,0.608780152304,0.624148381271
1574,0.612901863939,0.628608549176
1575,0.600460339652,0.615904753693
1576,0.59671429045,0.612265199138
1577,0.592905251748,0.608593943064
1578,0.589769171711,0.60556712795
1579,0.594301439933,0.610617208603
1580,0.581572868925,0.597249464109
1581,0.577269242718,0.592857506976
1582,0.572306834861,0.587784199682
1583,0.567351062685,0.582645480375
1584,0.569435382611,0.584911674184
1585,0.562807679659,0.57790907328
1586,0.550686141416,0.564920987755
1587,0.544782523043,0.55844771575
1588,0.538649095808,0.551576004849
1589,0.539345988824,0.552217034261
1590,0.532714437263,0.544845169204
1591,0.522403207356,0.533577765324
1592,0.517111213167,0.527778697779
1593,0.51167248324,0.52185076946
1594,0.510803444462,0.520865394082
1595,0.504444892416,0.51390561995
1596,0.496210156994,0.505085396562
1597,0.492465320354,0.501250051679
1598,0.491124809104,0.500163639336
1599,0.49092587328,0.500352473881
1600,0.488678735402,0.498347279296
1601,0.485331743732,0.495107731853
1602,0.483715739521,0.49360225957
1603,0.483592788318,0.493513986183
1604,0.481496860111,0.491369049247
1605,0.478148696971,0.487617276534
1606,0.474002083695,0.483197959137
1607,0.472829023827,0.482086428354
1608,0.473342901913,0.48276595359
1609,0.473103559313,0.482649280874
1610,0.472511765331,0.482109124245
1611,0.471744169901,0.481427799538
1612,0.472694106141,0.482456925992
1613,0.4735272719,0.483348650619
1614,0.473476017194,0.483286569805
1615,0.47212948557,0.481903312995
1616,0.471785000716,0.48144644
1617,0.472215906862,0.481799529887
1618,0.473101777394,0.482647713733
1619,0.474029083104,0.48344757613
1620,0.473600370701,0.482856595658
1621,0.47405690449,0.483249743958
1622,0.477056396497,0.486429050004
1623,0.481535430459,0.491377733762
1624,0.481588901401,0.49138029501
1625,0.487856886827,0.497827383211
1626,0.485956250726,0.495844886729
1627,0.488547227347,0.498222647169
1628,0.49076508201,0.500177572774
1629,0.49101301949,0.50004649487
1630,0.492469179901,0.501263331632
1631,0.49589576137,0.504773270179
1632,0.504336627246,0.513790369438
1633,0.510625878322,0.520665273905
1634,0.511537777993,0.521701136951
1635,0.516972842875,0.527649879412
1636,0.522313731065,0.53350325756
1637,0.53280669109,0.544948103256
1638,0.539027328245,0.551910454716
1639,0.538374790435,0.55130373889
1640,0.544719684934,0.558362745728
1641,0.550524232051,0.564767817186
1642,0.559039417506,0.573853610662
1643,0.568928542211,0.58441857531
1644,0.567188698148,0.582450579617
1645,0.572703882186,0.588174864839
1646,0.577358451123,0.592964829684
1647,0.581673599887,0.597334780906
1648,0.594200105523,0.610501687783
1649,0.589595290896,0.60539780122
1650,0.593080749516,0.608774166786
1651,0.596516725009,0.612096121359
1652,0.60440505145,0.619966503349
1653,0.612923096892,0.628641125336
1654,0.608763954626,0.624111494087
1655,0.614212676816,0.6300020399
1656,0.619626464337,0.635935004997
1657,0.624861937825,0.641733362578
1658,0.633995498353,0.651402091778
1659,0.634107947444,0.651658499787
1660,0.638338299252,0.65605969593
1661,0.642302659253,0.660138243443
1662,0.64634996936,0.664277589108
1663,0.655843338298,0.674113734076
1664,0.654995777371,0.673276988638
1665,0.66003522592,0.678812910669
1666,0.648084739999,0.662981378907
1667,0.661715148772,0.679211466907
1668,0.669676979224,0.689111697096
1669,0.672112126523,0.691661941777
1670,0.67478773561,0.694483623022
1671,0.677637088079,0.697543833269
1672,0.680569911795,0.700785563916
1673,0.683317379076,0.703833163955
1674,0.686521369398,0.707284284877
1675,0.687381428248,0.707907331144
1676,0.686788339253,0.706887934734
1677,0.686061801972,0.705594706395
1678,0.684987193157,0.703999528239
1679,0.683773518296,0.702371743976
1680,0.685016682766,0.703701668629
1681,0.686297522663,0.705207775331
1682,0.687220212238,0.706368242441
1683,0.679395597798,0.697980882736
1684,0.679012352377,0.697550462161
1685,0.677917764712,0.696230422713
1686,0.676991650301,0.695156191514
1687,0.67690048167,0.695359452803
1688,0.678200792038,0.697121906479
1689,0.679249233935,0.698705290291
1690,0.680040588837,0.700035912025
1691,0.679727078559,0.700013755503
1692,0.678104145048,0.698477198439
1693,0.674992441981,0.695045816501
1694,0.67215029905,0.691860195984
1695,0.669114553734,0.688587829111
1696,0.666569095543,0.685885154278
1697,0.664060487927,0.683296690858
1698,0.661749749425,0.680947421576
1699,0.652981075817,0.669938732212
1700,0.655719042046,0.674472378593
1701,0.652144115788,0.670552977851
1702,0.647208492632,0.665182345712
1703,0.643145409423,0.661029212491
1704,0.639101473198,0.656891965867
1705,0.635219879082,0.652888139426
1706,0.63141248337,0.648932700865
1707,0.627298223411,0.644517535283
1708,0.622761835315,0.639658163596
1709,0.617029888254,0.633372566885
1710,0.612119360326,0.62800257122
1711,0.606621627421,0.622037830196
1712,0.601138546079,0.616194296976
1713,0.596852304966,0.611864222572
1714,0.592980403396,0.60811918773
1715,0.588859266198,0.604076379725
1716,0.585891991652,0.601225006172
1717,0.582536956709,0.59797190832
1718,0.578742925592,0.594128911475
1719,0.574252319767,0.589516372803
1720,0.569818248591,0.584935005333
1721,0.564376480249,0.579214967162
1722,0.559075972254,0.573593306207
1723,0.553820343053,0.568079984462
1724,0.548742566227,0.56271584408
1725,0.543333817252,0.556891029133
1726,0.537681203275,0.550661789493
1727,0.532179959469,0.54450717892
1728,0.526755582072,0.538517572664
1729,0.521330393079,0.532542189259
1730,0.51627061522,0.526983978672
1731,0.510895877661,0.521107332779
1732,0.505736260596,0.515494873648
1733,0.501026633077,0.510373420934
1734,0.496090651493,0.505040693368
1735,0.492071059067,0.500808028663
1736,0.489165826752,0.498003091116
1737,0.487461091253,0.496621064293
1738,0.485956251976,0.495422598924
1739,0.484478479592,0.494144322042
1740,0.482633465783,0.492353814954
1741,0.48041841662,0.490107650115
1742,0.481461324798,0.490998698065
1743,0.475330722363,0.48453679708
1744,0.472782624375,0.481786789729
1745,0.471170520405,0.480171227758
1746,0.47002042142,0.479023594338
1747,0.469123505433,0.478158082053
1748,0.468715023685,0.477846522797
1749,0.46914648333,0.478468569188
1750,0.469542377499,0.479033478859
1751,0.470169079047,0.47977257565
1752,0.470854734051,0.480546727339
1753,0.470279473936,0.479879684638
1754,0.469716897399,0.479212278674
1755,0.469132768042,0.478450075623
1756,0.468893870439,0.478035679199
1757,0.469303258239,0.478331901671
1758,0.471113629924,0.480158218846
1759,0.471241307035,0.480229552399
1760,0.472764503949,0.481767885297
1761,0.475155579951,0.484323836952
1762,0.477878668998,0.487314776656
1763,0.480736545648,0.490376867456
1764,0.483493838659,0.49322162548
1765,0.484455769287,0.494116938321
1766,0.485892244114,0.495369840365
1767,0.491488005566,0.500783628721
1768,0.4899642699,0.498985364642
1769,0.491979960397,0.500721379699
1770,0.496281969359,0.505228041986
1771,0.500869148477,0.510206796799
1772,0.505763217617,0.515532440781
1773,0.510858988218,0.521067975028
1774,0.516273359165,0.526986045731
1775,0.521710474465,0.532924739595
1776,0.526557354415,0.538282030353
1777,0.531913978686,0.54424000946
1778,0.537837930118,0.5508328313
1779,0.543244042338,0.556780090444
1780,0.548816324308,0.562791438393
1781,0.553822431582,0.568077814984
1782,0.559151131134,0.573682009276
1783,0.564707711965,0.579542571143
1784,0.569788195376,0.584921735485
1785,0.574273829155,0.589516894452
1786,0.578603972032,0.593979843359
1787,0.582307494339,0.597732252478
1788,0.5856810443,0.601020107278
1789,0.589150896413,0.604351773683
1790,0.593051039048,0.608195635154
1791,0.596719515209,0.61173671566
1792,0.601112715565,0.616173315418
1793,0.606782860602,0.622204690216
1794,0.612085557306,0.627935764913
1795,0.617116549663,0.633450310045
1796,0.622585204116,0.639486432758
1797,0.626981072634,0.644232213606
1798,0.631151980763,0.648667237423
1799,0.63506646636,0.652729603418
1800,0.638939499062,0.656711511054
1801,0.643309755513,0.661221989256
1802,0.647288188204,0.665258014485
1803,0.652131211533,0.670550946997
1804,0.655514418731,0.674270236845
1805,0.652720378769,0.669673383721
1806,0.661853502445,0.681034345426
1807,0.664129525783,0.683346931934
1808,0.666660652626,0.68598278063
1809,0.669069532929,0.688523878629
1810,0.671446401537,0.691173604547
1811,0.674804724504,0.694831960811
1812,0.678309543878,0.698679633434
1813,0.679653049542,0.699940390235
1814,0.679841717202,0.699830676894
1815,0.679203733904,0.698673678101
1816,0.678099810474,0.697040780624
1817,0.676771735923,0.695219979687
1818,0.676711078869,0.694868116291
1819,0.677815300489,0.696131669326
1820,0.679086498087,0.697622006142
1821,0.679542004327,0.69814827557
1822,0.659452958664,0.67736772925
1823,0.659421752423,0.677328288883
1824,0.6589324146,0.67675179262
1825,0.657653643317,0.675324594701
1826,0.657921336436,0.675785036699
1827,0.658796138709,0.677028996368
1828,0.659380889272,0.678086351103
1829,0.66058856952,0.679732671744
1830,0.660603326472,0.680138689914
1831,0.659781801463,0.679505290225
1832,0.65811116859,0.677827880527
1833,0.655177867918,0.674533352156
1834,0.652490933022,0.67154691258
1835,0.649972687356,0.668866628679
1836,0.647742292083,0.666527499748
1837,0.645685819644,0.664433394709
1838,0.63833423467,0.655219564881
1839,0.639106375717,0.657163753536
1840,0.637535547884,0.655744173908
1841,0.633950748891,0.651786568244
1842,0.630452533594,0.648121900787
1843,0.626511702998,0.644112784982
1844,0.622835727922,0.640309865872
1845,0.619064004836,0.636388993594
1846,0.615136521947,0.632184231155
1847,0.610986213925,0.62767324738
1848,0.606464816186,0.622785249457
1849,0.601804681625,0.617693714384
1850,0.597285945019,0.612761332798
1851,0.591991893491,0.607026259466
1852,0.586875991266,0.601492608788
1853,0.582738972122,0.597281199022
1854,0.579515092256,0.594139713583
1855,0.575900333721,0.590549293112
1856,0.572447885645,0.58707513724
1857,0.569748956278,0.584553990959
1858,0.565985739697,0.580691597025
1859,0.562194110939,0.576899939782
1860,0.557834882281,0.57239833227
1861,0.553383622864,0.567814249968
1862,0.548829979115,0.563086797696
1863,0.544228960068,0.558309177566
1864,0.538920924204,0.552553544047
1865,0.53433781847,0.547608854915
1866,0.529479438018,0.542367299155
1867,0.523855825138,0.536079994079
1868,0.523551690654,0.535218404298
1869,0.512883424093,0.52383173766
1870,0.507377153725,0.51770684781
1871,0.501917999568,0.511742111152
1872,0.497682339397,0.507049602647
1873,0.494022511812,0.503180385538
1874,0.493845514429,0.502647594106
1875,0.486485932177,0.495208545782
1876,0.484438592633,0.493445098122
1877,0.483545663546,0.492957790767
1878,0.485928005927,0.495513523946
1879,0.480227489703,0.489834589533
1880,0.478413109677,0.488064507376
1881,0.476875528019,0.486471728711
1882,0.478076803449,0.487549394907
1883,0.472663681614,0.482149981617
1884,0.471146288347,0.480544873611
1885,0.469552308884,0.478847629253
1886,0.468110589197,0.477293677131
1887,0.467623703524,0.476893041785
1888,0.466214782288,0.475179097432
1889,0.467166026839,0.476571197931
1890,0.467403054189,0.476902026874
1891,0.467660335961,0.477201677253
1892,0.467845395037,0.477386743753
1893,0.467220388833,0.476703229664
1894,0.467119585477,0.476527074219
1895,0.466082960728,0.475025303441
1896,0.467753070026,0.477018250318
1897,0.468012404799,0.47714486006
1898,0.469511812186,0.478806238015
1899,0.470948436231,0.48034316466
1900,0.472931657092,0.482417735995
1901,0.4742738003,0.483667026193
1902,0.476507276786,0.486120596082
1903,0.480385120126,0.490090937553
1904,0.484230338927,0.493961171794
1905,0.481967789516,0.491563324159
1906,0.487701233634,0.497079257221
1907,0.485521505828,0.494668389405
1908,0.486517027686,0.49524332702
1909,0.489542969298,0.498260317198
1910,0.493357563167,0.502361797352
1911,0.497494586834,0.506878985484
1912,0.502104812886,0.511912692395
1913,0.507333553107,0.517670580541
1914,0.512900420599,0.523838697875
1915,0.517905655091,0.529419416907
1916,0.523572120156,0.535746082269
1917,0.529803048312,0.542683392303
1918,0.534392542997,0.547650278824
1919,0.539185505894,0.552818079054
1920,0.544555829604,0.55863855976
1921,0.548709478926,0.562988208261
1922,0.553324525015,0.567761262415
1923,0.558073156874,0.572651073982
1924,0.562131965614,0.576828594925
1925,0.565885507971,0.580603579728
1926,0.56981337325,0.584618252774
1927,0.57239163765,0.587002752141
1928,0.575547101813,0.590197217704
1929,0.579357023568,0.59399473959
1930,0.582673076731,0.59722342177
1931,0.586784125146,0.601407237248
1932,0.592104586724,0.607120612393
1933,0.597187418018,0.612650197592
1934,0.602211226267,0.618108036143
1935,0.606478871689,0.622784661654
1936,0.610656492638,0.62732654729
1937,0.615194663956,0.632238125534
1938,0.619028368297,0.636330216641
1939,0.632499175496,0.650215526928
1940,0.626829734838,0.644584708862
1941,0.630192678497,0.647887483552
1942,0.63404507453,0.651902264583
1943,0.637735049456,0.655925404321
1944,0.639075624246,0.657122317999
1945,0.638550042499,0.655469762576
1946,0.645603273698,0.6643340261
1947,0.647384226175,0.666163532128
1948,0.650019394074,0.668931819662
1949,0.652288398,0.671320364227
1950,0.655212690809,0.674586110968
1951,0.658351007623,0.678077269497
1952,0.65980496827,0.679538773498
1953,0.660548786557,0.680094390802
1954,0.660289922368,0.679431478921
1955,0.659512381753,0.678198465944
1956,0.658504595748,0.676740674503
1957,0.657919852871,0.675789149707
1958,0.657778919796,0.675435389001
1959,0.658710772107,0.676512312324
1960,0.659353271704,0.677264558591
1961,0.410633080787,0.423784972503
1962,0.507362404333,0.523613863861
1963,0.619260516024,0.638263532877
1964,0.695101733798,0.715997017406
1965,0.641385296981,0.661132871813
1966,0.52791279775,0.544525028573
1967,0.417013593434,0.430455804792
1968,0.483711425828,0.49958614112
1969,0.596811918264,0.615848507344
1970,0.687569625317,0.708983939027
1971,0.653704343284,0.673523021252
1972,0.542903089515,0.55917414778
1973,0.426110590765,0.438838291601
1974,0.455186608237,0.470117077609
1975,0.570857044966,0.589582731492
1976,0.663305856162,0.683347328755
1977,0.654666175839,0.673558586763
1978,0.556137600901,0.571769638846
1979,0.441785522351,0.454126986583
1980,0.426948025982,0.439733640085
1981,0.535944808707,0.552359760649
1982,0.632768626143,0.650903614458
1983,0.651173225763,0.669451353266
1984,0.569317231534,0.585452299821
1985,0.462387024762,0.476545390902
1986,0.424115322933,0.435357866628
1987,0.50047765125,0.514475049566
1988,0.59798465179,0.614790591724
1989,0.638796202375,0.656759612298
1990,0.580561667958,0.598131974085
1991,0.477874357055,0.493062170474
1992,0.42660236289,0.436269012382
1993,0.484295429527,0.497967469437
1994,0.564702469052,0.58037278218
1995,0.613364447245,0.629002100002
1996,0.573890496409,0.589369251375
1997,0.483738378094,0.497856802454
1998,0.418591956685,0.4274691737
1999,0.475016835126,0.488373511342
2000,0.537480202832,0.55313240508
2001,0.593246757673,0.609445148252
2002,0.570304446473,0.585967484962
2003,0.488699190534,0.503135394377
2004,0.405367652202,0.415936466198
2005,0.464637903282,0.476367131005
2006,0.524282356795,0.539285568003
2007,0.566692751465,0.582215439358
2008,0.558261309952,0.573364167533
2009,0.486539108599,0.499949694586
2010,0.409556603992,0.419967827587
2011,0.462821958828,0.472011433039
2012,0.485934288109,0.497844918453
2013,0.527805030657,0.539851118836
2014,0.53267241259,0.544310682075
2015,0.479151864476,0.490334017758
2016,0.424216359894,0.433410221643
2017,0.44178461667,0.450100214962
2018,0.466205386466,0.476129821929
2019,0.495865832355,0.505225637646
2020,0.506248985524,0.515291660773
2021,0.470088613461,0.480135486507
2022,0.418372712885,0.427698063477
2023,0.443380591064,0.450939944424
2024,0.449726426235,0.458125613793
2025,0.471225291733,0.479454474303
2026,0.485696810524,0.494042253353
2027,0.467619962076,0.478055663504
2028,0.42640145798,0.435708635618
2029,0.415572545873,0.421729021936
2030,0.456746256695,0.465557350138
2031,0.463931140659,0.473033107681
2032,0.477679869675,0.486464569708
2033,0.458067537291,0.467271718289
2034,0.418215790099,0.427600941804
2035,0.41596364773,0.42237720979
2036,0.443139714906,0.451801285241
2037,0.453621462647,0.463215676452
2038,0.470415435108,0.479674017286
2039,0.455401234136,0.464787596507
2040,0.432616322405,0.441450063496
2041,0.413868878213,0.420221277046
2042,0.435016182446,0.443489028994
2043,0.451894775971,0.461144125623
2044,0.46959663224,0.47901971507
2045,0.451735647819,0.460973414578
2046,0.435074348957,0.443541000083
2047,0.413729961568,0.42007800851
2048,0.432556959731,0.44140115204
2049,0.452122094085,0.461347989773
2050,0.470319958935,0.479577529265
2051,0.456822967454,0.466492093608
2052,0.443085620342,0.451754986423
2053,0.416078135167,0.422475990529
2054,0.418392207728,0.427773646018
2055,0.455647150925,0.46483194607
2056,0.476087294672,0.484799314065
2057,0.471746780347,0.481068158014
2058,0.45743196488,0.466458884169
2059,0.430904634243,0.437584066119
2060,0.419462026579,0.42877471369
2061,0.466440940133,0.47668712733
2062,0.48640732371,0.494646950377
2063,0.474966783638,0.483269921272
2064,0.450425694663,0.45904554979
2065,0.424625961158,0.431530721419
2066,0.418386057206,0.427719374125
2067,0.46984118272,0.479882433718
2068,0.506355544346,0.515396732846
2069,0.495525365861,0.504878376831
2070,0.466101097527,0.476028152144
2071,0.442008115196,0.45032621963
2072,0.414004529566,0.423060286134
2073,0.479000602968,0.490187992948
2074,0.532853830179,0.54449490048
2075,0.527913348733,0.539977774555
2076,0.485978734585,0.497913553731
2077,0.462995949374,0.472178984653
2078,0.409611278389,0.420031340257
2079,0.48676519448,0.500173952194
2080,0.558196345565,0.573295964323
2081,0.566910401999,0.582445808806
2082,0.512045845226,0.526610056347
2083,0.464570751578,0.476313908823
2084,0.405201482133,0.415756916116
2085,0.488571728921,0.502992400626
2086,0.570576304542,0.586265423449
2087,0.592960715845,0.609165962573
2088,0.537340190599,0.552989970097
2089,0.465191770805,0.478274285243
2090,0.418525240255,0.427384219023
2091,0.483659733527,0.497775624255
2092,0.57412744405,0.589586783862
2093,0.613377392925,0.62901956019
2094,0.564799047817,0.580470125303
2095,0.484180254667,0.497875417823
2096,0.426064997777,0.435699662034
2097,0.477808194511,0.492984485972
2098,0.580463051181,0.598040969398
2099,0.638637633054,0.656603552267
2100,0.598255799567,0.615049346627
2101,0.509862936354,0.524242421892
2102,0.414270203354,0.425745494176
2103,0.46083062075,0.474650797732
2104,0.569618545283,0.585770396377
2105,0.651343296502,0.669664332221
2106,0.632592626004,0.650722882562
2107,0.536058925552,0.552501449871
2108,0.427020286985,0.439840118704
2109,0.441817576218,0.45414580555
2110,0.555954850978,0.571607183859
2111,0.654875083753,0.673776898148
2112,0.663524518145,0.683551586245
2113,0.571083173515,0.589805099987
2114,0.454973039213,0.469890611981
2115,0.426134781027,0.438866570904
2116,0.542739890774,0.559031146114
2117,0.654051321678,0.673861684524
2118,0.687606792996,0.709001065717
2119,0.597174461194,0.616236592443
2120,0.483740930829,0.499637034611
2121,0.41696440493,0.430393085901
2122,0.527828981494,0.544441494171
2123,0.641314110467,0.661052395975
2124,0.695233143594,0.716131898322
2125,0.619519043519,0.638526899994
2126,0.507220261781,0.523471527236
2127,0.691270533,0.712688242162
2128,0.689611329018,0.710856099653
2129,0.68781331179,0.708714302217
2130,0.687536984756,0.708410201846
2131,0.686871518079,0.707693122733
2132,0.688144010541,0.70915022858
2133,0.688810504899,0.710154452314
2134,0.687619488022,0.709165728041
2135,0.686449908912,0.708142516642
2136,0.687039398195,0.708967538897
2137,0.686882450482,0.709014172437
2138,0.685801005021,0.707810320022
2139,0.682979155001,0.704753725932
2140,0.678987142514,0.700369864338
2141,0.673411630245,0.694171011713
2142,0.671683328347,0.69233359276
2143,0.670392014728,0.691098611431
2144,0.668635732749,0.689305164475
2145,0.668567969854,0.689258388414
2146,0.655748041656,0.67320050101
2147,0.657382568056,0.677161569827
2148,0.654340115958,0.673698600236
2149,0.651791139399,0.670890820441
2150,0.648599832229,0.667481637441
2151,0.66454097732,0.684439022246
2152,0.64451192438,0.663310768167
2153,0.636215276545,0.654645832626
2154,0.632808164914,0.65115265375
2155,0.631388476858,0.649833637791
2156,0.628341462705,0.646691934788
2157,0.651849637865,0.672429694322
2158,0.63024752937,0.648734506204
2159,0.614107225403,0.631452070686
2160,0.608491284128,0.625234644839
2161,0.60672501659,0.623303885139
2162,0.602827083158,0.619322705773
2163,0.627632753603,0.64702000316
2164,0.613341907504,0.631431814761
2165,0.592005122662,0.608691108181
2166,0.587314975576,0.603951410066
2167,0.586095250102,0.602813683652
2168,0.583107811559,0.599935399663
2169,0.592471127745,0.60991856915
2170,0.59250524055,0.609830193969
2171,0.575702011455,0.592208286202
2172,0.56426346782,0.580240314549
2173,0.561953853617,0.577912258783
2174,0.558205533427,0.574248169986
2175,0.560745016747,0.576312363215
2176,0.562581822469,0.577525279073
2177,0.545470646023,0.559846423474
2178,0.533353689356,0.546872343966
2179,0.529163750807,0.542178718156
2180,0.524926942614,0.537524931344
2181,0.528581697102,0.540485217041
2182,0.528499999091,0.539711169755
2183,0.516575601385,0.527478717304
2184,0.50372828196,0.514003143584
2185,0.500184734432,0.510157627006
2186,0.496428119763,0.506092688262
2187,0.499384677055,0.50845342624
2188,0.499001640103,0.507495988367
2189,0.491566833761,0.499851354205
2190,0.479929784239,0.488234523509
2191,0.476828910652,0.485374388487
2192,0.476598718608,0.48539853729
2193,0.481537991929,0.490424179938
2194,0.485530901264,0.494488497298
2195,0.483337062179,0.492522512619
2196,0.474939681538,0.484546162089
2197,0.470347885298,0.480140959573
2198,0.469640942065,0.47979661547
2199,0.469742511677,0.479894823347
2200,0.471317982737,0.481085846993
2201,0.476797561007,0.486350683714
2202,0.483497264947,0.492685354726
2203,0.485298526503,0.494242084489
2204,0.48118090024,0.490089140459
2205,0.475575124402,0.484398603961
2206,0.477137651994,0.485667214402
2207,0.480978967105,0.489265761195
2208,0.491402794818,0.499689292055
2209,0.499172869654,0.507657596864
2210,0.499722177778,0.508804063837
2211,0.496487340711,0.506162118009
2212,0.500275616115,0.510231454776
2213,0.504112565791,0.514415022612
2214,0.516380454832,0.527284029114
2215,0.528677567706,0.539910373617
2216,0.528588505403,0.540478744677
2217,0.52506882827,0.537644341491
2218,0.529486527681,0.542503009596
2219,0.53351093694,0.547013663988
2220,0.545733850547,0.560108037992
2221,0.562598370906,0.577524683501
2222,0.560861858772,0.576460665942
2223,0.558520815702,0.574550218264
2224,0.56163410735,0.57759651165
2225,0.564472288675,0.580450279519
2226,0.572205908063,0.588580060841
2227,0.591827399289,0.609067801119
2228,0.592447970387,0.609901499414
2229,0.582811236629,0.599607275111
2230,0.586037786733,0.602764135701
2231,0.58757101733,0.604191404139
2232,0.592061408667,0.608729948037
2233,0.609432636638,0.627162403446
2234,0.627520127624,0.646904897655
2235,0.603044653864,0.619567723464
2236,0.606510886136,0.623089538165
2237,0.608717936752,0.625460412686
2238,0.614415337675,0.631742286452
2239,0.629941307892,0.648417284962
2240,0.651920755419,0.672485637752
2241,0.628182066145,0.646500742624
2242,0.631365794933,0.649814640682
2243,0.632705308374,0.651042249503
2244,0.637346986426,0.655934264162
2245,0.643434274998,0.662207165475
2246,0.659278668434,0.678855433984
2247,0.648403096322,0.667238922013
2248,0.652054090129,0.671193985976
2249,0.654295673042,0.673701956014
2250,0.657319247615,0.677086471227
2251,0.65535569469,0.672809889716
2252,0.668609083289,0.689328925733
2253,0.668780085734,0.689448715089
2254,0.670486956005,0.69117738135
2255,0.671863152557,0.692516577919
2256,0.673586081665,0.694343214599
2257,0.67913591755,0.700567825226
2258,0.683000394969,0.704768861999
2259,0.68555422944,0.707560599519
2260,0.686577869203,0.708716039077
2261,0.687232865013,0.709169150944
2262,0.686443467308,0.708146958924
2263,0.687522248453,0.709055196676
2264,0.688723574013,0.710067724734
2265,0.687914638321,0.708921656217
2266,0.687028596752,0.707856837991
2267,0.687154931251,0.708020803152
2268,0.68812906,0.709065788309
2269,0.689700667473,0.710967318159
2270,0.691615510068,0.713019351365
2271,0.658610185965,0.677163272782
2272,0.658192104801,0.676745412177
2273,0.65775768631,0.676167636332
2274,0.656992142754,0.675217828585
2275,0.656039236955,0.674133593356
2276,0.655479930355,0.673538706492
2277,0.656143312452,0.674506398764
2278,0.657107294633,0.675875956101
2279,0.657825014851,0.676979634832
2280,0.65784899741,0.677302044528
2281,0.657175381988,0.676874281235
2282,0.655914388556,0.675656075321
2283,0.653321191008,0.672785146619
2284,0.650898393706,0.670110695061
2285,0.648584958756,0.667601921115
2286,0.646639777219,0.665518181735
2287,0.644758483948,0.663554865725
2288,0.643011652397,0.661772113919
2289,0.64092333122,0.659648956767
2290,0.645269613589,0.663369507336
2291,0.63694038251,0.65553829424
2292,0.634105337234,0.652413093865
2293,0.630276777687,0.648144974294
2294,0.626057188728,0.643484772335
2295,0.62280633908,0.64013179401
2296,0.647594848196,0.666301806523
2297,0.616048661454,0.633243010561
2298,0.613587775313,0.630709751068
2299,0.610308830609,0.627283315557
2300,0.606864655866,0.623662261323
2301,0.603381586318,0.619959964923
2302,0.623219268076,0.64063017371
2303,0.611880606281,0.628250563693
2304,0.590796882268,0.606184033072
2305,0.586191002284,0.601187819331
2306,0.582088532317,0.596911939994
2307,0.578915974786,0.593782207026
2308,0.596810729046,0.612683118112
2309,0.592967113229,0.60891620447
2310,0.569956691752,0.585170837467
2311,0.567361429021,0.582678491281
2312,0.564490281758,0.579856251625
2313,0.561277115214,0.576585739942
2314,0.576342149594,0.592463372779
2315,0.572143378868,0.58810365371
2316,0.562821400993,0.578267163445
2317,0.546542241702,0.561399000979
2318,0.54261015754,0.557277008184
2319,0.538103829449,0.552478787578
2320,0.548876810699,0.563830085783
2321,0.544426146799,0.559190319328
2322,0.534568362353,0.548360168497
2323,0.519123630767,0.531805913033
2324,0.514208624875,0.526320783773
2325,0.509713704078,0.521318223269
2326,0.517712870546,0.529780445274
2327,0.51250132375,0.523983472957
2328,0.507235547332,0.51830129064
2329,0.492173366486,0.502149692582
2330,0.491610265481,0.501169045529
2331,0.483029957099,0.492070562323
2332,0.487765656564,0.496895490525
2333,0.483093104862,0.49179559506
2334,0.491341971973,0.502890842733
2335,0.491345302915,0.502892138518
2336,0.482818484588,0.491523197446
2337,0.487700525729,0.496820214705
2338,0.487487135056,0.496641913366
2339,0.487634718771,0.497172023744
2340,0.496442174444,0.506471698645
2341,0.508243073348,0.519435624267
2342,0.51269853338,0.524230340975
2343,0.517782972514,0.529858528921
2344,0.509505393,0.521114130154
2345,0.513868760148,0.525953496832
2346,0.519296836675,0.531938378234
2347,0.534351202092,0.548161653667
2348,0.544253615752,0.558989326843
2349,0.548891711311,0.563846219585
2350,0.538104782596,0.552474807435
2351,0.54240467712,0.557085191448
2352,0.546844815226,0.56170903007
2353,0.555375990624,0.570532659684
2354,0.572381080695,0.588357840177
2355,0.576119798151,0.592227152153
2356,0.561559522389,0.576898102888
2357,0.564441302448,0.57978882344
2358,0.567183175069,0.582484597404
2359,0.569981322702,0.585199605247
2360,0.591812823328,0.607670353657
2361,0.59644789278,0.612266510906
2362,0.578808069557,0.593644204339
2363,0.582379757374,0.597215708543
2364,0.586279313756,0.601343511708
2365,0.590943415612,0.606370985142
2366,0.611668107903,0.628080058155
2367,0.623174388027,0.640578991767
2368,0.603493879701,0.620075013832
2369,0.606952620528,0.623765798849
2370,0.610213822203,0.627219263184
2371,0.613168299309,0.630314944243
2372,0.616382839682,0.633563074779
2373,0.647528165705,0.666220470042
2374,0.622457602654,0.639777435644
2375,0.626129478021,0.64356219419
2376,0.630131235605,0.648007709506
2377,0.634079621623,0.65235261124
2378,0.636811958947,0.655382631243
2379,0.645139506698,0.663259139627
2380,0.64075165595,0.659481286295
2381,0.642665796979,0.661404896793
2382,0.644745524974,0.663542711339
2383,0.646833816012,0.665738438677
2384,0.648521419371,0.667513491458
2385,0.650579478585,0.669780376888
2386,0.653457990053,0.672933128264
2387,0.655928651258,0.675639150274
2388,0.657415517468,0.677099935087
2389,0.657745287188,0.677215658418
2390,0.657608306701,0.676751348851
2391,0.657055255854,0.675794686155
2392,0.656130911199,0.67450391089
2393,0.655485249472,0.673569981223
2394,0.656053275963,0.674131081306
2395,0.656810160125,0.675052638708
2396,0.657377956734,0.675750691452
2397,0.658200631315,0.67676079637
2398,0.593068975356,0.61043445897
2399,0.59297609787,0.610338075455
2400,0.592386465053,0.609586631747
2401,0.591882324436,0.608968751442
2402,0.600273073219,0.617479669445
2403,0.600481196287,0.617829645189
2404,0.591556661536,0.608981033948
2405,0.591885616259,0.609511791093
2406,0.591480985407,0.60932297335
2407,0.591505508296,0.609452746937
2408,0.59019189421,0.608195101633
2409,0.588718178568,0.606608192019
2410,0.586044396766,0.603589451743
2411,0.584320126299,0.601655153735
2412,0.592030822133,0.609477002608
2413,0.590232299632,0.607544231368
2414,0.580514321191,0.597668379472
2415,0.587822840575,0.605055743737
2416,0.578447262369,0.595577718271
2417,0.581169195937,0.597018048996
2418,0.574718689357,0.591574415717
2419,0.572411967719,0.589010494752
2420,0.571827472022,0.588650330693
2421,0.595214367006,0.612114126229
2422,0.574034583995,0.590378483641
2423,0.563057019885,0.579220823911
2424,0.561343025534,0.577492963754
2425,0.559046166952,0.575052470559
2426,0.556875415746,0.572669403581
2427,0.554307951722,0.569885737929
2428,0.55877995761,0.574190050522
2429,0.548336988299,0.563300728141
2430,0.552762084558,0.567544925369
2431,0.542137466507,0.556466795623
2432,0.538880390117,0.5529703645
2433,0.536338370467,0.550398607457
2434,0.541090313357,0.555283247565
2435,0.538735384685,0.552991358598
2436,0.536299155657,0.550587541596
2437,0.527644867293,0.541908121452
2438,0.532182852861,0.546587553768
2439,0.529806744781,0.544182264175
2440,0.527182647561,0.541491568065
2441,0.524342103704,0.538562275471
2442,0.521230787716,0.535319217591
2443,0.517773506619,0.531647928614
2444,0.527043591123,0.540893946441
2445,0.522973999481,0.53648497408
2446,0.519187871774,0.532405226602
2447,0.503600890488,0.516299888942
2448,0.511554999227,0.524126935469
2449,0.496641200813,0.508571177227
2450,0.505838523525,0.518078893895
2451,0.501084525099,0.512779389186
2452,0.496978651538,0.508200411742
2453,0.492236099237,0.502861835728
2454,0.483125465232,0.494415116608
2455,0.492811306209,0.504329861521
2456,0.492832072355,0.503618341659
2457,0.49699125909,0.508196288568
2458,0.490568383256,0.502011867978
2459,0.494182157256,0.506069282975
2460,0.496715491823,0.508651667001
2461,0.499767683726,0.512115268715
2462,0.515546807749,0.528500123339
2463,0.507220562513,0.520168125259
2464,0.510214458635,0.523433593719
2465,0.513904809761,0.527477949736
2466,0.517906820698,0.531775967626
2467,0.521283751683,0.535385378045
2468,0.517933036502,0.532040221238
2469,0.520548400056,0.534731366662
2470,0.52955580562,0.543896508751
2471,0.532319233084,0.546746267486
2472,0.527554725215,0.541812610158
2473,0.529643560292,0.543824261858
2474,0.53193517462,0.546101062491
2475,0.540805655681,0.555022603803
2476,0.543336517555,0.557452269291
2477,0.546566367981,0.560828953482
2478,0.54988449032,0.564391608135
2479,0.545276187678,0.559905760931
2480,0.54818133898,0.563134236518
2481,0.558875549488,0.574288667317
2482,0.562229506893,0.577952002988
2483,0.55708300085,0.572928788045
2484,0.567221474639,0.583351763416
2485,0.561800816351,0.578031208037
2486,0.571657655041,0.588026906625
2487,0.574246480506,0.590744877836
2488,0.595212564192,0.612097829153
2489,0.572022634318,0.588848332778
2490,0.572493675587,0.589097442154
2491,0.57463014583,0.591487497307
2492,0.581099852582,0.596928849952
2493,0.578140724074,0.595282517057
2494,0.579329708661,0.596354806833
2495,0.580278709631,0.597326620481
2496,0.581598573962,0.598675393625
2497,0.582530847802,0.599685107774
2498,0.613326170155,0.631267751806
2499,0.595755092844,0.613626402876
2500,0.58857416488,0.606466223659
2501,0.590350442062,0.608350463992
2502,0.600183327832,0.618325971048
2503,0.591823769389,0.609651648476
2504,0.591401631318,0.609022900071
2505,0.600648250809,0.618268352982
2506,0.5911510763,0.608359069607
2507,0.591222973919,0.608286545893
2508,0.591847216857,0.608962599694
2509,0.592493822155,0.609702836883
2510,0.593001465353,0.610315514178
2511,0.593074889965,0.610448807158
2512,0.575252542793,0.592021673357
2513,0.575252991563,0.591988854303
2514,0.575036173417,0.591734905586
2515,0.574797155321,0.591402061623
2516,0.574351195737,0.590901149902
2517,0.575264955587,0.592108564913
2518,0.574884525628,0.591799486837
2519,0.574979687573,0.59190893186
2520,0.574991001476,0.592120370981
2521,0.574623750222,0.591878126292
2522,0.574114668419,0.591485773119
2523,0.573357459056,0.590748803215
2524,0.571542935127,0.588789135274
2525,0.569551177029,0.58648243537
2526,0.567813666666,0.584530446061
2527,0.567307188671,0.584097549627
2528,0.573470868725,0.590301676567
2529,0.564438570119,0.581012376121
2530,0.562847791761,0.579419499588
2531,0.562127955637,0.578777908246
2532,0.568323566214,0.584984910784
2533,0.558293791335,0.57462502567
2534,0.557042772866,0.573314507247
2535,0.56249559349,0.578624236498
2536,0.553069489029,0.569178499983
2537,0.557693721457,0.573759187129
2538,0.548525852388,0.564472069949
2539,0.553596521279,0.56946609692
2540,0.551131667492,0.566765658468
2541,0.548694484254,0.564058973291
2542,0.540225385268,0.555436730786
2543,0.559577851557,0.574718266953
2544,0.54179927588,0.55660631558
2545,0.538550063328,0.552954234228
2546,0.550046055039,0.56432028416
2547,0.531997599857,0.545801681683
2548,0.523778820995,0.53750980058
2549,0.541788053523,0.555687966252
2550,0.51846750676,0.531787502778
2551,0.521249475958,0.534222053949
2552,0.532445028328,0.545645373274
2553,0.512688136182,0.526156473314
2554,0.529577314223,0.543298342137
2555,0.515284170497,0.529162382855
2556,0.512588176609,0.526355748335
2557,0.503701488864,0.517234396757
2558,0.501705488582,0.515073378374
2559,0.498638735212,0.511769820782
2560,0.495968872638,0.508895905405
2561,0.508738758022,0.521789390523
2562,0.494769330108,0.507335669507
2563,0.491184200682,0.503464693407
2564,0.489735884255,0.501887804984
2565,0.50020978103,0.512550623478
2566,0.502696538626,0.515218760295
2567,0.506055199129,0.518899448446
2568,0.4982145896,0.511046241189
2569,0.500168342744,0.513173567036
2570,0.514986218848,0.528412194426
2571,0.506348938976,0.519770055185
2572,0.504217948349,0.517709076806
2573,0.512687894763,0.526445709062
2574,0.508694237661,0.522381320066
2575,0.509493752642,0.52284109204
2576,0.518506192314,0.532062305867
2577,0.512760810819,0.52566760283
2578,0.534057069224,0.547191516565
2579,0.524096471592,0.537389774148
2580,0.526722242569,0.540216382011
2581,0.544425264378,0.558404559836
2582,0.54799207137,0.562221167319
2583,0.536504731455,0.550839982041
2584,0.539376153377,0.553946131283
2585,0.540908915783,0.555543174185
2586,0.543588118127,0.558463194241
2587,0.563042191607,0.578608488184
2588,0.542684359114,0.558157146582
2589,0.543621997692,0.559084240774
2590,0.546573869454,0.562356138489
2591,0.555781917772,0.571778703757
2592,0.551479446918,0.567582522165
2593,0.560293958202,0.576409573693
2594,0.563451609239,0.579788719195
2595,0.564842241814,0.581311056641
2596,0.559247585026,0.57570452236
2597,0.568176902381,0.58484585787
2598,0.562396587245,0.57901572113
2599,0.56269992746,0.579244794945
2600,0.571876196053,0.588605253608
2601,0.565513687881,0.582170103536
2602,0.56635596601,0.582979731783
2603,0.576779107403,0.593896719598
2604,0.570532657436,0.587617750308
2605,0.57173454453,0.588966767623
2606,0.573486411151,0.590910772669
2607,0.5829036582,0.600586959047
2608,0.574733235181,0.592004630763
2609,0.574810006217,0.591955483563
2610,0.575209451779,0.592296385333
2611,0.574508267117,0.591293584
2612,0.574232428547,0.59080963672
2613,0.574014978238,0.590467212544
2614,0.574610829707,0.591197925719
2615,0.57515521552,0.591854853116
2616,0.575164166867,0.591880699671
2617,0.489386588518,0.505304180551
2618,0.549737688055,0.568175822561
2619,0.628445824134,0.649425804941
2620,0.697832568577,0.7212134581
2621,0.696399155329,0.719672318096
2622,0.629155350638,0.650151789692
2623,0.547193095168,0.565290204478
2624,0.488138469536,0.503975028431
2625,0.549168438386,0.567622813771
2626,0.62644418996,0.647441692752
2627,0.69440679333,0.717763662368
2628,0.686741879032,0.709402197876
2629,0.618718953265,0.638788329067
2630,0.536982419494,0.553905501931
2631,0.481435885191,0.496356252282
2632,0.54374532217,0.561760677162
2633,0.619907043636,0.640454937316
2634,0.684695784782,0.70672183209
2635,0.673591930124,0.694675816497
2636,0.608840432447,0.627196985379
2637,0.524085518438,0.53902493879
2638,0.479855612156,0.494054913185
2639,0.535261790967,0.552315460009
2640,0.612961500964,0.631827038528
2641,0.663321166256,0.683194861573
2642,0.651641542169,0.670864875221
2643,0.588163183674,0.605129929156
2644,0.530879214073,0.547373208587
2645,0.55434779947,0.569472423997
2646,0.533204195336,0.548789324011
2647,0.590038215919,0.607214244358
2648,0.645203756127,0.664342162654
2649,0.635515770131,0.654721750616
2650,0.581836486717,0.599965918739
2651,0.519390583695,0.535744847928
2652,0.54707352094,0.562144511966
2653,0.569073372239,0.586149431381
2654,0.583401232856,0.600978735238
2655,0.628993795874,0.647860325269
2656,0.614423811601,0.633117878004
2657,0.570503985294,0.58774787767
2658,0.502627415106,0.517501821034
2659,0.534023308694,0.548174806657
2660,0.531667017603,0.547243064366
2661,0.56451117695,0.58137614186
2662,0.604302326509,0.622277255339
2663,0.590732453293,0.608478758183
2664,0.549696623705,0.566028610583
2665,0.480815275342,0.495050135847
2666,0.571195390407,0.586718443038
2667,0.518055893964,0.532538486766
2668,0.548523280707,0.564550739288
2669,0.576347541942,0.592938839131
2670,0.563496354867,0.579701702837
2671,0.518450607418,0.53334672853
2672,0.521451639121,0.536401386783
2673,0.563650409019,0.579872713402
2674,0.5761272614,0.592721980423
2675,0.546483131263,0.56235456569
2676,0.508149662911,0.522252768434
2677,0.519160909391,0.532270630891
2678,0.488427660239,0.502815424395
2679,0.538461592875,0.554574848612
2680,0.59083777504,0.608270862359
2681,0.60263164671,0.620597793147
2682,0.567056085727,0.58398485174
2683,0.533604687103,0.54917323685
2684,0.593889225383,0.610779600073
2685,0.520055100433,0.535564223151
2686,0.563419569779,0.580642512905
2687,0.615680906182,0.6342611801
2688,0.625449245156,0.644101799684
2689,0.583698919526,0.601243387421
2690,0.525117984136,0.540687830831
2691,0.559433160473,0.575637268459
2692,0.509702410874,0.525628199554
2693,0.577427298928,0.595410237256
2694,0.636968520594,0.656357201317
2695,0.644257769431,0.663282476745
2696,0.59811748219,0.615690943942
2697,0.522979568832,0.538275145827
2698,0.579036481205,0.594891781239
2699,0.531332538125,0.547859098876
2700,0.592930381906,0.610073792946
2701,0.651627031952,0.670822385549
2702,0.66337876571,0.68324573292
2703,0.612907143896,0.631748414486
2704,0.535353851289,0.552393457952
2705,0.489871372952,0.504200343287
2706,0.535555382015,0.551128080395
2707,0.603552527923,0.621703170827
2708,0.669457222553,0.690138445173
2709,0.679376108699,0.70094215039
2710,0.631417235967,0.652726279619
2711,0.544906781537,0.563045467442
2712,0.486250612677,0.501268641752
2713,0.537412645543,0.554380952188
2714,0.624837446947,0.645213281698
2715,0.691690573789,0.714742351451
2716,0.694396315347,0.717730387198
2717,0.626588152095,0.647576685149
2718,0.549639343055,0.568147996918
2719,0.488125925831,0.503938653261
2720,0.54667870269,0.564722111309
2721,0.626694836274,0.647518068424
2722,0.696087065155,0.71935576912
2723,0.6979773527,0.721337942068
2724,0.628569036788,0.649564239387
2725,0.549440847695,0.567901996947
2726,0.665841468832,0.685438764856
2727,0.66292655932,0.682266228683
2728,0.658733666789,0.677581312322
2729,0.655969233925,0.674477747588
2730,0.65719871147,0.675770169441
2731,0.659209127074,0.677802601986
2732,0.660989707493,0.679844394897
2733,0.661620089168,0.680765710189
2734,0.659599168914,0.678931379046
2735,0.657475935331,0.676953226656
2736,0.656295396307,0.675881189974
2737,0.658644520249,0.678778073051
2738,0.660704905939,0.681084977865
2739,0.661323082294,0.681870952419
2740,0.659164229594,0.679562294355
2741,0.654516008671,0.674571033337
2742,0.64846056802,0.667866457407
2743,0.646125436828,0.66537081498
2744,0.650264572556,0.670041436993
2745,0.648920022079,0.668665577407
2746,0.650446960548,0.670438117635
2747,0.647628630727,0.667565707885
2748,0.641258285446,0.660730144897
2749,0.638454173779,0.657600762971
2750,0.63220572554,0.65074818334
2751,0.632220229024,0.650715935661
2752,0.630860592995,0.649146729283
2753,0.644295768009,0.663469487249
2754,0.62734305989,0.645321606458
2755,0.619028564948,0.636628088734
2756,0.61193652235,0.629088012916
2757,0.613591031574,0.630987429012
2758,0.612162908839,0.629650040863
2759,0.609300537273,0.626665856478
2760,0.627425082592,0.646691178988
2761,0.611380425386,0.629021456909
2762,0.599927806038,0.616656542851
2763,0.593053436206,0.609307043236
2764,0.590259515034,0.606186621699
2765,0.587808205163,0.603546752755
2766,0.583072306306,0.598373325888
2767,0.604468027894,0.622563390446
2768,0.579272017004,0.594989631926
2769,0.5757238245,0.591483178352
2770,0.568413373951,0.584105787652
2771,0.569830563866,0.585682156485
2772,0.569038597455,0.585232298433
2773,0.566522338049,0.582818230601
2774,0.581305503661,0.598704341518
2775,0.567925872127,0.58444764162
2776,0.567328923514,0.583850504638
2777,0.58183615338,0.599282833574
2778,0.566331872174,0.582592738965
2779,0.567939819667,0.584007700245
2780,0.571221344669,0.587278235592
2781,0.571010944949,0.586764399305
2782,0.574876785911,0.590611619264
2783,0.586794735529,0.603234436983
2784,0.604480560188,0.622634792532
2785,0.583270810048,0.598594820654
2786,0.58765434057,0.603400461316
2787,0.590324188641,0.606236898084
2788,0.592854555856,0.609089755476
2789,0.597324674521,0.613904821738
2790,0.604022515075,0.621021440702
2791,0.620810995491,0.639415006151
2792,0.608966627529,0.626333488639
2793,0.610964605393,0.628400583349
2794,0.610036927072,0.627192576136
2795,0.615123582074,0.632495014382
2796,0.618195297646,0.635660549265
2797,0.627605680501,0.645589158866
2798,0.644373935574,0.663545157052
2799,0.630748660966,0.649026619237
2800,0.634041082135,0.652680242537
2801,0.632388673978,0.650913785884
2802,0.638494776405,0.657634608661
2803,0.641308785538,0.660781263745
2804,0.648682810112,0.668727232463
2805,0.653443033368,0.673561092635
2806,0.649548015776,0.669377615725
2807,0.648007558312,0.667579501582
2808,0.646189901412,0.665421619849
2809,0.651813974772,0.671487198106
2810,0.654408138086,0.674501376267
2811,0.660344053327,0.680910421134
2812,0.66300515053,0.683638566582
2813,0.660421150313,0.680808654557
2814,0.661634965961,0.681973150793
2815,0.655805405334,0.675386269152
2816,0.657328557731,0.676814282063
2817,0.659903626717,0.679211904039
2818,0.661649128059,0.680793752312
2819,0.660953341481,0.679784797576
2820,0.659488020885,0.678085219368
2821,0.657582985978,0.676149180681
2822,0.655978228259,0.674461366415
2823,0.658779374023,0.67759505036
2824,0.663133189057,0.682447551552
2825,0.665758654368,0.685325198096
2826,0.522219666176,0.53846382105
2827,0.528748419762,0.545065570713
2828,0.543010300165,0.559536010478
2829,0.521700557418,0.53776741914
2830,0.542222634537,0.558570277338
2831,0.558947707448,0.575511218898
2832,0.526909114354,0.542885971404
2833,0.520355840501,0.536273854966
2834,0.520308306803,0.536298417689
2835,0.558706307095,0.575466800978
2836,0.520248409623,0.53640293108
2837,0.540610629049,0.557135749829
2838,0.539500529546,0.556051990669
2839,0.53888238378,0.555320112991
2840,0.576700909554,0.593738032739
2841,0.574819103726,0.591543802828
2842,0.535841590562,0.551967677709
2843,0.573948206927,0.590869430215
2844,0.571850408295,0.588418088765
2845,0.534326869686,0.550522575619
2846,0.572128535281,0.589241918012
2847,0.589013151034,0.606534394899
2848,0.548973484498,0.565561843245
2849,0.548933042719,0.56576369554
2850,0.56828555008,0.585505089858
2851,0.566475471253,0.583497352103
2852,0.564778652801,0.581580082793
2853,0.558325686209,0.573778450092
2854,0.624321242419,0.64289846807
2855,0.558839263638,0.57510969717
2856,0.556741192115,0.57281134993
2857,0.535440919685,0.551022896414
2858,0.55280043972,0.568460500066
2859,0.531589314397,0.546779590357
2860,0.547269035166,0.562354858527
2861,0.600676792987,0.617621313322
2862,0.565417161566,0.580976197644
2863,0.523481613615,0.537826522764
2864,0.538155281261,0.552476849521
2865,0.518770084343,0.532693599493
2866,0.53314705966,0.547047103173
2867,0.513807964198,0.527416790822
2868,0.574588480941,0.589648742596
2869,0.511562915816,0.525332927598
2870,0.525924246535,0.539870735748
2871,0.495154219332,0.508840171584
2872,0.508362084544,0.522211674511
2873,0.525864618427,0.539810651141
2874,0.564945531992,0.579832945846
2875,0.574891858225,0.58998198221
2876,0.513749594062,0.527361650305
2877,0.516365216778,0.530097708047
2878,0.535454259959,0.549548135812
2879,0.538125210754,0.552437124149
2880,0.523532865157,0.537891833044
2881,0.543217718744,0.55800325845
2882,0.568380362928,0.584531010148
2883,0.54707207554,0.562125918999
2884,0.531396626845,0.546580523196
2885,0.55279938476,0.568450082501
2886,0.554913047884,0.570814119116
2887,0.557130164659,0.573245653102
2888,0.558876541661,0.575189928247
2889,0.624504797302,0.643075102429
2890,0.55823111831,0.573687489527
2891,0.543730491039,0.560051845283
2892,0.565649900082,0.582430540958
2893,0.547516913918,0.564282901678
2894,0.548171602506,0.564815290496
2895,0.569706606886,0.586757772517
2896,0.60006386522,0.618322432528
2897,0.549956577662,0.566390203178
2898,0.571674306544,0.588494046643
2899,0.534644086868,0.550835073308
2900,0.534157519472,0.550021264922
2901,0.573463429218,0.590086767761
2902,0.536454680161,0.552603063406
2903,0.536559204032,0.552869268555
2904,0.555291434098,0.571958323197
2905,0.578935569584,0.596212881174
2906,0.540754130791,0.557340546221
2907,0.579785693778,0.597028540835
2908,0.558427715006,0.575183117228
2909,0.558542819924,0.575199738082
2910,0.526756170049,0.542783446351
2911,0.520601790836,0.536440250343
2912,0.527360140706,0.543373768994
2913,0.527757257083,0.543861023347
2914,0.542552398997,0.558989412845
2915,0.522213907364,0.538361464763
2916,0.543634867789,0.560211483989
2917,0.519494280439,0.535580328179
2918,0.515076124415,0.531376530615
2919,0.520500114646,0.536906141472
2920,0.519487815445,0.535548030866
2921,0.535477820459,0.552333906121
2922,0.551385560024,0.568736362072
2923,0.531174778439,0.547311477003
2924,0.517301093337,0.533077465909
2925,0.531060412217,0.547111529654
2926,0.533394876882,0.550389413476
2927,0.51623445581,0.532121912808
2928,0.517537990232,0.53387456686
2929,0.530078139627,0.54659347603
2930,0.510619708876,0.526581326584
2931,0.545945681518,0.562710841347
2932,0.514568952959,0.530538587399
2933,0.527012682884,0.542917938922
2934,0.544246944469,0.56093983384
2935,0.561715836815,0.578616848772
2936,0.54080070568,0.556985206383
2937,0.541678161656,0.558216611493
2938,0.560017015582,0.576985935453
2939,0.556915638999,0.573344904571
2940,0.522160351641,0.53803438927
2941,0.537280343724,0.55344694506
2942,0.536208924522,0.55243710569
2943,0.554003165411,0.5705605452
2944,0.548626229895,0.564721143647
2945,0.551119535975,0.56758276687
2946,0.55029282009,0.566691448425
2947,0.54743204858,0.563511628127
2948,0.528656215892,0.544482619143
2949,0.543770706814,0.55954415339
2950,0.525670297063,0.541249397668
2951,0.534918003749,0.549581914579
2952,0.538200111115,0.553568661189
2953,0.53640672206,0.551628245262
2954,0.519170928482,0.534229138749
2955,0.515634113459,0.530348838024
2956,0.515391980783,0.530200256976
2957,0.528354356694,0.543063395297
2958,0.511934488468,0.526398024475
2959,0.530495168137,0.545330298976
2960,0.534179896226,0.549377589444
2961,0.536210214264,0.55153174403
2962,0.536286900868,0.551515719401
2963,0.522352060975,0.537685157376
2964,0.535085421345,0.549775824082
2965,0.543876572164,0.559771497449
2966,0.544083601597,0.559881973616
2967,0.547390813614,0.563552844349
2968,0.548973349154,0.56522852062
2969,0.550461936152,0.56686093458
2970,0.551377837861,0.56785459334
2971,0.529865700583,0.545578711763
2972,0.553097160442,0.569480951271
2973,0.555069591041,0.57171076442
2974,0.557083961431,0.573835486116
2975,0.537792016715,0.554195170967
2976,0.539033790415,0.555370765074
2977,0.540157458573,0.556464133546
2978,0.523896391361,0.539835967779
2979,0.540768156208,0.556961916265
2980,0.561371943515,0.577987252573
2981,0.525884417254,0.541932441271
2982,0.56319651805,0.580157717922
2983,0.508615595217,0.524281022992
2984,0.525842543921,0.541592326758
2985,0.545960135755,0.562924350108
2986,0.533321194654,0.55035479831
2987,0.518541941914,0.53486252907
2988,0.53426105553,0.551465985725
2989,0.515086762661,0.531649408507
2990,0.534912892849,0.551974265711
2991,0.548542678217,0.565144862637
2992,0.517091387398,0.532809178185
2993,0.517988412173,0.533867392504
2994,0.51290693778,0.528791835936
2995,0.520719409631,0.537128275581
2996,0.533410752853,0.549809914097
2997,0.515058352722,0.531342912007
2998,0.51481204854,0.531021401344
2999,0.66017461683,0.681605107912
3000,0.670652926779,0.692422489119
3001,0.688628430208,0.711086615185
3002,0.660570960625,0.682078248497
3003,0.68900693735,0.711622991219
3004,0.709521402774,0.734011038645
3005,0.672936418238,0.695368048731
3006,0.659566751305,0.6812728855
3007,0.658178907903,0.679564085393
3008,0.69927903315,0.72319548272
3009,0.65724205017,0.678868442261
3010,0.68301085193,0.70571325284
3011,0.682176615543,0.704811682715
3012,0.680591097902,0.703411394735
3013,0.693523048055,0.717177337341
3014,0.691898702729,0.715774764927
3015,0.673019478581,0.694694691379
3016,0.687195445584,0.710297639791
3017,0.685571310426,0.708428750545
3018,0.667521798404,0.68870962417
3019,0.679568079272,0.701889092529
3020,0.677577767581,0.699634889611
3021,0.671731731933,0.693075859755
3022,0.667491977618,0.688660250924
3023,0.667999738661,0.689280790528
3024,0.665295706171,0.686280156807
3025,0.66272724381,0.683427398829
3026,0.659220390747,0.679665901071
3027,0.620580558286,0.638857683197
3028,0.654578478696,0.675195422612
3029,0.652140680709,0.672868107155
3030,0.645722633076,0.666017509976
3031,0.646611263995,0.667326026997
3032,0.64002048397,0.660264824113
3033,0.640475545087,0.661133642445
3034,0.605156812353,0.623762240594
3035,0.634189566407,0.654730918612
3036,0.63702419111,0.657922243052
3037,0.604156375143,0.62269670126
3038,0.640689694239,0.66136053074
3039,0.640869895222,0.661258174988
3040,0.64661644175,0.667363715841
3041,0.649552581317,0.670280754206
3042,0.652298200216,0.673022114437
3043,0.65429561091,0.67493843259
3044,0.62059230699,0.638889106158
3045,0.658632053136,0.679042698058
3046,0.660065793142,0.680393404086
3047,0.665969179521,0.686979682643
3048,0.665897237787,0.686745764668
3049,0.668281653262,0.689419406979
3050,0.674112810225,0.695940385358
3051,0.673293495385,0.694844490892
3052,0.675574750567,0.697407055068
3053,0.682727652448,0.705395411963
3054,0.669957183493,0.691220040704
3055,0.672248146201,0.694019068214
3056,0.688915366653,0.712028407563
3057,0.67518882609,0.697340248436
3058,0.661906098241,0.68355664494
3059,0.693889068986,0.717637808527
3060,0.69753605659,0.721682451574
3061,0.684160914638,0.707119443716
3062,0.699656723868,0.723625394239
3063,0.698195571078,0.722055872878
3064,0.701378209372,0.725550604538
3065,0.669785386119,0.691576527031
3066,0.658797384131,0.680147212488
3067,0.669322514412,0.690822465802
3068,0.67023772633,0.691889572954
3069,0.689877687319,0.712744405269
3070,0.660837244325,0.682326999541
3071,0.687948705161,0.710299505486
3072,0.382817841514,0.39532409394
3073,0.490850740904,0.506437879974
3074,0.604565085673,0.623339418974
3075,0.681468044308,0.702359321848
3076,0.637914594587,0.658250723204
3077,0.532306068717,0.549441110093
3078,0.408178452906,0.421270966213
3079,0.471091347687,0.48644831402
3080,0.584982557014,0.603998124031
3081,0.669853258865,0.691010701821
3082,0.642324169583,0.662024080401
3083,0.544922416043,0.561676822039
3084,0.427820757134,0.441206933102
3085,0.440675371293,0.455864818704
3086,0.555762466192,0.575026279141
3087,0.656037111149,0.677281412918
3088,0.656434074415,0.676649621315
3089,0.565150872577,0.582298330226
3090,0.455507738268,0.470408512626
3091,0.410693661696,0.424780417327
3092,0.515113874193,0.531443967874
3093,0.619728814755,0.638860018281
3094,0.651025997188,0.670686570089
3095,0.577197891119,0.594583688851
3096,0.479204286742,0.495744145369
3097,0.47951870314,0.496061092052
3098,0.576997520317,0.594356151188
3099,0.650771318837,0.670421662091
3100,0.61974289547,0.638900899157
3101,0.517752536918,0.534378874334
3102,0.410263990842,0.424331635655
3103,0.455237025602,0.470067222707
3104,0.564588492632,0.581654491825
3105,0.656455278768,0.676676592103
3106,0.652437054002,0.673155787235
3107,0.559601518337,0.579366906265
3108,0.438632197232,0.453684018167
3109,0.432468112808,0.446110445825
3110,0.544629292047,0.561362764601
3111,0.642434129272,0.66216222289
3112,0.680618749646,0.702486373851
3113,0.572364678275,0.590646287316
3114,0.471307409591,0.486726169542
3115,0.407147505893,0.420140496671
3116,0.519126837086,0.535532086474
3117,0.623149417802,0.642460915798
3118,0.681195666508,0.702069565129
3119,0.612653684065,0.632006652961
3120,0.490897186556,0.506481710694
3121,0.669646011843,0.691959408247
3122,0.605826537862,0.623770514617
3123,0.557543230573,0.574901606751
3124,0.504690215345,0.520430318032
3125,0.528037478495,0.544209149498
3126,0.549035911369,0.565371451299
3127,0.59128640571,0.608750605238
3128,0.653898991884,0.673902325655
3129,0.697131914802,0.721765628576
3130,0.637935622063,0.660220483103
3131,0.566952706607,0.584549862891
3132,0.517441993167,0.53402366935
3133,0.591910302021,0.608895405166
3134,0.526098080415,0.542382248812
3135,0.577101335727,0.594808165879
3136,0.64102452087,0.661129171514
3137,0.687096996521,0.7106980118
3138,0.636059887216,0.657523104339
3139,0.574814520268,0.592833011766
3140,0.522610173225,0.538856726254
3141,0.582532210102,0.598584559993
3142,0.512533035214,0.527877910631
3143,0.560488654177,0.578077449724
3144,0.619592322393,0.638854943355
3145,0.667587681269,0.689060826332
3146,0.625583260066,0.645179435956
3147,0.574315159164,0.591653431589
3148,0.531930253106,0.549538766567
3149,0.531849872981,0.549433239414
3150,0.574359112205,0.591667685645
3151,0.62547857216,0.645057816426
3152,0.667425070419,0.688871290252
3153,0.619813841918,0.639059575109
3154,0.560617056257,0.578265982189
3155,0.5128540868,0.528238687151
3156,0.58244985908,0.598498338974
3157,0.522648060776,0.53894046322
3158,0.575007315639,0.593009866926
3159,0.636377108244,0.657882664297
3160,0.687151594607,0.710765378562
3161,0.640443952239,0.660527328841
3162,0.577396882119,0.595105047849
3163,0.52607901544,0.54238420949
3164,0.591935119232,0.608942985561
3165,0.517075490744,0.533654963178
3166,0.567040674212,0.584678360817
3167,0.637789958301,0.660059827608
3168,0.696919634209,0.721547601943
3169,0.653614389511,0.673589871629
3170,0.591305564329,0.608755612612
3171,0.539939515975,0.556010285436
3172,0.495812825663,0.511415212521
3173,0.510171098554,0.526057643287
3174,0.557439903751,0.574854718444
3175,0.625987979711,0.647005511565
3176,0.696296638784,0.721611025562
3177,0.653170971623,0.671901392011
3178,0.595015983476,0.611860297915
3179,0.595035345211,0.611812292232
3180,0.594185523367,0.610842142899
3181,0.52628618435,0.541989853665
3182,0.527643826081,0.543936453195
3183,0.592032719607,0.608212964006
3184,0.521580693212,0.53674942382
3185,0.649489710351,0.667809769858
3186,0.651353304254,0.670053436147
3187,0.590602609539,0.606695736901
3188,0.520484673464,0.535606378936
3189,0.598895818891,0.614895278209
3190,0.601450893091,0.619297377338
3191,0.588355932891,0.604421861472
3192,0.58616536238,0.601806964711
3193,0.64844168421,0.668145285542
3194,0.651112858272,0.67136575707
3195,0.585726929949,0.601791422773
3196,0.516818878373,0.53175324219
3197,0.524328488406,0.5394581236
3198,0.5947529065,0.611002676745
3199,0.585182591065,0.601387076809
3200,0.585913419068,0.602083189649
3201,0.651378553687,0.671667243591
3202,0.648346398612,0.668029229956
3203,0.586237914622,0.601888904477
3204,0.58845318023,0.604503322161
3205,0.6015004736,0.619374906185
3206,0.598840625283,0.614843821103
3207,0.589877009076,0.605975270219
3208,0.520941638862,0.536105310038
3209,0.65136868676,0.670120080244
3210,0.649389668852,0.66770872453
3211,0.591482826117,0.607569777111
3212,0.521953347832,0.537212140364
3213,0.522474208889,0.537837297874
3214,0.595503064514,0.612403487109
3215,0.595543333473,0.612317649321
3216,0.594705781168,0.611445667163
3217,0.655195967768,0.674140672743
3218,0.57757552311,0.593791891056
3219,0.51604921964,0.531759439137
3220,0.58312158595,0.59987667882
3221,0.582424577031,0.599190088127
3222,0.585173626941,0.60436371042
3223,0.581811527614,0.598523625031
3224,0.58150854708,0.598205506595
3225,0.576433935961,0.593082417368
3226,0.569440233829,0.58472680928
3227,0.569457937305,0.584727303601
3228,0.577127943862,0.593752352044
3229,0.581770687463,0.598465503707
3230,0.514091939169,0.529791947811
3231,0.581606802811,0.598337400374
3232,0.543525428246,0.560306524781
3233,0.582966883484,0.599687495499
3234,0.511885118862,0.527157810587
3235,0.571929218378,0.587667000293
