id,unit_kW_m2,optical
1,0.565175130646,0.582676436042
2,0.607919992244,0.627914865691
3,0.606936010646,0.626861515912
4,0.603893886631,0.623588529159
5,0.5707440739,0.586931573359
6,0.591241031801,0.608962043128
7,0.588319397542,0.605628169704
8,0.569722684936,0.580632695034
9,0.559534708795,0.573745773523
10,0.561486304551,0.577895516885
11,0.57173267939,0.58903108856
12,0.566255944446,0.583187301057
13,0.559202065084,0.575642072133
14,0.552812623459,0.568921097888
15,0.546745899629,0.562398292393
16,0.539822923476,0.554931750718
17,0.531532076054,0.545707813267
18,0.523659691764,0.537020175699
19,0.516190594709,0.528612829608
20,0.513899636595,0.525640830424
21,0.502460584331,0.513596029705
22,0.498249470351,0.509180073777
23,0.49493182127,0.506094054049
24,0.492962349057,0.504411730064
25,0.490691388838,0.502351524294
26,0.486724123963,0.498024409846
27,0.483883628365,0.49465669981
28,0.481785351198,0.492328103382
29,0.480650378084,0.491333174244
30,0.48284478771,0.493810222187
31,0.480831770456,0.491502740256
32,0.481821753972,0.492367899773
33,0.483387763992,0.494156706162
34,0.487011513829,0.498315700166
35,0.490682250669,0.502366688864
36,0.492808979218,0.504259875337
37,0.49488027711,0.506017390744
38,0.498186274456,0.509118127541
39,0.502649794159,0.513809023296
40,0.508435513037,0.520123337141
41,0.516067798729,0.528467733521
42,0.523284127319,0.536632065618
43,0.531856312871,0.546026396729
44,0.540011572671,0.555137007547
45,0.546952467728,0.56261436483
46,0.553023551176,0.569108396217
47,0.559353351324,0.575832947258
48,0.56641847414,0.583367157781
49,0.571800214008,0.589056408235
50,0.561661098628,0.57809397255
51,0.559533833627,0.573758627669
52,0.562935679139,0.573751953384
53,0.588334268126,0.605574104379
54,0.591334697922,0.609029459235
55,0.570876492398,0.587078577916
56,0.603744402443,0.623455240673
57,0.607005271497,0.626950599223
58,0.608139623839,0.62816004371
59,0.622945776871,0.641394218541
60,0.623378117202,0.641540191269
61,0.622418110093,0.640691738008
62,0.604155989068,0.620590657541
63,0.595729244279,0.612824112413
64,0.61100951071,0.628329156776
65,0.604110259853,0.619929105308
66,0.596840883773,0.61242972328
67,0.595133511699,0.611602383326
68,0.578966594302,0.594869779989
69,0.585271659387,0.601256799883
70,0.577983223214,0.593258244816
71,0.571258133527,0.586235358561
72,0.566509773663,0.581783521783
73,0.561756866427,0.576996423168
74,0.554256693236,0.568954941025
75,0.54664082713,0.560669137416
76,0.539373368476,0.553052290348
77,0.532318171074,0.545231875554
78,0.52420984829,0.536390137834
79,0.517370101656,0.528845820607
80,0.51317578713,0.524520017753
81,0.510542155072,0.522235739499
82,0.509230446983,0.521242537485
83,0.503932740719,0.515832293373
84,0.500133010303,0.511493736511
85,0.496218115948,0.506984562068
86,0.495091385003,0.505732277755
87,0.494630366459,0.505320243282
88,0.498601295387,0.509231313722
89,0.494975675667,0.505613810673
90,0.496310225407,0.507077681065
91,0.500182120173,0.511524515453
92,0.50403917895,0.515982955268
93,0.508890739991,0.520929870081
94,0.510692830707,0.522384551348
95,0.513280877305,0.524613121132
96,0.522895118042,0.534387234915
97,0.524470000336,0.536739716777
98,0.532471903019,0.545378388552
99,0.539252397287,0.55290318462
100,0.546594805965,0.560645361747
101,0.554369748097,0.569070503227
102,0.561590351234,0.57685649238
103,0.573429450543,0.588819093404
104,0.570905016738,0.585890761688
105,0.577871218643,0.593151740569
106,0.585285669675,0.601272299775
107,0.579050405941,0.594958850838
108,0.594978705569,0.611480897665
109,0.597005829786,0.612574389897
110,0.603811532197,0.619602460664
111,0.611062275457,0.628384083981
112,0.595700180857,0.612808833448
113,0.604156009878,0.62061264806
114,0.62237520476,0.640643473736
115,0.623710202499,0.641861470177
116,0.62326347963,0.641749719394
117,0.620002666883,0.63611912357
118,0.642350926503,0.66051156876
119,0.641441844026,0.659798398295
120,0.642401371636,0.661407230346
121,0.620898646414,0.638162347586
122,0.634690949061,0.65328499603
123,0.630825128051,0.649193928304
124,0.60620627801,0.61848825502
125,0.602223403517,0.617594607288
126,0.601744174721,0.618670035399
127,0.607367071161,0.624340492478
128,0.599656356948,0.615839176244
129,0.590924761185,0.606297035993
130,0.583088446163,0.598072487386
131,0.578510031598,0.593830917657
132,0.578877398093,0.593906312731
133,0.564227569028,0.578584283846
134,0.557078496062,0.571138220406
135,0.551514025417,0.565457026404
136,0.543120153695,0.556311090815
137,0.534267642699,0.546520623258
138,0.527597141565,0.539211046711
139,0.523745402839,0.535498685305
140,0.521144369479,0.533248258881
141,0.517245696162,0.52935574753
142,0.511914368984,0.523683761328
143,0.506961823861,0.518017117368
144,0.50502033508,0.515627614524
145,0.503441013264,0.513820052276
146,0.504225937784,0.514507868885
147,0.503381395916,0.513759766001
148,0.50465575851,0.515256882944
149,0.506663879861,0.517642048478
150,0.511865374181,0.523637499815
151,0.52263124086,0.534742236122
152,0.52169169469,0.533847785249
153,0.523709390844,0.535473693308
154,0.527702279289,0.539315685126
155,0.534280784289,0.546504554808
156,0.543211858284,0.556390259929
157,0.551520927422,0.565448991686
158,0.556899221329,0.570996670382
159,0.56450420264,0.578878768274
160,0.571662833995,0.586614024429
161,0.578453619608,0.593751424947
162,0.584096440087,0.599296583658
163,0.590917142674,0.606301394216
164,0.59993465507,0.616101705733
165,0.607183182713,0.624134930744
166,0.602032174797,0.618964548179
167,0.602322727793,0.617674601177
168,0.606581734411,0.61885345328
169,0.630866894864,0.649231291123
170,0.635016103279,0.653591622583
171,0.620937336516,0.638225755513
172,0.642621749573,0.661633990722
173,0.641279616095,0.659655350526
174,0.642345065992,0.660500312722
175,0.657410636008,0.67543131465
176,0.657008249495,0.675281319524
177,0.658031735945,0.677052340668
178,0.643511533784,0.661354522453
179,0.65716827089,0.677213905992
180,0.651343923302,0.670789540259
181,0.643167803357,0.661173804588
182,0.638960074261,0.657304655435
183,0.635503351389,0.654185666175
184,0.621147751399,0.638891581344
185,0.618558571646,0.635707852561
186,0.609327193377,0.625538147783
187,0.599373268045,0.614677161991
188,0.591362732401,0.606199497356
189,0.585277849646,0.600098680344
190,0.577678639922,0.592020079717
191,0.571001616368,0.585157548607
192,0.564777767691,0.579022470503
193,0.558159781454,0.572220319498
194,0.547818738497,0.560832738775
195,0.53903052888,0.551035712745
196,0.533404877849,0.545087082096
197,0.530441220208,0.542482867352
198,0.526768158026,0.538938625016
199,0.521321040692,0.533296621468
200,0.520909287839,0.532260931336
201,0.511346282583,0.521987027991
202,0.509127550518,0.519267795625
203,0.507514377027,0.517119196609
204,0.507437593738,0.517053286441
205,0.509192416874,0.519344220108
206,0.511446184958,0.522095268307
207,0.515002158916,0.526327313234
208,0.521612178225,0.533573699274
209,0.526809528679,0.538994199416
210,0.530553821587,0.542617491839
211,0.533391807572,0.545086882538
212,0.538956117512,0.550950526187
213,0.548014137221,0.561032205289
214,0.558395035547,0.572453772666
215,0.5647402546,0.578996587903
216,0.571068169683,0.58520911908
217,0.577590717436,0.591940449945
218,0.584338427391,0.599004509176
219,0.591344679929,0.606168275507
220,0.599294622115,0.614584525541
221,0.609189154686,0.625414440052
222,0.618248042113,0.635381149025
223,0.620853341042,0.638598322433
224,0.635659797717,0.654349253291
225,0.638466906003,0.656823073555
226,0.643286840395,0.661282862559
227,0.651155229373,0.670609271788
228,0.657201872018,0.677209823974
229,0.643512582668,0.661397439181
230,0.658313420576,0.677361498311
231,0.656939625468,0.675213842752
232,0.657705470805,0.675715616356
233,0.632538338805,0.646757626989
234,0.668388437074,0.686176111011
235,0.671011281399,0.689919335624
236,0.672790742414,0.692623929839
237,0.656046349911,0.674825958247
238,0.670461903689,0.69121645442
239,0.664658646664,0.684852457254
240,0.637189608687,0.650719247263
241,0.63214290925,0.648987691815
242,0.645853668676,0.665116310577
243,0.636217183461,0.654490480173
244,0.62535398006,0.642472681133
245,0.615267827062,0.631329959287
246,0.604651388171,0.619736384416
247,0.596038148512,0.610645957802
248,0.59023423067,0.605098684439
249,0.584375859231,0.599214604441
250,0.578425555595,0.593532072835
251,0.571535889295,0.586471291603
252,0.560424708524,0.574248365791
253,0.550293767827,0.562992166588
254,0.542292608534,0.55423421784
255,0.53756511591,0.5495336731
256,0.533519154745,0.545638663449
257,0.528492965331,0.540492043663
258,0.522568865242,0.534230794663
259,0.518417340552,0.529610791973
260,0.517293161813,0.528532844422
261,0.516025035056,0.527105820982
262,0.514880139835,0.525309197878
263,0.516108221358,0.527203423939
264,0.517186033507,0.528435520037
265,0.518353999461,0.52952949889
266,0.522643864906,0.534299173572
267,0.528145461698,0.540103058128
268,0.533185624508,0.545302704541
269,0.537531847859,0.549530526108
270,0.54214105465,0.554089578614
271,0.550328755499,0.563017394287
272,0.560283038827,0.574113042404
273,0.571459953884,0.586426386673
274,0.578399862822,0.593507503377
275,0.584474407379,0.599324460693
276,0.590027143228,0.604933244102
277,0.596057149323,0.610652340041
278,0.604776455931,0.619886854958
279,0.614957866102,0.63103299472
280,0.625226153081,0.642361169177
281,0.63613618548,0.654419873015
282,0.645587027329,0.664846603653
283,0.632089857603,0.648944278021
284,0.636843935843,0.650393007981
285,0.664357292449,0.684548485303
286,0.670211660568,0.690950046863
287,0.655371885434,0.674118103438
288,0.672523106838,0.692362677793
289,0.671220462788,0.690143896535
290,0.668400299283,0.686201469403
291,0.678723158748,0.699919200274
292,0.698808640047,0.720857939705
293,0.697701357709,0.719136309411
294,0.689209242211,0.711182219732
295,0.696904691028,0.719970032547
296,0.682915754279,0.703007977452
297,0.668609220389,0.68695261648
298,0.677535935152,0.697676472237
299,0.680803632442,0.701228087693
300,0.663631928362,0.68128820004
301,0.64111764251,0.653844003603
302,0.661933373084,0.680232808549
303,0.650815926554,0.668548331922
304,0.63873318051,0.655210229698
305,0.644450701817,0.661698417371
306,0.647509607487,0.666754353719
307,0.635123596431,0.653796726867
308,0.628611855792,0.64554599558
309,0.624614606611,0.64144248284
310,0.616345852141,0.633739071591
311,0.613801390268,0.631167075535
312,0.60847267679,0.625128949724
313,0.598105140431,0.614242425952
314,0.591373284381,0.607299437227
315,0.588240297687,0.60367404398
316,0.57845365265,0.59304947635
317,0.566011121688,0.579292081195
318,0.563053196525,0.575680208983
319,0.555493023009,0.567339920622
320,0.545905611053,0.556947447122
321,0.542362900158,0.55294273765
322,0.536459955526,0.546492969096
323,0.530421863907,0.540393841882
324,0.530263681372,0.540599294811
325,0.529218523816,0.540087591333
326,0.526941586161,0.538121152258
327,0.523389495489,0.534273016521
328,0.521064635323,0.531735208157
329,0.519173598797,0.529780098829
330,0.516561277184,0.527154367567
331,0.517906998004,0.528684932318
332,0.517986938629,0.528816614827
333,0.517751572976,0.528621829373
334,0.51795994236,0.528791008351
335,0.517933371445,0.528710696558
336,0.516697446272,0.527301174446
337,0.519151086681,0.529744382071
338,0.52108205702,0.531750343451
339,0.523223077796,0.534118825518
340,0.526911481418,0.538104123215
341,0.52927769251,0.540145552335
342,0.530525983657,0.540855356981
343,0.530386470719,0.540336312529
344,0.536561333702,0.546603143837
345,0.542494337473,0.553074388418
346,0.545509319569,0.556550744993
347,0.555626606221,0.567471683552
348,0.56316137636,0.57583271429
349,0.565906608913,0.579170507415
350,0.578525508925,0.593115756901
351,0.588159528342,0.603587340076
352,0.599775492762,0.615890077654
353,0.598730680613,0.61490386731
354,0.608153807151,0.62483981093
355,0.613725724563,0.631108747541
356,0.616460495016,0.633850321605
357,0.624383032846,0.64123003335
358,0.628394463418,0.645346613212
359,0.635042645116,0.65372299484
360,0.647748813875,0.667027140752
361,0.644158272862,0.661431050544
362,0.638842749533,0.655333733735
363,0.650902543303,0.66863136742
364,0.661679494348,0.679977398535
365,0.651850853041,0.664718947438
366,0.664122916409,0.681941006229
367,0.680750995134,0.701139905989
368,0.677700057999,0.697877045011
369,0.66856828144,0.686896052266
370,0.682907928218,0.702998544729
371,0.696892835609,0.719954165702
372,0.689433612638,0.711410760612
373,0.697994777815,0.719433333804
374,0.699222494475,0.72127165363
375,0.687344879287,0.706860033071
376,0.686537792616,0.705728321079
377,0.684434647089,0.703269357138
378,0.685509430262,0.70487209964
379,0.686795623357,0.706921330305
380,0.656362399869,0.673444430722
381,0.681033453983,0.700913430026
382,0.67659976059,0.695983256955
383,0.673193212365,0.692353797064
384,0.665947354252,0.683600582472
385,0.654099825191,0.669612414697
386,0.64057543423,0.656046036995
387,0.654784565178,0.672631109524
388,0.648646157829,0.666297769473
389,0.643305941639,0.660628023143
390,0.637369343576,0.65421612598
391,0.630131263456,0.646246091619
392,0.623107472875,0.638600299908
393,0.617634410348,0.633232541306
394,0.613081344459,0.628877607803
395,0.608708141486,0.62461912372
396,0.604364357642,0.620225163551
397,0.59842234947,0.61412724454
398,0.591601367739,0.606906161026
399,0.584621469563,0.599503483431
400,0.577178279078,0.591521742946
401,0.569512191046,0.582945397993
402,0.561871848318,0.574491454306
403,0.554923972223,0.56683576079
404,0.547666039498,0.558853082863
405,0.541096986214,0.551548912175
406,0.535665153038,0.545740693532
407,0.532991704293,0.543233633775
408,0.53141335209,0.542142814564
409,0.529984544932,0.541118909642
410,0.527571698733,0.538671253429
411,0.522776689902,0.533436274527
412,0.520279610577,0.53075718673
413,0.518462177642,0.528852454119
414,0.517301225512,0.527655501005
415,0.517333345559,0.527844027096
416,0.517605184611,0.528223959331
417,0.517900811739,0.528523119011
418,0.517332173288,0.527863056211
419,0.517255372918,0.527627829013
420,0.518202992367,0.528584847866
421,0.520207378654,0.530688110466
422,0.522976660669,0.533639842519
423,0.527522224738,0.538631579203
424,0.530271672476,0.541414998419
425,0.531212562146,0.541958428942
426,0.532618020739,0.542851388605
427,0.535889218496,0.54598166237
428,0.54101966239,0.551501961137
429,0.547742707557,0.558927179207
430,0.555214961712,0.567137404072
431,0.562095004551,0.574718854783
432,0.569357461441,0.582774573418
433,0.577233651907,0.591591422361
434,0.584500623762,0.599392567195
435,0.591490468395,0.60675203684
436,0.599602069766,0.61538593555
437,0.60451489625,0.620418943882
438,0.608661481723,0.624563833735
439,0.613152442221,0.628943141431
440,0.617699984683,0.633311314396
441,0.622915237774,0.638431911928
442,0.630294966051,0.646428066096
443,0.636957999589,0.653781873183
444,0.64331905129,0.660656720967
445,0.648765090335,0.666412358955
446,0.654153040152,0.672004577289
447,0.640342411568,0.655802795569
448,0.654698732262,0.670199190017
449,0.6679556133,0.685669974315
450,0.67364176167,0.692841240335
451,0.676766433733,0.696140262769
452,0.681123710595,0.700973870489
453,0.656235839229,0.673310670706
454,0.68694452621,0.707066018759
455,0.685676327969,0.705040896035
456,0.6847601975,0.703601014228
457,0.686585114531,0.705754607392
458,0.687250743791,0.706748492423
459,0.696057693413,0.7150755096
460,0.697250182067,0.716390890724
461,0.694828502375,0.713533859238
462,0.695397525324,0.714626869789
463,0.697306308724,0.717373496109
464,0.692248831069,0.712211338434
465,0.696275778132,0.717183609131
466,0.692208215109,0.712607567179
467,0.687511125809,0.707487774682
468,0.684046887137,0.703793798914
469,0.663724340303,0.678263352869
470,0.674625476675,0.693645774252
471,0.665037802895,0.683037816255
472,0.663664332409,0.682066283383
473,0.657058178423,0.67512862196
474,0.650496833548,0.668130491056
475,0.643092090999,0.659986366502
476,0.635403390792,0.651576318592
477,0.627338643957,0.642875310171
478,0.620985555339,0.636525011417
479,0.615652813696,0.631371119181
480,0.611176324673,0.627076567856
481,0.605857603752,0.62163820852
482,0.598348213554,0.613664432775
483,0.590672359004,0.605611083835
484,0.584239252818,0.598913000002
485,0.577096872812,0.591315853946
486,0.56859634219,0.581932551537
487,0.561215472289,0.573797756622
488,0.553581749133,0.565394977728
489,0.545423293061,0.556403809689
490,0.539067508362,0.549437993046
491,0.534706629682,0.544979317632
492,0.532577667438,0.543202421178
493,0.530748218358,0.541808103107
494,0.528488255981,0.539721847818
495,0.524153691901,0.534952390806
496,0.52013885317,0.530607164981
497,0.517531642787,0.527742366384
498,0.515737911915,0.525799912681
499,0.515178822758,0.525259881459
500,0.515842532124,0.52607666861
501,0.51681142221,0.527170240718
502,0.515773219515,0.526021321552
503,0.515268862127,0.525356097824
504,0.515862915094,0.525933995487
505,0.517490539166,0.527724728246
506,0.520349319908,0.530815794021
507,0.524192889985,0.53500264952
508,0.528305198754,0.539541328009
509,0.530751145812,0.541820302315
510,0.532324293512,0.542936576633
511,0.534581914797,0.544864984109
512,0.539071030131,0.549431426356
513,0.545767186202,0.556763300768
514,0.55330430229,0.565130487748
515,0.561131117719,0.57372150539
516,0.568911337825,0.582264385471
517,0.577158723904,0.591366621674
518,0.583740553757,0.598421781281
519,0.591025017348,0.605983323797
520,0.59814472149,0.613465615544
521,0.605883275036,0.621672854561
522,0.61138012267,0.627307023372
523,0.615857801495,0.631569100062
524,0.621207575342,0.636736697734
525,0.627482743098,0.64302665036
526,0.63521608712,0.651409258928
527,0.642976802031,0.659838570302
528,0.650562409947,0.66817703741
529,0.656791144848,0.674859932434
530,0.663390260941,0.681770224059
531,0.665043420083,0.683043753052
532,0.674878691312,0.693918533605
533,0.6637400578,0.678312599343
534,0.684306778306,0.704048212403
535,0.687752734626,0.707725022988
536,0.692147342499,0.712518119025
537,0.696326726633,0.717201591432
538,0.692484952269,0.71244136799
539,0.697275828992,0.717336168147
540,0.695229302907,0.714442454755
541,0.69488654186,0.713614226546
542,0.697485294373,0.716621996216
543,0.706023487076,0.724869127601
544,0.704635545057,0.723285441077
545,0.704615598183,0.723738804118
546,0.706249217559,0.726116693602
547,0.70939730857,0.730234488787
548,0.703086934031,0.723646379953
549,0.706944508129,0.728342818919
550,0.701610013218,0.72247379461
551,0.697173107277,0.717713781519
552,0.689708284006,0.708807323826
553,0.676730936647,0.693542918466
554,0.663227248744,0.680124874305
555,0.676903353987,0.696162768603
556,0.669346432342,0.688237412346
557,0.662235762027,0.680641386962
558,0.654782299645,0.672473139075
559,0.646986046437,0.663932983165
560,0.638368647895,0.654518822446
561,0.629268365159,0.644673056754
562,0.622943535258,0.63837242038
563,0.617644535085,0.633294729528
564,0.612299022443,0.628045859852
565,0.60488106516,0.620134878606
566,0.597254676465,0.612171788591
567,0.590151056849,0.604831207007
568,0.583420310012,0.597973964563
569,0.576470452985,0.590551262192
570,0.567724137725,0.580961076701
571,0.559951557334,0.57244547036
572,0.550810897883,0.562392236915
573,0.542791172552,0.553540781932
574,0.537099839038,0.547456867884
575,0.533487074443,0.544017267931
576,0.531164879039,0.54213938941
577,0.529005836866,0.540228482565
578,0.525108344714,0.536112642957
579,0.520425738521,0.531057257327
580,0.516748832305,0.526949307566
581,0.514072734573,0.523978876549
582,0.512974271569,0.522738628157
583,0.512390652181,0.522179470401
584,0.512815683112,0.522667869742
585,0.512678581901,0.522541147626
586,0.512635425751,0.522431245828
587,0.512916308406,0.522675190523
588,0.5144532803,0.524367459413
589,0.516654080706,0.526839519734
590,0.520524971179,0.531123357221
591,0.52500679305,0.536026330085
592,0.528833442532,0.540062658847
593,0.531466912489,0.542447617309
594,0.533620289043,0.544158254665
595,0.537124485572,0.547475542739
596,0.542788718607,0.553541646827
597,0.550802303635,0.562368903465
598,0.559656136478,0.572134017878
599,0.567704082124,0.580934299459
600,0.576363883291,0.590422148557
601,0.583955538082,0.598503368834
602,0.590484262211,0.605169582574
603,0.597357484038,0.612269009123
604,0.605048215689,0.620315463147
605,0.612186384148,0.627925258523
606,0.617521194249,0.633166776198
607,0.622862457343,0.638286193281
608,0.629130209429,0.644534696585
609,0.638275839069,0.654446250798
610,0.646927574722,0.663887539377
611,0.654814881393,0.672504243982
612,0.662364988669,0.680767180083
613,0.669575943779,0.688460385247
614,0.676672630515,0.695895603514
615,0.663391616138,0.6802732081
616,0.676634763459,0.693432228193
617,0.689734646808,0.708823513501
618,0.696913717843,0.71743396987
619,0.701879699391,0.722752805422
620,0.707090404871,0.728498023654
621,0.70337651051,0.723982531898
622,0.709273464141,0.730087422619
623,0.706285878617,0.726150204902
624,0.70460835022,0.72371885257
625,0.704552545528,0.723203969225
626,0.706104997784,0.724916166673
627,0.710009705028,0.728156313304
628,0.709831925436,0.727945633033
629,0.710858152168,0.729681991091
630,0.712492874955,0.732146834171
631,0.714279711104,0.734813207934
632,0.710669990818,0.731376370496
633,0.716166555976,0.738214863184
634,0.71200902525,0.733773808252
635,0.707231605514,0.728553124035
636,0.702106317523,0.723051991376
637,0.681736961688,0.697540586375
638,0.692220563865,0.712407041972
639,0.685921615442,0.705722868034
640,0.6800197571,0.699670278001
641,0.67221625654,0.691407650135
642,0.664247271473,0.682808502271
643,0.655683069459,0.673414475712
644,0.647240539493,0.664128786466
645,0.637683354294,0.653647089815
646,0.628520295841,0.64371501859
647,0.62175207297,0.636908209384
648,0.615877818268,0.63102014239
649,0.610231626852,0.625609506714
650,0.604807559312,0.620344445571
651,0.597884771183,0.613313869777
652,0.590826155089,0.606039076746
653,0.583710805615,0.59865182076
654,0.575769684253,0.590133429662
655,0.565964489142,0.579179092446
656,0.556634411143,0.568835560651
657,0.547550277745,0.558804929642
658,0.540173795583,0.550791939031
659,0.535422372105,0.545948452747
660,0.532681519498,0.543562172854
661,0.529561982385,0.540731672262
662,0.526041460694,0.537210676115
663,0.521884490838,0.532777743244
664,0.518161713261,0.528945762581
665,0.515370584631,0.525988471317
666,0.513181248402,0.52349094513
667,0.510896416641,0.52077565824
668,0.511571327806,0.521855515587
669,0.512205154968,0.52254456826
670,0.511866292112,0.522177803075
671,0.510846346301,0.520748808117
672,0.513078713864,0.523421701643
673,0.515702242989,0.526310667691
674,0.518219314459,0.528980291679
675,0.521639646348,0.532543622784
676,0.52633594899,0.537501613482
677,0.529936532679,0.541112977326
678,0.53250400962,0.543371857322
679,0.53551019174,0.546039320083
680,0.540449379002,0.551063014133
681,0.54767245697,0.558923224592
682,0.556938009314,0.56913537535
683,0.566025297241,0.579249167491
684,0.57556972183,0.589945770045
685,0.583863076515,0.598813493008
686,0.59065887685,0.605911482993
687,0.598078543214,0.613514606146
688,0.604847022368,0.62037033256
689,0.610615017212,0.625995955978
690,0.61534430944,0.630420692161
691,0.621958272334,0.637132737758
692,0.628530859959,0.643721599253
693,0.637514382637,0.653483288305
694,0.646520256362,0.663406023436
695,0.655757958273,0.673508674715
696,0.664141485033,0.68268097115
697,0.672003528054,0.691191132124
698,0.680082977639,0.69974386076
699,0.685728668804,0.705521208054
700,0.692211217564,0.712401952501
701,0.681689444944,0.697504476312
702,0.702443213003,0.723392588067
703,0.706848360463,0.728164508146
704,0.712121658572,0.733876283508
705,0.715882600479,0.737951344499
706,0.710858964439,0.731570780208
707,0.714518411445,0.735092068051
708,0.712533120047,0.732215304629
709,0.71099736455,0.729831081368
710,0.709687585039,0.727808052492
711,0.590594222623,0.60960907291
712,0.672577622926,0.693741199318
713,0.731692731547,0.753821706342
714,0.683241943036,0.704213302318
715,0.593007630458,0.611998110753
716,0.659932333174,0.681587990833
717,0.729760289438,0.752957948871
718,0.684542400995,0.70457871765
719,0.588906979682,0.605989504487
720,0.636446685631,0.656320250692
721,0.713065493227,0.735110162667
722,0.684200350075,0.703735305469
723,0.58734071855,0.602233407702
724,0.600190675678,0.614580315338
725,0.682767559414,0.700658888153
726,0.678467624191,0.697531205887
727,0.593833960718,0.60986676316
728,0.579306463925,0.59402202674
729,0.660678626022,0.678600122595
730,0.670981028057,0.690805920439
731,0.600187544854,0.618334943494
732,0.562765900439,0.578187120024
733,0.633742662484,0.650376613829
734,0.648133967821,0.665684840782
735,0.591591057789,0.608318923407
736,0.551619945245,0.566984200299
737,0.612522075422,0.629623929995
738,0.62657093157,0.643507144061
739,0.582345842368,0.598180880098
740,0.533759131194,0.547962168519
741,0.587585764082,0.603869401987
742,0.60391150014,0.620268649319
743,0.570645396124,0.585741488972
744,0.514034909527,0.526683912843
745,0.555822634546,0.569278701546
746,0.572349503602,0.58555235981
747,0.551309355683,0.563467452931
748,0.501516072049,0.511739588178
749,0.534875054534,0.545765408692
750,0.54526594551,0.555683773897
751,0.534293484977,0.544284117718
752,0.491561975432,0.500616561016
753,0.511204882611,0.52006577446
754,0.524195790199,0.533270443903
755,0.522006277733,0.531517540398
756,0.490714486348,0.500639796999
757,0.500640628848,0.510139418268
758,0.517594968968,0.527797626742
759,0.515587854358,0.52573600612
760,0.488411522329,0.498351059707
761,0.490462398628,0.499545122409
762,0.50980684203,0.519792709508
763,0.509327608758,0.519470963215
764,0.487515560994,0.497656403837
765,0.484811760602,0.494405614119
766,0.508530758574,0.518728717172
767,0.508454365223,0.518630766601
768,0.489361197884,0.498943081274
769,0.491898702711,0.502010578104
770,0.509471021809,0.519619894129
771,0.509963304179,0.519935612733
772,0.490452456054,0.499529905474
773,0.488314612384,0.498258846188
774,0.515727526601,0.525869738052
775,0.517407076936,0.52760729968
776,0.512282026924,0.522042853798
777,0.491894660012,0.501947527078
778,0.521896223936,0.531402568119
779,0.524049411064,0.533121492383
780,0.511329338857,0.520205314056
781,0.491601227306,0.500660166335
782,0.534335924636,0.544332116025
783,0.545068375899,0.555467576876
784,0.534836805669,0.545715282871
785,0.501597364469,0.511826677642
786,0.551263923884,0.563428608935
787,0.572175888769,0.585363417431
788,0.563516599387,0.577169385047
789,0.514276995058,0.52695999535
790,0.570595773895,0.585669808307
791,0.603917729522,0.620264982491
792,0.587726491246,0.60401230526
793,0.527242113039,0.541358291339
794,0.582014507145,0.597841958133
795,0.626655045108,0.64357608862
796,0.612555550409,0.629663788352
797,0.544153597971,0.559346494184
798,0.59122853498,0.607920794726
799,0.648329026262,0.665889047487
800,0.633451405751,0.650120259428
801,0.562477426018,0.57789142447
802,0.599763292116,0.617895012477
803,0.671052723171,0.690855424265
804,0.660979640286,0.678879463089
805,0.579176641185,0.593888997584
806,0.593617045167,0.609646194038
807,0.678593011864,0.697654757605
808,0.682642099681,0.700537077762
809,0.600444773437,0.61485444853
810,0.587351173327,0.602249622373
811,0.684365216608,0.703915043398
812,0.713441433319,0.735487269145
813,0.636402057252,0.656260443164
814,0.589016449589,0.60608961423
815,0.684328640894,0.704367227214
816,0.729502235977,0.752699957931
817,0.660026132594,0.681711589197
818,0.593093590042,0.612083696237
819,0.683119341622,0.704100519056
820,0.731747648265,0.75391240998
821,0.67272812078,0.693923212674
822,0.696305584423,0.716075800874
823,0.694985663797,0.714435343599
824,0.692884503518,0.711972939059
825,0.692040299655,0.711053752255
826,0.693330428918,0.71288103526
827,0.695574033129,0.715885942425
828,0.696393519078,0.717267318005
829,0.695475375607,0.716502670358
830,0.691212995548,0.711853311448
831,0.687316497834,0.707584095252
832,0.684216498035,0.704320819583
833,0.681448329696,0.701528429396
834,0.677414821731,0.696851382498
835,0.65591990386,0.670357990751
836,0.670133098578,0.689144637761
837,0.664795059691,0.683145131221
838,0.659800481951,0.678012470677
839,0.655292763511,0.67333088244
840,0.650127368763,0.667932256846
841,0.644949664763,0.662406415772
842,0.639830085612,0.65699653085
843,0.633572669068,0.650148647907
844,0.627156312967,0.643071396842
845,0.621248498541,0.636843464955
846,0.620600050337,0.636581732942
847,0.612965001914,0.628883049333
848,0.60910654958,0.625189002316
849,0.60491987465,0.621059836911
850,0.603216493461,0.619337794701
851,0.595675090476,0.611558181141
852,0.590520828998,0.606268897812
853,0.584340756138,0.599835173738
854,0.578332375376,0.59351318587
855,0.571578901281,0.586289255079
856,0.564465076731,0.578478221572
857,0.55704862996,0.570233122102
858,0.550184567376,0.562621645293
859,0.545905241277,0.557653129912
860,0.537712347082,0.548835909283
861,0.531634795718,0.542165504774
862,0.525676634502,0.535596377913
863,0.521609874261,0.530989181003
864,0.516705413654,0.526043095688
865,0.514228709733,0.523856313623
866,0.512808223262,0.522797270331
867,0.51294765536,0.523192410034
868,0.510218023968,0.520578314928
869,0.507525751246,0.517819579696
870,0.504758220178,0.514845738028
871,0.503209229264,0.513084143767
872,0.501220181391,0.511154900912
873,0.499917090211,0.509937485949
874,0.499370948693,0.509456347814
875,0.49889926562,0.509056137447
876,0.499321565743,0.509562813159
877,0.499602741629,0.509866813416
878,0.499924113801,0.510163510053
879,0.500761742969,0.510873126909
880,0.500299323723,0.510393432771
881,0.499762275012,0.50977395032
882,0.501449838725,0.511373435982
883,0.503238895268,0.513121053311
884,0.504681637094,0.514766553733
885,0.507339782538,0.517626894165
886,0.510242471888,0.520594328699
887,0.514967593588,0.525178644238
888,0.51283294101,0.522835911063
889,0.514342573593,0.523966306318
890,0.516678110629,0.526012301654
891,0.521553793115,0.530920497985
892,0.5258802051,0.535805033307
893,0.531665016759,0.542199404737
894,0.537751931871,0.548880821848
895,0.545862481175,0.557610185557
896,0.550201001843,0.562654500709
897,0.557095693465,0.570278218242
898,0.564385325987,0.57837240805
899,0.573270381297,0.58798012378
900,0.578206363863,0.593426548164
901,0.584517377735,0.600005321388
902,0.590331509963,0.606085543674
903,0.595388655451,0.611266968494
904,0.600363549744,0.616390906745
905,0.604848766951,0.620984643993
906,0.609109003296,0.625175767149
907,0.613064473268,0.628979694208
908,0.616980201325,0.632685235498
909,0.62152262982,0.637093066319
910,0.627332951295,0.6432582258
911,0.633777939128,0.650368931214
912,0.639357682367,0.656480762744
913,0.644852979547,0.662303213662
914,0.650068988848,0.667859847869
915,0.655406558412,0.673436642822
916,0.660118563113,0.678347298314
917,0.664760583939,0.683122973837
918,0.670496445669,0.689499398996
919,0.655661273664,0.670094893353
920,0.677194800783,0.696642849253
921,0.681229496306,0.701291937095
922,0.684337480305,0.704414733734
923,0.687258020378,0.707524824933
924,0.691134471632,0.711793780379
925,0.695187109445,0.716181779949
926,0.696454465896,0.717315087435
927,0.695559985633,0.715885908419
928,0.693161733246,0.712720278769
929,0.691811135732,0.710827339378
930,0.692580383034,0.711647478367
931,0.695046233877,0.71449894333
932,0.696706543539,0.716515943286
933,0.708552719863,0.728222072579
934,0.707996012444,0.727581101945
935,0.705635590701,0.724895073574
936,0.703868526286,0.722912360366
937,0.704422885206,0.723989686262
938,0.70651508647,0.726852218894
939,0.707929701419,0.729064816303
940,0.708630252308,0.730289685625
941,0.706135915454,0.727666920391
942,0.702104107056,0.723223959341
943,0.698264609356,0.719032494389
944,0.69435275561,0.714816644592
945,0.691186065067,0.711407435234
946,0.678527818524,0.695441641893
947,0.679395117821,0.697910667783
948,0.679235884646,0.698441520769
949,0.673535858015,0.692336762974
950,0.668340201664,0.686993790011
951,0.662815601309,0.681253721229
952,0.657483141812,0.675717631896
953,0.651774321141,0.669627328425
954,0.645536606393,0.662804363261
955,0.638574069505,0.655188300351
956,0.631804764784,0.647806994462
957,0.625494659032,0.6411680796
958,0.620737279155,0.636600428772
959,0.615645640959,0.63162574212
960,0.611351717158,0.627498241311
961,0.606764746316,0.622952971446
962,0.601995639086,0.618063257073
963,0.596157089504,0.612071116691
964,0.589470460178,0.60500187451
965,0.583208348656,0.598470885294
966,0.577136085318,0.592154864479
967,0.570480011967,0.585020652539
968,0.562888040548,0.576668924461
969,0.555450334879,0.568460921831
970,0.548974144374,0.561324500965
971,0.542642392102,0.554307603929
972,0.535629811651,0.546633966273
973,0.529233948706,0.539611563198
974,0.522742883526,0.532509448709
975,0.518058059112,0.527533298236
976,0.514934171734,0.524528260329
977,0.513105557621,0.523080320945
978,0.511301147095,0.521597101441
979,0.50928873646,0.519725586949
980,0.506803708835,0.517175846611
981,0.503520731541,0.513650342808
982,0.50033022782,0.510202295025
983,0.498295357629,0.508117785035
984,0.496824054629,0.506591900624
985,0.495905634398,0.505679422029
986,0.495699350283,0.505570104942
987,0.495847044076,0.50581913295
988,0.496299381141,0.506388552108
989,0.496231274675,0.50632423455
990,0.495717890935,0.505705751055
991,0.49590434153,0.505785106456
992,0.495931495242,0.505710009951
993,0.49676120714,0.506539248908
994,0.4983567886,0.508170654689
995,0.500208004794,0.510095061218
996,0.503527370673,0.513653053119
997,0.506672749819,0.517055999783
998,0.509232743454,0.519673439385
999,0.511302053792,0.521593797783
1000,0.512920847856,0.522903971274
1001,0.514711366164,0.524306582916
1002,0.51803685946,0.527509782653
1003,0.522807392606,0.532570702812
1004,0.529112982535,0.539485980114
1005,0.535745263342,0.54674877946
1006,0.542729985025,0.554411363167
1007,0.549146505818,0.561478950843
1008,0.55569310927,0.56870911472
1009,0.563102853589,0.576883662728
1010,0.570086849336,0.584614572444
1011,0.577044855109,0.592042799514
1012,0.583440460513,0.598707945827
1013,0.589655501336,0.605199104323
1014,0.596047357557,0.611938317408
1015,0.601741609786,0.617821571007
1016,0.606700659932,0.622882403373
1017,0.611226292978,0.627375271749
1018,0.615664582966,0.631625590174
1019,0.620564610416,0.636402289639
1020,0.62572860603,0.641401137555
1021,0.632042179006,0.648020051167
1022,0.638855989284,0.655473365703
1023,0.645305620547,0.662546878824
1024,0.651802674611,0.669648973961
1025,0.657440822939,0.675648403181
1026,0.663072662562,0.681528333044
1027,0.6684690114,0.687127815644
1028,0.673645451117,0.692465474534
1029,0.679096615515,0.698318905538
1030,0.679377605648,0.697882813517
1031,0.678452494873,0.695355909014
1032,0.691171168533,0.711416590248
1033,0.694153553509,0.714621807009
1034,0.698156090978,0.718899971585
1035,0.702013137751,0.723153855956
1036,0.706086924828,0.727608723812
1037,0.708681688843,0.730358078153
1038,0.708390926949,0.729528101348
1039,0.706396953016,0.72674599589
1040,0.704083537996,0.723615477275
1041,0.703622773771,0.72264651134
1042,0.705943920234,0.725220665465
1043,0.707827408911,0.727424864952
1044,0.715329461425,0.734729275015
1045,0.714651141777,0.733930985845
1046,0.712554851348,0.731589359741
1047,0.712819158313,0.732242069973
1048,0.714343241023,0.734467955549
1049,0.716396242414,0.737345255615
1050,0.718504404293,0.740230190859
1051,0.717783927976,0.739887443879
1052,0.714354806001,0.736194184217
1053,0.71017218486,0.7315897154
1054,0.705577433933,0.726631258663
1055,0.701891062011,0.722684882019
1056,0.697576833955,0.717905543402
1057,0.675835488577,0.691077497242
1058,0.690583729995,0.710582718279
1059,0.684638793202,0.704050873306
1060,0.6792384539,0.698480033926
1061,0.67322110423,0.692253305388
1062,0.667496454814,0.686268999142
1063,0.661693747292,0.680149059418
1064,0.65510766702,0.672968155902
1065,0.648560879824,0.665823291544
1066,0.641820695771,0.658440846436
1067,0.633659009821,0.649635246193
1068,0.627219972404,0.642860320325
1069,0.622094171362,0.637861697806
1070,0.616975152313,0.63287605854
1071,0.612882950947,0.62896428392
1072,0.608289325808,0.624441329311
1073,0.602469814995,0.618394883232
1074,0.595032311214,0.610506709888
1075,0.588497438568,0.603682651014
1076,0.582106655071,0.597046386081
1077,0.576293216329,0.591034641577
1078,0.56951351889,0.583809316411
1079,0.562056617251,0.575630488898
1080,0.554929316476,0.567788139196
1081,0.54786324227,0.560063542316
1082,0.540761138971,0.55226094542
1083,0.533374298775,0.544169584019
1084,0.52682247738,0.536964801422
1085,0.520757770617,0.530372471142
1086,0.516854295148,0.52644381492
1087,0.514186044026,0.524100123486
1088,0.512237643963,0.522484005151
1089,0.510074291302,0.520554426375
1090,0.507007204811,0.517431434345
1091,0.503507942659,0.513658275503
1092,0.500338586806,0.510258132749
1093,0.497196662568,0.50691295462
1094,0.495222214445,0.504800917513
1095,0.4934192405,0.502927579172
1096,0.492798482472,0.502312137288
1097,0.492754468247,0.502371780337
1098,0.493185455703,0.503002133294
1099,0.493716620816,0.503616225191
1100,0.492969813728,0.502787786566
1101,0.492562970017,0.502180705829
1102,0.492737822718,0.502262410463
1103,0.493584373303,0.503087816592
1104,0.49513392404,0.504715505654
1105,0.497030554852,0.506760298075
1106,0.500095752421,0.51001965337
1107,0.503331288964,0.513488203284
1108,0.507103277307,0.517534736748
1109,0.509874229489,0.520347632363
1110,0.512127861648,0.522370764453
1111,0.514342086508,0.524242075342
1112,0.516705087363,0.526287610518
1113,0.520759422089,0.530370651809
1114,0.526667082714,0.536817589381
1115,0.53347642676,0.54427189517
1116,0.540680707516,0.552168283152
1117,0.548297439431,0.560516040792
1118,0.555001707465,0.56785802428
1119,0.562270849181,0.575849046441
1120,0.569533342092,0.583835203484
1121,0.576042546304,0.590764987912
1122,0.582190884728,0.597125284025
1123,0.588599853973,0.603767793899
1124,0.595030984269,0.610516652816
1125,0.602254135686,0.61820537281
1126,0.608022906055,0.6241538945
1127,0.612777037489,0.628863099198
1128,0.617183831659,0.633086478093
1129,0.62174225545,0.637510353389
1130,0.627252875983,0.642907264849
1131,0.634132220751,0.650132951817
1132,0.641438590637,0.658053009683
1133,0.648308560792,0.665556518966
1134,0.655043997856,0.672917139507
1135,0.661623063997,0.680082675261
1136,0.667538924748,0.686298369176
1137,0.673666258396,0.692701158025
1138,0.679487201368,0.6987537492
1139,0.684812080947,0.704231801366
1140,0.690194121761,0.710165751173
1141,0.67598854885,0.691244135759
1142,0.697310197698,0.71760832511
1143,0.701922965721,0.722718494906
1144,0.706121758686,0.727181334357
1145,0.710189396245,0.731612732299
1146,0.714546141922,0.736391337377
1147,0.718139376708,0.74025633969
1148,0.718631498479,0.740379083055
1149,0.716622129689,0.737579013256
1150,0.714451553504,0.734557430247
1151,0.712719199623,0.732158011064
1152,0.712586393963,0.731605162798
1153,0.714048405818,0.733289793265
1154,0.715605532319,0.735019770763
1155,0.716302358765,0.735008039172
1156,0.71626851651,0.734952508853
1157,0.714963229155,0.733575449145
1158,0.715348171674,0.73443144299
1159,0.716079723527,0.735765050219
1160,0.717876291403,0.73832041357
1161,0.7199040247,0.741177486752
1162,0.720611565105,0.742600518651
1163,0.71947924074,0.741672585109
1164,0.715959510308,0.737808742304
1165,0.71098329704,0.732381820228
1166,0.706771160673,0.727838231901
1167,0.702755353304,0.723593898684
1168,0.690174367468,0.707685534319
1169,0.691798935741,0.71120162104
1170,0.690301799383,0.710167120696
1171,0.685039421543,0.704626499897
1172,0.679433831061,0.698874225367
1173,0.673377154779,0.692518971144
1174,0.666858281388,0.685667110706
1175,0.660447339624,0.678762312258
1176,0.654081233278,0.671819196743
1177,0.646737790166,0.66381880287
1178,0.639327516008,0.655737976927
1179,0.631601893261,0.647283366759
1180,0.624345494438,0.639569555828
1181,0.618100653909,0.633259659784
1182,0.613788874912,0.629172249454
1183,0.609790929346,0.625505707808
1184,0.605038403901,0.620781195311
1185,0.599218203035,0.61484209088
1186,0.593271586108,0.608784970237
1187,0.586372402662,0.601475643195
1188,0.580977940573,0.59608112763
1189,0.575327460756,0.590396744464
1190,0.568461920631,0.582999124133
1191,0.56056467516,0.574217696953
1192,0.552408205334,0.565069638462
1193,0.545042401833,0.556967282069
1194,0.53672381925,0.547827797757
1195,0.529718980553,0.540119296553
1196,0.523231143873,0.533046305185
1197,0.51832646303,0.527888431356
1198,0.515198671268,0.524961507936
1199,0.513048053665,0.523175017691
1200,0.510771948711,0.52117037844
1201,0.508219297561,0.518741860029
1202,0.505028256555,0.515528938168
1203,0.501725637573,0.512084373666
1204,0.498632863839,0.508828319538
1205,0.495976630016,0.505955261387
1206,0.493535495358,0.503259684719
1207,0.49339959696,0.503394863363
1208,0.492284026091,0.502222832697
1209,0.491959323946,0.50186622974
1210,0.490596445185,0.500095020307
1211,0.490727098849,0.500218951367
1212,0.491838818759,0.501734464454
1213,0.492239267052,0.502178119477
1214,0.493337675486,0.503329219543
1215,0.493554172431,0.503272689371
1216,0.495868873231,0.505857533516
1217,0.498505159895,0.50869678563
1218,0.501918112706,0.512273788683
1219,0.504884735877,0.515374540235
1220,0.507940394719,0.518462041494
1221,0.510570306176,0.520980730764
1222,0.512930741359,0.523067941692
1223,0.515183115757,0.524949672948
1224,0.518339752312,0.527911589377
1225,0.523479587486,0.533312726605
1226,0.529813127818,0.540224515741
1227,0.53680693292,0.547898356179
1228,0.544975316021,0.55691186338
1229,0.552451868252,0.565114059663
1230,0.560580430767,0.574235119611
1231,0.568744076793,0.583263187357
1232,0.575639197378,0.590725477858
1233,0.58095969296,0.596070103713
1234,0.585913393944,0.600924154909
1235,0.593256747634,0.608749835191
1236,0.599319656666,0.614926021269
1237,0.605121659036,0.620866505797
1238,0.609820201274,0.625515345336
1239,0.614030365167,0.629407943407
1240,0.618458824067,0.633606430812
1241,0.624058598611,0.639272856722
1242,0.631561032935,0.647259032824
1243,0.639783793763,0.656200680341
1244,0.647116574859,0.664206773562
1245,0.653893346769,0.671643413639
1246,0.660487569428,0.678805671279
1247,0.666635580187,0.685440970478
1248,0.673054764393,0.692205856426
1249,0.679248122707,0.698640288547
1250,0.685133601919,0.704709852969
1251,0.690403793579,0.710260600711
1252,0.691984074982,0.711338847325
1253,0.690929111952,0.70848479869
1254,0.70308437517,0.723956142245
1255,0.706724527683,0.727788303863
1256,0.710775715392,0.732162444681
1257,0.715528776891,0.737361172361
1258,0.719756221593,0.741953787363
1259,0.721009113646,0.742976516799
1260,0.720298537492,0.741585381279
1261,0.717895588155,0.73833277537
1262,0.715958591987,0.735674460165
1263,0.715115490403,0.734195168671
1264,0.71473740372,0.733339594592
1265,0.715951744276,0.734618435285
1266,0.488242644406,0.503904628591
1267,0.595155620899,0.614242673794
1268,0.713153842499,0.735154502077
1269,0.71255895009,0.734602931048
1270,0.59207460844,0.610541821457
1271,0.488069262235,0.50385172775
1272,0.594525630917,0.613999779284
1273,0.714386986121,0.737639533715
1274,0.704527626309,0.726283145386
1275,0.584704778056,0.60219230142
1276,0.480022196912,0.494452682265
1277,0.589027628579,0.608338898705
1278,0.702185902763,0.724473945967
1279,0.690841475632,0.711276647504
1280,0.571988955204,0.587613440937
1281,0.473830981109,0.487323275049
1282,0.572203223621,0.588384806378
1283,0.664589615387,0.679411572949
1284,0.675630486541,0.695063072297
1285,0.564893046115,0.580591676253
1286,0.465986961101,0.479074900276
1287,0.559492376971,0.574847358003
1288,0.66309678583,0.681653767013
1289,0.659261597133,0.678807343386
1290,0.561289642649,0.578729801785
1291,0.472828768764,0.486157029989
1292,0.548416070212,0.563457093576
1293,0.641516194595,0.658784757673
1294,0.634815845442,0.652537933092
1295,0.545422634543,0.561563361779
1296,0.486971702803,0.499997801774
1297,0.538776647729,0.553798209299
1298,0.62169411334,0.638969518457
1299,0.61148902745,0.628070839715
1300,0.527778818262,0.542899260098
1301,0.479192492023,0.491445599186
1302,0.526727290845,0.541498479604
1303,0.60091394005,0.61794141586
1304,0.59066656083,0.6069652628
1305,0.511768463617,0.526126552084
1306,0.471107141353,0.482515688799
1307,0.529660409101,0.543498946893
1308,0.571137451218,0.585923627967
1309,0.561080037335,0.574968529556
1310,0.491717423996,0.503711997868
1311,0.485459454837,0.495036916281
1312,0.50819533639,0.519502776638
1313,0.539021905491,0.550098560965
1314,0.531617896285,0.54222490738
1315,0.472148468479,0.482406565324
1316,0.476852913492,0.485431167323
1317,0.490674942255,0.499895293759
1318,0.512950388189,0.521542153733
1319,0.507650492486,0.516370016436
1320,0.463277539934,0.473412183908
1321,0.4711139624,0.479533462127
1322,0.482969940854,0.491995632373
1323,0.501786562564,0.511141581554
1324,0.497976569224,0.507914590185
1325,0.458278624594,0.468396055014
1326,0.446306252392,0.454155607994
1327,0.480866598212,0.490311535652
1328,0.49399183179,0.503378463251
1329,0.481649137089,0.490795087965
1330,0.447200260072,0.456809014218
1331,0.448091370375,0.456432287341
1332,0.481686938111,0.491269894362
1333,0.490417865486,0.500170601583
1334,0.478649346894,0.488228640176
1335,0.4471951113,0.456431142539
1336,0.447040195586,0.456287504996
1337,0.474670164019,0.484150139679
1338,0.490102184359,0.499853757028
1339,0.472430990049,0.48182718725
1340,0.44815084398,0.456494497786
1341,0.447325604923,0.456940731369
1342,0.481867568676,0.491003751342
1343,0.494065115871,0.503508557283
1344,0.471781118742,0.481018918385
1345,0.446314636621,0.454150611943
1346,0.448464901874,0.458659223503
1347,0.495536006422,0.505126909769
1348,0.501789910301,0.511138654906
1349,0.48294039071,0.491983487037
1350,0.471168047691,0.47958419513
1351,0.46329087555,0.473431415123
1352,0.507711996606,0.516428109502
1353,0.512909758386,0.521495678911
1354,0.490691069798,0.499910012213
1355,0.476929205945,0.485500024186
1356,0.472165566879,0.482423778582
1357,0.531428861363,0.542047949093
1358,0.539080919316,0.550166851899
1359,0.508262608512,0.519565041299
1360,0.485597717137,0.495173782005
1361,0.491719013392,0.503710969341
1362,0.561118419827,0.575014988311
1363,0.571143686702,0.585941892486
1364,0.516450736356,0.529844525649
1365,0.471052480367,0.482444243722
1366,0.511793934202,0.526149344543
1367,0.590497920978,0.606797704792
1368,0.600820070886,0.617873475363
1369,0.526627138056,0.541390690193
1370,0.479223608213,0.491483063081
1371,0.527621596377,0.542720084774
1372,0.611601140786,0.628185590359
1373,0.621774286166,0.63906753351
1374,0.545411703445,0.560631444723
1375,0.487005097075,0.500019867744
1376,0.545263101535,0.561417803484
1377,0.634971090752,0.65267656215
1378,0.641238260811,0.658517254025
1379,0.548418398689,0.563479245831
1380,0.464794617909,0.478053506156
1381,0.56004633092,0.577301261325
1382,0.659368073099,0.678920087815
1383,0.663198762762,0.68175585573
1384,0.558998606113,0.574341729472
1385,0.469561382448,0.482680040722
1386,0.566135406172,0.582016191978
1387,0.675865256784,0.69529945949
1388,0.664486870022,0.679320980191
1389,0.572097970898,0.588310907794
1390,0.473721246119,0.487217565235
1391,0.572049660817,0.587699873283
1392,0.690457647289,0.71088580581
1393,0.701867656514,0.724162014487
1394,0.589078890841,0.608392123983
1395,0.479940933692,0.494396742795
1396,0.584436837284,0.601922907544
1397,0.704690075126,0.726433075951
1398,0.714771071761,0.738012179799
1399,0.594213098261,0.61367423464
1400,0.48795521632,0.503721172525
1401,0.591933428981,0.610425886514
1402,0.712480952648,0.73452713676
1403,0.713330235692,0.735354339426
1404,0.594995398434,0.614038600517
1405,0.688907305891,0.708737124267
1406,0.687462052706,0.707058833684
1407,0.685958872941,0.705215412908
1408,0.684485935735,0.703465603035
1409,0.683582902797,0.702614184925
1410,0.684718998236,0.704207848745
1411,0.686160981573,0.706252207917
1412,0.687564612363,0.708170292335
1413,0.687883869565,0.708922778876
1414,0.685861872705,0.70683486104
1415,0.683126738754,0.703791849795
1416,0.679455335747,0.699826259814
1417,0.676917289712,0.697206805611
1418,0.674531297755,0.694801682305
1419,0.672196797043,0.692418110793
1420,0.669442204001,0.689545313286
1421,0.657070914004,0.674050585438
1422,0.659531815824,0.678175873026
1423,0.657657983628,0.676511416114
1424,0.652949128427,0.671312312306
1425,0.648856731646,0.667134920982
1426,0.6440119677,0.662079887573
1427,0.640178496436,0.658065161984
1428,0.635414989045,0.653055086267
1429,0.640478312123,0.658579995246
1430,0.627572022528,0.644761519443
1431,0.622232177115,0.639101385743
1432,0.616952277103,0.633238201664
1433,0.611506116246,0.627257164347
1434,0.626592944013,0.643972330132
1435,0.604377693027,0.620040979234
1436,0.600439289357,0.616297869276
1437,0.597319088094,0.613398616319
1438,0.594188325384,0.610394200903
1439,0.606601873573,0.623867799101
1440,0.586260038605,0.602364905701
1441,0.581431975567,0.597370144361
1442,0.577373070527,0.593222876405
1443,0.574192027468,0.590430614439
1444,0.581087102587,0.597104868061
1445,0.568298172729,0.583632002136
1446,0.557075787119,0.571984928983
1447,0.551337185607,0.565767714502
1448,0.545009806341,0.558778227485
1449,0.552754254207,0.565552702135
1450,0.537835229237,0.550179546925
1451,0.526900402593,0.538599080047
1452,0.521945261416,0.533156837993
1453,0.516655765177,0.527353292222
1454,0.523233889009,0.53318329639
1455,0.511024478933,0.520642044765
1456,0.501213775015,0.510367991348
1457,0.495881859046,0.504799115239
1458,0.494060752731,0.502962350185
1459,0.501859211546,0.51080760257
1460,0.495379593704,0.504705436707
1461,0.488395762514,0.498040832661
1462,0.485297599494,0.495150037997
1463,0.488116070466,0.498029720409
1464,0.491820611426,0.501600481395
1465,0.487533975308,0.497231976911
1466,0.479707013201,0.489280320384
1467,0.47560972023,0.485117642196
1468,0.478173036365,0.487733703411
1469,0.483176659586,0.492768350093
1470,0.481575399268,0.491299371114
1471,0.475779949674,0.485617486311
1472,0.474399058653,0.484308114925
1473,0.478451031743,0.488292750462
1474,0.481711882043,0.491524012658
1475,0.477669712159,0.48751414586
1476,0.473045414024,0.482973002222
1477,0.474041938244,0.48390254211
1478,0.479445493722,0.489195263102
1479,0.482955820121,0.492555230604
1480,0.48199246614,0.491650108651
1481,0.475906764271,0.485401947092
1482,0.478269619129,0.487849690137
1483,0.485383025838,0.495130256553
1484,0.489866488449,0.499695790707
1485,0.484553640581,0.494550612602
1486,0.485526788997,0.495369948903
1487,0.488341866851,0.497981015685
1488,0.495366975788,0.504685587943
1489,0.502089799351,0.511037560718
1490,0.494055297503,0.502942777761
1491,0.496013726532,0.504910001456
1492,0.501204421979,0.510346362603
1493,0.511088488339,0.520699767267
1494,0.523459272533,0.533410783436
1495,0.516527741176,0.527234375874
1496,0.522162709557,0.533394322414
1497,0.527129979861,0.53883042352
1498,0.537741169068,0.550063789206
1499,0.552829852424,0.565635129787
1500,0.54470678204,0.558472416249
1501,0.551408682122,0.56584308226
1502,0.556943086728,0.571884024532
1503,0.564737904281,0.580075794564
1504,0.58066281931,0.59646427885
1505,0.574176467202,0.590425225001
1506,0.577511582682,0.593354689297
1507,0.581468283259,0.597412886205
1508,0.586158916964,0.602254644252
1509,0.606564382532,0.623810907874
1510,0.594202652265,0.610450237378
1511,0.597185575682,0.613260805263
1512,0.60050613343,0.616360890565
1513,0.607524811225,0.623442520386
1514,0.626496209256,0.643833462158
1515,0.611343859992,0.627113072403
1516,0.617072303145,0.633392779679
1517,0.622226365088,0.63909801457
1518,0.627379421176,0.644576387765
1519,0.63421134776,0.651877718284
1520,0.635669712083,0.653297616115
1521,0.64000324296,0.657897970049
1522,0.644159086019,0.662235112792
1523,0.649393597181,0.66769734754
1524,0.655352327288,0.673842067449
1525,0.657488462319,0.676320065971
1526,0.659041666111,0.677637379002
1527,0.657270282291,0.674285688916
1528,0.669656761999,0.6897879367
1529,0.671748579989,0.691950177995
1530,0.674449999117,0.694677194591
1531,0.677030288966,0.697327004085
1532,0.679736205441,0.70007039632
1533,0.682974296299,0.703633736169
1534,0.686101240322,0.707064473904
1535,0.688105457651,0.709168660534
1536,0.687531449695,0.70816110848
1537,0.686049592637,0.706142706691
1538,0.684666066297,0.704164594539
1539,0.683818527181,0.702822684316
1540,0.683918096175,0.70287989706
1541,0.686090792485,0.705366444013
1542,0.687479454405,0.707086490204
1543,0.68892534624,0.708777305696
1544,0.687587799131,0.70676110782
1545,0.687376981337,0.70651859473
1546,0.686228550021,0.705151721862
1547,0.685146225742,0.703835042678
1548,0.684307783648,0.702927936315
1549,0.684829792752,0.703834062965
1550,0.686173162887,0.705724769457
1551,0.687296537727,0.707414450193
1552,0.687150707489,0.707619056124
1553,0.68647853786,0.707251753557
1554,0.683954929818,0.704476637556
1555,0.680707710098,0.700912655637
1556,0.67735554032,0.697274486091
1557,0.674923296142,0.69461749235
1558,0.672234399906,0.691780439124
1559,0.669182724357,0.68861621292
1560,0.661681238699,0.67915113188
1561,0.648373009502,0.663274536581
1562,0.660093683215,0.678861610487
1563,0.654978747649,0.673265193252
1564,0.65041299073,0.668415797515
1565,0.646374781518,0.664321430319
1566,0.641719196038,0.659512996182
1567,0.638141936605,0.655882413042
1568,0.634402401858,0.651931594687
1569,0.639264518673,0.657035156434
1570,0.625164732504,0.642058498208
1571,0.619842656043,0.636150992375
1572,0.614138372725,0.62991529338
1573,0.60876479856,0.6241356294
1574,0.613262506473,0.628976197614
1575,0.600379094392,0.615809020999
1576,0.596772502284,0.612321228905
1577,0.593106745257,0.608794726371
1578,0.589771938865,0.60557424436
1579,0.594193982555,0.610504381141
1580,0.581511957204,0.597173244655
1581,0.577410221643,0.592985841536
1582,0.57250475623,0.587976331573
1583,0.567335601826,0.582592953792
1584,0.569333285471,0.584798316519
1585,0.562793501198,0.577897332024
1586,0.550545352435,0.56476810753
1587,0.544809040124,0.558473017071
1588,0.538570773811,0.55149899641
1589,0.539044047179,0.551894669436
1590,0.532621018134,0.544758811524
1591,0.52221623099,0.533402136036
1592,0.516869005076,0.527542975363
1593,0.511488793575,0.521664441397
1594,0.51076694494,0.520823975131
1595,0.504693451273,0.514155223582
1596,0.496154367904,0.505023465951
1597,0.492096455212,0.500892436528
1598,0.49108675952,0.500120071053
1599,0.490675091994,0.500101949487
1600,0.488685534076,0.498345257489
1601,0.485212199162,0.494994029149
1602,0.483504768923,0.493379155287
1603,0.483528782721,0.493438394326
1604,0.481525403118,0.491399151656
1605,0.47803516602,0.487502592724
1606,0.47410354774,0.483293293574
1607,0.473104467915,0.482357430797
1608,0.473350509468,0.482779051687
1609,0.473230559497,0.482778150703
1610,0.472632268067,0.482233211769
1611,0.471705755233,0.481390367291
1612,0.472705932134,0.482464564027
1613,0.473345775968,0.483157993816
1614,0.47336236864,0.483181328414
1615,0.472115061207,0.481887453773
1616,0.471695951297,0.481368579989
1617,0.47211178888,0.481681510242
1618,0.473069806113,0.48263032405
1619,0.473988250117,0.483418717044
1620,0.47406104878,0.483307256425
1621,0.474259513727,0.483460426479
1622,0.477131986738,0.48650838105
1623,0.481468797252,0.491303015155
1624,0.481475945881,0.491264735227
1625,0.487868390306,0.497856537275
1626,0.485947632546,0.495844231186
1627,0.488728487345,0.498382446055
1628,0.490793459759,0.500213331829
1629,0.491239956472,0.500279169885
1630,0.492394714093,0.501190138652
1631,0.496180218409,0.50505361769
1632,0.504353523791,0.513814158237
1633,0.510557629416,0.5206154897
1634,0.511410805044,0.521589122276
1635,0.516914524864,0.527590652385
1636,0.522332143189,0.533526810524
1637,0.532743849866,0.544871845713
1638,0.539087994676,0.551940394857
1639,0.538474557713,0.551397592815
1640,0.544666617811,0.558313650335
1641,0.550779891145,0.565009720573
1642,0.559136543592,0.573943707871
1643,0.569271765659,0.584743735322
1644,0.567346524018,0.582618787044
1645,0.572613890379,0.588092343507
1646,0.577372858462,0.592956359612
1647,0.581829037369,0.597513209065
1648,0.594064831456,0.610380196122
1649,0.589613347931,0.605406450963
1650,0.59317626456,0.608868429867
1651,0.596636056763,0.612190442782
1652,0.604202718734,0.619755625281
1653,0.612983053006,0.628690148877
1654,0.608992164458,0.62435022784
1655,0.614425923163,0.630209965819
1656,0.619889851828,0.636201178857
1657,0.625080473482,0.641943482743
1658,0.634195758193,0.651595630639
1659,0.634230433156,0.651754120738
1660,0.638121689145,0.655837418958
1661,0.642189910642,0.66002171689
1662,0.646344169859,0.664273676118
1663,0.656040680619,0.674344109242
1664,0.654857220064,0.673126694167
1665,0.660066044815,0.678841419525
1666,0.6482475402,0.663180144884
1667,0.661507862663,0.678984997268
1668,0.669612737915,0.689038192124
1669,0.672370931051,0.691914678466
1670,0.674805972428,0.694503586125
1671,0.677520184326,0.697408749041
1672,0.680676425781,0.700887238362
1673,0.683573581721,0.704089255274
1674,0.686769283847,0.707525721782
1675,0.687633228507,0.708143815683
1676,0.687192799893,0.707299545179
1677,0.685975902951,0.705533196339
1678,0.684814173703,0.703852556254
1679,0.684084458195,0.70270113752
1680,0.684802425353,0.703481226294
1681,0.685877103205,0.704782735076
1682,0.687144502715,0.706278005231
1683,0.679471313619,0.698048319177
1684,0.678969105531,0.69750878019
1685,0.678039761706,0.696353993308
1686,0.676719301602,0.694879101377
1687,0.67714161853,0.695580474699
1688,0.677746904838,0.696654340913
1689,0.679270648823,0.69872665043
1690,0.679612392343,0.699570743134
1691,0.679675515562,0.699960915689
1692,0.67795468568,0.6983279555
1693,0.674891339547,0.694939988391
1694,0.671879614999,0.691608064405
1695,0.668939136223,0.688397040448
1696,0.666550936136,0.685879917208
1697,0.664442584058,0.68367861282
1698,0.661841579286,0.681030241714
1699,0.653177796668,0.670141201683
1700,0.655912739536,0.674678888812
1701,0.652036665666,0.670439467466
1702,0.647301622212,0.665258639321
1703,0.643442902799,0.661347619657
1704,0.639029746269,0.656813055796
1705,0.635001678126,0.652663118625
1706,0.631332016019,0.648842757055
1707,0.627191546252,0.644436414864
1708,0.622782274484,0.63966360335
1709,0.617493248987,0.633861922271
1710,0.612156199357,0.628012101635
1711,0.60687706052,0.622310625269
1712,0.601493971366,0.616567243451
1713,0.596841423769,0.611869385163
1714,0.592995227493,0.608154584856
1715,0.589107414623,0.604321791276
1716,0.585758202946,0.601078121112
1717,0.582529523979,0.59795412991
1718,0.578535733593,0.593925953836
1719,0.574057056455,0.589309063414
1720,0.56985686607,0.58498277607
1721,0.564669655621,0.579518352481
1722,0.559116181721,0.573647530878
1723,0.553914349306,0.568178744284
1724,0.548770076563,0.56273910568
1725,0.543240688579,0.556787562128
1726,0.537832339454,0.550804960234
1727,0.531970670426,0.544292579834
1728,0.526625152298,0.53838289065
1729,0.521550817361,0.532759314457
1730,0.516217924423,0.526930812864
1731,0.510928169786,0.521144881907
1732,0.505848170336,0.515613102592
1733,0.500957290541,0.510308769047
1734,0.495946479387,0.504902625069
1735,0.491884175905,0.500621377764
1736,0.489059743689,0.497893184841
1737,0.487321987053,0.496493527651
1738,0.485789711936,0.495252040061
1739,0.484497782107,0.494155545522
1740,0.482390132722,0.492110350671
1741,0.480620919626,0.490311392452
1742,0.481380656503,0.49090846788
1743,0.475268769517,0.484469687212
1744,0.472621255984,0.481624476399
1745,0.47126121159,0.480250932065
1746,0.469963223077,0.478968181837
1747,0.469278299711,0.478303739705
1748,0.468909599461,0.478048285009
1749,0.469108242547,0.478425454814
1750,0.469680545605,0.479160360691
1751,0.470342350225,0.479940542344
1752,0.470902456877,0.480594262197
1753,0.47033182076,0.479928764096
1754,0.469732126273,0.479226054792
1755,0.469173769159,0.478486524199
1756,0.468779503946,0.477920879781
1757,0.469361732652,0.47838644153
1758,0.47113026595,0.480172218501
1759,0.471058239223,0.48003598139
1760,0.472847545309,0.481844184468
1761,0.475136288553,0.484305818658
1762,0.477861667591,0.48729630875
1763,0.480799098436,0.490448479347
1764,0.483464806624,0.493202534685
1765,0.484219984476,0.493872724086
1766,0.485953993464,0.495430013758
1767,0.491540391183,0.500838270344
1768,0.490049277989,0.49907242734
1769,0.492287051467,0.501022979141
1770,0.496195525766,0.505155861812
1771,0.501121454836,0.51047917377
1772,0.505821266262,0.515574707704
1773,0.510901629264,0.521117221682
1774,0.516160023944,0.526875604751
1775,0.521317841763,0.532546647666
1776,0.52670016256,0.538439734532
1777,0.532158456592,0.544470867637
1778,0.537862697474,0.550840537434
1779,0.543324243647,0.556859698479
1780,0.548770704092,0.562771872773
1781,0.554076555199,0.568328648719
1782,0.559129706661,0.573652908214
1783,0.564588362206,0.579435687841
1784,0.569646680342,0.584787204938
1785,0.574380325243,0.589643241651
1786,0.578533049197,0.593909080339
1787,0.582442135278,0.597893709251
1788,0.58578688285,0.60113245082
1789,0.589183470104,0.604408733514
1790,0.592914664203,0.608050931548
1791,0.59667266895,0.611696898415
1792,0.601047397835,0.616110580556
1793,0.606604222802,0.622036945325
1794,0.612073000932,0.627955748447
1795,0.617138438623,0.633496155397
1796,0.622753420502,0.639652417812
1797,0.627202971972,0.644461874166
1798,0.631349867948,0.648892247074
1799,0.635025824581,0.652678625552
1800,0.639305775432,0.657111821855
1801,0.643172962145,0.661076854544
1802,0.647396683131,0.665377035983
1803,0.651943706128,0.670346118981
1804,0.655759933475,0.67451772021
1805,0.653052090113,0.670037169389
1806,0.661926818349,0.681115345626
1807,0.664007176105,0.683236359143
1808,0.666483862381,0.685809807758
1809,0.669223401274,0.688704415577
1810,0.671922778852,0.691630451287
1811,0.674982395031,0.695020228356
1812,0.678108702742,0.698475276029
1813,0.679493240687,0.699778212622
1814,0.679942949725,0.699877545132
1815,0.679171781165,0.698623636754
1816,0.677705559418,0.696606470611
1817,0.67695458354,0.695392308495
1818,0.67685960616,0.695021585974
1819,0.678129707285,0.696436482758
1820,0.67901525747,0.697535211977
1821,0.679354193164,0.697945188564
1822,0.659462555997,0.677375280902
1823,0.659147747932,0.677058402481
1824,0.658584314512,0.676403656453
1825,0.657852372652,0.67551366273
1826,0.658134220997,0.675999823435
1827,0.658677102927,0.676923731587
1828,0.65945520607,0.678133935958
1829,0.660360495463,0.679510659797
1830,0.660760041774,0.68030931608
1831,0.659812081058,0.679523078107
1832,0.657975602302,0.677702040409
1833,0.655020047415,0.674393433048
1834,0.652247582825,0.671302922694
1835,0.6497738188,0.668644061896
1836,0.647738880443,0.666512070481
1837,0.645677000085,0.664400382564
1838,0.638687583632,0.655607022325
1839,0.63899581147,0.657022171422
1840,0.63773092904,0.65595719665
1841,0.633632552585,0.651486369841
1842,0.63026068255,0.647915521585
1843,0.626592061993,0.644191155846
1844,0.622820771091,0.640347059231
1845,0.619092679775,0.636415711581
1846,0.615232995188,0.632277098225
1847,0.610883201034,0.62760345014
1848,0.606666873933,0.622999982287
1849,0.601725108145,0.617623151672
1850,0.597165287565,0.612640365784
1851,0.591656716154,0.60665781633
1852,0.586935964359,0.601564920714
1853,0.582577637679,0.597115565816
1854,0.579271164872,0.593918185871
1855,0.575731220923,0.590393416843
1856,0.572206662352,0.586832691583
1857,0.569641366923,0.58444636255
1858,0.566182744732,0.58091665724
1859,0.562399608477,0.577083237955
1860,0.557981397794,0.57256371477
1861,0.553530686265,0.567948228434
1862,0.548807961618,0.563078099869
1863,0.544348732081,0.558426705311
1864,0.539037726464,0.552668244268
1865,0.534056538705,0.547310444885
1866,0.529704079856,0.54257279183
1867,0.523865941905,0.536086879272
1868,0.523381305106,0.535057631744
1869,0.512968968665,0.523914180115
1870,0.50725078426,0.517574851435
1871,0.502089153857,0.511899832217
1872,0.497461475664,0.506832430916
1873,0.494062100193,0.503209511927
1874,0.493771832542,0.502558239252
1875,0.486543612312,0.495265822982
1876,0.48456973128,0.493572298475
1877,0.48363025332,0.493049774503
1878,0.485753530733,0.49534478806
1879,0.480056021462,0.48968021048
1880,0.478412879549,0.488063772536
1881,0.476814961191,0.486400159269
1882,0.478036123465,0.487503718088
1883,0.472828169866,0.482297408368
1884,0.471043906034,0.480439401004
1885,0.469557652847,0.478844513464
1886,0.468114428231,0.477289419186
1887,0.467760288289,0.477031573658
1888,0.465986626942,0.474943110564
1889,0.467401501372,0.476804915783
1890,0.467374783124,0.476865733095
1891,0.467486971248,0.477033589533
1892,0.467804257013,0.477353330456
1893,0.467414249623,0.47689993446
1894,0.467285546605,0.476686857355
1895,0.466046611462,0.474987427633
1896,0.467681934532,0.476942352149
1897,0.468109496325,0.477253267484
1898,0.469657817639,0.478955066764
1899,0.471145065473,0.48055092991
1900,0.473088972113,0.482579850227
1901,0.474021688121,0.483425643515
1902,0.476350519147,0.485952949234
1903,0.480680741229,0.490385605464
1904,0.484274417262,0.493988184058
1905,0.482116868595,0.491710971004
1906,0.487575983247,0.496957974802
1907,0.485658572455,0.494804294875
1908,0.486246927299,0.494972379158
1909,0.489408193353,0.498133702397
1910,0.493281451418,0.502273028752
1911,0.497511357791,0.506883155289
1912,0.502039258033,0.51185920916
1913,0.507301698481,0.517633838514
1914,0.513005760204,0.52394758969
1915,0.517853775228,0.529366568592
1916,0.523458473456,0.535622471472
1917,0.529671901781,0.542552254908
1918,0.534202659463,0.54745769714
1919,0.539060580453,0.552693597665
1920,0.544226747111,0.558294168663
1921,0.54863001536,0.562901410138
1922,0.553225744272,0.567656511618
1923,0.557955265097,0.57253872938
1924,0.562358443328,0.577066926674
1925,0.566159397348,0.580882722973
1926,0.569559867282,0.584358708621
1927,0.572275059884,0.586881367157
1928,0.575712276549,0.590343989134
1929,0.579166161973,0.593799127299
1930,0.582886659142,0.597422267677
1931,0.586919558606,0.601536988721
1932,0.59197222166,0.606994192727
1933,0.596977800655,0.612456666687
1934,0.601833403944,0.617710666161
1935,0.606448177465,0.622767989143
1936,0.610668317989,0.627381311012
1937,0.614998808234,0.632048322907
1938,0.61911008747,0.636430299146
1939,0.632716760393,0.650440651364
1940,0.626807310963,0.644546344566
1941,0.630246886005,0.647921383566
1942,0.633923861144,0.651772456351
1943,0.637666221725,0.655880595555
1944,0.639274379722,0.657327040888
1945,0.638438417602,0.6553239961
1946,0.645288716741,0.664003102775
1947,0.647865546302,0.666650118273
1948,0.649594310692,0.668471375608
1949,0.652487237213,0.671559236401
1950,0.655179639043,0.674575804912
1951,0.658072813936,0.677783904725
1952,0.659818453971,0.679560708224
1953,0.660531790362,0.680050285263
1954,0.660302776536,0.679448845226
1955,0.65941226649,0.6780876049
1956,0.658585873321,0.67681398639
1957,0.658083064456,0.675941495257
1958,0.657674523897,0.675332199489
1959,0.65896604994,0.676775820308
1960,0.659173372585,0.677066809018
1961,0.410565254288,0.423718421348
1962,0.507165043711,0.523409036983
1963,0.618982598356,0.63799942923
1964,0.695566613909,0.716490181997
1965,0.641350522367,0.66110799268
1966,0.528074127168,0.544677304304
1967,0.416941390942,0.430369556107
1968,0.483726697991,0.499588465394
1969,0.597090933105,0.616148943067
1970,0.687641451598,0.709039296068
1971,0.65373867305,0.673530076042
1972,0.542662936754,0.558927624959
1973,0.426045007456,0.438773690627
1974,0.455416462966,0.470364137826
1975,0.57056884135,0.589292975041
1976,0.663465016637,0.683510888915
1977,0.654624127876,0.673516716901
1978,0.555861890175,0.571494597837
1979,0.441668653307,0.4539887187
1980,0.426930303573,0.439732785529
1981,0.535994105734,0.552411237468
1982,0.63268916561,0.650816279148
1983,0.65100407686,0.669290381857
1984,0.568980055817,0.585116524676
1985,0.462427868034,0.476572541741
1986,0.4241085622,0.435318804541
1987,0.500319163863,0.514333412209
1988,0.598184267647,0.614994852483
1989,0.638683339874,0.656640009158
1990,0.580739184393,0.598315249121
1991,0.478045348097,0.493224638911
1992,0.426443736132,0.436109326431
1993,0.48429394452,0.497975730884
1994,0.564836434098,0.58050166576
1995,0.613476734963,0.629106985412
1996,0.573801124905,0.58928824305
1997,0.483636617922,0.497748454125
1998,0.418660328165,0.427529315828
1999,0.474923935379,0.488270126543
2000,0.537445661914,0.55310894961
2001,0.592876211552,0.609079174113
2002,0.570522875133,0.586211798717
2003,0.488407695072,0.502834011124
2004,0.405241645186,0.415801944785
2005,0.464552586848,0.476298283597
2006,0.524234519361,0.539240569499
2007,0.566728901451,0.582245685665
2008,0.558481614366,0.573578226032
2009,0.486470459793,0.499903865306
2010,0.409683794752,0.420114776829
2011,0.462887608251,0.472073451264
2012,0.486057919595,0.497961174669
2013,0.527985612664,0.540043765323
2014,0.532712946761,0.544362070932
2015,0.479198011771,0.490392044299
2016,0.424214447661,0.4334051751
2017,0.441848850985,0.450166471824
2018,0.466191759612,0.476108767762
2019,0.495644672704,0.50498528458
2020,0.506413632517,0.515458281719
2021,0.469648411665,0.479688907487
2022,0.418428321369,0.427757509159
2023,0.443578205593,0.451131143997
2024,0.449592320318,0.457982168156
2025,0.471296681093,0.479523714325
2026,0.485598061521,0.493945902532
2027,0.467750868464,0.478186649854
2028,0.426282421001,0.435596148198
2029,0.415727484868,0.421883391478
2030,0.456608730388,0.465430631634
2031,0.463881990943,0.472976622498
2032,0.477528016575,0.486327911075
2033,0.457851977152,0.46705379646
2034,0.418216224911,0.427609116973
2035,0.415979105428,0.422391893775
2036,0.443159354508,0.451826450424
2037,0.453730121854,0.463322790102
2038,0.470463533808,0.47972564675
2039,0.455472719186,0.464849073739
2040,0.432558723398,0.441397861059
2041,0.413790669783,0.420142797294
2042,0.435176314986,0.443645037453
2043,0.451952025369,0.461195207046
2044,0.469599813365,0.479011479756
2045,0.451729177599,0.460970615787
2046,0.435179083642,0.443643314422
2047,0.413869959633,0.420220013238
2048,0.43267371448,0.441505429036
2049,0.451852933164,0.461071893521
2050,0.470471213777,0.479727118857
2051,0.457068007019,0.466726411237
2052,0.443070474909,0.451731738261
2053,0.415976342272,0.422380505559
2054,0.418244518932,0.427634629959
2055,0.455641253094,0.464835559767
2056,0.476160980086,0.48488381873
2057,0.471757532233,0.481080870412
2058,0.457536948738,0.466557255144
2059,0.430839062969,0.437516189932
2060,0.419565205062,0.428887861075
2061,0.466745634223,0.476986251695
2062,0.486415692277,0.494644289909
2063,0.475034286491,0.483324794913
2064,0.450389100641,0.459004596528
2065,0.424701289891,0.431598803965
2066,0.418378515855,0.427714152094
2067,0.469963999989,0.480002009698
2068,0.5063160077,0.515355743055
2069,0.495538405466,0.504887609195
2070,0.46608235587,0.476021134771
2071,0.441835495132,0.450152824393
2072,0.413968738013,0.423011450999
2073,0.47913176692,0.490317006741
2074,0.532879943004,0.544532665123
2075,0.527740274627,0.539805377176
2076,0.486238567199,0.49815745501
2077,0.462741004634,0.471941466942
2078,0.40960202651,0.420019125354
2079,0.486347994047,0.499768746402
2080,0.558307469909,0.573398659813
2081,0.566480195626,0.581997758124
2082,0.5119117314,0.526452052233
2083,0.464772676472,0.476527203951
2084,0.405065746152,0.415619132236
2085,0.488544101642,0.502989850859
2086,0.570372702255,0.586014142719
2087,0.593030362088,0.60924250732
2088,0.537315471596,0.552967981378
2089,0.465439995809,0.47852892698
2090,0.418530718234,0.427402753742
2091,0.483757342404,0.497861091446
2092,0.574294841532,0.589748262253
2093,0.61307132418,0.628712619443
2094,0.56458758183,0.580254055649
2095,0.484122884866,0.497788849627
2096,0.426428458731,0.43608176422
2097,0.477673268776,0.492870752142
2098,0.580319646866,0.597887700717
2099,0.638741243662,0.656697947433
2100,0.598010450384,0.614804689132
2101,0.509865116081,0.524248351667
2102,0.41413467789,0.425595153047
2103,0.460847751314,0.474674377358
2104,0.569370518295,0.585485194294
2105,0.651107748968,0.669367076819
2106,0.632793706119,0.650926157183
2107,0.536189357003,0.552596009597
2108,0.427027833567,0.439831018973
2109,0.442133169752,0.45444206477
2110,0.556000329022,0.571631719508
2111,0.654935126074,0.67383535065
2112,0.663323341986,0.683350358671
2113,0.570823113236,0.5895250079
2114,0.455170457956,0.470116283918
2115,0.426302393631,0.439043295499
2116,0.542960419957,0.559252395538
2117,0.65396670962,0.673779970365
2118,0.687441149942,0.70882344685
2119,0.596958993018,0.616023823263
2120,0.483691152953,0.499529633886
2121,0.417070009306,0.430525729242
2122,0.528096539777,0.544705096839
2123,0.641523434789,0.661262504388
2124,0.695335630092,0.716238421734
2125,0.619427666938,0.638442451412
2126,0.507333982517,0.523609186046
2127,0.691870020827,0.713287777782
2128,0.689593837812,0.710849107566
2129,0.687753895238,0.708721533714
2130,0.687459255712,0.708333186481
2131,0.686778996567,0.707606141506
2132,0.688009228774,0.708995929373
2133,0.688709883697,0.710042674554
2134,0.687817954131,0.709383914717
2135,0.686771443971,0.708462141768
2136,0.687040471714,0.708981519514
2137,0.68647895637,0.708610550397
2138,0.685593951324,0.707559824081
2139,0.683100380915,0.704887478515
2140,0.678609457902,0.699989044011
2141,0.673599498063,0.694361871983
2142,0.671576112775,0.692225748151
2143,0.670405479396,0.691121696516
2144,0.668952519069,0.689641802436
2145,0.66904048047,0.689778624794
2146,0.655537499417,0.67297205282
2147,0.65766533326,0.677457092915
2148,0.654417942293,0.673776015973
2149,0.65228872935,0.671407657984
2150,0.64876007787,0.667597170779
2151,0.664370546294,0.684245246367
2152,0.644460268959,0.663286385889
2153,0.636116866803,0.65454477705
2154,0.632730683735,0.651071608889
2155,0.631492997576,0.64993441952
2156,0.627904924411,0.646185610909
2157,0.65172419954,0.672321084567
2158,0.630172756067,0.648658944116
2159,0.614292919267,0.631618616656
2160,0.608723647671,0.625462887333
2161,0.606539507733,0.623121842323
2162,0.602987793949,0.619509813844
2163,0.627302876129,0.646693687579
2164,0.613192283126,0.631271292566
2165,0.592095666459,0.608790447375
2166,0.587405936897,0.60402113242
2167,0.585896735943,0.602605907171
2168,0.583120463869,0.599944194829
2169,0.592758776207,0.610232777635
2170,0.592069917891,0.609373601048
2171,0.575453160064,0.591936292719
2172,0.564737435039,0.580709560245
2173,0.562013970642,0.577968592858
2174,0.558705043954,0.574755321871
2175,0.561008378268,0.576609466454
2176,0.562483942066,0.577435644154
2177,0.545529106795,0.559917321524
2178,0.533383648903,0.54690308966
2179,0.52934727998,0.542354110306
2180,0.524938268705,0.5375126455
2181,0.528799306347,0.540697208397
2182,0.528331005195,0.539558713894
2183,0.516433572086,0.52733857003
2184,0.50387182777,0.514149393932
2185,0.500144717938,0.51010727092
2186,0.496310299869,0.50597122622
2187,0.4997084876,0.508789932881
2188,0.499209296642,0.507692524056
2189,0.491503562123,0.499796408783
2190,0.480042608304,0.488361286731
2191,0.476634189982,0.485170176975
2192,0.476771548522,0.485569700145
2193,0.481509519742,0.490388313556
2194,0.485467307596,0.494428452449
2195,0.48335099183,0.492546797606
2196,0.474937806758,0.484541268918
2197,0.470404062126,0.480202969451
2198,0.469804001301,0.479958745023
2199,0.469876075553,0.480024690711
2200,0.471547119882,0.481325233857
2201,0.476775983082,0.486325453719
2202,0.483294475267,0.492478899983
2203,0.485210582771,0.494181772475
2204,0.480831117459,0.489741873049
2205,0.475582010546,0.484388920208
2206,0.477053909459,0.485558039958
2207,0.481204061961,0.489475931617
2208,0.491656751739,0.499950041172
2209,0.499307830247,0.507795588283
2210,0.499505512853,0.508591421385
2211,0.496510369316,0.506182264978
2212,0.500292123862,0.510247754552
2213,0.503948894413,0.51422508155
2214,0.516055474953,0.526958886072
2215,0.528424166585,0.539655008074
2216,0.528620023958,0.540506986956
2217,0.525025819998,0.537630461211
2218,0.529184452292,0.542212148288
2219,0.533456429516,0.546968492482
2220,0.545726039075,0.560139044376
2221,0.562675725964,0.577638958532
2222,0.560838113285,0.576424155265
2223,0.558380992114,0.574415550114
2224,0.561753427244,0.577722561053
2225,0.564444146091,0.580418805107
2226,0.57209233726,0.58848209002
2227,0.592106239744,0.609370366368
2228,0.592663739465,0.610143491955
2229,0.582965394533,0.599774786946
2230,0.585967116286,0.602685806972
2231,0.587517155414,0.604124965752
2232,0.592093952295,0.608786521161
2233,0.609300419692,0.627024005046
2234,0.627658279956,0.647033000728
2235,0.602889415032,0.619390605862
2236,0.606566523848,0.623146225368
2237,0.608634095897,0.625382562212
2238,0.614221148526,0.631592733887
2239,0.630240085808,0.648729600626
2240,0.651933767191,0.672504826485
2241,0.628129841523,0.646440059196
2242,0.631523384313,0.649983466774
2243,0.632503348298,0.650843553607
2244,0.637380543338,0.655970017682
2245,0.643429807932,0.66220940527
2246,0.659054453883,0.678658919514
2247,0.648143835965,0.666965710978
2248,0.652031604628,0.671150474617
2249,0.654443097049,0.673843075247
2250,0.657550613747,0.677346589121
2251,0.655373868947,0.672823844647
2252,0.668691980877,0.689405057937
2253,0.668966519074,0.689666151581
2254,0.670498112943,0.691192271036
2255,0.671740623844,0.692391833978
2256,0.673335461058,0.694119204508
2257,0.679058169297,0.700481167855
2258,0.682792911411,0.704566463838
2259,0.685590485407,0.707600929258
2260,0.686763784109,0.708900828821
2261,0.687152045961,0.709097942986
2262,0.686473459072,0.708174516619
2263,0.687730878821,0.709300538125
2264,0.688625091376,0.709963872171
2265,0.688194309991,0.709203673368
2266,0.686946950263,0.707766104317
2267,0.687530476785,0.708380846807
2268,0.687835655421,0.708764472666
2269,0.689561805467,0.71081663726
2270,0.691534209123,0.712943458628
2271,0.658413288407,0.676960513972
2272,0.65822909243,0.676775284058
2273,0.657554716213,0.675937419492
2274,0.656613494575,0.674869477403
2275,0.656180039706,0.67427842921
2276,0.655171350227,0.673244905043
2277,0.656414058891,0.674806744751
2278,0.657206213117,0.675941565405
2279,0.657779861591,0.67693564157
2280,0.657432072175,0.676878588206
2281,0.657041477533,0.67672286629
2282,0.655979828346,0.67566092795
2283,0.653162915796,0.672612929638
2284,0.650887358661,0.67006438781
2285,0.6484275044,0.667417093953
2286,0.646878577914,0.665777431506
2287,0.644853469906,0.663670211034
2288,0.642892384932,0.661646105898
2289,0.641035484643,0.659751412348
2290,0.645286429632,0.663409019622
2291,0.636892662296,0.655486735894
2292,0.633869508267,0.65217304784
2293,0.630398153699,0.648274687032
2294,0.626116541534,0.643565706473
2295,0.622682248782,0.639993501278
2296,0.647287115874,0.665968516015
2297,0.616359449052,0.633535684366
2298,0.613607154799,0.630749777249
2299,0.610280117229,0.627268078119
2300,0.607157322792,0.623958604267
2301,0.603437946412,0.620006781095
2302,0.623259320134,0.640665935313
2303,0.611724059484,0.628144448494
2304,0.590586096641,0.605984111932
2305,0.58605395029,0.601035619539
2306,0.582077230456,0.596905527714
2307,0.578869615267,0.593750961766
2308,0.596548608547,0.612391922164
2309,0.593000472182,0.608962403006
2310,0.569637072836,0.584843246539
2311,0.567303529653,0.582625300226
2312,0.564535390736,0.579888822715
2313,0.561445273961,0.576757145966
2314,0.576428940232,0.592545324307
2315,0.572224318127,0.588186715163
2316,0.56296732095,0.578403204068
2317,0.546798402501,0.561683882642
2318,0.542720694713,0.557388574722
2319,0.538347458308,0.55274937554
2320,0.549101284507,0.564056549883
2321,0.544509961293,0.559269882573
2322,0.534322542644,0.548134700085
2323,0.519317664527,0.53200769808
2324,0.514204347228,0.526323585153
2325,0.509621092931,0.52123867274
2326,0.517736868987,0.529796978925
2327,0.512289190174,0.523774005953
2328,0.507229284649,0.518282168988
2329,0.492244772239,0.502241212664
2330,0.49178833674,0.501334481197
2331,0.483207839924,0.492242310754
2332,0.487626325148,0.496744896584
2333,0.482799500348,0.491519331221
2334,0.491473670455,0.503028949876
2335,0.491305644321,0.502859351773
2336,0.483137661294,0.491846211445
2337,0.487499021567,0.496619376646
2338,0.487623717657,0.496768473779
2339,0.487634007769,0.497178098745
2340,0.496414888529,0.506423159149
2341,0.508063951956,0.51925697139
2342,0.512699119932,0.524230655187
2343,0.517690960489,0.529749153471
2344,0.509451689785,0.521059226898
2345,0.514019816165,0.526082846618
2346,0.519178170111,0.53182624373
2347,0.534332418909,0.548152279808
2348,0.544661517247,0.559402604477
2349,0.548768868303,0.563746636131
2350,0.538132939517,0.552509381538
2351,0.542512478113,0.557177239202
2352,0.546661748926,0.561512257821
2353,0.555125671934,0.570248225145
2354,0.572325227405,0.588285949155
2355,0.576385749055,0.592488189282
2356,0.561326797502,0.576626846341
2357,0.564507985525,0.579870464008
2358,0.567163797332,0.582493909419
2359,0.569881024263,0.585104235182
2360,0.592173438392,0.608016793591
2361,0.596542119622,0.612373787185
2362,0.578885490078,0.593715206636
2363,0.582071679723,0.596913225803
2364,0.586421289414,0.601452716366
2365,0.590669444634,0.606099124967
2366,0.612067292158,0.628471848187
2367,0.623115250289,0.640531208961
2368,0.603628791239,0.620200165323
2369,0.606961059105,0.62374913431
2370,0.610255857154,0.627254980068
2371,0.613313081395,0.630429144609
2372,0.616421556891,0.63360774785
2373,0.647246642748,0.6659449702
2374,0.622393546881,0.639702780354
2375,0.626017367599,0.64343225603
2376,0.629978831916,0.647852190676
2377,0.634004480868,0.652307142267
2378,0.636911412022,0.65547647832
2379,0.645520401195,0.663622937059
2380,0.641392854276,0.660128186469
2381,0.642852061889,0.661612900299
2382,0.644716463397,0.663536541199
2383,0.646775366713,0.665651125145
2384,0.648557025623,0.667560383143
2385,0.650861453142,0.670050155657
2386,0.653199447298,0.672652968761
2387,0.656109128874,0.675847798574
2388,0.657138592652,0.676820013792
2389,0.657749049154,0.677218457971
2390,0.657685780423,0.676837966498
2391,0.65722793166,0.675981598145
2392,0.656210300625,0.674591762378
2393,0.65550812055,0.673586031504
2394,0.656099389205,0.67419228225
2395,0.656763435791,0.674984628086
2396,0.657495234137,0.675882958145
2397,0.65855006119,0.67710133092
2398,0.593235419861,0.610564065986
2399,0.593478942333,0.610815838516
2400,0.59266333734,0.609898488331
2401,0.591999484609,0.609109242872
2402,0.600266053529,0.617483194915
2403,0.600377220296,0.617752323659
2404,0.591891121558,0.609336634032
2405,0.591591021125,0.609174875962
2406,0.591635094844,0.609470067568
2407,0.591351889031,0.609294124148
2408,0.590284597814,0.608308230568
2409,0.588616554748,0.6064906893
2410,0.586196878812,0.603764091356
2411,0.584776286841,0.602124846778
2412,0.592267271312,0.609701451652
2413,0.590257311933,0.607554106744
2414,0.580728102576,0.597854357777
2415,0.587777936226,0.604998903052
2416,0.578334926162,0.595466409628
2417,0.581024116827,0.596861695593
2418,0.574960106366,0.591827817445
2419,0.572441806157,0.589023315884
2420,0.572011890541,0.588854399731
2421,0.595228816151,0.61212569861
2422,0.573939596291,0.590268582603
2423,0.563479604718,0.57968571667
2424,0.561300366368,0.577449082593
2425,0.559234865404,0.575209485695
2426,0.556836668156,0.57261480612
2427,0.554250646674,0.569844852602
2428,0.558929824027,0.574344262369
2429,0.548269297493,0.56324337994
2430,0.552868552855,0.56763098932
2431,0.542111417681,0.556437607261
2432,0.538975322444,0.553063157433
2433,0.536245655805,0.550302534409
2434,0.541134875663,0.555327500081
2435,0.538761726938,0.553038052173
2436,0.536330830979,0.550628322345
2437,0.527758709502,0.542024611751
2438,0.532008198507,0.546427229131
2439,0.529602115409,0.54398394214
2440,0.527083577525,0.541362647067
2441,0.524356389198,0.538566862739
2442,0.52092969643,0.535015434846
2443,0.517856582699,0.531710369701
2444,0.527086053628,0.540925667015
2445,0.523124758766,0.536624689006
2446,0.518995696046,0.532207789595
2447,0.503710927009,0.516399350397
2448,0.511622271202,0.524171783923
2449,0.496940089904,0.508894634745
2450,0.505739224869,0.517991883208
2451,0.501120562107,0.512811393762
2452,0.497050951679,0.508279548421
2453,0.492348469093,0.502969530395
2454,0.48302193338,0.494306919296
2455,0.492901830332,0.504423052584
2456,0.492886669172,0.503652501993
2457,0.497074449676,0.508296189555
2458,0.490615378493,0.502080782637
2459,0.494101055559,0.506006476221
2460,0.496530389585,0.508483830499
2461,0.499935992168,0.512291315597
2462,0.515449495302,0.528410056822
2463,0.507052567696,0.519994492413
2464,0.510212903734,0.52340927926
2465,0.514042489429,0.527580431904
2466,0.517605865638,0.531478779114
2467,0.521092822267,0.535166782092
2468,0.518022155974,0.532113934283
2469,0.520706887091,0.534882090068
2470,0.529460023117,0.543797560548
2471,0.532406387791,0.54681544556
2472,0.527645790972,0.541906309981
2473,0.529668617249,0.543869198108
2474,0.531945631312,0.546130840381
2475,0.541026254507,0.555231497263
2476,0.543491461922,0.557606631484
2477,0.546517885598,0.560784616726
2478,0.550065504562,0.564606752905
2479,0.545248830576,0.559858356747
2480,0.548307260698,0.563254342896
2481,0.559010148623,0.574423126168
2482,0.562008225954,0.577717336522
2483,0.557057992838,0.572905262808
2484,0.566950211093,0.583077380279
2485,0.561668501374,0.577923928588
2486,0.571503311047,0.587854638881
2487,0.574305781181,0.59081590893
2488,0.595027345795,0.611930297683
2489,0.571677925501,0.588490166372
2490,0.5727100177,0.589316174217
2491,0.574857216541,0.591733823762
2492,0.581429358906,0.597278794063
2493,0.578001340417,0.595133718227
2494,0.578893175915,0.595918105125
2495,0.580508996381,0.597565076983
2496,0.581614718021,0.598720542818
2497,0.582832464146,0.5999797191
2498,0.613342056741,0.631270412667
2499,0.595823316481,0.61368054611
2500,0.588556792801,0.606464567372
2501,0.590178436216,0.608179539523
2502,0.600033528851,0.618178577005
2503,0.591631641728,0.609453621686
2504,0.591726167903,0.609367506277
2505,0.600887361303,0.618493737666
2506,0.591582764486,0.608785935422
2507,0.591455252235,0.608501927356
2508,0.591706467669,0.608841504261
2509,0.592522971977,0.609741298509
2510,0.592879411958,0.610225898161
2511,0.593234575703,0.610606611268
2512,0.575346039077,0.592081975806
2513,0.575281211031,0.592004896683
2514,0.575025859867,0.591737862936
2515,0.574825869273,0.591423645016
2516,0.574387743123,0.590936073302
2517,0.575447398229,0.592300175298
2518,0.575033210016,0.591988684785
2519,0.574587527893,0.591533411547
2520,0.574780283656,0.591885198955
2521,0.574782273249,0.592043643581
2522,0.574313273386,0.591663613875
2523,0.573269611579,0.590685428639
2524,0.57167473658,0.588910011045
2525,0.569450416605,0.58637359179
2526,0.567995104146,0.584701837215
2527,0.567393328569,0.584169526643
2528,0.573437924026,0.590253509585
2529,0.564231041209,0.580786000882
2530,0.562983288996,0.57953868186
2531,0.562222524037,0.578836898995
2532,0.568339363437,0.585013668132
2533,0.558544712083,0.574866566459
2534,0.557389853572,0.573680299099
2535,0.562600378555,0.578762997516
2536,0.553169214299,0.569292914325
2537,0.557811506508,0.573873760209
2538,0.548452762362,0.564379476633
2539,0.55361308543,0.569450277928
2540,0.551145433493,0.566787321855
2541,0.54883167745,0.564232958711
2542,0.540201195114,0.555430473699
2543,0.559322192978,0.574430048057
2544,0.542171226543,0.556962752992
2545,0.538276252399,0.552687956578
2546,0.550169575814,0.564448615422
2547,0.53208864857,0.545887775559
2548,0.523842639719,0.537583239737
2549,0.541607046026,0.555500671525
2550,0.518085438532,0.531423983943
2551,0.52081257302,0.53378059734
2552,0.532508456695,0.545702787805
2553,0.512824779167,0.526288818407
2554,0.529465795971,0.543206182943
2555,0.515198232232,0.529066283995
2556,0.5127322644,0.526513220377
2557,0.50392059751,0.517438057904
2558,0.501971484381,0.51536644865
2559,0.498547414551,0.511666170867
2560,0.496088066716,0.50903977951
2561,0.508693965112,0.52171422705
2562,0.494851622502,0.507403562853
2563,0.491187426149,0.503462608349
2564,0.489915685126,0.502072730306
2565,0.499898911724,0.512222922884
2566,0.50272742201,0.515257132015
2567,0.505903176621,0.518727442034
2568,0.498261920375,0.511091064482
2569,0.500201303612,0.51320145557
2570,0.515172174586,0.528587300459
2571,0.506608855918,0.520020917851
2572,0.503901281189,0.517410368712
2573,0.512577636627,0.526340168084
2574,0.508696678654,0.522381831602
2575,0.509753942326,0.523078654303
2576,0.518527632988,0.532092251297
2577,0.512683711051,0.525569092351
2578,0.534164346068,0.547308215491
2579,0.524038218144,0.537349973381
2580,0.526293520143,0.53980871748
2581,0.544525195863,0.558506310557
2582,0.547834933797,0.562064742549
2583,0.536694556788,0.551037823483
2584,0.538977254782,0.553529085972
2585,0.540606940128,0.555266765498
2586,0.543586477692,0.558471699878
2587,0.563337371314,0.578888545733
2588,0.542588714598,0.558050398894
2589,0.543631627425,0.559089745391
2590,0.546311950619,0.562056751599
2591,0.555860356311,0.571860022394
2592,0.551081057996,0.567156354598
2593,0.560174296824,0.576277771149
2594,0.563504114355,0.579848596425
2595,0.564727515368,0.581172858158
2596,0.558996579587,0.575453017996
2597,0.567948907696,0.584618996085
2598,0.562090914457,0.578718679535
2599,0.563126876718,0.579667006731
2600,0.571681816684,0.588392642742
2601,0.565336977516,0.581971580084
2602,0.566366471118,0.582999119291
2603,0.576911157053,0.594051439749
2604,0.570309971212,0.587398883676
2605,0.571576242803,0.588816019332
2606,0.573375345011,0.590814444359
2607,0.583069586461,0.600784700621
2608,0.574921985502,0.592197567429
2609,0.574694201594,0.591823186651
2610,0.575196677016,0.592310104973
2611,0.574423295551,0.591216708394
2612,0.574152327375,0.590737993541
2613,0.57386326145,0.590293670501
2614,0.574646092889,0.591229946457
2615,0.575121884584,0.591829836456
2616,0.57543423708,0.592124651508
2617,0.489343977152,0.505258709532
2618,0.549980587856,0.568410536697
2619,0.628829654607,0.649815113557
2620,0.698134031675,0.721492335426
2621,0.696169635939,0.719485134914
2622,0.629328318969,0.650305748474
2623,0.547173721487,0.56524837565
2624,0.488246292888,0.504069098484
2625,0.548927636053,0.567383475699
2626,0.626402210684,0.647395019664
2627,0.694713632183,0.718080642793
2628,0.687142632795,0.709812948819
2629,0.618737269424,0.63877755646
2630,0.537218696906,0.554148649685
2631,0.48138489833,0.496312854424
2632,0.543796532798,0.561813690724
2633,0.619159721893,0.639657797293
2634,0.684419858191,0.706450904267
2635,0.673667553454,0.694730020642
2636,0.609131650022,0.627514644004
2637,0.52399028492,0.538926956462
2638,0.480152303583,0.494353442915
2639,0.535383396101,0.552446594962
2640,0.612868289329,0.631718142229
2641,0.66321087214,0.683078148042
2642,0.651781480696,0.671003111052
2643,0.588030193116,0.605001100964
2644,0.530806817159,0.547316806216
2645,0.55415829205,0.569287344072
2646,0.533379746328,0.548990553592
2647,0.590079415993,0.607273419819
2648,0.645484077281,0.664616927718
2649,0.635446685424,0.654639491528
2650,0.581604616319,0.5997221431
2651,0.519458576305,0.535798608922
2652,0.547016824631,0.562089313216
2653,0.568876361789,0.585956132261
2654,0.58324141995,0.600802738293
2655,0.628924414376,0.647790184373
2656,0.614575614866,0.633244247285
2657,0.570573826567,0.587789324056
2658,0.502862045538,0.517727257688
2659,0.533889036066,0.548026999372
2660,0.531722003168,0.547317307553
2661,0.564191087777,0.581037284906
2662,0.604122350006,0.622087621247
2663,0.590285526426,0.608007084207
2664,0.549326258851,0.565657514195
2665,0.480813385954,0.495048417887
2666,0.571170869337,0.586710418963
2667,0.518177852588,0.532654897292
2668,0.548899647261,0.564924128016
2669,0.576205464539,0.592786050998
2670,0.563635972592,0.579848498098
2671,0.518318744623,0.533211141354
2672,0.521636241045,0.536606511982
2673,0.563417343683,0.579645516124
2674,0.576050959298,0.592644639544
2675,0.546701527141,0.562567423703
2676,0.508114872274,0.522205512541
2677,0.519115719489,0.532221628374
2678,0.488537238746,0.502904103319
2679,0.538417476873,0.554556289086
2680,0.590851475444,0.608291422577
2681,0.602560914359,0.620512619772
2682,0.567320665561,0.584256044687
2683,0.533710902403,0.54930104175
2684,0.593823190743,0.610712834213
2685,0.519940975357,0.535472871693
2686,0.563481020259,0.580704791239
2687,0.615297468169,0.633871519982
2688,0.6254844897,0.644127625664
2689,0.583594906848,0.601152513514
2690,0.525217155802,0.540796628188
2691,0.559498737997,0.575679775226
2692,0.509381662148,0.525323900554
2693,0.577298123822,0.59530743213
2694,0.637163747386,0.656581826077
2695,0.64424838917,0.663272808569
2696,0.598126395364,0.615693496801
2697,0.522823976246,0.538111322294
2698,0.578843599754,0.594723241731
2699,0.530966072986,0.547466570579
2700,0.593325071806,0.610473578947
2701,0.651588583976,0.670770985619
2702,0.663481367459,0.683378954539
2703,0.613159632057,0.632024027694
2704,0.535383119164,0.552420273503
2705,0.489933452649,0.504274387197
2706,0.535779476693,0.551317684619
2707,0.603878242401,0.622043986739
2708,0.669446332032,0.690159336446
2709,0.679377332995,0.700968829827
2710,0.631042466236,0.652346551873
2711,0.54500314793,0.563137409098
2712,0.486182968214,0.501177259132
2713,0.537155471073,0.55413449376
2714,0.624814042394,0.645169194856
2715,0.691632873976,0.714696674672
2716,0.695015509162,0.718384579713
2717,0.626416193402,0.64739781239
2718,0.54984616665,0.568366338954
2719,0.488267934964,0.504111248826
2720,0.546856624038,0.564938156548
2721,0.626961899314,0.647806136647
2722,0.696216207572,0.7195116966
2723,0.697898956319,0.721267084613
2724,0.628405536401,0.649376394359
2725,0.549712467738,0.568151629517
2726,0.666107937467,0.68566156404
2727,0.663193540994,0.682552352148
2728,0.658618890965,0.677469450276
2729,0.655936768437,0.674419385552
2730,0.657191474554,0.675736783648
2731,0.659126127954,0.677741413783
2732,0.660832909863,0.679659521106
2733,0.661698944481,0.680845575679
2734,0.659927471113,0.679262861275
2735,0.657217076255,0.676710941775
2736,0.655920771892,0.675533966817
2737,0.659026466023,0.67917163515
2738,0.660724108246,0.681094816065
2739,0.661245645658,0.681793779529
2740,0.659122678266,0.679523510199
2741,0.65461068144,0.67470398005
2742,0.648385268929,0.667804708344
2743,0.646142431729,0.665378465878
2744,0.65029653365,0.67006907197
2745,0.64863413555,0.668410182458
2746,0.650265416024,0.670263288093
2747,0.647400172115,0.667372032627
2748,0.640928920478,0.660430910244
2749,0.638541424022,0.657687427094
2750,0.632166424102,0.650698814157
2751,0.632609215584,0.651119355957
2752,0.630634452479,0.648884286572
2753,0.644638548652,0.663823984605
2754,0.627217742893,0.645165343771
2755,0.619781500728,0.637366572315
2756,0.611895886153,0.629057268891
2757,0.613597073522,0.630977169034
2758,0.612275954136,0.629750613384
2759,0.609444037704,0.626798347283
2760,0.627467316959,0.646738422119
2761,0.611046418384,0.628666061041
2762,0.599393444346,0.616099369657
2763,0.593284580062,0.609523538452
2764,0.590627583763,0.60656765137
2765,0.58755662167,0.603267701217
2766,0.583281837188,0.59862707892
2767,0.604459255578,0.622572911985
2768,0.57919379643,0.59490866393
2769,0.575868652323,0.591613552005
2770,0.568573324546,0.584265162137
2771,0.570066893754,0.585918249167
2772,0.568801916574,0.58498264672
2773,0.566445702532,0.582688384681
2774,0.581379177875,0.59882172708
2775,0.567601980835,0.584134360968
2776,0.567183335059,0.583701983092
2777,0.581213056614,0.598641448358
2778,0.56666131251,0.582948193789
2779,0.56809376557,0.584193761121
2780,0.571071168486,0.587130415746
2781,0.571088212628,0.586868833076
2782,0.57460726811,0.590371496294
2783,0.587001466474,0.60346264558
2784,0.604651175255,0.622824819652
2785,0.583266248982,0.598601683744
2786,0.587595692957,0.603310340045
2787,0.59028084837,0.606189485093
2788,0.593268024132,0.609536795003
2789,0.597461658709,0.614058264621
2790,0.604209303131,0.621208250986
2791,0.620911058504,0.639510805068
2792,0.609269938111,0.626629776872
2793,0.6109821021,0.628413531639
2794,0.610394962957,0.627546923465
2795,0.61480962838,0.63217305004
2796,0.618012930214,0.635493122309
2797,0.627711414477,0.645722794003
2798,0.64452028146,0.663698189838
2799,0.630634580499,0.648901619911
2800,0.634153896861,0.652792782056
2801,0.632315080658,0.650846740197
2802,0.638440876835,0.657581830244
2803,0.641106618342,0.660580870602
2804,0.648506916957,0.668533166994
2805,0.653224854114,0.673345815776
2806,0.649417988779,0.66923770911
2807,0.648032712593,0.667629494071
2808,0.646222876536,0.665456931188
2809,0.651828217637,0.67151655384
2810,0.654469677844,0.674531542142
2811,0.66034617354,0.68091404503
2812,0.662787203512,0.68341755261
2813,0.660635964571,0.6810419606
2814,0.661386489833,0.681715812231
2815,0.656027805285,0.675653763292
2816,0.657186197025,0.676640210739
2817,0.659627803185,0.67894754858
2818,0.661539550367,0.680684233712
2819,0.660829958566,0.679681060584
2820,0.659425839752,0.678071753048
2821,0.657263706805,0.675832071867
2822,0.655806706616,0.674298561913
2823,0.658804046352,0.677653414335
2824,0.663112114622,0.682440302228
2825,0.665973545649,0.685560780253
2826,0.522712276933,0.538941630768
2827,0.528753318664,0.545095923791
2828,0.5429074147,0.55941742804
2829,0.521986723753,0.538056831997
2830,0.542003121949,0.558351347661
2831,0.55911132098,0.575643466676
2832,0.526795158906,0.542751698
2833,0.520556618348,0.536475778127
2834,0.520621656777,0.536627401845
2835,0.558048066125,0.574792188409
2836,0.519814585497,0.535943289374
2837,0.540121923002,0.55668852026
2838,0.539502215314,0.556027561777
2839,0.538745029773,0.55517591644
2840,0.576344084237,0.593354257322
2841,0.574335935449,0.591040433759
2842,0.536184109649,0.552306874079
2843,0.574210089829,0.591157315718
2844,0.571871775902,0.588453465875
2845,0.534349085548,0.55055539978
2846,0.572050253934,0.589173438942
2847,0.589226155765,0.606763194905
2848,0.548904678087,0.565489363322
2849,0.548720560013,0.565555871057
2850,0.568148161467,0.585381557227
2851,0.566690067727,0.583704950092
2852,0.564297193516,0.581068029201
2853,0.558095265091,0.573538415383
2854,0.624373918067,0.642956478045
2855,0.558902160008,0.575194881485
2856,0.556738038277,0.572819834132
2857,0.535606405624,0.551217391825
2858,0.552591870263,0.568234241452
2859,0.53151272039,0.546671762529
2860,0.547210078818,0.56230320539
2861,0.600650679488,0.61759847591
2862,0.565586227308,0.581145308511
2863,0.523459861068,0.537825850396
2864,0.5381740838,0.552470531293
2865,0.518622364418,0.532544119099
2866,0.533098390733,0.546995588524
2867,0.514039054562,0.527660099026
2868,0.574640614754,0.589711807105
2869,0.511707167858,0.525490901987
2870,0.525745545484,0.539696029395
2871,0.495196541121,0.508911462776
2872,0.508428212125,0.522264553706
2873,0.525963322643,0.539930337072
2874,0.56507641831,0.579933350877
2875,0.574766974886,0.589855266648
2876,0.513635922301,0.527241732099
2877,0.516329490875,0.530046464088
2878,0.535640336404,0.549743527907
2879,0.538216328459,0.552529254396
2880,0.523396487983,0.537736405083
2881,0.543336008277,0.558116453368
2882,0.568430255402,0.584564525528
2883,0.547492055795,0.562575304095
2884,0.531806982026,0.546983616163
2885,0.55244917383,0.568092569382
2886,0.555124246721,0.571049710819
2887,0.5569200253,0.573054702788
2888,0.558749450299,0.575073897646
2889,0.624401791444,0.642990230073
2890,0.558023987566,0.573449733869
2891,0.543876434423,0.560219442472
2892,0.56578470752,0.582596369366
2893,0.547645637521,0.564415940661
2894,0.547848145818,0.564467408008
2895,0.56969898215,0.586754251247
2896,0.600209828318,0.61845908516
2897,0.549986500831,0.566423765107
2898,0.572030244878,0.5888659982
2899,0.534824763463,0.550986920333
2900,0.534286055135,0.550174863328
2901,0.573582638299,0.590222041639
2902,0.536603440523,0.552742903511
2903,0.536772445618,0.553077903612
2904,0.55524027569,0.57187277008
2905,0.578648439518,0.595927156016
2906,0.540466575021,0.557026580748
2907,0.579860889035,0.597113626268
2908,0.558513354191,0.575253181145
2909,0.55850142735,0.57516479719
2910,0.526880996105,0.542914283176
2911,0.520514844475,0.536371682231
2912,0.527306358344,0.543303676363
2913,0.527628560744,0.543765387244
2914,0.542680091184,0.559101613291
2915,0.521738468549,0.537874736918
2916,0.543388204338,0.559990095894
2917,0.519166113623,0.535229175025
2918,0.514806523889,0.53107650203
2919,0.520631950219,0.537036752638
2920,0.519378784439,0.535436881257
2921,0.535361300208,0.552217089015
2922,0.551470133967,0.568796057271
2923,0.53092619067,0.547030888294
2924,0.517332237896,0.533129610979
2925,0.530870092286,0.546927624914
2926,0.533502215288,0.550515432656
2927,0.516337378622,0.532236501264
2928,0.517490068934,0.533831714577
2929,0.530012803327,0.546520376919
2930,0.510433974884,0.526376273369
2931,0.546241562514,0.563025584104
2932,0.514517717308,0.530489544766
2933,0.526689732228,0.542635228198
2934,0.54455166689,0.561237104921
2935,0.561837244575,0.578757229869
2936,0.540983755499,0.557180495044
2937,0.541975318601,0.558532906002
2938,0.560103074735,0.57707964822
2939,0.557000778269,0.573448587421
2940,0.522423374696,0.538319918424
2941,0.537128006899,0.553266976514
2942,0.536620192779,0.552824969022
2943,0.554210538406,0.570748012966
2944,0.548858836441,0.564969407668
2945,0.550933289323,0.567358399485
2946,0.550209035327,0.566611337185
2947,0.547125006475,0.563190662358
2948,0.52839750145,0.544220680577
2949,0.54373913464,0.559525461927
2950,0.525615220669,0.541205521531
2951,0.535082575542,0.549742668256
2952,0.538069988133,0.553439047219
2953,0.536408130187,0.551640053166
2954,0.518964056323,0.5340505259
2955,0.515277449859,0.529997489349
2956,0.515327971457,0.530133150281
2957,0.528124973287,0.542828368581
2958,0.512182165311,0.526667311423
2959,0.530190456132,0.544995684934
2960,0.534407605753,0.549612672252
2961,0.53620894557,0.551563660195
2962,0.536266313247,0.551504704896
2963,0.522448804333,0.537803072754
2964,0.534767830998,0.54945092195
2965,0.543646940743,0.559548110191
2966,0.543782191871,0.559545313668
2967,0.547057436234,0.563205408382
2968,0.54880458613,0.56508508313
2969,0.55005245498,0.56641875475
2970,0.551388309558,0.567836965582
2971,0.530009356219,0.545728761879
2972,0.553558377386,0.569926980195
2973,0.554941535623,0.571558143983
2974,0.557112993953,0.573861796936
2975,0.537833127012,0.554229065893
2976,0.538882343575,0.555191354241
2977,0.540037178837,0.556347248353
2978,0.524183731748,0.5401087323
2979,0.540743656893,0.556941935748
2980,0.561461492733,0.578056178507
2981,0.525927891877,0.54197643734
2982,0.563198993763,0.580156732286
2983,0.508545070209,0.524179470166
2984,0.525964084012,0.541712361544
2985,0.546101479917,0.563067650504
2986,0.533222350224,0.550266559357
2987,0.518454255214,0.53475639074
2988,0.534337593058,0.551517184171
2989,0.515122734603,0.53168884172
2990,0.535000489335,0.552060258247
2991,0.548490064869,0.565080809995
2992,0.51735618053,0.533110850424
2993,0.517873046888,0.533715329918
2994,0.512699750134,0.528581145751
2995,0.520812724837,0.537229966183
2996,0.533682127895,0.550078897306
2997,0.514639513222,0.530897436081
2998,0.514721331252,0.530950498581
2999,0.660527045157,0.681981537615
3000,0.671076395172,0.692863342772
3001,0.68830320957,0.710740412484
3002,0.660182715577,0.681641066211
3003,0.689117636682,0.711731602004
3004,0.709350251785,0.733791246706
3005,0.672879851553,0.695320856724
3006,0.659635877369,0.681300588957
3007,0.658016206004,0.679389203337
3008,0.699535535478,0.723463161241
3009,0.656954530194,0.678544921652
3010,0.683375258999,0.706088972133
3011,0.68235996901,0.705000882404
3012,0.680595947808,0.70340166045
3013,0.693380730676,0.717075096392
3014,0.691855461555,0.715720942842
3015,0.673142407189,0.694858418611
3016,0.686994261874,0.710057100294
3017,0.685349268292,0.708191177481
3018,0.667571167674,0.688743722792
3019,0.679659515471,0.701986853318
3020,0.676997932469,0.699050796286
3021,0.671502113765,0.692839478194
3022,0.667440875598,0.688582662664
3023,0.6680171799,0.689294894098
3024,0.665502423295,0.686496965181
3025,0.662715548866,0.683402538637
3026,0.659312580362,0.67975158814
3027,0.620660960571,0.638936089395
3028,0.654664246639,0.67532583322
3029,0.652230672441,0.672946073238
3030,0.645756669674,0.666049587127
3031,0.646402442332,0.667148721262
3032,0.640077575441,0.660294547551
3033,0.64053813546,0.661204755735
3034,0.605215998888,0.623849604617
3035,0.63411769467,0.654647497993
3036,0.636824607366,0.65773108803
3037,0.603921559615,0.622447101402
3038,0.640299626761,0.66095080563
3039,0.641067599845,0.661463790652
3040,0.646557352459,0.667299358819
3041,0.649280499258,0.670000067924
3042,0.65207713706,0.672749937622
3043,0.654607315081,0.675220747078
3044,0.620231824807,0.638532720844
3045,0.658647279522,0.679058352123
3046,0.659656217396,0.679982462349
3047,0.665776248488,0.686744798499
3048,0.665917730037,0.686753466056
3049,0.668267012576,0.689400323186
3050,0.673904197444,0.695716887814
3051,0.673101693316,0.694617039565
3052,0.6756189406,0.697468422735
3053,0.682486384067,0.705154787969
3054,0.670316172147,0.691581285859
3055,0.672189467347,0.693991402195
3056,0.688620618397,0.711657931358
3057,0.675568759341,0.697765091262
3058,0.661866524323,0.683578035531
3059,0.693851652937,0.717618153076
3060,0.697671848068,0.721812439936
3061,0.684266037343,0.707248246065
3062,0.699382836953,0.723317218882
3063,0.698066059509,0.721914849456
3064,0.701021153006,0.72521334293
3065,0.670034305461,0.691857046059
3066,0.659092889984,0.680483070806
3067,0.669160900425,0.690694358663
3068,0.669900279175,0.691563018947
3069,0.690087984499,0.7129572349
3070,0.660857833003,0.68236777938
3071,0.688061111498,0.710378024506
3072,0.382283504454,0.394771526848
3073,0.491030708025,0.506618194027
3074,0.604521940875,0.623296886561
3075,0.681860101775,0.702749646519
3076,0.638015402655,0.658345623228
3077,0.532330351917,0.54947033644
3078,0.408319589842,0.42139586502
3079,0.471034889759,0.486433220255
3080,0.585280820653,0.604290838918
3081,0.669958854638,0.691119659477
3082,0.642422639923,0.662131124038
3083,0.545009829764,0.561746845653
3084,0.427711118227,0.441114749618
3085,0.440912331353,0.456116399004
3086,0.555679557755,0.574905133746
3087,0.656188146733,0.677477553319
3088,0.656445904498,0.67667322328
3089,0.564883002288,0.582007645164
3090,0.455834619178,0.470708732412
3091,0.41052815655,0.424601017595
3092,0.515662267766,0.531983149625
3093,0.619837634012,0.639006765113
3094,0.650701226259,0.670333628638
3095,0.576906635656,0.594298383655
3096,0.479188603416,0.495738255289
3097,0.479372523396,0.495904205937
3098,0.576909016973,0.594273269074
3099,0.650821899737,0.670483279801
3100,0.619713715631,0.638864277545
3101,0.517792168686,0.534409700291
3102,0.410375252649,0.424443295521
3103,0.455193260237,0.470018944997
3104,0.565091049633,0.582219300972
3105,0.656721330352,0.67695201705
3106,0.652148527115,0.672833879479
3107,0.55980882921,0.579612856938
3108,0.438329135446,0.45338240583
3109,0.432703444241,0.446333423819
3110,0.544801387752,0.561565208855
3111,0.642644099378,0.662369530878
3112,0.680198461225,0.702044402923
3113,0.572464789349,0.590723100963
3114,0.471137831227,0.486530469578
3115,0.406937718697,0.419941318914
3116,0.519483097588,0.535866502197
3117,0.622980024405,0.642351673261
3118,0.681273805414,0.702148149797
3119,0.612675627115,0.632012793096
3120,0.490816925882,0.506350715061
3121,0.669829503585,0.69214075868
3122,0.605865686391,0.623791622686
3123,0.557228092694,0.574591934961
3124,0.504793351278,0.520547538016
3125,0.527795584738,0.543949696166
3126,0.549011679678,0.565369875394
3127,0.591041588943,0.608503342095
3128,0.65373308208,0.673719712397
3129,0.697427338572,0.722061203165
3130,0.637970228744,0.660260424924
3131,0.566595687678,0.58418714141
3132,0.516933440086,0.533512307275
3133,0.591568780349,0.608567460644
3134,0.526051131289,0.542359830272
3135,0.577241317981,0.594915618456
3136,0.640507825734,0.66061347631
3137,0.686691672509,0.710297283121
3138,0.636107428095,0.657562326652
3139,0.574803299413,0.592809961153
3140,0.522487043911,0.538767346204
3141,0.582380467387,0.598409888757
3142,0.512693117466,0.528042537688
3143,0.560446322633,0.57803335033
3144,0.619647017062,0.6389212499
3145,0.667491569769,0.688977098521
3146,0.625863953968,0.645447577152
3147,0.573932313056,0.591223439994
3148,0.53199365836,0.549589757001
3149,0.53195224898,0.549548709787
3150,0.574192329288,0.591493270181
3151,0.62582619621,0.645371214733
3152,0.667389589254,0.688845658587
3153,0.619677923734,0.638958582491
3154,0.560445006836,0.578018429931
3155,0.512841145201,0.528228805573
3156,0.582471541063,0.598506997303
3157,0.522544672147,0.538809838541
3158,0.574667278651,0.592707075609
3159,0.636376165541,0.657860592266
3160,0.686941085828,0.710545685991
3161,0.64060024814,0.660699622854
3162,0.577460481677,0.5951769927
3163,0.525655868506,0.541957001456
3164,0.591746022749,0.608735786827
3165,0.517468242512,0.534058257718
3166,0.567426322477,0.585061301722
3167,0.638184897337,0.660463585665
3168,0.697027990472,0.721682433451
3169,0.653594130277,0.673563907722
3170,0.591248050691,0.608708723816
3171,0.539278316207,0.555355028095
3172,0.495669186695,0.511270416707
3173,0.510393849932,0.52628039269
3174,0.557365241156,0.574757861223
3175,0.625892207494,0.646858228887
3176,0.696069836931,0.721380633314
3177,0.653621899947,0.672342985448
3178,0.595236080635,0.612081028546
3179,0.594603818096,0.611350907349
3180,0.594378929994,0.611020534627
3181,0.525953063363,0.541625789068
3182,0.527644950607,0.543949982383
3183,0.592187817374,0.608386735944
3184,0.521405375871,0.536592151922
3185,0.64960891087,0.667926362475
3186,0.65180308734,0.670572034654
3187,0.590174404314,0.606210551817
3188,0.52039689476,0.535527377788
3189,0.598798277071,0.614805752904
3190,0.601430344834,0.619291097923
3191,0.588533524349,0.604595856068
3192,0.586074490417,0.60176716058
3193,0.648401173357,0.668082574842
3194,0.651531292609,0.671802285487
3195,0.585895553003,0.601972000146
3196,0.517111257912,0.532027565674
3197,0.524267247163,0.539425958179
3198,0.594845863266,0.611077717667
3199,0.585495749775,0.601687080413
3200,0.58592815998,0.602107851155
3201,0.651339833256,0.671623346836
3202,0.648687462553,0.668386414334
3203,0.586067695563,0.601729171109
3204,0.588620907483,0.604668833934
3205,0.601351235263,0.61920717602
3206,0.598460340598,0.614483968032
3207,0.590104821851,0.606174883188
3208,0.5205382281,0.535675320247
3209,0.651602072674,0.670324221485
3210,0.649540963721,0.667846887097
3211,0.591273291468,0.6073754792
3212,0.521987202416,0.537221422926
3213,0.522425542846,0.537810628204
3214,0.595528715533,0.612416843265
3215,0.595427884517,0.612186547831
3216,0.594844934841,0.611601503555
3217,0.655312561497,0.674268954211
3218,0.577224732226,0.593423919558
3219,0.516102230267,0.531794748415
3220,0.5830647205,0.599798388869
3221,0.582021850379,0.598743929887
3222,0.585125297238,0.604311829987
3223,0.581526082216,0.598217759162
3224,0.581243138477,0.597948017628
3225,0.576580431553,0.593249303802
3226,0.569290645155,0.584574674723
3227,0.56922397238,0.584496642848
3228,0.577290976927,0.59393691631
3229,0.581412264723,0.598085218468
3230,0.514048098036,0.52976625865
3231,0.581691240901,0.598432144606
3232,0.543777101169,0.56053412504
3233,0.583182469648,0.599943074024
3234,0.512143422655,0.52741101761
3235,0.572130667553,0.587872100853
