id,unit_kW_m2,optical
1,0.56551527213,0.582997311205
2,0.608651421466,0.628706541029
3,0.606132924876,0.626011333384
4,0.60444827599,0.624157215834
5,0.570834896169,0.586932589647
6,0.59135871563,0.609039050222
7,0.589657141179,0.607047687669
8,0.570519417289,0.581544994553
9,0.559783994345,0.574001248463
10,0.561734979605,0.578167552718
11,0.571814720025,0.589074443029
12,0.56704773714,0.584008782616
13,0.55953956821,0.575949144961
14,0.553963536536,0.570065665236
15,0.547444319546,0.563147330699
16,0.540261014932,0.555411317496
17,0.532383484985,0.546587336934
18,0.524316870439,0.537661396442
19,0.516844456747,0.529248675012
20,0.514780014408,0.526514407934
21,0.503234704847,0.514408311865
22,0.498239011691,0.509203970189
23,0.495361281022,0.506504934511
24,0.493807788425,0.505233674382
25,0.491415885901,0.503043671774
26,0.488157636057,0.499444239429
27,0.484986051388,0.495749799392
28,0.48299105855,0.493528441168
29,0.481615431129,0.492349526767
30,0.483249472833,0.494227541023
31,0.48220772866,0.49291071284
32,0.481925948336,0.49244597415
33,0.484326408571,0.495067066972
34,0.487427287391,0.498761236238
35,0.491409223209,0.503102243387
36,0.494058464564,0.505518990594
37,0.494998953945,0.506149022047
38,0.498955213223,0.509899379484
39,0.503254319027,0.514445299443
40,0.509945666925,0.521623569507
41,0.516757659416,0.529112924345
42,0.524740764735,0.538101760298
43,0.532221407286,0.546381507818
44,0.539815754888,0.554863255285
45,0.547067856907,0.562689656242
46,0.553021110535,0.569167948914
47,0.558873328645,0.5753482039
48,0.566876697315,0.583827408742
49,0.57246642191,0.589771327506
50,0.561911887515,0.578364785593
51,0.560381009405,0.574585023483
52,0.564099549039,0.574998123916
53,0.587156393677,0.604348966367
54,0.591535607404,0.609215132844
55,0.571450089986,0.587620094794
56,0.604213527186,0.623808373352
57,0.606794173936,0.626705129178
58,0.608440706751,0.628423887176
59,0.623269407912,0.641757383882
60,0.624189344589,0.642391987897
61,0.623897753559,0.642232454711
62,0.603812865128,0.620220943939
63,0.59609057691,0.613143861357
64,0.61117552005,0.628468062867
65,0.603859527531,0.619740869123
66,0.596750932813,0.612298903472
67,0.595213615757,0.611721131477
68,0.579335305594,0.595285139733
69,0.585003105766,0.601047550639
70,0.578490707807,0.593765847116
71,0.571670776602,0.586614601969
72,0.567751801607,0.583072917409
73,0.563287500254,0.578586872333
74,0.55507883329,0.569786424432
75,0.547149582176,0.561183347454
76,0.540551943981,0.55418854377
77,0.533260612163,0.546164264081
78,0.525679925598,0.537877421115
79,0.518955737553,0.530457607627
80,0.513990743855,0.52536142401
81,0.511195874742,0.522933772561
82,0.509869490301,0.52191384386
83,0.504551078319,0.516469369302
84,0.500731945526,0.512119803795
85,0.497301958253,0.508126070683
86,0.495778993555,0.506459346229
87,0.495134488303,0.505825729907
88,0.499572853564,0.510237713694
89,0.495453392076,0.506101917669
90,0.497307970483,0.508085429357
91,0.500798319977,0.512132954592
92,0.5043030945,0.516274295665
93,0.5097390943,0.521779139855
94,0.511458255417,0.52321978658
95,0.514014290766,0.52535613985
96,0.523555463518,0.53508875089
97,0.525593830154,0.537874970005
98,0.533596147187,0.546534288302
99,0.540343621933,0.554049310937
100,0.54691408797,0.560925782121
101,0.555640168834,0.570342937646
102,0.562178853052,0.577473130391
103,0.573775907621,0.589113541614
104,0.572027884386,0.587048263757
105,0.578229740749,0.593535950668
106,0.585267552646,0.601224602106
107,0.579663080704,0.595581154625
108,0.596842970338,0.613265507959
109,0.597287761443,0.612882805168
110,0.603725437088,0.61952887351
111,0.611385991238,0.628736908089
112,0.596149920153,0.613211442494
113,0.603702121545,0.620116655142
114,0.622816836889,0.641047531966
115,0.624152494543,0.642343290571
116,0.623158280878,0.641624531948
117,0.62063981306,0.636802453523
118,0.642939288304,0.661110342349
119,0.641480519977,0.659881922193
120,0.642852904605,0.661820650352
121,0.621321319686,0.638636714195
122,0.635524422123,0.654090853546
123,0.631103749997,0.649442608659
124,0.60730708392,0.619594652749
125,0.602937953581,0.618364685383
126,0.60210939682,0.619063934926
127,0.607679021077,0.624600072768
128,0.600032572665,0.616184264835
129,0.591556079718,0.606889511251
130,0.583511010293,0.59844386706
131,0.578875751572,0.594223468135
132,0.58051940357,0.595556651959
133,0.565429544617,0.579830361668
134,0.558513372015,0.572634157435
135,0.552210348414,0.566110880642
136,0.544685484819,0.557933438962
137,0.534706154448,0.546975197527
138,0.528616322889,0.540324765289
139,0.524952108652,0.536800892701
140,0.522046444818,0.534181688725
141,0.518023333107,0.530156677539
142,0.512985604223,0.524777974804
143,0.50767477118,0.518776859333
144,0.50554883225,0.516144730373
145,0.504436631595,0.514821309563
146,0.505002015196,0.515287478201
147,0.504200167968,0.514605787376
148,0.505241367721,0.515863603627
149,0.507957326641,0.518955823455
150,0.512982475374,0.524781534261
151,0.523560955266,0.535736404568
152,0.52231895711,0.534535590578
153,0.524002669689,0.535800722189
154,0.528560824691,0.540188043602
155,0.535422494905,0.547658794435
156,0.544079620891,0.557328066883
157,0.552471616985,0.566392932218
158,0.558566699109,0.572667551437
159,0.565266979694,0.579657633164
160,0.573183666196,0.588170494823
161,0.579706244173,0.595012915786
162,0.584358085279,0.599592699
163,0.591350021791,0.606684082945
164,0.600471056524,0.616681784945
165,0.60745777196,0.624473853209
166,0.602468362712,0.619465416417
167,0.602673105359,0.618042702128
168,0.606308060899,0.61859270375
169,0.631760692416,0.650130335251
170,0.635179666136,0.653722106393
171,0.621194186998,0.63846403424
172,0.642723924,0.661790402904
173,0.641567040812,0.659892581675
174,0.64223214611,0.660385014534
175,0.658175042189,0.676198037085
176,0.657538246698,0.675764978388
177,0.658386190923,0.677413922264
178,0.644814399307,0.662711402265
179,0.657515556974,0.677537383589
180,0.652604944637,0.672089445869
181,0.644312639661,0.662294569995
182,0.639770841595,0.658140272038
183,0.635848828498,0.65457023514
184,0.62240372644,0.64018150609
185,0.618467490276,0.635595327861
186,0.6098863717,0.626071309405
187,0.600157815762,0.615429168872
188,0.592203080332,0.607061992069
189,0.586524176788,0.601337906589
190,0.578648234354,0.593050927262
191,0.571928716837,0.586040347182
192,0.566020754367,0.580295557544
193,0.559613795426,0.573722567012
194,0.548405774859,0.561415719227
195,0.540060377588,0.552062576612
196,0.533885655994,0.545593989966
197,0.531355184169,0.543402210511
198,0.528416858271,0.540620324988
199,0.522768896391,0.534755115142
200,0.522165113961,0.533531315469
201,0.512152893853,0.522786251676
202,0.50971677069,0.519875526619
203,0.50832499505,0.517985756556
204,0.508346788201,0.517945786309
205,0.509869528872,0.519994587726
206,0.512782862373,0.523431332109
207,0.516333960712,0.527660552242
208,0.522281120875,0.534272364828
209,0.527456196392,0.539678688934
210,0.53156081006,0.543615092626
211,0.53451083084,0.546198427002
212,0.539742575045,0.551729853152
213,0.548631547553,0.561632564591
214,0.559550584152,0.573665900542
215,0.565972327981,0.580231035049
216,0.571648566101,0.585831393733
217,0.577988724481,0.592299988966
218,0.585335705895,0.600019294442
219,0.592856977972,0.607719779056
220,0.600270799936,0.61552203048
221,0.609823802845,0.626072981977
222,0.61893206549,0.636039241537
223,0.621419347537,0.639087986377
224,0.636231881466,0.654983765648
225,0.640363359348,0.65874824734
226,0.643918008196,0.661902265723
227,0.651782761197,0.671249140475
228,0.658452785104,0.678477594111
229,0.644924187855,0.662883976435
230,0.658492950465,0.677510114567
231,0.657489547644,0.675794717363
232,0.657388171024,0.67540036343
233,0.633174171805,0.647448988176
234,0.669074290406,0.686893409225
235,0.672012919826,0.690918792252
236,0.672670090298,0.692522854323
237,0.65658704059,0.675386480259
238,0.671599669624,0.692392557906
239,0.66498054807,0.685173052536
240,0.637782465108,0.651310661646
241,0.633260782073,0.650093256057
242,0.647054449433,0.666344197677
243,0.636531194538,0.654849949946
244,0.625905428292,0.643072393415
245,0.615587207883,0.631673560965
246,0.605318294514,0.620431942017
247,0.596870990618,0.611545935714
248,0.591750273857,0.606591628544
249,0.585610998144,0.600474646472
250,0.57969016054,0.594842565199
251,0.572144518846,0.58708394276
252,0.561669621017,0.575478627958
253,0.551247067897,0.563945523796
254,0.543412297304,0.555372612083
255,0.538588755757,0.550605224989
256,0.53511471035,0.547269404866
257,0.529945516081,0.541977788625
258,0.524228691439,0.535920305107
259,0.519546677708,0.530732636148
260,0.518290278457,0.529523599249
261,0.516992016284,0.528090560831
262,0.516514177322,0.526921181042
263,0.517252594876,0.528327937569
264,0.518120167915,0.529356940807
265,0.519766474785,0.530974102271
266,0.52379841597,0.535434891371
267,0.529339855173,0.541321876591
268,0.534423609387,0.546585130191
269,0.539238141532,0.55122801348
270,0.54317097326,0.555089785415
271,0.551321071777,0.564027992824
272,0.561783520666,0.575630430751
273,0.572407779808,0.587359547727
274,0.579974461863,0.595065175747
275,0.584750505785,0.599602386831
276,0.591488767961,0.606419864074
277,0.5974701418,0.612115676445
278,0.605942829709,0.621060581155
279,0.61627014356,0.632387435518
280,0.625958061169,0.643076626317
281,0.636740005942,0.655029619151
282,0.647576506958,0.666854008478
283,0.632684658366,0.649559351709
284,0.637008250234,0.650522704665
285,0.665184904791,0.685362834805
286,0.671060079343,0.691802688919
287,0.656074661191,0.674861683143
288,0.673825311018,0.693637684482
289,0.671904889005,0.690742393951
290,0.669334980648,0.687075332458
291,0.681137558665,0.702404658853
292,0.700686704627,0.722755318509
293,0.699634098683,0.721137277873
294,0.691048203557,0.71312116394
295,0.698124170675,0.721184911552
296,0.684018502116,0.704065933905
297,0.670702404352,0.689025508541
298,0.679946683553,0.700147465289
299,0.682280037843,0.702752031263
300,0.664887363468,0.682543273215
301,0.64242264851,0.655174887115
302,0.663729716737,0.682034118674
303,0.6519225907,0.669644829431
304,0.64089209657,0.657457224747
305,0.645330141641,0.662622846095
306,0.649051440346,0.66828683609
307,0.637092597719,0.65585623837
308,0.630680140942,0.647628574559
309,0.625648305593,0.642490573338
310,0.617632667783,0.635037524522
311,0.614631973809,0.632064780129
312,0.609444609333,0.626213424896
313,0.600387019461,0.616569270801
314,0.592534710607,0.60845417129
315,0.589370972162,0.60478352667
316,0.579674860009,0.5943117219
317,0.567403004898,0.5806879487
318,0.564318538998,0.577015902361
319,0.557390781686,0.569267010338
320,0.547446899913,0.558466202502
321,0.543543317161,0.554091107844
322,0.537626511706,0.547687606707
323,0.531311121698,0.541278746074
324,0.531323807517,0.541650471648
325,0.530399823718,0.541265966615
326,0.528365083427,0.539521118459
327,0.524696146793,0.535616405382
328,0.522146369891,0.532795873517
329,0.52015592375,0.530720174246
330,0.518619516596,0.529185927476
331,0.519334163229,0.530087053661
332,0.519664475768,0.530488610784
333,0.519392043439,0.530222867369
334,0.51966463516,0.530478621698
335,0.519147108213,0.529944071115
336,0.51814327247,0.528751547117
337,0.520768045812,0.531379404265
338,0.522604421355,0.53327765539
339,0.52468600359,0.53557344029
340,0.528614806405,0.539765195234
341,0.530305158546,0.541173028372
342,0.531640314251,0.541983692936
343,0.532182896356,0.54212880551
344,0.537372680981,0.547417864903
345,0.544096180588,0.554697661698
346,0.547185050629,0.558237087113
347,0.557035658382,0.568858325845
348,0.56407524696,0.576701682726
349,0.567949345902,0.581264426223
350,0.580253007548,0.594881661819
351,0.589302226409,0.604768199052
352,0.601552384621,0.617633784521
353,0.599948944411,0.616096982951
354,0.610383350792,0.627073031915
355,0.614803827742,0.632187050892
356,0.618312041349,0.635740664779
357,0.626024652001,0.642852979324
358,0.629334878761,0.646292396039
359,0.637117683424,0.655860343452
360,0.648329715367,0.667585551561
361,0.645282877605,0.662521017968
362,0.640002048374,0.656512546853
363,0.652035889602,0.669789849115
364,0.66316794297,0.68143710826
365,0.653118343291,0.666010945511
366,0.665659578567,0.683457832281
367,0.681948085099,0.702369939015
368,0.679211980168,0.699418256666
369,0.669875768548,0.68828043694
370,0.683594793705,0.703727755757
371,0.697922434521,0.721077680351
372,0.69139236272,0.713470663746
373,0.699020429946,0.720495378573
374,0.699838242783,0.721911643579
375,0.688695481925,0.70822226808
376,0.687260230494,0.706482245141
377,0.685727803736,0.704578066272
378,0.686690424184,0.706035867392
379,0.687317760265,0.707409666144
380,0.657535549126,0.674648810607
381,0.682079772439,0.701923818519
382,0.678027289432,0.697386406141
383,0.674332648186,0.693605703307
384,0.668183489323,0.685813312732
385,0.655116191276,0.670638996647
386,0.64157796028,0.657020417002
387,0.654733529271,0.672576052035
388,0.650580660629,0.668215265423
389,0.644076417391,0.661464116859
390,0.638486881142,0.655336451337
391,0.631862248823,0.647973713434
392,0.62403323725,0.639552773237
393,0.619053319143,0.634607368107
394,0.614627519245,0.630433468179
395,0.61063767852,0.626559467554
396,0.605402637267,0.621224608131
397,0.600066124537,0.615774409332
398,0.59376785086,0.609074164638
399,0.586216477807,0.601118382915
400,0.578565009406,0.592944744633
401,0.570678848575,0.584121856495
402,0.564083193613,0.576696744362
403,0.556463068649,0.56833599879
404,0.548932328537,0.560127588971
405,0.542772211293,0.553209074882
406,0.537336679834,0.547391864164
407,0.534485690376,0.544741777789
408,0.533337551952,0.54407517501
409,0.531973258503,0.543107491142
410,0.529356962465,0.540437418917
411,0.524745975881,0.535375270036
412,0.521534244972,0.532003804644
413,0.519537227981,0.52990186764
414,0.519200769981,0.529554580662
415,0.518548253332,0.529045359325
416,0.519477207171,0.530060017042
417,0.519019245845,0.529630029342
418,0.518626216923,0.529144914794
419,0.518891889553,0.529233619299
420,0.519779646629,0.530150805127
421,0.52177731906,0.532250160395
422,0.52483058521,0.535474369089
423,0.528964616424,0.540090585592
424,0.53145915221,0.542612693377
425,0.532354963542,0.543086135413
426,0.534099460539,0.544317282271
427,0.537528465422,0.547554269614
428,0.54243968017,0.552907446917
429,0.549460184497,0.560641222799
430,0.5569684741,0.568865949329
431,0.563007845271,0.57560895773
432,0.570799481038,0.58424481683
433,0.578462886668,0.592835961282
434,0.586472344701,0.601365359196
435,0.593387944596,0.608721958977
436,0.601577793263,0.61736643481
437,0.604973701101,0.620908177677
438,0.609856731688,0.625770373784
439,0.614334778268,0.630067339254
440,0.618896119211,0.634476301537
441,0.624774753976,0.640253460814
442,0.631195010172,0.64730556295
443,0.638245113866,0.655157552741
444,0.644762389988,0.662101878353
445,0.65045556639,0.668095913921
446,0.65585425619,0.67372331521
447,0.641754236125,0.657197647567
448,0.655567090405,0.671093052457
449,0.669364672096,0.687109945378
450,0.674183825453,0.693375014284
451,0.678073860891,0.697479324028
452,0.682745650865,0.702672624465
453,0.657942461987,0.675061331639
454,0.68812546318,0.70824865712
455,0.687400576365,0.706781171011
456,0.686135014744,0.704948231417
457,0.687767677644,0.706981540698
458,0.688444192325,0.70799381711
459,0.697452787506,0.716517398786
460,0.69901605692,0.718190409194
461,0.696010180308,0.714761000561
462,0.696764197041,0.715953459107
463,0.699020890942,0.719037475927
464,0.693721122113,0.713707342968
465,0.697445943155,0.718344500676
466,0.694446958916,0.714819071993
467,0.689647092626,0.709677147922
468,0.68507089376,0.704814965066
469,0.665581544991,0.680183049458
470,0.676609381309,0.695661361375
471,0.666611005255,0.684588060842
472,0.66575296834,0.684148093967
473,0.659274163422,0.677330404284
474,0.651954165596,0.669587470619
475,0.644753007034,0.661636487032
476,0.637160475266,0.65334726262
477,0.628212069653,0.643741133336
478,0.622461984761,0.637983455973
479,0.617596050144,0.63330665968
480,0.612761639126,0.628714024271
481,0.607093400064,0.622919678527
482,0.599634200406,0.614957689225
483,0.592597110254,0.607573972246
484,0.585657852731,0.600406491089
485,0.578862753208,0.593082399725
486,0.570336862492,0.583639404044
487,0.562727191767,0.575304187013
488,0.555896553637,0.567721436717
489,0.546911355408,0.557883809038
490,0.540911039111,0.551246503713
491,0.536185027582,0.546465260042
492,0.533734745951,0.54434401326
493,0.532794196472,0.543864643877
494,0.530250210503,0.54150344036
495,0.525472393068,0.536260684212
496,0.52177328076,0.532202806722
497,0.519697706685,0.529884607683
498,0.517979573512,0.528047657894
499,0.517301171709,0.52738116457
500,0.517127817793,0.527354933919
501,0.518636885572,0.529006339804
502,0.51743196222,0.527681073512
503,0.516687567001,0.526759764473
504,0.517518440134,0.527622492863
505,0.519574946027,0.529801184144
506,0.521748624977,0.53220379269
507,0.526054348903,0.536852627924
508,0.530385406011,0.541623924407
509,0.532155644605,0.543195264292
510,0.534343066137,0.54497000156
511,0.536464404821,0.54671083882
512,0.54010842169,0.55043889798
513,0.547375937272,0.558335589372
514,0.555086045453,0.566906557031
515,0.562637910136,0.575235268549
516,0.570666637627,0.584003447793
517,0.578755449951,0.5929393625
518,0.585789556075,0.600495438233
519,0.592516382428,0.60748852828
520,0.59946007187,0.614747586186
521,0.607204447984,0.623014546618
522,0.613189600006,0.629126833579
523,0.616718680001,0.632430497493
524,0.622272430357,0.637804816278
525,0.628531752964,0.644058538315
526,0.636897604108,0.653103998575
527,0.644953600226,0.661835739953
528,0.651949942419,0.669634314941
529,0.659375325238,0.677399595859
530,0.665090377648,0.683496535624
531,0.665808546709,0.683829849059
532,0.67624206107,0.695290506235
533,0.665721331683,0.68037047278
534,0.684329385117,0.704082580985
535,0.688567832966,0.708479865911
536,0.69326211669,0.713739923663
537,0.697919793219,0.718888891189
538,0.694043107906,0.714024667869
539,0.698092134406,0.718164524444
540,0.696001799144,0.715208069722
541,0.695641171457,0.714334273464
542,0.699260525002,0.71844531453
543,0.707990166116,0.726931169467
544,0.707043959561,0.725718379516
545,0.707207903462,0.726303053767
546,0.708080309665,0.72800803221
547,0.71169147664,0.732551768596
548,0.705436974035,0.72602482543
549,0.709325071321,0.730743271113
550,0.703514221763,0.72442168563
551,0.699610866665,0.720134784059
552,0.692191407853,0.711319441727
553,0.678945099332,0.69577843719
554,0.664766719454,0.681671404846
555,0.678667765781,0.697917686726
556,0.672498542239,0.69141139894
557,0.664326760961,0.682730327507
558,0.656271705053,0.673922167315
559,0.649313634731,0.666287894134
560,0.640540704611,0.656680064654
561,0.630672662303,0.646121603632
562,0.624452886666,0.639886907193
563,0.619292966405,0.634927468176
564,0.613658486874,0.629391054565
565,0.607089211338,0.622363678628
566,0.599422383016,0.614393395535
567,0.591937262973,0.606631211353
568,0.585677207215,0.600235840051
569,0.57828316389,0.59239744044
570,0.569773609741,0.583052918923
571,0.561392365444,0.573866265873
572,0.552466950584,0.563956017115
573,0.544965467333,0.555685235637
574,0.539199756494,0.549544820918
575,0.535361148914,0.54587516409
576,0.533483736895,0.544466323378
577,0.53062084655,0.54186714742
578,0.526671275669,0.537678092383
579,0.522535170038,0.533124134484
580,0.518521037189,0.528767343011
581,0.516293601589,0.526220651968
582,0.514650883912,0.52440254381
583,0.514679438891,0.524469494621
584,0.514435122891,0.524286797547
585,0.514859636508,0.524693108347
586,0.51448642835,0.524274015222
587,0.51440380623,0.524161496717
588,0.51630875771,0.526252900422
589,0.518736850945,0.528928789453
590,0.522335654069,0.532966083663
591,0.526919163821,0.537934431051
592,0.530768312044,0.541981187851
593,0.533345834462,0.544309230454
594,0.535505455541,0.54604513985
595,0.53899247247,0.549324474822
596,0.544545133944,0.555276504265
597,0.552696113938,0.564227456739
598,0.561749449226,0.574192678966
599,0.569236098523,0.582460438174
600,0.578661187876,0.59275600124
601,0.585711577948,0.60028343083
602,0.592484965229,0.607163062349
603,0.599087893383,0.613990745653
604,0.606616031548,0.621892194777
605,0.614892747351,0.630659700569
606,0.619302016889,0.634955486928
607,0.625248702818,0.640707961936
608,0.631458518185,0.646834950748
609,0.640376000295,0.656577521612
610,0.648523775123,0.665493004894
611,0.65688200234,0.674552726615
612,0.664708715382,0.683143407375
613,0.671893150081,0.690828426186
614,0.67886254647,0.698083845989
615,0.665609096888,0.682501398824
616,0.679166557481,0.696007499974
617,0.691937300804,0.711101169332
618,0.6996104995,0.72016922805
619,0.703441276021,0.724306701023
620,0.709610040385,0.731089230892
621,0.705217656033,0.725842337557
622,0.711186575279,0.731994217967
623,0.708289284862,0.728184084061
624,0.705942499367,0.725020396205
625,0.706807934696,0.725507741863
626,0.70800265828,0.726874495437
627,0.712104449629,0.73025932808
628,0.712385558154,0.73049018787
629,0.71361185979,0.732514457278
630,0.715030369107,0.73471639882
631,0.716694994938,0.737217260357
632,0.713639078681,0.73443926127
633,0.718946024955,0.741037795225
634,0.715073414884,0.736920886855
635,0.709085485115,0.730415719465
636,0.704661409212,0.7256672137
637,0.684624340452,0.700454741757
638,0.694848532285,0.71508708985
639,0.688863358384,0.708712103373
640,0.683515789278,0.703238760227
641,0.674890807924,0.694060025795
642,0.66732798089,0.685910279708
643,0.657850706791,0.675625461636
644,0.64909801737,0.66601425327
645,0.640737678926,0.656752157287
646,0.63080598342,0.646005888536
647,0.624320814282,0.639481850475
648,0.617805117629,0.632932367668
649,0.612362423094,0.627710494636
650,0.60704639306,0.622591000729
651,0.600136809053,0.615633579924
652,0.592739274107,0.608008613208
653,0.585790132307,0.600710692617
654,0.57807135225,0.592466070113
655,0.567724332266,0.580929125402
656,0.558545768383,0.570750757356
657,0.549499523355,0.560749657791
658,0.542624685961,0.553206901323
659,0.538093752175,0.548614264695
660,0.534690927626,0.545559730695
661,0.531265216773,0.542418394899
662,0.527511292325,0.538674108177
663,0.524355304089,0.535258286587
664,0.520461546854,0.531233497274
665,0.517881589255,0.528482812314
666,0.515046967899,0.525349602154
667,0.513092770636,0.522981682797
668,0.513415055848,0.523706269349
669,0.514155323049,0.524473381734
670,0.513930399611,0.524234994974
671,0.513080456789,0.522970287625
672,0.514956512385,0.525317306545
673,0.517392054397,0.528012427153
674,0.520515408413,0.53130194789
675,0.523806673464,0.53471893209
676,0.527777994663,0.538968456498
677,0.531596768097,0.542729361897
678,0.534348042313,0.545206020781
679,0.537116057881,0.5476452377
680,0.542708845535,0.553329199976
681,0.549861205312,0.561125326852
682,0.558933444626,0.571133227044
683,0.567796235708,0.581077894734
684,0.577756314935,0.592085407608
685,0.585983523939,0.600937441716
686,0.593554859846,0.60884280112
687,0.599427032954,0.614826308756
688,0.606729474674,0.622265480283
689,0.613127488941,0.628493662892
690,0.618155563882,0.633239677776
691,0.624388534658,0.639567191971
692,0.630643909067,0.645854236804
693,0.63959677685,0.655577947703
694,0.649070834379,0.665962685696
695,0.658691568015,0.676464345393
696,0.665959844793,0.684524230583
697,0.675220811857,0.694479044176
698,0.682093292498,0.701734555984
699,0.688875374654,0.708760740398
700,0.695441835846,0.715690586523
701,0.684472705088,0.700325493587
702,0.704035619117,0.725035656643
703,0.709402723385,0.730754790917
704,0.714793829259,0.736584142786
705,0.719249708295,0.741298361378
706,0.71375146591,0.73448384248
707,0.716843099094,0.737404029141
708,0.714757665746,0.734459499612
709,0.713618513308,0.732527226576
710,0.712648257355,0.730786909956
711,0.592508753823,0.611524770975
712,0.675360318623,0.696509855025
713,0.734761501597,0.756972478794
714,0.686209531636,0.707207924515
715,0.595009508039,0.614060481021
716,0.662720913128,0.684428770539
717,0.732485082516,0.755686771255
718,0.686957674404,0.707004270921
719,0.591065244706,0.60814658132
720,0.638694714617,0.658603052768
721,0.716240004682,0.738360225082
722,0.687126551362,0.706709900694
723,0.589469948836,0.60437310131
724,0.602031555533,0.616388658075
725,0.685792649023,0.70374779651
726,0.681368057903,0.700436596345
727,0.595365162505,0.611410700529
728,0.581224526048,0.595938861068
729,0.663535488585,0.681471617502
730,0.674520589886,0.694365476445
731,0.602221191837,0.620411374719
732,0.564005536969,0.579438568993
733,0.636144479501,0.65277591866
734,0.651022025417,0.668616128526
735,0.593890131263,0.610683054986
736,0.552654136195,0.568028696054
737,0.615113638863,0.632239897712
738,0.629526212253,0.646440990892
739,0.58533375167,0.601228074684
740,0.535209642238,0.549421084532
741,0.589630663017,0.60594437667
742,0.606651558501,0.623056069332
743,0.572962729843,0.588082063386
744,0.51575080422,0.528391067799
745,0.558082715909,0.571489897983
746,0.574467452739,0.587666271031
747,0.553360457425,0.565545777893
748,0.502806587458,0.512999728915
749,0.536934892544,0.547808640207
750,0.54748076836,0.557878003073
751,0.536527360531,0.546478118367
752,0.493165424299,0.502221479554
753,0.512644049188,0.521537321325
754,0.526236175135,0.535321328057
755,0.524033432524,0.533509611023
756,0.492842625025,0.502748247867
757,0.50250374817,0.511979076468
758,0.519494107497,0.529686515717
759,0.517966389516,0.528117306106
760,0.490128103144,0.500086842374
761,0.491909776195,0.500972122972
762,0.512318553071,0.522291701558
763,0.51136950956,0.521527693707
764,0.489093179154,0.499211577791
765,0.486451770893,0.496049000591
766,0.510647716363,0.520853698259
767,0.510839417956,0.521009843337
768,0.491206887342,0.500791663996
769,0.493568047582,0.503680463249
770,0.511063452738,0.521201576002
771,0.511932720378,0.521924196369
772,0.491791709171,0.500881709244
773,0.49023949513,0.500178676252
774,0.517463972693,0.527604729338
775,0.519582579576,0.529796434152
776,0.513332217982,0.523071424576
777,0.493327581243,0.503401653253
778,0.524446341944,0.533946023574
779,0.526158638265,0.535221395001
780,0.513164783301,0.522012290257
781,0.493191332714,0.502239010875
782,0.536426025856,0.54638538288
783,0.547425149876,0.557815112512
784,0.536505137216,0.547380130021
785,0.503370436755,0.513608547746
786,0.553715577693,0.565866724323
787,0.574675505628,0.587891411634
788,0.565788764397,0.579423394152
789,0.515822793123,0.528533489443
790,0.572612805258,0.58774586187
791,0.606151542845,0.622479803694
792,0.59009102389,0.60638854385
793,0.528414812329,0.542519116731
794,0.584488760388,0.600275576136
795,0.629462499802,0.646384646999
796,0.61438049743,0.631519861733
797,0.545401691538,0.560605422158
798,0.594008195621,0.610721178163
799,0.650842297931,0.668384214127
800,0.636028182291,0.652669128445
801,0.563815704505,0.579204601415
802,0.602675446884,0.620871270936
803,0.673741041335,0.693580350152
804,0.663736229181,0.681620713542
805,0.581061807664,0.595774096214
806,0.595456375827,0.611465471187
807,0.681865255339,0.700959293885
808,0.686709274224,0.704694195103
809,0.601997010866,0.616380302104
810,0.589525070666,0.604411328243
811,0.688283890557,0.707917261499
812,0.716410078283,0.738580378421
813,0.639069734194,0.658998589329
814,0.591161406264,0.608301617279
815,0.687125108173,0.707226328577
816,0.732747178249,0.755989217681
817,0.662116361667,0.683852386262
818,0.595000449794,0.614020717058
819,0.686280955408,0.707332139352
820,0.734948047099,0.75714649382
821,0.674973850424,0.696159379613
822,0.699778271492,0.719625741242
823,0.698437834561,0.717977248561
824,0.695612045396,0.714684836309
825,0.695168125949,0.714212536264
826,0.696472218399,0.716086899811
827,0.698504986536,0.718858302086
828,0.699395322699,0.720313383906
829,0.698590104626,0.719648954301
830,0.694189862881,0.714888824129
831,0.690050702112,0.710402276879
832,0.687178379951,0.70734222194
833,0.685170037863,0.705307765866
834,0.679712937349,0.699211728957
835,0.659031713116,0.67349607624
836,0.673034495629,0.692067252014
837,0.668228560757,0.686617237712
838,0.661989665831,0.680223935272
839,0.657463404058,0.675520573816
840,0.652693829719,0.670507405672
841,0.648054759369,0.665580924163
842,0.642390780392,0.659562394411
843,0.6358845015,0.652487623815
844,0.630639918718,0.646619630123
845,0.624035886065,0.639676341379
846,0.623087639822,0.639032972617
847,0.615550650097,0.631491945944
848,0.611555899259,0.627689909983
849,0.606907421763,0.623024508529
850,0.605287307353,0.621474218932
851,0.597978535301,0.613922356655
852,0.592508832354,0.60829376874
853,0.587309573356,0.602865116003
854,0.580335623228,0.595505095287
855,0.574336288725,0.589101293149
856,0.566951896681,0.581002168362
857,0.558956922209,0.572155422918
858,0.552595362735,0.565087579658
859,0.548175108309,0.559936459222
860,0.539684673416,0.550832977556
861,0.533432169537,0.543951664204
862,0.52736577965,0.537299827931
863,0.524025822836,0.533403790271
864,0.518807545142,0.528151840865
865,0.516432451601,0.52605979086
866,0.514638828215,0.524626377565
867,0.514986746783,0.52522944151
868,0.512135237661,0.52250681482
869,0.509668480603,0.519968544517
870,0.506604974082,0.516670978291
871,0.505048001812,0.51491589475
872,0.50338966926,0.513337420807
873,0.502316071148,0.512351799625
874,0.501202440875,0.51130582586
875,0.501128951016,0.511280113137
876,0.501284533016,0.511521423866
877,0.501440116169,0.511673849035
878,0.501729182318,0.511969119551
879,0.502774854618,0.512927509275
880,0.502491695933,0.51260002971
881,0.50183078185,0.511880738508
882,0.504137685243,0.514070048992
883,0.505156797032,0.515065918874
884,0.506636358147,0.516762680449
885,0.509615294144,0.519915789601
886,0.512299910866,0.522655446448
887,0.517050983739,0.527253991679
888,0.514876463644,0.52487308513
889,0.516490572177,0.526118945699
890,0.518823707371,0.528159230708
891,0.523501851606,0.532855155965
892,0.528085226479,0.538004207638
893,0.533891800255,0.54438630244
894,0.539960125414,0.551096281686
895,0.547844601596,0.559593301227
896,0.55214559459,0.564578273412
897,0.559429698651,0.572649599082
898,0.566355137144,0.580397678758
899,0.575770468178,0.590500337556
900,0.581230317584,0.596551436029
901,0.586707026236,0.602288306885
902,0.593164103749,0.608919842722
903,0.597955199729,0.613828273571
904,0.602564038308,0.61860914276
905,0.60717787683,0.623359969914
906,0.611790214844,0.62789253581
907,0.615525218262,0.631463563496
908,0.619719865051,0.635460344396
909,0.62394199602,0.639545767483
910,0.629155449073,0.64510839827
911,0.636291435842,0.652917444305
912,0.642148010364,0.659279671822
913,0.647602162591,0.665123808486
914,0.652902850194,0.670724181635
915,0.658500194531,0.67653927587
916,0.662576771439,0.68086091137
917,0.667160735153,0.685565798011
918,0.672946406051,0.692004871991
919,0.658846435676,0.673343424769
920,0.679982132028,0.699534606452
921,0.683922745414,0.704031766015
922,0.687229990801,0.70735234309
923,0.690016661883,0.710369591308
924,0.69451795192,0.715200741344
925,0.697777314081,0.718851909182
926,0.699709356142,0.720630125838
927,0.698778465237,0.719125475715
928,0.6966646609,0.716269786016
929,0.69454244529,0.713589986766
930,0.69535412159,0.714533744245
931,0.698573728614,0.718088863245
932,0.699496412837,0.719297452485
933,0.712704590015,0.732447153079
934,0.711293432436,0.730888963595
935,0.709220624862,0.728501031789
936,0.706924947631,0.725979362459
937,0.707958536159,0.727594690897
938,0.709285458552,0.72965242026
939,0.711833179455,0.73307691272
940,0.712038914955,0.73377261627
941,0.709014144347,0.730572485803
942,0.705224854655,0.726398860445
943,0.701587221951,0.722360876631
944,0.698083273683,0.718558188927
945,0.694543398375,0.714877106782
946,0.682470443617,0.699418944186
947,0.682973048791,0.701534071069
948,0.682908859187,0.702147337223
949,0.677004054064,0.695882131733
950,0.671523460209,0.690215569326
951,0.666643254742,0.685131084113
952,0.660054876187,0.678256226299
953,0.655629369316,0.673494349704
954,0.648180131822,0.665441520433
955,0.641535901912,0.658192582644
956,0.635591113006,0.651625157525
957,0.629067747286,0.644767382239
958,0.623349898331,0.639291207267
959,0.618623720226,0.634581277915
960,0.614517130483,0.63070039261
961,0.609648873645,0.625846154132
962,0.6042615389,0.620415369146
963,0.598783669407,0.614715243902
964,0.592239556848,0.607854450314
965,0.586081169931,0.601373115549
966,0.579614016007,0.59464307384
967,0.572711924953,0.587299865946
968,0.565744789717,0.579575529706
969,0.558313179681,0.571341900658
970,0.551855616397,0.564193979215
971,0.544649606484,0.556315438508
972,0.537500505808,0.548492788348
973,0.531253769016,0.541603528608
974,0.525462035352,0.535262331969
975,0.520637620424,0.530088703461
976,0.51701003516,0.526591590522
977,0.514983780521,0.524961232401
978,0.513891830737,0.524168351347
979,0.511859992967,0.522313840164
980,0.509184037458,0.51953407746
981,0.505717175831,0.515850763527
982,0.502711276508,0.512564587559
983,0.500098293214,0.509954445937
984,0.498873835698,0.508646486014
985,0.497977451027,0.507746854689
986,0.497911658107,0.50779554325
987,0.497586622731,0.507585909829
988,0.498388735384,0.508469047594
989,0.498101835944,0.508215986696
990,0.497819451872,0.507819380968
991,0.497656325345,0.50752197941
992,0.498227216702,0.508025838677
993,0.499192033345,0.508993114564
994,0.500362840544,0.510200809923
995,0.502260908686,0.512170263973
996,0.505669899416,0.515790597219
997,0.50901981183,0.519391901965
998,0.511968359062,0.522394774085
999,0.513197284969,0.523513637091
1000,0.515269726065,0.525261756971
1001,0.516510679246,0.526111189795
1002,0.520240288734,0.529728446916
1003,0.52509288451,0.53488308567
1004,0.531570145059,0.541933111559
1005,0.537848977099,0.548858677205
1006,0.544520952286,0.55617023381
1007,0.551554767555,0.563925645916
1008,0.558039006345,0.571084879587
1009,0.565491162642,0.579321581084
1010,0.573007294003,0.58756470712
1011,0.579114863526,0.594129893386
1012,0.585734901858,0.601047252761
1013,0.592443842137,0.608039989755
1014,0.598898300006,0.614844523331
1015,0.604895789129,0.621038298503
1016,0.608895365984,0.625037699585
1017,0.613899900048,0.630037528855
1018,0.618082675723,0.634106807941
1019,0.62360456384,0.639498592299
1020,0.628087945882,0.643789254568
1021,0.634480060016,0.650461520913
1022,0.641825124248,0.658513834842
1023,0.648249251615,0.665524436256
1024,0.654658065118,0.672484039266
1025,0.661158457631,0.679425363723
1026,0.66607693872,0.684556818257
1027,0.671529393272,0.690251531998
1028,0.677343279071,0.696178713325
1029,0.682102361833,0.701348572427
1030,0.68267779301,0.701250686516
1031,0.682419829962,0.699397759892
1032,0.695082787342,0.715447503999
1033,0.697980442489,0.718482792253
1034,0.701460982659,0.722259641979
1035,0.705318903418,0.726495465531
1036,0.71009169946,0.731719753856
1037,0.71252485584,0.734277528593
1038,0.711408017753,0.732620152043
1039,0.709393402403,0.729755186914
1040,0.707730089598,0.727332494076
1041,0.708021562029,0.727139811137
1042,0.71011313086,0.729414459477
1043,0.711883283507,0.731555816605
1044,0.720043238727,0.739516713692
1045,0.718731817723,0.738092886244
1046,0.717191346209,0.736267248596
1047,0.717292917936,0.736845889736
1048,0.718467526157,0.738649755677
1049,0.721449637993,0.742499553695
1050,0.723159591794,0.745016738128
1051,0.722869876682,0.745104782156
1052,0.718486600959,0.740412509531
1053,0.714094265393,0.735597578773
1054,0.710634943955,0.731821451128
1055,0.704829254962,0.725677514129
1056,0.70131905225,0.721674810022
1057,0.67990578974,0.695186934806
1058,0.694397903163,0.714512142112
1059,0.689472355175,0.708985333553
1060,0.68340639968,0.702709302312
1061,0.678105400475,0.697199920209
1062,0.671454589058,0.690249055338
1063,0.665854439219,0.684333392977
1064,0.658957565119,0.676937753718
1065,0.652466219398,0.669714499754
1066,0.645146255986,0.661855269439
1067,0.637682135228,0.653705921465
1068,0.629600542477,0.645282808278
1069,0.625120822728,0.640925610816
1070,0.620570222735,0.636488630346
1071,0.615915161751,0.632030050395
1072,0.611344120216,0.627504223867
1073,0.605495935831,0.621486480017
1074,0.598462171273,0.614045497183
1075,0.591492143442,0.606706815075
1076,0.584686639902,0.599683423773
1077,0.57917650181,0.593854366896
1078,0.572442859305,0.586764964059
1079,0.564927974465,0.578523248007
1080,0.55761023877,0.570497773643
1081,0.55032317039,0.562524861394
1082,0.543249032334,0.554731534143
1083,0.535803618297,0.546600304331
1084,0.528969154413,0.539084177707
1085,0.522958471576,0.532589942735
1086,0.519168460441,0.528740014608
1087,0.516457533765,0.526350635986
1088,0.514855533899,0.52510027458
1089,0.512515278678,0.52301970039
1090,0.509313823061,0.519741203213
1091,0.505688822709,0.515849069049
1092,0.502583759106,0.512537053755
1093,0.499449204407,0.509166488164
1094,0.497305468658,0.506905630733
1095,0.495601831477,0.505151130007
1096,0.495179311229,0.504698388496
1097,0.494660574647,0.504289346196
1098,0.495105040176,0.504908060254
1099,0.495762306433,0.505652673001
1100,0.495357287534,0.505209066758
1101,0.494900512824,0.504524708097
1102,0.495220999502,0.504744610328
1103,0.49572455678,0.505248040519
1104,0.497320283624,0.506919812685
1105,0.499787597407,0.509531627069
1106,0.502371036045,0.512321987611
1107,0.505643701606,0.515813661698
1108,0.509115119002,0.519578239208
1109,0.512083232207,0.522559359762
1110,0.514523112792,0.524783227227
1111,0.516660892192,0.526566710851
1112,0.519052858972,0.528630133833
1113,0.522771014118,0.532410295482
1114,0.529097684877,0.539275930558
1115,0.53585722718,0.546640176986
1116,0.543185067851,0.554688484517
1117,0.551285272918,0.56348910045
1118,0.557429826544,0.570328171442
1119,0.564935924483,0.578549299973
1120,0.571906520831,0.586255776245
1121,0.578893830988,0.593678836543
1122,0.585270817202,0.600261719701
1123,0.591168834459,0.606374788521
1124,0.59902819575,0.614510055976
1125,0.605240490459,0.621211117348
1126,0.61152505242,0.627707968949
1127,0.616235234257,0.632384621836
1128,0.620630855952,0.636585523189
1129,0.625044697622,0.640865721034
1130,0.630963751322,0.646645541922
1131,0.637629044965,0.653625384551
1132,0.64541227384,0.662094780458
1133,0.651703572128,0.6689995487
1134,0.65922584955,0.677162720053
1135,0.665300048413,0.683771142599
1136,0.671321840167,0.690140057969
1137,0.676764375224,0.695817850787
1138,0.683590652636,0.702950365918
1139,0.689338867493,0.708814180692
1140,0.694004580742,0.714055705852
1141,0.680337804007,0.695626167361
1142,0.701692662048,0.722097943549
1143,0.705958962407,0.726798500121
1144,0.710862931291,0.732000881797
1145,0.714287308923,0.735754152116
1146,0.719420860305,0.741331121145
1147,0.722236200627,0.74445338562
1148,0.722569302887,0.744408158026
1149,0.720757413721,0.741738525762
1150,0.718635281188,0.738823870178
1151,0.716410490796,0.735869128352
1152,0.716103116946,0.735117467644
1153,0.718513207614,0.737819547243
1154,0.720459624641,0.740017279229
1155,0.721224434305,0.740015848623
1156,0.720720011535,0.739463260454
1157,0.719701708991,0.738373254583
1158,0.719634496786,0.738748390731
1159,0.721040505998,0.740820435157
1160,0.721708954444,0.742304126062
1161,0.724926609246,0.746297698405
1162,0.725861004416,0.747993197146
1163,0.724756625683,0.747127850799
1164,0.720755059234,0.742714796299
1165,0.715460945473,0.736931915494
1166,0.711807497477,0.733000024389
1167,0.707760969125,0.728661634554
1168,0.694711803758,0.712305270428
1169,0.696846663612,0.716348852392
1170,0.694969566914,0.714887959202
1171,0.688756967882,0.708455534426
1172,0.683611602355,0.703067605108
1173,0.677618114279,0.696828669155
1174,0.67130287975,0.690247419156
1175,0.664631317319,0.68300392171
1176,0.657861967726,0.675683892311
1177,0.650381081774,0.667506499334
1178,0.643397875199,0.659899624604
1179,0.635942859371,0.651677119007
1180,0.627740122122,0.642987634075
1181,0.621949570748,0.637128879014
1182,0.617660421769,0.633085607216
1183,0.613200675347,0.628947643682
1184,0.608228493012,0.624026353185
1185,0.603010656596,0.618667353656
1186,0.596835360904,0.612385961888
1187,0.589517142482,0.604634008392
1188,0.583312997698,0.598435359682
1189,0.57836458816,0.593472915023
1190,0.571492989759,0.586058852936
1191,0.563721186553,0.577455957265
1192,0.555381107304,0.568075961586
1193,0.547791419929,0.55976084843
1194,0.539571826387,0.550655339081
1195,0.532472788041,0.542879875436
1196,0.525756161143,0.535591467459
1197,0.521121845409,0.530687388516
1198,0.517527978225,0.527290919775
1199,0.515586498978,0.525758081864
1200,0.513007364482,0.523434792106
1201,0.510489944677,0.521026460361
1202,0.507529590869,0.518033460905
1203,0.503709120317,0.514069230839
1204,0.5005031452,0.51073314612
1205,0.498450719294,0.508431615529
1206,0.495666411033,0.505399948806
1207,0.495768577694,0.505762011086
1208,0.494819544633,0.504762992556
1209,0.494273732789,0.504180631894
1210,0.493042908958,0.502575792861
1211,0.493081560709,0.502559269479
1212,0.493664684571,0.503597464395
1213,0.494803250389,0.504764286443
1214,0.495596396158,0.505610967119
1215,0.495935369587,0.505666009177
1216,0.498282446937,0.508291332822
1217,0.500298575567,0.510491472398
1218,0.504079820897,0.514471667031
1219,0.507752597335,0.518249238844
1220,0.510538322512,0.521086779434
1221,0.512976404359,0.523406844629
1222,0.515621458179,0.525761063435
1223,0.51761961732,0.527391665484
1224,0.52109984862,0.530650559443
1225,0.525819358366,0.535688679021
1226,0.532338770022,0.542749201082
1227,0.539351213154,0.550448172968
1228,0.547359353194,0.55929545398
1229,0.555110787508,0.567806757833
1230,0.563262810746,0.576937914752
1231,0.571383783274,0.585927244753
1232,0.578037685161,0.593110710269
1233,0.583189229949,0.598375055776
1234,0.589079148091,0.60414625951
1235,0.596231021658,0.611709249689
1236,0.602919554508,0.618584513795
1237,0.608922373656,0.624723492516
1238,0.612933055034,0.62868373427
1239,0.617098775753,0.632518444711
1240,0.622103173819,0.637338878778
1241,0.628021924556,0.643248509095
1242,0.635800073088,0.651523762039
1243,0.643411579421,0.659855845153
1244,0.650593232621,0.667729673224
1245,0.658445825216,0.676237930567
1246,0.664490288431,0.682864310941
1247,0.670778013063,0.689663005787
1248,0.676973882466,0.696223987144
1249,0.683356008686,0.702838039367
1250,0.689052106636,0.708716860777
1251,0.694276815886,0.714220728845
1252,0.696397271446,0.715893069062
1253,0.695917379708,0.713484976793
1254,0.707287524456,0.728217938819
1255,0.711496920229,0.732663692255
1256,0.715741569319,0.737205815345
1257,0.719610039684,0.741511405944
1258,0.723898161311,0.746205182726
1259,0.726009280464,0.748107115723
1260,0.725189876133,0.74664324229
1261,0.72321113344,0.743749848617
1262,0.720830065789,0.740594830481
1263,0.719472562234,0.738628549217
1264,0.719854326585,0.738472089965
1265,0.721022791324,0.73972847319
1266,0.490747971391,0.506467603799
1267,0.598260720387,0.617393000844
1268,0.718386108587,0.74055310223
1269,0.717428652264,0.739615106592
1270,0.595920375452,0.614479501553
1271,0.490283658493,0.506135023761
1272,0.597853224382,0.617358047214
1273,0.719266630027,0.742579748782
1274,0.709485035274,0.73133724553
1275,0.587917884843,0.605450744713
1276,0.482373139978,0.496798616782
1277,0.592408886477,0.611843798791
1278,0.707280294264,0.729687259774
1279,0.69501565718,0.715587207791
1280,0.575935173082,0.591691383547
1281,0.476299422745,0.489857999282
1282,0.574877252437,0.591165404445
1283,0.669546613442,0.684445832089
1284,0.680162938744,0.699687810512
1285,0.568483468669,0.584225836351
1286,0.468326628049,0.481457360186
1287,0.562971190378,0.578451738334
1288,0.667102854074,0.685759204645
1289,0.663275856058,0.682892713666
1290,0.565224530139,0.582800187696
1291,0.474351202635,0.487706503433
1292,0.550934832186,0.56604168296
1293,0.645696497861,0.663002197575
1294,0.638759693672,0.656516904523
1295,0.548099546673,0.564332330582
1296,0.487939807371,0.50097786052
1297,0.540668260729,0.555774216297
1298,0.625620735369,0.643004786042
1299,0.615045605253,0.631687702005
1300,0.530510972289,0.545684159496
1301,0.480487188206,0.492742285705
1302,0.529113593441,0.543888025967
1303,0.604059150664,0.621221816824
1304,0.593384685021,0.609731890752
1305,0.514909453661,0.529327714013
1306,0.472470687852,0.48388108268
1307,0.53125433538,0.545120100446
1308,0.573867665603,0.588698613691
1309,0.564696721771,0.57862560826
1310,0.4942958874,0.506314969588
1311,0.486215951471,0.495763287214
1312,0.510593538583,0.521902189952
1313,0.54146572259,0.552526838488
1314,0.534654774776,0.545239750469
1315,0.474599961744,0.484837707853
1316,0.477718625267,0.486255512592
1317,0.492537684903,0.501770291376
1318,0.515219359712,0.523844270303
1319,0.510609009455,0.519334193011
1320,0.465397254821,0.475567988598
1321,0.471755352946,0.480170205259
1322,0.484209726652,0.493235471992
1323,0.504239573212,0.513580219877
1324,0.500721966844,0.510684254582
1325,0.459518921204,0.469634386274
1326,0.447532017634,0.455335062511
1327,0.482520411166,0.491968115722
1328,0.496654363656,0.506033178824
1329,0.4841023337,0.493245990938
1330,0.448927584411,0.45853093457
1331,0.449114694561,0.457414248568
1332,0.483451229563,0.493041705481
1333,0.492565230887,0.502320191884
1334,0.481306737954,0.490895386976
1335,0.448752500482,0.457978430273
1336,0.448709357027,0.457945743179
1337,0.476567985602,0.486059257387
1338,0.492877158507,0.502637256381
1339,0.474793919806,0.48421421463
1340,0.448941406959,0.457247875083
1341,0.448836503896,0.458451789749
1342,0.484168662887,0.493359149765
1343,0.496354483246,0.505777238874
1344,0.473767653264,0.483008752072
1345,0.447418112196,0.455215688516
1346,0.450698634882,0.460916758277
1347,0.498373813024,0.507994772698
1348,0.504658885626,0.514030815861
1349,0.484842102631,0.493858412334
1350,0.471927077683,0.480308706935
1351,0.465181900734,0.475340514667
1352,0.510442432372,0.51915148743
1353,0.515835866936,0.524406468638
1354,0.492152523756,0.501386969995
1355,0.47792144298,0.486465068443
1356,0.474752565166,0.48503005164
1357,0.534000966202,0.544648705507
1358,0.541635393376,0.552735791978
1359,0.510279024929,0.521595913919
1360,0.486758134345,0.496299061953
1361,0.494354414637,0.506386334803
1362,0.564383707251,0.57829275135
1363,0.574326437269,0.589147033167
1364,0.518336127901,0.531802236007
1365,0.472214315488,0.483594255721
1366,0.514785611102,0.529181352567
1367,0.594154663703,0.610478127349
1368,0.604189955799,0.621324778288
1369,0.528929858533,0.543712967208
1370,0.480416860174,0.492674002095
1371,0.530807453589,0.545974298214
1372,0.615549662434,0.632163030581
1373,0.625574620698,0.642919150583
1374,0.547717143822,0.563004607556
1375,0.488223726436,0.501257104569
1376,0.548468996028,0.56467221928
1377,0.638331232093,0.656096779338
1378,0.645903241944,0.663227889676
1379,0.550610370623,0.56571972563
1380,0.466431637737,0.479743081388
1381,0.562978811851,0.580276366452
1382,0.663599892629,0.683229291833
1383,0.66762681671,0.686283497127
1384,0.562054961222,0.577481523682
1385,0.471584755114,0.484730390679
1386,0.569182771237,0.5850908139
1387,0.680171920534,0.69966138197
1388,0.668807908305,0.683684800542
1389,0.575063971788,0.591305912356
1390,0.47619474305,0.489745797824
1391,0.575417726165,0.591122836693
1392,0.695731920295,0.716311210658
1393,0.706806849616,0.729217240003
1394,0.592820570356,0.612211496256
1395,0.482467467253,0.496969860656
1396,0.587477038853,0.604978355773
1397,0.71009991812,0.732037824526
1398,0.719351522713,0.742707842724
1399,0.597779233556,0.617363298081
1400,0.4906054378,0.506444767993
1401,0.595592386552,0.614169080463
1402,0.71773995162,0.739900013028
1403,0.71839398282,0.740519242782
1404,0.597578948028,0.616716963776
1405,0.693021619108,0.712963861028
1406,0.691804168059,0.711444999909
1407,0.690538723552,0.709882056732
1408,0.688641164422,0.707719087001
1409,0.687550028705,0.706678103664
1410,0.688172971243,0.707776555242
1411,0.689958407963,0.710136328876
1412,0.691646876967,0.712337433387
1413,0.69239330124,0.713548645088
1414,0.690213823948,0.711319883612
1415,0.686744774242,0.707545807771
1416,0.684051485582,0.70453599563
1417,0.681712052169,0.702067492548
1418,0.678615444683,0.698946791874
1419,0.67646894915,0.696773530034
1420,0.673989176912,0.694200557662
1421,0.661786793489,0.678848712503
1422,0.663406549907,0.682152906042
1423,0.662308356296,0.681244799339
1424,0.656960236834,0.675371287789
1425,0.652917090517,0.671270051364
1426,0.647879075732,0.666007150072
1427,0.644169449327,0.662119598178
1428,0.639556369321,0.65725270594
1429,0.644466981124,0.66263907241
1430,0.630839165369,0.648086854299
1431,0.625740809236,0.642664266957
1432,0.621071954478,0.637408773401
1433,0.615477204161,0.631334406857
1434,0.630234899672,0.6476633145
1435,0.607356761631,0.62306887146
1436,0.603308355852,0.619240518164
1437,0.600258634411,0.616369218023
1438,0.597293945513,0.61359238712
1439,0.610004427442,0.627295160376
1440,0.589145900461,0.605318321545
1441,0.584453886524,0.600427968205
1442,0.580423395287,0.596284316944
1443,0.577390647866,0.593701962414
1444,0.583920647432,0.599929615833
1445,0.571843563764,0.587252701313
1446,0.560002308423,0.574987095715
1447,0.553852608963,0.568345873845
1448,0.54776606334,0.561564525887
1449,0.555702018776,0.568525467134
1450,0.541215396578,0.553542211774
1451,0.529497609425,0.541209389643
1452,0.524247937503,0.535483054162
1453,0.519111604837,0.529847620361
1454,0.526546553289,0.536483289603
1455,0.513836635741,0.523484431322
1456,0.50358250205,0.512763968762
1457,0.498234990271,0.507119082631
1458,0.496253330528,0.505127076638
1459,0.50471700398,0.513653559171
1460,0.497757099744,0.507089057025
1461,0.491075856393,0.500711773363
1462,0.487469189608,0.497340713082
1463,0.490630373681,0.500600170035
1464,0.494117863726,0.503922854471
1465,0.489873591506,0.499576346901
1466,0.482301669815,0.491876876457
1467,0.478133630588,0.487645974113
1468,0.480593308022,0.490152295944
1469,0.485700449006,0.495313111196
1470,0.48373905098,0.493472415736
1471,0.477795236733,0.487656960646
1472,0.476248386862,0.486175938795
1473,0.480907222163,0.490769493952
1474,0.484425163824,0.494271391404
1475,0.479615058766,0.489494039348
1476,0.47530479954,0.485233374513
1477,0.476270337184,0.486164279813
1478,0.481973854181,0.491759855506
1479,0.485788037616,0.495386781758
1480,0.48413346977,0.493807616924
1481,0.477899348751,0.487419462704
1482,0.480945639462,0.490577744172
1483,0.487929121044,0.497706781726
1484,0.492412141717,0.502266087022
1485,0.486758590998,0.496759169859
1486,0.487637262736,0.497512501333
1487,0.490854447408,0.500494893886
1488,0.497668492431,0.5070108084
1489,0.504594000278,0.51354284779
1490,0.496198454528,0.505083734908
1491,0.498428261535,0.507348890024
1492,0.503529398577,0.512729686221
1493,0.513527993706,0.523183098873
1494,0.525994717264,0.535944225273
1495,0.519192799545,0.529887297163
1496,0.524899710447,0.536137686072
1497,0.529700712517,0.541445706337
1498,0.540697822708,0.553077982108
1499,0.556115753779,0.568974327217
1500,0.547593069429,0.561420446021
1501,0.553860103627,0.568374805409
1502,0.560371021635,0.575354731001
1503,0.567474382058,0.582892180358
1504,0.584265538565,0.600145173946
1505,0.577564744378,0.593860835269
1506,0.580594418579,0.596462897753
1507,0.584842203051,0.600845697384
1508,0.589344046284,0.605490242477
1509,0.610154321874,0.627494595586
1510,0.597692599502,0.614007151616
1511,0.600880511918,0.617010460811
1512,0.603972265881,0.619864145082
1513,0.611074343206,0.627019600314
1514,0.630539898106,0.647951979071
1515,0.614932877528,0.630736580903
1516,0.620628812854,0.636992604575
1517,0.625744341498,0.642708655009
1518,0.630932504945,0.648177738083
1519,0.638233175197,0.655990818346
1520,0.640408485231,0.658120051086
1521,0.643405138279,0.661341968121
1522,0.64763286193,0.665805516599
1523,0.653213682993,0.671587506773
1524,0.659694504577,0.678277848169
1525,0.662148653135,0.681085230156
1526,0.662783766426,0.68146252032
1527,0.661939685135,0.678992542801
1528,0.674085725585,0.694281315801
1529,0.676418323527,0.69676131882
1530,0.678498814533,0.698819377867
1531,0.681554239482,0.702000626648
1532,0.683272870003,0.703721460956
1533,0.687137807537,0.707900057159
1534,0.690455165625,0.711572667581
1535,0.692317505969,0.713421378051
1536,0.692115687636,0.712765210412
1537,0.690504410376,0.710687570544
1538,0.689219998639,0.708790779236
1539,0.687178348398,0.706275051707
1540,0.688988563598,0.70802513202
1541,0.69089867325,0.710246418752
1542,0.69200527558,0.711720576769
1543,0.693510840061,0.713415686895
1544,0.691710902724,0.710941109238
1545,0.691568144943,0.710808767364
1546,0.691464443714,0.710436921466
1547,0.690344174927,0.709144684914
1548,0.688859492964,0.707528703134
1549,0.689864006546,0.708967957494
1550,0.690741266086,0.710373811776
1551,0.691623498669,0.711772310677
1552,0.692038014175,0.712633946833
1553,0.691484441876,0.712399263506
1554,0.688187137168,0.708836203419
1555,0.684853568613,0.705169909286
1556,0.681868431695,0.701840545012
1557,0.679490980451,0.69923838318
1558,0.676611772729,0.696252061961
1559,0.673812561488,0.693321389871
1560,0.666798054913,0.684332314827
1561,0.652267197497,0.667197305296
1562,0.664104370967,0.682896337416
1563,0.660143921413,0.678509437614
1564,0.654694782509,0.672765212022
1565,0.650728710873,0.668724016857
1566,0.646559032846,0.664459910276
1567,0.642157987097,0.65993458458
1568,0.63802624602,0.655619160393
1569,0.643002264498,0.660807575864
1570,0.629693518504,0.64664335326
1571,0.623319391839,0.639681643001
1572,0.618017781933,0.633855926465
1573,0.61263925371,0.628066577746
1574,0.617094794874,0.632881547491
1575,0.60449057476,0.619977267957
1576,0.600158981174,0.615767140603
1577,0.596577997671,0.6123067066
1578,0.59258631259,0.608434007357
1579,0.597892770385,0.614283366151
1580,0.584764357521,0.60047875152
1581,0.580620618754,0.596248843365
1582,0.575348395012,0.590855309361
1583,0.570415313009,0.585710181796
1584,0.572586901498,0.588110071274
1585,0.56585678532,0.581038666006
1586,0.55381528397,0.568094710976
1587,0.547340356368,0.561015901414
1588,0.541008465136,0.553952583516
1589,0.542355123196,0.55526932194
1590,0.535681163167,0.547814325493
1591,0.525064845973,0.536259026419
1592,0.519783389671,0.530478379426
1593,0.514010089885,0.524180879855
1594,0.513769832695,0.523852374613
1595,0.507043886126,0.516523686528
1596,0.498383008033,0.507261491455
1597,0.494632628519,0.503429807722
1598,0.493937934366,0.502983353899
1599,0.493406445874,0.50285829036
1600,0.491081059388,0.500745295893
1601,0.487758762828,0.497542285588
1602,0.485663951759,0.495557063378
1603,0.485825735542,0.49575109665
1604,0.48387911277,0.493750782683
1605,0.480526663353,0.490013890579
1606,0.476379474975,0.485564756433
1607,0.475139660115,0.484427795461
1608,0.475770587011,0.485236705272
1609,0.475661458164,0.485205146342
1610,0.475407722856,0.485044318522
1611,0.474294092682,0.484001012538
1612,0.474977774282,0.484751166358
1613,0.475519964661,0.485379516374
1614,0.475952175501,0.485786721198
1615,0.474061901345,0.483817551111
1616,0.47362404616,0.483330522233
1617,0.474850878226,0.484441614253
1618,0.47567964634,0.485263164689
1619,0.476519394725,0.485945077411
1620,0.475989844131,0.485261712565
1621,0.476388753427,0.485614420864
1622,0.479206450444,0.488616743356
1623,0.483813100073,0.493678867921
1624,0.483479264683,0.493307664018
1625,0.490179925804,0.50016768761
1626,0.488163323318,0.498088331954
1627,0.491067292302,0.500719295469
1628,0.493544245565,0.503003679008
1629,0.494051723929,0.503124225125
1630,0.495086014133,0.503895289094
1631,0.498665955196,0.507556008193
1632,0.506756064224,0.516244173074
1633,0.512880346045,0.522950172768
1634,0.514143081671,0.524350368239
1635,0.51982855701,0.530536356779
1636,0.525051715672,0.536255986531
1637,0.535628418507,0.547803403312
1638,0.542165883556,0.555071189188
1639,0.541795222357,0.554741314817
1640,0.547584569302,0.561275382472
1641,0.553280671691,0.567586732909
1642,0.562280762126,0.577182201967
1643,0.572490527003,0.588040560107
1644,0.570362639942,0.585682823518
1645,0.575862492752,0.591357603478
1646,0.580882925838,0.596517187106
1647,0.584888994006,0.600612937516
1648,0.597726978306,0.614071732837
1649,0.59265812983,0.608492022638
1650,0.596296499486,0.612010927877
1651,0.59992006497,0.615533649822
1652,0.608502686692,0.624114202522
1653,0.617159103859,0.632930801671
1654,0.612634446415,0.628073785281
1655,0.61792966957,0.63379225435
1656,0.624050017067,0.640471555587
1657,0.628636255296,0.645548274665
1658,0.638014857722,0.655493570333
1659,0.638238196823,0.655846181867
1660,0.642039016448,0.659826487329
1661,0.645894055867,0.663747242483
1662,0.650555348733,0.668524796966
1663,0.660742572836,0.679127853086
1664,0.659508307219,0.677869647036
1665,0.664917876163,0.683761707576
1666,0.652625076205,0.667567346018
1667,0.665858607482,0.68333835933
1668,0.674122486353,0.693608562023
1669,0.676329214305,0.695937360953
1670,0.678926072838,0.69869310799
1671,0.682311464013,0.702249976335
1672,0.685651656813,0.705955080867
1673,0.688446899553,0.709088742049
1674,0.691332995903,0.712247946638
1675,0.692035570159,0.712637950317
1676,0.692032653859,0.712220308568
1677,0.690825720169,0.710451583593
1678,0.690087602951,0.709157918445
1679,0.688474569585,0.707141292658
1680,0.689761886002,0.708553117352
1681,0.691096399316,0.710059216947
1682,0.69171451707,0.710903736599
1683,0.684212770029,0.702821454013
1684,0.684299056086,0.702900977651
1685,0.682992820169,0.701401298969
1686,0.682035381138,0.700305282246
1687,0.681343763079,0.699866391156
1688,0.682498017451,0.701475894554
1689,0.683992521475,0.703511069196
1690,0.684502957187,0.704587069674
1691,0.684639159263,0.705024638405
1692,0.682882959753,0.703354065716
1693,0.67991381733,0.70002562028
1694,0.67612929218,0.695905445565
1695,0.673966498121,0.693577366101
1696,0.671368707972,0.690833561486
1697,0.668692142395,0.687967773905
1698,0.666636417138,0.68589637157
1699,0.657354083541,0.674372374044
1700,0.660873998557,0.679713059566
1701,0.656222028427,0.674688621431
1702,0.651816472386,0.669821102192
1703,0.647462422112,0.665438942511
1704,0.643546889203,0.661444997912
1705,0.63944982381,0.657138095363
1706,0.635650813906,0.653242355616
1707,0.631385766532,0.648705263561
1708,0.626962798169,0.643920958397
1709,0.621645743536,0.638020821603
1710,0.615975812079,0.631928848052
1711,0.611271889365,0.626746663399
1712,0.605153991565,0.620237681982
1713,0.600683292017,0.615739558325
1714,0.596511005218,0.611694943651
1715,0.592866971565,0.608134482822
1716,0.589585815912,0.604986812586
1717,0.585767603378,0.601293093824
1718,0.58234483397,0.597767290276
1719,0.577581419603,0.592859067608
1720,0.572961784307,0.588155336457
1721,0.568201521224,0.583101207821
1722,0.562148003142,0.576692162598
1723,0.556477579025,0.570762264697
1724,0.551613479434,0.565660283058
1725,0.546525647016,0.56013626044
1726,0.540494305852,0.553536651558
1727,0.535062656934,0.547400002455
1728,0.529508620372,0.54128190484
1729,0.524224686922,0.535465142928
1730,0.519386589984,0.530122267697
1731,0.513449973029,0.523670374804
1732,0.508412074414,0.518169699422
1733,0.503603787335,0.512983570563
1734,0.498435595907,0.507364805151
1735,0.49486124727,0.503609163604
1736,0.491974566799,0.500806567285
1737,0.489692799624,0.498887472955
1738,0.488361958244,0.497842973777
1739,0.486866118873,0.496546855496
1740,0.484717435598,0.494461233603
1741,0.483333523263,0.493043701243
1742,0.48365330461,0.493227978712
1743,0.477399805407,0.486620161573
1744,0.475320227505,0.484364606039
1745,0.473581348287,0.482576159645
1746,0.472542250921,0.481588877466
1747,0.471812991729,0.480885218485
1748,0.471410133733,0.480585240024
1749,0.471391639565,0.480692575176
1750,0.471806201015,0.481317913915
1751,0.473139258732,0.482776129804
1752,0.473272833915,0.482989680275
1753,0.473110899697,0.482717591057
1754,0.472261246724,0.48176915204
1755,0.471743721363,0.481067128526
1756,0.471470835289,0.480653019481
1757,0.47172916536,0.480753906384
1758,0.473594343488,0.48265760512
1759,0.47372253432,0.482711059618
1760,0.475563752404,0.484569412033
1761,0.477741998247,0.486905009122
1762,0.480402557106,0.489871005288
1763,0.483172382038,0.492854574035
1764,0.485794997897,0.495568267998
1765,0.486889346835,0.496537535674
1766,0.488330276025,0.497794050998
1767,0.493884314631,0.503171970867
1768,0.492454513216,0.501473363809
1769,0.494323844429,0.503059117115
1770,0.498937769107,0.507894117022
1771,0.503953737552,0.513339839213
1772,0.508256867832,0.518024972643
1773,0.513934803205,0.524174097876
1774,0.519182203374,0.52991968651
1775,0.524587125776,0.535836265464
1776,0.529686879956,0.541432849107
1777,0.534952905981,0.547288976991
1778,0.540481575854,0.553479033286
1779,0.546366895334,0.559956883674
1780,0.551957527281,0.565961492213
1781,0.556857718855,0.571185128055
1782,0.562159504024,0.576733339604
1783,0.56829978902,0.583192903484
1784,0.572814587498,0.587996753205
1785,0.577768335309,0.593044325451
1786,0.582363084363,0.597781748129
1787,0.586176037437,0.60167072986
1788,0.589341180862,0.604711448715
1789,0.592484180299,0.607715179791
1790,0.597117587467,0.612337932708
1791,0.600412167941,0.615457812102
1792,0.605076467328,0.620187625175
1793,0.611009330041,0.626503788239
1794,0.615827759901,0.631758635559
1795,0.621020501691,0.63742740088
1796,0.626525637325,0.643455796225
1797,0.631343554932,0.648630496209
1798,0.635037847352,0.652629047675
1799,0.639896776456,0.65762043622
1800,0.642899635556,0.660792645464
1801,0.648089233191,0.666014159813
1802,0.65185847285,0.669871342109
1803,0.656250642105,0.674720670265
1804,0.660050327441,0.678943263595
1805,0.657547415055,0.674625869984
1806,0.666505267229,0.685743302667
1807,0.6688410877,0.688179326309
1808,0.670834541108,0.690224297709
1809,0.673274609949,0.6928182237
1810,0.67613191311,0.695886836632
1811,0.679741122374,0.699875501453
1812,0.683123581529,0.703655684467
1813,0.684548908999,0.704968711986
1814,0.684350906353,0.70438136722
1815,0.682911744079,0.70242129838
1816,0.682718947327,0.70177365625
1817,0.681276337828,0.699828517486
1818,0.682200760528,0.700430932523
1819,0.683232594791,0.701636265171
1820,0.684433830031,0.703026225888
1821,0.68415558601,0.702870905165
1822,0.664483344078,0.682479051362
1823,0.664083604446,0.682133614544
1824,0.663001210683,0.6809209911
1825,0.662527989282,0.680286174324
1826,0.662315746245,0.680250379551
1827,0.66288363618,0.6811933875
1828,0.66388050783,0.682653411896
1829,0.664202736728,0.683414952135
1830,0.665487788319,0.685090168398
1831,0.664854932319,0.684648702615
1832,0.662080227825,0.681880741519
1833,0.65975099715,0.679191746232
1834,0.656618584972,0.67575554421
1835,0.65421020234,0.673125551317
1836,0.651465949921,0.670297419511
1837,0.649815408368,0.66860102698
1838,0.643021383267,0.65998143062
1839,0.643165135128,0.661262224205
1840,0.641579496493,0.659878612464
1841,0.638339454434,0.656264400204
1842,0.63401250546,0.651759614906
1843,0.630970301412,0.648640145689
1844,0.626656162492,0.644215119685
1845,0.622688054786,0.640078906004
1846,0.619511079295,0.636648897056
1847,0.614626536643,0.631411298015
1848,0.610331374247,0.626680236445
1849,0.605404683358,0.621344242251
1850,0.60111642082,0.616676533802
1851,0.59595917346,0.610963153717
1852,0.590345972143,0.605004027143
1853,0.586311403414,0.600900899397
1854,0.583179352521,0.597871061705
1855,0.579099655556,0.593790197316
1856,0.576005766085,0.59065904032
1857,0.573438053509,0.588282850752
1858,0.569079397158,0.583825815234
1859,0.565448043125,0.58018972331
1860,0.561164540288,0.575768016424
1861,0.556411069477,0.570916954179
1862,0.55181983565,0.566077315136
1863,0.547339334774,0.561457193477
1864,0.542013756647,0.55564786443
1865,0.537104922078,0.550396766506
1866,0.532069199148,0.544977392476
1867,0.526777542662,0.539009007413
1868,0.526066822598,0.537743833183
1869,0.515504134529,0.526455407472
1870,0.509901834904,0.520263938477
1871,0.504778951076,0.514600018137
1872,0.499768413879,0.509166871939
1873,0.496711852281,0.505867075116
1874,0.49628273809,0.505082017177
1875,0.489001766291,0.497712809429
1876,0.487109910122,0.496119539856
1877,0.486107662505,0.495535255031
1878,0.488795611797,0.49839387842
1879,0.482377411568,0.492009028278
1880,0.480796840875,0.490472803917
1881,0.479594893593,0.489189612963
1882,0.480323054626,0.489773756608
1883,0.475402410734,0.484904953212
1884,0.473612101406,0.483019388564
1885,0.471995857868,0.48133154271
1886,0.470644280267,0.479844522724
1887,0.470030287392,0.479301237506
1888,0.468278895552,0.477231709289
1889,0.469726760209,0.479142340184
1890,0.469636014857,0.479135299525
1891,0.470445342638,0.48001791253
1892,0.470813548371,0.480372693955
1893,0.46988632235,0.479394961553
1894,0.469787021271,0.479204880444
1895,0.46863349434,0.477570650595
1896,0.470009273391,0.479307676412
1897,0.47083051918,0.479990277552
1898,0.471907402273,0.481195330833
1899,0.47399206397,0.483380873612
1900,0.474990456567,0.484481903483
1901,0.476618580016,0.486045099544
1902,0.479151661757,0.488765655053
1903,0.483220698623,0.492903958664
1904,0.486589648924,0.496318829439
1905,0.48455277067,0.494149945269
1906,0.490110995598,0.499519173505
1907,0.488313299352,0.497477531572
1908,0.489227068514,0.49796236558
1909,0.492543725085,0.50123400939
1910,0.49611533224,0.505127906292
1911,0.500082154488,0.50947101312
1912,0.505186194201,0.514979685448
1913,0.509619387965,0.519936491672
1914,0.516011476976,0.526971956491
1915,0.520888076799,0.532441697385
1916,0.526317871947,0.538491013959
1917,0.532420888821,0.545335610462
1918,0.537059709448,0.550366266988
1919,0.542262215685,0.555929704669
1920,0.547390768939,0.56150929958
1921,0.55242510457,0.566724112167
1922,0.556396043504,0.57089266945
1923,0.561002637153,0.575636383892
1924,0.565371211654,0.58009872675
1925,0.5695281622,0.584312115082
1926,0.573593778357,0.588479205063
1927,0.575565404133,0.590229207802
1928,0.5792620349,0.593928189146
1929,0.582868229424,0.597598033889
1930,0.586444426272,0.601030304438
1931,0.590735334664,0.605447209239
1932,0.595774773554,0.610856563536
1933,0.600594302004,0.616057524382
1934,0.605480044771,0.621433095965
1935,0.60988891141,0.626225723261
1936,0.615132120354,0.631917348494
1937,0.618884405424,0.635945817916
1938,0.623005483754,0.640377631633
1939,0.636080003578,0.653867654221
1940,0.631288835687,0.649086312162
1941,0.634096807351,0.651858463763
1942,0.638147343514,0.656068460742
1943,0.641282254559,0.659547968995
1944,0.643094237345,0.66121484119
1945,0.64269429078,0.659638758862
1946,0.650221613464,0.669039465425
1947,0.652050929402,0.670918521132
1948,0.654122947307,0.67304845732
1949,0.656691144233,0.675745059066
1950,0.660114591361,0.679567036453
1951,0.662891470221,0.682714963396
1952,0.664701123272,0.684554643766
1953,0.664989656958,0.68457758585
1954,0.665114388871,0.684304346616
1955,0.664161710669,0.68297318472
1956,0.662588355284,0.680859952833
1957,0.662747490949,0.680701677482
1958,0.661714205988,0.679439011617
1959,0.663096263325,0.680992505031
1960,0.663893288851,0.68188789126
1961,0.413211528175,0.42638251072
1962,0.510680321818,0.527054769049
1963,0.62421013499,0.643401569626
1964,0.701581004707,0.722679840747
1965,0.64649970253,0.666369613036
1966,0.531871250351,0.54857196777
1967,0.419832330515,0.433374720306
1968,0.487677446146,0.503611998043
1969,0.601840828134,0.620987154888
1970,0.693410287748,0.714952704654
1971,0.657876687258,0.677815644333
1972,0.547130308059,0.563497288845
1973,0.429598781052,0.442403049316
1974,0.458800829217,0.473849120779
1975,0.574528381687,0.593352560426
1976,0.668652497409,0.688791872225
1977,0.66035683494,0.679340399941
1978,0.560488933598,0.576247012066
1979,0.445741462855,0.458145785326
1980,0.429581964154,0.442493219338
1981,0.540050547796,0.556627624358
1982,0.636863152565,0.655067489316
1983,0.65619868159,0.674623733991
1984,0.574201323032,0.59042918775
1985,0.466027121283,0.480296411409
1986,0.426728313123,0.437997955261
1987,0.503893115194,0.517949252306
1988,0.602662813806,0.619582357153
1989,0.644153156339,0.66220246311
1990,0.584324998968,0.601942597757
1991,0.481537975018,0.496848221431
1992,0.428373793233,0.438057016751
1993,0.486963424281,0.500668826373
1994,0.567941189161,0.58369421965
1995,0.617827711078,0.633543639256
1996,0.578361350879,0.593890590679
1997,0.486870447526,0.501049568144
1998,0.420480567083,0.429355751159
1999,0.476687745295,0.4900311332
2000,0.540730476237,0.556432274399
2001,0.597219536738,0.613534037091
2002,0.574247541979,0.589980849787
2003,0.492156515813,0.506661134366
2004,0.407089779146,0.417641858945
2005,0.466458136937,0.478210758571
2006,0.527142803451,0.542173125004
2007,0.570442083617,0.585997482183
2008,0.562732333431,0.577881397878
2009,0.489921871502,0.503396196455
2010,0.411958409189,0.422390354162
2011,0.464416308436,0.473580553922
2012,0.48806085286,0.499988879439
2013,0.530913183008,0.543008010458
2014,0.535888768072,0.547518661602
2015,0.482262806636,0.493475820848
2016,0.425590623409,0.434753372767
2017,0.443145539382,0.451430136058
2018,0.468203523865,0.47811530531
2019,0.498148264136,0.50752985326
2020,0.509741340253,0.518768240637
2021,0.47317002312,0.483243043432
2022,0.420160917547,0.429456968795
2023,0.444679346966,0.452166476017
2024,0.451261062217,0.459609050116
2025,0.473798249024,0.482023391477
2026,0.488690128649,0.497047364052
2027,0.470036473648,0.48049938872
2028,0.428204237012,0.437490305812
2029,0.416928434167,0.423053625766
2030,0.458027164997,0.466827913501
2031,0.466156666803,0.475263579372
2032,0.480393269714,0.489194436623
2033,0.460549014737,0.469779152651
2034,0.419796238915,0.42913769198
2035,0.417154219581,0.423516114406
2036,0.444476558293,0.453117387462
2037,0.456654197868,0.466265360411
2038,0.473019779756,0.482272083263
2039,0.458038270138,0.467437388866
2040,0.433802209874,0.442612748623
2041,0.414829349136,0.421135454274
2042,0.436292135438,0.444713099276
2043,0.454673836281,0.463904515029
2044,0.472491270055,0.481940283823
2045,0.454219805018,0.463497685531
2046,0.436139513772,0.444577664291
2047,0.414857729738,0.421156281369
2048,0.433741320036,0.442538734417
2049,0.454577197081,0.463827089774
2050,0.473297693975,0.482565544247
2051,0.459746625377,0.469437946221
2052,0.444319777103,0.452946319114
2053,0.417006478364,0.423387684694
2054,0.420273450565,0.429629354168
2055,0.458745589537,0.467949038976
2056,0.47886284381,0.487590427697
2057,0.473799906393,0.483102004257
2058,0.458855052644,0.467818996767
2059,0.43238256907,0.439019104486
2060,0.421283676226,0.43055736092
2061,0.469618858381,0.479869246304
2062,0.48988839746,0.498099652279
2063,0.477804214953,0.48610385979
2064,0.452177837808,0.46077758649
2065,0.425847299686,0.432707146459
2066,0.419969354822,0.429284081092
2067,0.473319174048,0.48337179643
2068,0.509830163568,0.518915967491
2069,0.498391035396,0.507783597433
2070,0.468363634069,0.478296742373
2071,0.44318284666,0.451465889216
2072,0.415870684374,0.424887757836
2073,0.482364190081,0.493584168747
2074,0.536030253627,0.547682602376
2075,0.530990467656,0.543032957292
2076,0.488227756158,0.500144108693
2077,0.464469617328,0.473657703932
2078,0.412076832138,0.422499488969
2079,0.489310142279,0.502753246325
2080,0.561424815773,0.576561911127
2081,0.570796518119,0.586373523525
2082,0.514972569578,0.529575023893
2083,0.467007172458,0.478762704026
2084,0.407212364853,0.417809113786
2085,0.492107138475,0.50663308944
2086,0.574255192663,0.590008578233
2087,0.597655307523,0.613925863982
2088,0.541341870373,0.557058838454
2089,0.467212991208,0.480320832539
2090,0.420282218825,0.429155887963
2091,0.487234600525,0.501438364198
2092,0.577604124483,0.593091322554
2093,0.617951221897,0.633628463734
2094,0.568162332683,0.583865503957
2095,0.487847708471,0.501573626234
2096,0.42828893342,0.437989574757
2097,0.480910695791,0.496174612104
2098,0.584958500891,0.602623805328
2099,0.643987341826,0.66204381207
2100,0.602086455186,0.618950899316
2101,0.512815535337,0.527308058459
2102,0.416735473159,0.428256791052
2103,0.464538192165,0.478415685116
2104,0.573863185938,0.59003049533
2105,0.655962521458,0.674311645861
2106,0.637025980115,0.655267040092
2107,0.539735018593,0.556247243819
2108,0.42980384028,0.442721936707
2109,0.445113734398,0.457498120841
2110,0.560567919223,0.576351391752
2111,0.659953463405,0.6789809603
2112,0.668350034394,0.688491662602
2113,0.575041263663,0.593871381705
2114,0.458308824719,0.473403313827
2115,0.430120247413,0.442939934181
2116,0.547035093462,0.563398271719
2117,0.659301419156,0.679203197152
2118,0.693595307934,0.715135308351
2119,0.601070101793,0.620241018904
2120,0.487060659913,0.503048307799
2121,0.420401935875,0.43393873809
2122,0.531660333165,0.548384448132
2123,0.645904980203,0.665721027539
2124,0.700729813529,0.721758329995
2125,0.623446229017,0.642570232201
2126,0.510758819914,0.527121727898
2127,0.697967400596,0.719586861275
2128,0.695833446429,0.717271289892
2129,0.693992401786,0.715047450581
2130,0.693072113436,0.714073943436
2131,0.692676491157,0.713634464428
2132,0.693665087045,0.714826698727
2133,0.694932834664,0.716445698639
2134,0.693213131706,0.714929584254
2135,0.692540840894,0.714387186403
2136,0.69262671843,0.71470202816
2137,0.692879076452,0.715155010199
2138,0.691516973914,0.713698563874
2139,0.689118592713,0.711117263067
2140,0.685130067455,0.706682239325
2141,0.678967132901,0.699905123948
2142,0.677771513321,0.698593727297
2143,0.676074390091,0.696902424452
2144,0.674211938249,0.694975231224
2145,0.674480181082,0.695330205036
2146,0.660919594147,0.678474503382
2147,0.662794422034,0.682667443582
2148,0.659604141682,0.679113544955
2149,0.657404583573,0.676634370545
2150,0.654028762065,0.672962486608
2151,0.670317376518,0.690362007288
2152,0.649706680564,0.668612530486
2153,0.640911899645,0.659479437133
2154,0.637881537615,0.656391735364
2155,0.636350272054,0.654885084468
2156,0.632822897196,0.651231281604
2157,0.657819586281,0.678623775656
2158,0.635702361645,0.654326525639
2159,0.618709180351,0.636138386468
2160,0.612999159541,0.629849901411
2161,0.611304849523,0.627981918386
2162,0.607518108582,0.624130348372
2163,0.633165950197,0.652721173421
2164,0.618201966438,0.636363914274
2165,0.596686006072,0.61348139047
2166,0.592098297862,0.608825786262
2167,0.59008212495,0.60689290157
2168,0.587257654062,0.604193704583
2169,0.597219646179,0.614807080116
2170,0.597243536712,0.614690708561
2171,0.579788939479,0.596373225834
2172,0.568267523614,0.584334870396
2173,0.565577030344,0.581613713487
2174,0.562228351148,0.578345734265
2175,0.564984392868,0.580679292899
2176,0.566686172625,0.581732594472
2177,0.549562306721,0.56402544629
2178,0.536595785475,0.550209194656
2179,0.532710062443,0.545760284027
2180,0.52883803974,0.54147437326
2181,0.532447569918,0.544385223244
2182,0.532395936114,0.543638200322
2183,0.519515867093,0.530435760161
2184,0.507133105872,0.517441735776
2185,0.503267603125,0.513247098959
2186,0.499757800016,0.509462194734
2187,0.502721268313,0.511787487542
2188,0.502870043247,0.511361688301
2189,0.494608923953,0.502897373774
2190,0.483478123952,0.491783988842
2191,0.479467234528,0.488021440078
2192,0.479494485163,0.488312646743
2193,0.484556625389,0.493475849158
2194,0.488305889606,0.497275330448
2195,0.486661347404,0.495862427574
2196,0.477854818825,0.487470109888
2197,0.473284389393,0.483082342281
2198,0.472329977108,0.482484317494
2199,0.472281129758,0.482480276055
2200,0.474562582764,0.48438212388
2201,0.479574051918,0.489157547007
2202,0.486706486999,0.49591324248
2203,0.488796230945,0.497763066243
2204,0.484177004932,0.493091833548
2205,0.478111728025,0.486981494801
2206,0.47977708265,0.488294691906
2207,0.483995380459,0.492282221771
2208,0.494713371935,0.503040649439
2209,0.502273010489,0.510774816978
2210,0.502687003991,0.511752950384
2211,0.499544631539,0.509251891129
2212,0.503282572677,0.513285604031
2213,0.507104987787,0.517399863271
2214,0.520153053441,0.531129750258
2215,0.532626209391,0.543901862603
2216,0.532302690222,0.544211955994
2217,0.527892625592,0.540528538231
2218,0.533017536894,0.54612330338
2219,0.536492285718,0.550102722865
2220,0.549227498574,0.563642442911
2221,0.566980424685,0.582059962884
2222,0.56468623628,0.580389976264
2223,0.562685158944,0.578823339667
2224,0.565630799344,0.581658287658
2225,0.568093887457,0.58419234291
2226,0.57587263029,0.592330203949
2227,0.597013140198,0.614355210141
2228,0.596737257218,0.61428788
2229,0.587403444902,0.604330694117
2230,0.590611664518,0.607417517935
2231,0.591749787196,0.608452399207
2232,0.596320184618,0.613077593415
2233,0.613782426113,0.631563890901
2234,0.633001205722,0.652545509037
2235,0.607563116869,0.624117491962
2236,0.61159779669,0.628259866211
2237,0.613841197894,0.630676421993
2238,0.618989263128,0.636421821516
2239,0.635770457802,0.654455529142
2240,0.657098896303,0.67776799712
2241,0.632858742084,0.651306050554
2242,0.636048118531,0.654609887009
2243,0.637897529341,0.656375528878
2244,0.643037249211,0.661769299841
2245,0.648812974225,0.66766752111
2246,0.665014705372,0.684805712602
2247,0.653845066717,0.672832719225
2248,0.657972156296,0.677236985473
2249,0.660301787528,0.679819145063
2250,0.663948978164,0.683892286813
2251,0.660690297359,0.678172797812
2252,0.674353684336,0.695199775298
2253,0.674937448094,0.695782303238
2254,0.675353765767,0.696174328447
2255,0.677366999745,0.698187102701
2256,0.67917789057,0.70007022911
2257,0.684543460938,0.70606712843
2258,0.689404743238,0.711312197763
2259,0.691679730492,0.713880090423
2260,0.692215276701,0.714478582268
2261,0.693110983273,0.715294948428
2262,0.692355768047,0.714224103487
2263,0.693207031059,0.714904345822
2264,0.694451195585,0.715958443111
2265,0.693258039911,0.714322249812
2266,0.693542037668,0.714516802804
2267,0.693379214433,0.71432239421
2268,0.693930537864,0.715058724237
2269,0.695456109125,0.716881786951
2270,0.697376346289,0.718918178086
2271,0.664034528129,0.68267518225
2272,0.663216892339,0.681882864426
2273,0.663234495971,0.681750337886
2274,0.662183471226,0.680543577741
2275,0.661615344279,0.679813725224
2276,0.661035530149,0.679252772768
2277,0.662050099397,0.680561747859
2278,0.662120599954,0.68096612606
2279,0.66294083887,0.682188199588
2280,0.663269588981,0.682868396368
2281,0.66252021772,0.682303983908
2282,0.662077049868,0.68193291564
2283,0.658933593566,0.678535848066
2284,0.656215870623,0.675467346481
2285,0.653903365087,0.672975274914
2286,0.651547977734,0.670510432054
2287,0.64978305289,0.668695496647
2288,0.647504905234,0.666330440024
2289,0.646306179101,0.665138886953
2290,0.650846853262,0.669086156881
2291,0.641536409306,0.660211716748
2292,0.638770473163,0.657157475203
2293,0.634818753934,0.652764335019
2294,0.631237644208,0.648694180807
2295,0.62737245399,0.644760277351
2296,0.653447146371,0.672324757331
2297,0.621153872626,0.638400935338
2298,0.617930567997,0.635144918089
2299,0.615258650408,0.632344887625
2300,0.611218094832,0.628124958628
2301,0.608034047815,0.62470181169
2302,0.628531488255,0.646023252869
2303,0.617032127622,0.633528146619
2304,0.59544584356,0.610929381432
2305,0.590759115044,0.605783073478
2306,0.58610582778,0.601017169041
2307,0.582906258064,0.597848468088
2308,0.601760427348,0.617718690512
2309,0.597930912535,0.613966457751
2310,0.574072619626,0.589310365708
2311,0.571133855118,0.586524549639
2312,0.568638764856,0.584072752322
2313,0.565612115385,0.581047576394
2314,0.581296491544,0.597526352576
2315,0.576859914704,0.592868735981
2316,0.567520218539,0.583053151283
2317,0.550923839654,0.565848175182
2318,0.546344890554,0.561058959456
2319,0.541292009411,0.55573001099
2320,0.553072852275,0.568144915068
2321,0.549207302153,0.56406542173
2322,0.538346852278,0.552236177011
2323,0.522262129202,0.53499646618
2324,0.517450066033,0.529564082412
2325,0.512755604717,0.524430401152
2326,0.521374877038,0.53351966414
2327,0.515472804909,0.526980695924
2328,0.511037813375,0.52214151113
2329,0.495575646677,0.50558353563
2330,0.495200278021,0.504774204658
2331,0.486479042948,0.495546096916
2332,0.491111304581,0.500259436528
2333,0.486365785112,0.495089157589
2334,0.494483799142,0.50606797717
2335,0.494809933847,0.506422320627
2336,0.486100675313,0.494847553423
2337,0.491050546773,0.500199851273
2338,0.490198844486,0.499364443024
2339,0.490706883096,0.500263741003
2340,0.499185105935,0.509224702421
2341,0.511411098914,0.522629266717
2342,0.516363485682,0.527945772839
2343,0.521072900262,0.533176635769
2344,0.513068622556,0.52470537059
2345,0.5174027165,0.52952863873
2346,0.522215836119,0.534894899675
2347,0.53834658466,0.552209361234
2348,0.548528356878,0.563359438368
2349,0.552853928187,0.567918185954
2350,0.541925700109,0.556423951639
2351,0.545973100795,0.560703830824
2352,0.55050510836,0.565483461197
2353,0.559646289164,0.574831007629
2354,0.576841649325,0.592918378948
2355,0.581250605667,0.597445223882
2356,0.565182736445,0.580528009285
2357,0.568359664152,0.583790358606
2358,0.571360629361,0.586812050045
2359,0.574001936612,0.589311892733
2360,0.597144930651,0.61312135789
2361,0.600861777203,0.616790402131
2362,0.582315475927,0.597198559313
2363,0.586482426801,0.601371359806
2364,0.590617989032,0.605721473148
2365,0.595107540712,0.610614446288
2366,0.617196800722,0.633689400557
2367,0.62875380184,0.6463056876
2368,0.607835075705,0.62444143764
2369,0.611917569424,0.628786126471
2370,0.615396438361,0.632435641695
2371,0.618054182453,0.635284575299
2372,0.620957250175,0.63823242989
2373,0.653780734192,0.672588896776
2374,0.627551177562,0.644918264829
2375,0.631491885953,0.648968818516
2376,0.635404114913,0.653308442209
2377,0.639141025337,0.657525804498
2378,0.642472785847,0.661140943494
2379,0.650523510483,0.668709254779
2380,0.646142523601,0.664963546001
2381,0.648058546381,0.666926274952
2382,0.650207798535,0.669129603292
2383,0.651570272455,0.670541096703
2384,0.653695759322,0.672812831789
2385,0.656219235812,0.675488964826
2386,0.659159111519,0.678742179836
2387,0.661564811049,0.68139257902
2388,0.662221207248,0.682011768457
2389,0.663534112957,0.683147580323
2390,0.663302718939,0.682582851809
2391,0.662300716234,0.681163308979
2392,0.661558590135,0.680025265253
2393,0.660343933294,0.678499490483
2394,0.6615643523,0.679722706183
2395,0.662450803021,0.680775079651
2396,0.66259192706,0.681092123459
2397,0.66402810072,0.6827077158
2398,0.597520053537,0.614960781669
2399,0.597399769009,0.614871636361
2400,0.597070647,0.614420368559
2401,0.596642691992,0.613864135854
2402,0.604922992965,0.622227992947
2403,0.604921587366,0.622464427526
2404,0.596283789664,0.613824773996
2405,0.596622481653,0.614360719544
2406,0.595874214149,0.613817370644
2407,0.595269898563,0.613348915799
2408,0.594745033943,0.612924773897
2409,0.593228256814,0.611240277901
2410,0.590144312865,0.607785982255
2411,0.589066327073,0.606507775109
2412,0.59645358424,0.613984540285
2413,0.593838732997,0.611243525423
2414,0.584562343283,0.601770757527
2415,0.591647449339,0.608954359242
2416,0.582266965359,0.599446956563
2417,0.585417370133,0.60128360594
2418,0.578037893267,0.594986886556
2419,0.576837752675,0.59353344862
2420,0.575277452539,0.592184087793
2421,0.599430798344,0.616467840104
2422,0.576499839971,0.592898172792
2423,0.567752862245,0.584036465192
2424,0.565078307065,0.58128352655
2425,0.562966415105,0.579031349033
2426,0.560757736506,0.576591694566
2427,0.558313967217,0.573993625011
2428,0.563004044751,0.578494759189
2429,0.551812865928,0.566826735283
2430,0.556152202803,0.571025629545
2431,0.545730684948,0.560154416297
2432,0.542615340927,0.556804653555
2433,0.54001576638,0.554149798305
2434,0.544581178874,0.558805967951
2435,0.541687426207,0.555974232981
2436,0.53966507031,0.554027481306
2437,0.531249560616,0.545625914544
2438,0.535590342996,0.550058177817
2439,0.532743602502,0.547200858291
2440,0.530560872438,0.544931936961
2441,0.527394078054,0.541674762233
2442,0.524060294214,0.538166950705
2443,0.520531641519,0.534519323106
2444,0.530084461155,0.543993244352
2445,0.525945270101,0.539506952225
2446,0.522168483352,0.535404219908
2447,0.506926001995,0.519617256783
2448,0.514538468366,0.52714817939
2449,0.499890874459,0.511873872757
2450,0.508424114335,0.520653847721
2451,0.503950025806,0.515622465278
2452,0.49953714773,0.510763285586
2453,0.494614631147,0.505244662089
2454,0.486212700754,0.49755059832
2455,0.495405315427,0.506938408916
2456,0.495284659712,0.506057974114
2457,0.499216806512,0.510442811598
2458,0.493253692778,0.504775652626
2459,0.496625945784,0.5085166889
2460,0.499403005046,0.511406701333
2461,0.50287632604,0.51531132378
2462,0.518385450059,0.53137295345
2463,0.510132104622,0.523128085173
2464,0.51340279825,0.526656886386
2465,0.516561844292,0.530181173407
2466,0.520566166775,0.53449768921
2467,0.523846616796,0.537986754086
2468,0.521494926858,0.535654490301
2469,0.523856402975,0.538091678422
2470,0.532828214989,0.547216441105
2471,0.535692685927,0.550177413115
2472,0.531594464781,0.545977920891
2473,0.533062761059,0.547322377312
2474,0.535195900067,0.549434262932
2475,0.54438137317,0.558641325478
2476,0.546728184168,0.560883014651
2477,0.549843579104,0.564167235185
2478,0.553270269571,0.567835308069
2479,0.548827379823,0.563517484306
2480,0.55169710477,0.566720416835
2481,0.562867601956,0.578343581918
2482,0.565345187,0.581131524407
2483,0.560527395856,0.576437243603
2484,0.571244557585,0.587424862501
2485,0.565348737134,0.581679054786
2486,0.575481026817,0.591928424139
2487,0.577775531493,0.59431069927
2488,0.598618585588,0.61557483973
2489,0.575614592167,0.592525172407
2490,0.576850349255,0.593525925239
2491,0.578563037307,0.595518525279
2492,0.585440197417,0.601340819209
2493,0.581621369434,0.598807735803
2494,0.583277614194,0.600422949449
2495,0.584378378526,0.601485673229
2496,0.58549779701,0.602682688326
2497,0.586684440871,0.603946823284
2498,0.617134544914,0.635142916751
2499,0.599920269505,0.617892931497
2500,0.592728163496,0.610714204656
2501,0.594441229497,0.612602498992
2502,0.604462024509,0.622745669646
2503,0.595892285168,0.613808347948
2504,0.595621574136,0.613379466353
2505,0.604738047005,0.622422443465
2506,0.595592276413,0.612893138839
2507,0.596091067802,0.613265272478
2508,0.596467806163,0.613674592168
2509,0.597497041697,0.614850241736
2510,0.597216619017,0.614710031067
2511,0.597296004117,0.614788149364
2512,0.579434404803,0.596288233758
2513,0.580413723268,0.597321381323
2514,0.580057281553,0.596923010143
2515,0.579254549634,0.595976093462
2516,0.578827642194,0.595476055201
2517,0.579742852014,0.596686711063
2518,0.580020245112,0.597099743202
2519,0.57956943413,0.596657796363
2520,0.580039105245,0.597282181275
2521,0.579250057891,0.596637767299
2522,0.578944761338,0.596439821496
2523,0.577444523875,0.595032923615
2524,0.5761714436,0.593478485693
2525,0.573935398951,0.590984249437
2526,0.572686051859,0.58952323805
2527,0.571633872085,0.588499548924
2528,0.578011502355,0.594948238976
2529,0.568803930734,0.585480083488
2530,0.567908393458,0.584565575098
2531,0.566248392909,0.58299246635
2532,0.572504450983,0.589284930756
2533,0.563048004154,0.579501987364
2534,0.561640325814,0.578010121062
2535,0.566404567855,0.582639283343
2536,0.557031605266,0.573249918096
2537,0.561942464696,0.578080218232
2538,0.552856957318,0.568939201432
2539,0.557193652884,0.573157537314
2540,0.555118050629,0.570845206699
2541,0.552327745672,0.567817522189
2542,0.54421793814,0.559549199394
2543,0.562884288835,0.578083855475
2544,0.54609278037,0.560953068031
2545,0.54217774975,0.556687969339
2546,0.553871976934,0.568216071946
2547,0.535707208531,0.549563268847
2548,0.527232280683,0.541064222157
2549,0.545270311714,0.55923925157
2550,0.522322077042,0.535721936246
2551,0.524259111754,0.53728046755
2552,0.535843953787,0.549111584733
2553,0.51633363662,0.529879187325
2554,0.533231158268,0.547091145925
2555,0.519396098755,0.5333844065
2556,0.515816769322,0.529674166661
2557,0.507365196248,0.520955691944
2558,0.505233708756,0.518724415523
2559,0.502196679035,0.515410926547
2560,0.499527853338,0.512517203327
2561,0.511701099995,0.524777021226
2562,0.497767555774,0.510356405522
2563,0.494265678797,0.506557587304
2564,0.493069057366,0.505251754142
2565,0.502856720426,0.515204882773
2566,0.505876832537,0.518425467695
2567,0.508978793313,0.521854841175
2568,0.501195084889,0.514041355855
2569,0.503741231665,0.516816512883
2570,0.518643469806,0.532126798588
2571,0.510247758603,0.523781044061
2572,0.507231682823,0.520804685899
2573,0.516628826514,0.53046488772
2574,0.512825940525,0.526593161144
2575,0.513463462281,0.526860785986
2576,0.521823098675,0.535459585898
2577,0.516476231603,0.529481275531
2578,0.537584094901,0.550807806905
2579,0.527598869034,0.540952376972
2580,0.530035615395,0.543667043898
2581,0.547940583756,0.561997061362
2582,0.551080263498,0.565375409973
2583,0.540415427398,0.554847306235
2584,0.54298283986,0.557600556804
2585,0.545013378379,0.559733223855
2586,0.547687014463,0.562661314361
2587,0.567072768076,0.582730712737
2588,0.546835614114,0.562425705169
2589,0.547848243404,0.563386384774
2590,0.550426046633,0.566276175548
2591,0.559412498626,0.575502193677
2592,0.554906476345,0.571099075144
2593,0.564375342715,0.580550028559
2594,0.567720274003,0.58418598044
2595,0.569882307527,0.586472567259
2596,0.563586420985,0.580167287179
2597,0.572457912266,0.589252151353
2598,0.566633585277,0.583398470651
2599,0.566596647342,0.58318023399
2600,0.576733355618,0.593563115872
2601,0.569905974837,0.586633125002
2602,0.571232927045,0.587940594063
2603,0.581544342239,0.598737535183
2604,0.575252658658,0.592480471839
2605,0.576489357708,0.593836418102
2606,0.577958686234,0.595487079962
2607,0.587336007081,0.605162216313
2608,0.579610634694,0.596998982552
2609,0.579805473673,0.597071167764
2610,0.580209835988,0.597487282345
2611,0.579242280556,0.596116324841
2612,0.57885500766,0.59559116076
2613,0.578753558275,0.595297513964
2614,0.580136071557,0.596823993394
2615,0.579877023731,0.596717408545
2616,0.579866520962,0.596717204321
2617,0.494187233424,0.510272648952
2618,0.55519875649,0.573835551588
2619,0.635610766139,0.656764967979
2620,0.705261284571,0.728836523149
2621,0.704041667787,0.727557976775
2622,0.635733852367,0.656954594939
2623,0.552323283169,0.570600760084
2624,0.492501616652,0.508466603558
2625,0.554426207249,0.573049453399
2626,0.632994239077,0.654203325715
2627,0.701917122544,0.725524349358
2628,0.694241969624,0.717038548672
2629,0.624982956038,0.645212528089
2630,0.542213209725,0.55930023507
2631,0.485777983771,0.500822819126
2632,0.549244502008,0.567442358561
2633,0.625776355959,0.646497432638
2634,0.691871717461,0.71414684082
2635,0.680882065398,0.702219292342
2636,0.615047557297,0.633567690827
2637,0.528965701525,0.544034443955
2638,0.483989159746,0.498323480292
2639,0.539962991111,0.557121996849
2640,0.61918181073,0.638191202897
2641,0.67028878233,0.690408794817
2642,0.658988541262,0.678367177563
2643,0.593603695002,0.610686212784
2644,0.536046713496,0.552751820475
2645,0.558482508274,0.573658400123
2646,0.537864086916,0.553575230418
2647,0.594708076626,0.612010217932
2648,0.651661682922,0.670878824953
2649,0.641859663351,0.66118150263
2650,0.587491662049,0.605769690754
2651,0.525051968563,0.541547124617
2652,0.550794084538,0.565906522809
2653,0.573499198505,0.590696380065
2654,0.588732155077,0.606378367571
2655,0.635343090602,0.654414432882
2656,0.620174959057,0.638986006033
2657,0.575834385573,0.593204216501
2658,0.507174445055,0.522178449509
2659,0.537549349447,0.551763917224
2660,0.536155145218,0.551818994701
2661,0.568668735806,0.585626527266
2662,0.610706945331,0.628863858764
2663,0.596041731647,0.6139226167
2664,0.555030107001,0.571494859501
2665,0.485181144851,0.499515358899
2666,0.574495237348,0.590012391823
2667,0.521946789129,0.536485584665
2668,0.553417839903,0.569533025201
2669,0.58168463209,0.59842393787
2670,0.568861288516,0.585175656665
2671,0.522550797607,0.537542995648
2672,0.525984019748,0.54108174709
2673,0.568529000148,0.584893059174
2674,0.581746895265,0.59846256993
2675,0.551521955032,0.567514614554
2676,0.511583564855,0.525721244694
2677,0.522451888511,0.535583918072
2678,0.492093786147,0.50658695763
2679,0.543362564864,0.559601779204
2680,0.596191786308,0.613729487588
2681,0.608560949759,0.62666667061
2682,0.571866881259,0.588859513348
2683,0.537535975234,0.553156386046
2684,0.597389818532,0.614311273355
2685,0.52463057675,0.540271520277
2686,0.568526187933,0.585891486665
2687,0.62130310803,0.640007089528
2688,0.632085437856,0.650829983576
2689,0.588495791673,0.606158043518
2690,0.529611249524,0.545272868282
2691,0.563343327509,0.57964668612
2692,0.514892902736,0.530962868712
2693,0.582838702454,0.601009371508
2694,0.644111556286,0.663638758018
2695,0.650983586448,0.670184043223
2696,0.603849567758,0.621583527505
2697,0.527266863554,0.542649682661
2698,0.582881651386,0.598799985908
2699,0.536353951181,0.552963702736
2700,0.59907687285,0.616340048159
2701,0.658799617849,0.678131058826
2702,0.670492231997,0.690560361379
2703,0.618954712528,0.638022991628
2704,0.539757074698,0.556898913482
2705,0.493831442324,0.508207440258
2706,0.540358259456,0.556001856393
2707,0.609913313793,0.628225783563
2708,0.677001303946,0.697893948448
2709,0.687140568428,0.708956219172
2710,0.637475126833,0.659004498938
2711,0.550252994036,0.568551789476
2712,0.490443927334,0.505567196234
2713,0.542393493081,0.559451230658
2714,0.630971089581,0.651440459523
2715,0.698876561003,0.722205461611
2716,0.70260648708,0.726197635275
2717,0.63315668589,0.654258541572
2718,0.555611969875,0.57434947884
2719,0.492919869438,0.508909012503
2720,0.552136963953,0.570372108039
2721,0.633566977431,0.654661610793
2722,0.703373797922,0.726851810806
2723,0.70530386887,0.728828326259
2724,0.635137637125,0.656267488158
2725,0.555115236024,0.573730782177
2726,0.673518527571,0.69328264341
2727,0.670598246282,0.690098613672
2728,0.665754524539,0.684852807797
2729,0.662711750424,0.68138628883
2730,0.66490343405,0.683669583975
2731,0.666233105069,0.68499428645
2732,0.668018577835,0.686981588903
2733,0.669575807585,0.688889147163
2734,0.667376301153,0.686855434099
2735,0.664042241234,0.683741990857
2736,0.662842503041,0.68255096637
2737,0.665459689598,0.685773990392
2738,0.667464432118,0.688070562907
2739,0.668342319967,0.689053496189
2740,0.666488652374,0.687087524863
2741,0.661689004481,0.681943308714
2742,0.654464898488,0.674082983056
2743,0.653172143604,0.672586232561
2744,0.65758887948,0.677498863905
2745,0.655310083689,0.675257019474
2746,0.657927044612,0.678094569885
2747,0.654334209044,0.674417032995
2748,0.64781437044,0.667444574848
2749,0.64502422791,0.664338008984
2750,0.638378346588,0.657025612662
2751,0.639265016906,0.657927560188
2752,0.63741745744,0.655821612208
2753,0.65178931822,0.671142141175
2754,0.633916352464,0.652062623889
2755,0.625257503711,0.642944928186
2756,0.617614556803,0.634867752963
2757,0.619635629235,0.637135736369
2758,0.618702978059,0.636359181683
2759,0.615253094684,0.632743822221
2760,0.634362203388,0.653801910267
2761,0.617298555947,0.635072944824
2762,0.605286433583,0.622143039646
2763,0.598606073886,0.614992397657
2764,0.596034764132,0.612065071919
2765,0.593175276044,0.608990585046
2766,0.588772207763,0.604157059415
2767,0.610874245999,0.629122594998
2768,0.585453093014,0.601296046006
2769,0.581055868224,0.596921731117
2770,0.573748484314,0.589557740615
2771,0.574284710171,0.590236203593
2772,0.574369182733,0.590670129537
2773,0.571427879297,0.587787979532
2774,0.58740724726,0.605006374864
2775,0.573301675995,0.589950638305
2776,0.57259631243,0.589210555452
2777,0.587208013055,0.604747534453
2778,0.572117779685,0.588478593344
2779,0.572684108515,0.588913195359
2780,0.576295943568,0.592456564201
2781,0.576204649801,0.592055994922
2782,0.579870538175,0.595739178792
2783,0.592326944905,0.608887486024
2784,0.610806522018,0.629148558313
2785,0.588348180111,0.603729757779
2786,0.593955875545,0.609830607135
2787,0.595998542935,0.612005430305
2788,0.598344681569,0.614694521986
2789,0.603680485654,0.620412640721
2790,0.610017697072,0.627172549609
2791,0.62721407472,0.646012815624
2792,0.615092487164,0.632620268149
2793,0.616838675957,0.634350170621
2794,0.615483361959,0.632722749866
2795,0.621071462887,0.638526378625
2796,0.623845365333,0.641461575678
2797,0.633514568057,0.65165400871
2798,0.65142971422,0.670807923397
2799,0.637425738962,0.655853666798
2800,0.640680767394,0.659434924736
2801,0.638260203372,0.656904041226
2802,0.645106680989,0.66441223621
2803,0.648275981828,0.667961771463
2804,0.655611151666,0.6758563134
2805,0.660638785635,0.680902703375
2806,0.656801871897,0.676787744182
2807,0.654161056193,0.673837705537
2808,0.652786328098,0.672209048185
2809,0.658891877595,0.678773274392
2810,0.662114094261,0.682384659845
2811,0.667245497071,0.687984260164
2812,0.669343646036,0.690129856015
2813,0.667386573735,0.688111295
2814,0.668688930928,0.689189636395
2815,0.663031981477,0.682848566038
2816,0.664276335874,0.683976531176
2817,0.666684711215,0.686218700705
2818,0.669204851447,0.688540644815
2819,0.66830828512,0.687319604665
2820,0.66590195438,0.684702974826
2821,0.664634335623,0.683352775718
2822,0.663007535375,0.68163063824
2823,0.665902914536,0.684980177802
2824,0.66995003329,0.689421066276
2825,0.673862697757,0.693595750557
2826,0.527414382988,0.543805590583
2827,0.533427311358,0.549966906021
2828,0.547394810049,0.56403036191
2829,0.526623943452,0.542861612388
2830,0.546925606395,0.563424010752
2831,0.563425757922,0.580124568906
2832,0.53134938414,0.547440347398
2833,0.524687344624,0.540773039116
2834,0.525357785267,0.541516128455
2835,0.563000328435,0.579933993975
2836,0.524631176945,0.540928938579
2837,0.544538316858,0.561265749891
2838,0.543746149166,0.560461891746
2839,0.543377854854,0.55993445961
2840,0.580871117582,0.598017042092
2841,0.579446775872,0.596268978158
2842,0.540274768873,0.556497766264
2843,0.578397527575,0.595509029211
2844,0.575668169977,0.592368762778
2845,0.538368725612,0.554684002543
2846,0.575403991842,0.592601708442
2847,0.593230118731,0.610857169279
2848,0.552656412055,0.569305306662
2849,0.553326497369,0.570275393047
2850,0.571390980903,0.588731871117
2851,0.570454412681,0.587594153021
2852,0.567786181192,0.584629372523
2853,0.562116585623,0.577672437745
2854,0.631163693238,0.649901300802
2855,0.562979813035,0.579320133838
2856,0.560055336168,0.576245133403
2857,0.539204799629,0.554867948426
2858,0.556469858917,0.572160704026
2859,0.53524543637,0.550488714005
2860,0.551330197848,0.566459380261
2861,0.606593427074,0.623698394159
2862,0.569382366166,0.58502313542
2863,0.52741304188,0.541880169973
2864,0.542029730468,0.556473307002
2865,0.522299882995,0.536316376052
2866,0.536469345311,0.550407345344
2867,0.517451456358,0.531128901099
2868,0.579951850174,0.595124052852
2869,0.514806857469,0.528709435856
2870,0.529426414196,0.543438128712
2871,0.498775302276,0.512536090495
2872,0.511939030238,0.525856411793
2873,0.529784062345,0.543825027239
2874,0.568412294735,0.583351173
2875,0.580538907682,0.595768853383
2876,0.516723672449,0.530391361077
2877,0.51974059821,0.533522622875
2878,0.539320072399,0.553470142103
2879,0.541820481878,0.556225599271
2880,0.527198128972,0.541649601228
2881,0.546390723126,0.561253587986
2882,0.573155983199,0.589398879487
2883,0.550705830429,0.565826478642
2884,0.535081499992,0.550342302057
2885,0.556435981518,0.572220745567
2886,0.558838488865,0.574806970121
2887,0.561640547318,0.577888388895
2888,0.562904452591,0.579310512876
2889,0.630846506732,0.649551323147
2890,0.562020316682,0.577549958282
2891,0.54750462456,0.56389554359
2892,0.570066432827,0.586934148132
2893,0.551664477587,0.568470900543
2894,0.552209318609,0.568866553497
2895,0.573924112523,0.591062831541
2896,0.604989891235,0.623319718636
2897,0.554469610832,0.571012256876
2898,0.576339601719,0.593230555518
2899,0.539330054826,0.55566116757
2900,0.538389058962,0.554390334155
2901,0.578254157939,0.595027853013
2902,0.541567718746,0.55783284596
2903,0.541315090792,0.557741561066
2904,0.559577462695,0.576366835424
2905,0.583393992332,0.600743244795
2906,0.545204465603,0.561915096455
2907,0.584420257735,0.601820754946
2908,0.562770742235,0.579657984393
2909,0.562875293137,0.579684574208
2910,0.531350783376,0.547550327656
2911,0.524444654085,0.540440072836
2912,0.53166667737,0.547801940057
2913,0.532643905085,0.548878642691
2914,0.547594338953,0.564203550205
2915,0.526895305991,0.543216224584
2916,0.547302932409,0.56407922054
2917,0.524348212918,0.540596310871
2918,0.520428708044,0.536896623179
2919,0.525804846685,0.542297843555
2920,0.524406020025,0.540647171065
2921,0.540748881666,0.557798112127
2922,0.55668307315,0.574199794943
2923,0.535960985246,0.552200075146
2924,0.522030499659,0.537988012799
2925,0.536183311061,0.552444123533
2926,0.538378260221,0.555537082595
2927,0.521178426946,0.537236704954
2928,0.522747045031,0.539308177303
2929,0.534697743516,0.551343167774
2930,0.515727552764,0.531858574478
2931,0.550790337173,0.567689243329
2932,0.519295719315,0.535427556314
2933,0.531714265045,0.547715591901
2934,0.549295738452,0.566068682409
2935,0.56643548747,0.583483345031
2936,0.545056586841,0.561340454134
2937,0.546862635405,0.563552760244
2938,0.564627543858,0.581664433467
2939,0.562330331,0.578957098814
2940,0.526833803456,0.542814501256
2941,0.541535722087,0.557801270624
2942,0.541085825974,0.557439684329
2943,0.559149788791,0.575807933769
2944,0.55364119351,0.569851073113
2945,0.555585731461,0.572121902892
2946,0.555276536577,0.57177530831
2947,0.551658827525,0.567818473993
2948,0.532687205156,0.548635926014
2949,0.547525776594,0.563319409155
2950,0.53016998214,0.545823282993
2951,0.538630022377,0.553384248422
2952,0.542546530142,0.558030554457
2953,0.541378533634,0.556723116399
2954,0.523041068134,0.538170641383
2955,0.519592412673,0.534383028609
2956,0.519394105946,0.534331691286
2957,0.532071029843,0.54686630988
2958,0.515985865815,0.530550643606
2959,0.534544996712,0.549502138657
2960,0.538340728241,0.553589037127
2961,0.540956829981,0.556431646422
2962,0.540304377111,0.555606007415
2963,0.526036422299,0.541452792775
2964,0.538887529737,0.553656638616
2965,0.547773182868,0.563776373037
2966,0.548527806234,0.564424786971
2967,0.551778369122,0.568015310885
2968,0.552701468176,0.569118239905
2969,0.55490180228,0.571410246829
2970,0.555431620383,0.572001440878
2971,0.534757496276,0.550529744477
2972,0.557688637972,0.574156710214
2973,0.559337710761,0.576077633637
2974,0.561877505973,0.578733698652
2975,0.54278629743,0.559266685242
2976,0.543671633109,0.560120383216
2977,0.544756696048,0.561173278444
2978,0.529464905026,0.545492848849
2979,0.545483637262,0.56177422178
2980,0.566241923102,0.582966875053
2981,0.531118513972,0.547272739373
2982,0.56886945929,0.585957546816
2983,0.513282510589,0.529075814627
2984,0.5305966598,0.546421543713
2985,0.550816973335,0.567938775472
2986,0.537897755598,0.555107337568
2987,0.523555402192,0.540055922744
2988,0.53905571277,0.556448364551
2989,0.520055814025,0.53676328514
2990,0.539791866605,0.557050894311
2991,0.553448531266,0.570132471862
2992,0.521635054853,0.537499791547
2993,0.522710861125,0.53871971501
2994,0.517759547782,0.533743354361
2995,0.526617349408,0.54324171714
2996,0.538154461829,0.554670620477
2997,0.519618244193,0.536024671427
2998,0.520150113236,0.536572700003
2999,0.668732603591,0.690442158928
3000,0.679740948734,0.701716399373
3001,0.697533396313,0.720212236494
3002,0.668162660227,0.689870259777
3003,0.698460614944,0.721323933274
3004,0.719290486198,0.744086763753
3005,0.681415777936,0.704102660693
3006,0.668688338185,0.690689379445
3007,0.665981774451,0.687628342204
3008,0.70894756909,0.73318705321
3009,0.66582470776,0.687647532113
3010,0.692432183972,0.715348894396
3011,0.691761858544,0.714684156457
3012,0.689880489202,0.713028544934
3013,0.703272124512,0.727255471481
3014,0.702159990802,0.726405523991
3015,0.68146952127,0.703386378034
3016,0.696231636857,0.719570594515
3017,0.695662443267,0.718818597387
3018,0.676415750702,0.697782543246
3019,0.689328982148,0.71192706275
3020,0.686860151319,0.709194251737
3021,0.680891481125,0.702568589397
3022,0.67596304524,0.697383599947
3023,0.677469818667,0.699035644105
3024,0.673873503754,0.695056178145
3025,0.67167579781,0.692625049499
3026,0.66793856296,0.68865375587
3027,0.627575759726,0.646006000104
3028,0.66345524412,0.684431055322
3029,0.661172256712,0.682130623696
3030,0.654031252833,0.674519579897
3031,0.65507418529,0.676066462275
3032,0.647911245775,0.66837314603
3033,0.648455735757,0.669377328373
3034,0.612391442897,0.631197559973
3035,0.642265279556,0.66305795293
3036,0.644878788305,0.666038658556
3037,0.610645202895,0.629331199335
3038,0.648632409163,0.669565980055
3039,0.648673104129,0.669218743463
3040,0.655554471606,0.676529531254
3041,0.65795832524,0.678880227281
3042,0.6606847975,0.681680798992
3043,0.663723465855,0.684591125951
3044,0.62759583819,0.646016390069
3045,0.667684355259,0.688375583018
3046,0.668834084604,0.689402672189
3047,0.675317924846,0.696611151804
3048,0.675181611234,0.696281104555
3049,0.677601902939,0.699010421103
3050,0.683083493512,0.705197550375
3051,0.682386868787,0.704157755828
3052,0.684840343719,0.706954856418
3053,0.691751579142,0.714711434889
3054,0.678165872414,0.699628795691
3055,0.68069403923,0.702742841978
3056,0.698141584864,0.721512966586
3057,0.683789214545,0.70620931409
3058,0.66988007443,0.69183232124
3059,0.703419566121,0.727509494799
3060,0.707829519933,0.732327049403
3061,0.693377097351,0.716617972176
3062,0.709262138826,0.733515336654
3063,0.707676246087,0.731838704094
3064,0.710848553109,0.735351365947
3065,0.677945374309,0.699938319392
3066,0.667154923275,0.688758889481
3067,0.676725579117,0.698401214865
3068,0.679075274641,0.701034201112
3069,0.699137177571,0.722316105041
3070,0.669382646757,0.69110932323
3071,0.696939057792,0.719513162616
3072,0.38816732286,0.400816652283
3073,0.496852831772,0.512524984223
3074,0.611899383249,0.630817544553
3075,0.691174696622,0.712311135238
3076,0.646300268786,0.666915706822
3077,0.539446733506,0.556767199282
3078,0.414162766942,0.427385579294
3079,0.478055900241,0.49372858228
3080,0.592625750147,0.611847457876
3081,0.678713275375,0.700125648366
3082,0.650402295162,0.670347485353
3083,0.551977731624,0.568812353975
3084,0.433211854485,0.446724208209
3085,0.447101619507,0.462442629003
3086,0.56254605784,0.582019535262
3087,0.665440890531,0.686941663051
3088,0.66501064535,0.685484026332
3089,0.572355658563,0.589702321898
3090,0.462311107425,0.477398901016
3091,0.41596245736,0.430269421726
3092,0.521258691865,0.537779575505
3093,0.627527995534,0.646864013334
3094,0.66009311759,0.679971286421
3095,0.584102686436,0.601738092435
3096,0.485432297654,0.502247375131
3097,0.485726664929,0.502490516451
3098,0.583928904401,0.601564823999
3099,0.659857608447,0.679733757094
3100,0.627316494112,0.64670947209
3101,0.523579867054,0.540373501442
3102,0.415941079437,0.430190857482
3103,0.461505249294,0.476560273002
3104,0.571749241442,0.588983104709
3105,0.665569490244,0.686019670879
3106,0.661980042826,0.682946928538
3107,0.567085675966,0.587145481813
3108,0.443443653118,0.458637536189
3109,0.438091267487,0.451901661264
3110,0.551918870368,0.568843042491
3111,0.650516609094,0.670411653762
3112,0.69059878598,0.712803459296
3113,0.57896249701,0.597420712431
3114,0.477279297066,0.492854739313
3115,0.412649041547,0.425896523614
3116,0.525771271514,0.542390539252
3117,0.630647892928,0.65019760783
3118,0.691306363828,0.712473430524
3119,0.619879376961,0.63933198684
3120,0.497083247726,0.512857430955
3121,0.678715264411,0.701323931102
3122,0.61385283387,0.632045124914
3123,0.564048976134,0.581662711474
3124,0.509928833197,0.525830668686
3125,0.532754428692,0.549074002005
3126,0.555147728198,0.571629734546
3127,0.597571350508,0.615217365583
3128,0.662072622724,0.682313516013
3129,0.707557377301,0.732597767461
3130,0.64654778808,0.669127528649
3131,0.57458370616,0.592431804515
3132,0.523486414193,0.540325537122
3133,0.597393167093,0.614555604927
3134,0.531622145035,0.54807774316
3135,0.583936733629,0.601801694537
3136,0.648758995465,0.669102064592
3137,0.697799171592,0.721816393312
3138,0.644276294704,0.666005366839
3139,0.581779881998,0.600034879326
3140,0.528298537464,0.5447736988
3141,0.587423390269,0.603585523746
3142,0.518350658107,0.533840787499
3143,0.567122941493,0.584886586335
3144,0.627229542421,0.646694537977
3145,0.678124461597,0.699906321655
3146,0.634072775663,0.653927762408
3147,0.580826153784,0.598316351305
3148,0.537810384968,0.555588724041
3149,0.538215992427,0.556025996364
3150,0.581247738568,0.59877890265
3151,0.633366563867,0.653180920705
3152,0.677451746542,0.699175360244
3153,0.627437252608,0.646919070417
3154,0.567269382787,0.585033002772
3155,0.517935943653,0.53347981306
3156,0.58792525223,0.604092021164
3157,0.52863905265,0.545097867804
3158,0.581876652627,0.600125943058
3159,0.644591858302,0.666265255714
3160,0.697857847596,0.721819185919
3161,0.649443693635,0.669811061679
3162,0.584127933849,0.602044397952
3163,0.532217049725,0.548729166825
3164,0.597254588537,0.614362704317
3165,0.52324357576,0.54013394856
3166,0.573554477739,0.591422254411
3167,0.645996894769,0.668637724328
3168,0.707657415368,0.732725965708
3169,0.662962785125,0.683177369321
3170,0.598163529968,0.615767279827
3171,0.546032508991,0.562244063481
3172,0.501050955989,0.516831029491
3173,0.514946149546,0.531007790623
3174,0.563720094336,0.581269821929
3175,0.634495448352,0.655853222304
3176,0.706613100842,0.732268585408
3177,0.662904225138,0.681883748539
3178,0.600914543088,0.617949686503
3179,0.600475364773,0.617428792444
3180,0.600610005291,0.617424443128
3181,0.531337316175,0.547165801005
3182,0.533616389286,0.550093643322
3183,0.598543607381,0.61494908772
3184,0.526751464403,0.542061042687
3185,0.658546587557,0.677117992888
3186,0.661551377188,0.680571399631
3187,0.59598249602,0.61222208646
3188,0.52638640015,0.541685623727
3189,0.605228455797,0.621433166455
3190,0.60743344028,0.625455915321
3191,0.59476785948,0.611050708691
3192,0.590971086575,0.606809638557
3193,0.658276393929,0.678181249168
3194,0.660877799419,0.681432624796
3195,0.59101286727,0.60726454109
3196,0.5215830807,0.536665304442
3197,0.529753444374,0.545033206568
3198,0.600920814688,0.61730834812
3199,0.591195039994,0.607530377669
3200,0.591758618587,0.608086954607
3201,0.66084600587,0.681335389116
3202,0.658415494765,0.678312372317
3203,0.592193958594,0.608023388923
3204,0.594379155298,0.610572122784
3205,0.607490183471,0.625553660074
3206,0.604969908552,0.621143194181
3207,0.596187073773,0.612456397781
3208,0.526257673887,0.541577783675
3209,0.660470595259,0.679385179939
3210,0.659198145214,0.67776975016
3211,0.597563291856,0.613840599682
3212,0.526622834998,0.542029178663
3213,0.527255919429,0.542754086084
3214,0.601940388009,0.619098145052
3215,0.601672809624,0.618684666651
3216,0.600917512916,0.617853257972
3217,0.664791196836,0.683951731875
3218,0.584272147408,0.600697959632
3219,0.522015677482,0.537943122225
3220,0.590177239025,0.607140225873
3221,0.588361936593,0.605312615679
3222,0.591144978882,0.610592564407
3223,0.588656740806,0.605538659841
3224,0.587880001166,0.604812662349
3225,0.583113646246,0.599963464507
3226,0.575571456544,0.590950919642
3227,0.575602905563,0.591058069587
3228,0.583639377449,0.600433995292
3229,0.588109940693,0.605045418832
3230,0.519890679291,0.535762448987
3231,0.588622746548,0.605614424508
3232,0.550293530983,0.567274057533
3233,0.590290882305,0.607271894157
3234,0.517776301623,0.53324580446
3235,0.578689773734,0.594624942607
