id,unit_kW_m2,optical
1,0.565005842248,0.582499662827
2,0.608248511787,0.6283236376
3,0.605703895213,0.625577121328
4,0.60351016363,0.623255508068
5,0.569963185799,0.586052069627
6,0.591055631168,0.608768509209
7,0.588874659095,0.606236417199
8,0.569879773089,0.580903131097
9,0.558881096289,0.573084962361
10,0.56113960587,0.577554946381
11,0.571309212788,0.588571988541
12,0.566000774992,0.582993745727
13,0.558721976228,0.575159795719
14,0.552589222235,0.568693683691
15,0.545803036131,0.561484781935
16,0.539272784064,0.554364433599
17,0.531476079996,0.54564142821
18,0.523068592795,0.536444321767
19,0.515235415459,0.527645887117
20,0.513491392771,0.525193490949
21,0.501773644323,0.512936916083
22,0.496791984851,0.507756918025
23,0.494383294208,0.505469744363
24,0.492323892777,0.503731559049
25,0.489811805565,0.50143291323
26,0.486866168184,0.498170628257
27,0.48338547333,0.494177760069
28,0.481025930648,0.491577007327
29,0.480528078402,0.491228091683
30,0.481895908285,0.492838993267
31,0.480591433342,0.491278281731
32,0.481014371783,0.49155765952
33,0.482622385602,0.493364108889
34,0.486091410492,0.497403422302
35,0.489987917835,0.501648895417
36,0.492549800575,0.503987655537
37,0.493625100859,0.504733214692
38,0.497427315333,0.508386309311
39,0.502064342481,0.51326315343
40,0.508072909627,0.519743376354
41,0.515530333203,0.527885316017
42,0.523057352619,0.536387230074
43,0.531387440982,0.545557208788
44,0.538653376149,0.55372688132
45,0.546178979414,0.561837301615
46,0.552211783574,0.568354483665
47,0.558562202734,0.575022606675
48,0.56598817665,0.58293889097
49,0.571340398726,0.588630871065
50,0.560664172203,0.57714667682
51,0.559882428437,0.574092692413
52,0.56345904689,0.57433422782
53,0.58653834564,0.603762449229
54,0.591129153058,0.608852604105
55,0.571298498973,0.587466324502
56,0.603561846891,0.623180963295
57,0.605723312134,0.62558332072
58,0.60769625188,0.627708284974
59,0.622262660416,0.640724394539
60,0.623293081438,0.64145386559
61,0.62238530971,0.640675957294
62,0.603206530675,0.619613276598
63,0.594923084893,0.611987879668
64,0.609857056895,0.627196711365
65,0.603009019108,0.618881450238
66,0.595796955715,0.611353855214
67,0.594728306075,0.611184831259
68,0.578139194862,0.594061552819
69,0.583843890219,0.599883177493
70,0.577347541338,0.592615457258
71,0.570161367674,0.585103488956
72,0.566131248205,0.581399259075
73,0.561807741904,0.577079328326
74,0.553306116662,0.56799058188
75,0.545750035562,0.559774329709
76,0.538931535142,0.552592042618
77,0.531597214153,0.544487798765
78,0.524181682532,0.536357748962
79,0.517318684403,0.528780922347
80,0.51254621295,0.523855588826
81,0.509292842092,0.520944234593
82,0.508536022437,0.520512661402
83,0.502796172094,0.514676741409
84,0.499402813817,0.510739336739
85,0.495692553663,0.506488904539
86,0.494436415992,0.505086754076
87,0.493643669159,0.504309469439
88,0.497809836604,0.508446284276
89,0.493833169286,0.504482986834
90,0.495608924731,0.506342060399
91,0.499292840452,0.510615216267
92,0.502199787175,0.514141786661
93,0.507441916778,0.519422976903
94,0.509397476226,0.521111877536
95,0.512387259727,0.523693247421
96,0.522086810252,0.533580558504
97,0.523627434132,0.53591544997
98,0.531975142107,0.544913705606
99,0.538769277322,0.552478657292
100,0.545310246657,0.559291829604
101,0.553893288396,0.568560159521
102,0.560893206373,0.576181325808
103,0.572882687208,0.588235687982
104,0.570684596458,0.585707335321
105,0.576975931564,0.592314509479
106,0.584342531444,0.60027223561
107,0.578669918259,0.59457069636
108,0.595581391702,0.61199835244
109,0.596158459941,0.611722660936
110,0.602947036268,0.618729899276
111,0.610259059393,0.627608550443
112,0.595758079173,0.612846558149
113,0.603312103151,0.619718197428
114,0.622061428437,0.640275404266
115,0.623095176946,0.641214317731
116,0.621752055475,0.640170320944
117,0.619287764566,0.635405805323
118,0.641397790925,0.659523883137
119,0.640448278993,0.65884142557
120,0.641621299152,0.660583459414
121,0.6198530923,0.637165049877
122,0.634454443663,0.653023643136
123,0.629788906391,0.648109527425
124,0.606026598346,0.618269784399
125,0.60165635082,0.617062514095
126,0.601512232235,0.618443287953
127,0.606128727139,0.623035016876
128,0.59823330738,0.614345536892
129,0.590000490213,0.605322414667
130,0.582080434618,0.597031063778
131,0.576908119237,0.592252703009
132,0.578325545138,0.593354063743
133,0.563958632258,0.578304392261
134,0.556419113793,0.57052245409
135,0.550505414822,0.564380573982
136,0.542701694211,0.555860163871
137,0.533125000456,0.545365988035
138,0.526671776174,0.538333127373
139,0.522888439899,0.534662245918
140,0.519870108546,0.531951850276
141,0.51602956251,0.528082450219
142,0.510781828818,0.522540968082
143,0.506103934015,0.517184202033
144,0.50378747922,0.514368806277
145,0.502118237948,0.512490535921
146,0.502879770899,0.51314963378
147,0.501935037053,0.512276445691
148,0.503342341483,0.513945491787
149,0.505650053956,0.51663762847
150,0.51104069385,0.522776241514
151,0.520936482752,0.533054174206
152,0.519988402422,0.532134392936
153,0.522468685928,0.534228085964
154,0.526714838192,0.538362446045
155,0.533023837773,0.545184484859
156,0.542099577214,0.555340600155
157,0.550930684833,0.564848569536
158,0.556223854997,0.570318370083
159,0.563708204536,0.578098149122
160,0.571264604225,0.586250283708
161,0.577843705044,0.593144200442
162,0.58324810563,0.598460073578
163,0.58995233623,0.605298286248
164,0.599253868865,0.615452027006
165,0.606453131581,0.623454764348
166,0.601418485635,0.618392354962
167,0.60132267479,0.616665765104
168,0.60546115287,0.61773996946
169,0.630903516641,0.649270722442
170,0.63405271632,0.652657089769
171,0.619889458494,0.637122343474
172,0.641610867329,0.660668188536
173,0.640319134629,0.658616237883
174,0.641202886693,0.659343526024
175,0.656663470824,0.674639396306
176,0.656052587854,0.67424450536
177,0.657076132425,0.676042584736
178,0.643003271458,0.660857720408
179,0.656466483902,0.676452791971
180,0.650777300019,0.67030762484
181,0.642582922224,0.660585529812
182,0.638502653238,0.656833924681
183,0.63416039662,0.652860054509
184,0.620834470112,0.638596462483
185,0.616679397518,0.633838497664
186,0.608025146854,0.624211443621
187,0.598577609089,0.613844210447
188,0.590463830325,0.605311970384
189,0.584332048988,0.599167224542
190,0.57651681959,0.590852390952
191,0.569800717147,0.583903806695
192,0.563660521693,0.577969231234
193,0.557682669333,0.571754604808
194,0.546068178136,0.559059507621
195,0.538289275393,0.550273277546
196,0.53153273099,0.543220569758
197,0.528603752819,0.540602837371
198,0.526116433229,0.538271990992
199,0.52028171789,0.532221518309
200,0.519230139993,0.530558487792
201,0.509858745591,0.520473687781
202,0.507919818254,0.518094857118
203,0.505904982806,0.515510518836
204,0.506303977929,0.515907882828
205,0.507701378251,0.517810002277
206,0.510218949253,0.520813543222
207,0.513919645731,0.525196692106
208,0.519843626823,0.531812711958
209,0.525493257269,0.537680350212
210,0.529252732409,0.54126367535
211,0.531676130158,0.543295123801
212,0.537171737221,0.549108746022
213,0.546501804211,0.55946706065
214,0.557197428083,0.571276587843
215,0.563751171955,0.577966569237
216,0.569611810982,0.583754850186
217,0.576395467892,0.590726612889
218,0.583902429637,0.598535275602
219,0.591197094005,0.606029051251
220,0.59863849625,0.613854916633
221,0.608178994766,0.624389047876
222,0.617222191316,0.634312651729
223,0.61980301027,0.637482487793
224,0.634378616698,0.653052025396
225,0.639057270698,0.657410470943
226,0.642235731417,0.660183559064
227,0.650495117468,0.6699263208
228,0.656613585452,0.676596970411
229,0.643216856041,0.661145544657
230,0.656367278656,0.675395216481
231,0.655903073591,0.674195719068
232,0.656052923895,0.673992848207
233,0.631278189735,0.645522935377
234,0.667092251127,0.684841146146
235,0.670246197221,0.689145213434
236,0.671453860468,0.69128448251
237,0.654687951227,0.673427198707
238,0.669987769883,0.690765144862
239,0.663359199627,0.683501870475
240,0.635952328202,0.649532033895
241,0.631381084138,0.64818433862
242,0.644154093892,0.663390455216
243,0.634833442369,0.653162030893
244,0.624158624206,0.641318111935
245,0.613547117081,0.629611374072
246,0.602608104081,0.6176972447
247,0.594369368949,0.609037824754
248,0.589061709231,0.603853769565
249,0.582640241552,0.597477958899
250,0.577524782091,0.592663628398
251,0.569665522383,0.584604981807
252,0.559228364293,0.573018228294
253,0.548973217082,0.561648434399
254,0.541127106157,0.55309451703
255,0.536054459989,0.548088073886
256,0.532307366174,0.544418413196
257,0.527300630583,0.539297888616
258,0.521639211626,0.533283119291
259,0.516724146997,0.52788186732
260,0.515564338699,0.526760353579
261,0.514751359708,0.525855749445
262,0.513696802577,0.524071464152
263,0.51452062727,0.525591784143
264,0.515866307953,0.527094881191
265,0.516847197719,0.528021404319
266,0.521487727198,0.533091381181
267,0.52703669119,0.538997352372
268,0.53166926724,0.543773416798
269,0.536292118914,0.548235443173
270,0.54074106885,0.552654167548
271,0.54904276115,0.561742215878
272,0.559110068134,0.572932245468
273,0.570063238107,0.584979311977
274,0.577553276506,0.592619877756
275,0.582215741102,0.597041567635
276,0.58946443638,0.604324871417
277,0.595209249448,0.609870789787
278,0.603687213156,0.618812648156
279,0.61390612678,0.630004534104
280,0.623703033602,0.640833136441
281,0.635516396394,0.653829308047
282,0.645576185207,0.664849937376
283,0.630518211758,0.647378526208
284,0.635133998255,0.648663942268
285,0.663622587484,0.683793915855
286,0.669577884492,0.690320726115
287,0.653918213006,0.672689925853
288,0.67180540661,0.691615590272
289,0.670452957109,0.689304892619
290,0.667329155047,0.685031586918
291,0.676581602406,0.697739244723
292,0.698078502615,0.720086399642
293,0.696452439418,0.717849040588
294,0.686489919251,0.708403506404
295,0.694957773784,0.717931866123
296,0.682149907629,0.702242887834
297,0.666845641161,0.685128349405
298,0.676728538377,0.696876451657
299,0.679393978739,0.699792727035
300,0.662190119635,0.679839143262
301,0.638937725351,0.651651742503
302,0.661302153565,0.67955792291
303,0.649859804699,0.667553633967
304,0.636316840011,0.652814936245
305,0.643319601994,0.660605323434
306,0.646422800404,0.665661426122
307,0.632709004519,0.651424025538
308,0.627797811758,0.644731837185
309,0.623249990617,0.640061868882
310,0.614290149882,0.631674235319
311,0.612147615701,0.629575108881
312,0.607312873511,0.624040783677
313,0.596901043239,0.613062337718
314,0.590082481805,0.606000340871
315,0.586775603475,0.602169962639
316,0.576381125503,0.591009109861
317,0.56416402518,0.577458614835
318,0.561934010492,0.574627333323
319,0.553866022114,0.565702997567
320,0.54381366206,0.554816329271
321,0.540845856284,0.551403504848
322,0.534815645675,0.544887341066
323,0.528109215923,0.538100180415
324,0.528094137543,0.538435577257
325,0.527546903222,0.538398199652
326,0.525208758276,0.53636003586
327,0.521152441975,0.532065159963
328,0.519267232956,0.529920412449
329,0.517235059224,0.527803180941
330,0.515443017235,0.526014228604
331,0.516461865381,0.527203945049
332,0.516523952063,0.527365424118
333,0.516612544593,0.527455441022
334,0.516188562758,0.527014575644
335,0.516335185569,0.527108074162
336,0.514946973318,0.525543624077
337,0.517722948894,0.528320720479
338,0.519711181199,0.530382478341
339,0.521705010577,0.532587763514
340,0.525386977325,0.536552972239
341,0.527665131769,0.538512173471
342,0.528668683926,0.539012210846
343,0.528865508035,0.538813026252
344,0.535193704274,0.545233406489
345,0.540646854379,0.55125978733
346,0.543460587236,0.554493963201
347,0.554189112226,0.566003674596
348,0.561223638747,0.573833672746
349,0.565042445499,0.578328518411
350,0.577437654498,0.5920808218
351,0.587041376002,0.602483499066
352,0.598284342754,0.614364607074
353,0.596007919907,0.612111563226
354,0.607761629144,0.624434089992
355,0.612035324061,0.629417139367
356,0.614549213074,0.631964329303
357,0.623454229803,0.640300699729
358,0.626290008977,0.643169574276
359,0.632895495131,0.65154424631
360,0.645899830218,0.665160285822
361,0.642605407186,0.659841032011
362,0.635871933005,0.652346127793
363,0.649297622067,0.666974944886
364,0.660368912809,0.678645822473
365,0.649835328982,0.662668088185
366,0.662673247341,0.680445338734
367,0.68001454363,0.700382984253
368,0.675983437294,0.696113941072
369,0.66626954232,0.684640893307
370,0.681320276533,0.70142766333
371,0.695185357094,0.718303060594
372,0.686758648256,0.708715671767
373,0.696655482662,0.718035761234
374,0.696930163023,0.718945608671
375,0.686192771374,0.705653647974
376,0.684500959874,0.703670088401
377,0.683093078243,0.701870287755
378,0.684088703683,0.703418748664
379,0.685051036201,0.705086469111
380,0.654928946748,0.672010102462
381,0.679566841809,0.699360097978
382,0.675539499376,0.694862299458
383,0.671831385529,0.691065872258
384,0.665711840323,0.683350132961
385,0.652915060505,0.668401735805
386,0.638707873155,0.654156110801
387,0.652399097689,0.670186353698
388,0.647747061504,0.665346436265
389,0.641715251072,0.659084945631
390,0.635988048876,0.652770367348
391,0.629028141955,0.64509521282
392,0.621008966109,0.636508737517
393,0.6157528879,0.631284051672
394,0.611421483322,0.627198732233
395,0.607604957017,0.623505826095
396,0.602194069493,0.617999155263
397,0.596746924826,0.61244119223
398,0.590539861935,0.605814621274
399,0.583278555592,0.598180809969
400,0.575660590969,0.589994409527
401,0.567760418433,0.58123252839
402,0.561116572999,0.573736793776
403,0.553295916204,0.565202288831
404,0.545975675198,0.557172794666
405,0.539273328013,0.549757585717
406,0.534231239616,0.544318590988
407,0.530903381784,0.541176261873
408,0.530193887021,0.540904510139
409,0.528515717761,0.539615771017
410,0.5265794066,0.537651860457
411,0.521312109097,0.5319482256
412,0.518383588098,0.528863211225
413,0.516134815161,0.526526468619
414,0.516016411903,0.526369113188
415,0.515184543588,0.525710640814
416,0.516087651085,0.52668730032
417,0.515742932335,0.526364434315
418,0.515446573574,0.525961655529
419,0.515771847202,0.526109955836
420,0.516504053265,0.52688221322
421,0.518689954194,0.529157398961
422,0.521554557866,0.532216931285
423,0.525760695161,0.536865990611
424,0.528282772396,0.539422368003
425,0.529586470633,0.540314332563
426,0.530609218576,0.54085358296
427,0.534565449801,0.544588288887
428,0.53917516542,0.549654152496
429,0.546196690323,0.557384370268
430,0.553850610895,0.565795221756
431,0.559817406568,0.572398822499
432,0.568050408907,0.581448381837
433,0.575584380912,0.589945802994
434,0.58328062009,0.598164612885
435,0.590010345697,0.605290357637
436,0.598397915705,0.614178013805
437,0.602260280886,0.618161632632
438,0.606830596848,0.62272360289
439,0.611446260631,0.627194833482
440,0.616545181967,0.63212166992
441,0.622069066161,0.637516290881
442,0.628663765286,0.644746107131
443,0.635877540171,0.652771965021
444,0.641519082661,0.658827506227
445,0.647782296789,0.665401503452
446,0.652862616538,0.670696184268
447,0.639308917217,0.65477574718
448,0.653587869026,0.669084702854
449,0.666427107001,0.684174661773
450,0.671183557272,0.690327857146
451,0.67516493381,0.694561416532
452,0.680107325893,0.700002640131
453,0.655506168135,0.672572026595
454,0.685905896253,0.705966179852
455,0.684680641229,0.704024632426
456,0.683441202033,0.702176777064
457,0.685058092413,0.704198567761
458,0.685616386068,0.705082030042
459,0.693845515205,0.712831233818
460,0.695364119193,0.714478672509
461,0.69248541392,0.711169056934
462,0.69298577964,0.712167842666
463,0.695344965159,0.715313817882
464,0.690184089991,0.710108481047
465,0.693839181411,0.714712856105
466,0.6909978103,0.711349163809
467,0.685909157177,0.705859589886
468,0.681888163962,0.701594593224
469,0.661511368561,0.676128871631
470,0.67277474223,0.691710854232
471,0.663034979612,0.68098577151
472,0.662165950752,0.680485160899
473,0.655497862681,0.673552471715
474,0.64834971278,0.665962078909
475,0.641446451301,0.658289054996
476,0.632953918204,0.649116210051
477,0.625191625917,0.640721834175
478,0.618879021332,0.634355812741
479,0.614187283179,0.629874697917
480,0.609497690753,0.625424598096
481,0.60348558087,0.619292012875
482,0.596289022684,0.611571982535
483,0.588906282036,0.603857295692
484,0.582232934952,0.596934897945
485,0.575604599519,0.589807446736
486,0.566975956893,0.580311592284
487,0.559296900154,0.571901415152
488,0.55229427907,0.564123160633
489,0.543837192018,0.55481216453
490,0.537340578902,0.547706097691
491,0.532966627773,0.543280565124
492,0.530602314046,0.541218327101
493,0.52929585907,0.540335268453
494,0.526631561108,0.537880557696
495,0.522035128802,0.532834004242
496,0.51832492131,0.528769973339
497,0.515748425371,0.525923778211
498,0.513835791162,0.523916611088
499,0.513678018861,0.523735977947
500,0.513260301012,0.523488797286
501,0.514967758606,0.525332303965
502,0.513529136021,0.523751633054
503,0.513617136081,0.523696109639
504,0.513984569557,0.524066739068
505,0.515958341353,0.526211342053
506,0.518157610113,0.528643553228
507,0.522409491882,0.53321240236
508,0.526703111567,0.537944174633
509,0.528586272534,0.539623308685
510,0.530749633086,0.541401002953
511,0.533020119989,0.543290992599
512,0.537076732907,0.547422802155
513,0.543769525279,0.554748701339
514,0.55190593837,0.563721642457
515,0.559705802142,0.572304520315
516,0.567243312103,0.580572902358
517,0.575003848335,0.589156903818
518,0.582699813638,0.597405816284
519,0.588901612014,0.603829229427
520,0.595990042845,0.611264039262
521,0.603529416591,0.619317295638
522,0.609468369135,0.625343691491
523,0.613527666423,0.629240688081
524,0.618799830687,0.634320716282
525,0.624912608923,0.640441172996
526,0.633189005739,0.649402348019
527,0.641542574794,0.658396023258
528,0.648852511131,0.666469398824
529,0.655870362206,0.673865256799
530,0.661662566537,0.680036270747
531,0.662474968816,0.68045111091
532,0.672260651682,0.691234363114
533,0.661829285665,0.676403386388
534,0.68145861891,0.701211551914
535,0.684937570512,0.704846904322
536,0.690017334548,0.710450229962
537,0.694602830738,0.715513293679
538,0.689907877516,0.709870787769
539,0.694731696579,0.714740393398
540,0.692600884175,0.711785960529
541,0.69283108614,0.711476759211
542,0.69554930079,0.714720758532
543,0.703161297664,0.722009886561
544,0.701931592015,0.720540781342
545,0.701977504211,0.721016377505
546,0.703893057178,0.723802310262
547,0.707053728745,0.727835833832
548,0.70050090263,0.720980140855
549,0.703936794301,0.725292923957
550,0.698591676053,0.719390282526
551,0.694562449721,0.715015838607
552,0.687126968415,0.706195740637
553,0.673790612498,0.69056776354
554,0.660432523576,0.677303267361
555,0.674251772781,0.693468523562
556,0.667982058387,0.686878719248
557,0.659505103348,0.677836480254
558,0.651403328661,0.669040893949
559,0.644560114134,0.661484179904
560,0.636571775911,0.652698420803
561,0.626134678914,0.641538138874
562,0.620357143754,0.63575738715
563,0.615265466887,0.630886203236
564,0.609189375544,0.62489038277
565,0.602753826237,0.618004885655
566,0.595043112655,0.609975813795
567,0.587583090914,0.602247039255
568,0.581305984554,0.595799360664
569,0.574640903233,0.588748481712
570,0.56602417854,0.579293022461
571,0.557845225107,0.570353334651
572,0.548687708663,0.560231999678
573,0.541363640978,0.552106033369
574,0.535528843102,0.545889932052
575,0.53158805106,0.542142670863
576,0.529612069105,0.54061256205
577,0.526687606588,0.537934076743
578,0.522921013829,0.533924379468
579,0.51858153733,0.529184149876
580,0.514608718277,0.524852074418
581,0.512186267718,0.522121457021
582,0.510742988064,0.520483492437
583,0.510970566579,0.520766883501
584,0.51049013431,0.52033525829
585,0.510933867919,0.520790547539
586,0.510494253892,0.520273063172
587,0.510885764007,0.520647919828
588,0.512323603396,0.522254179412
589,0.514982755258,0.525176174853
590,0.518527532133,0.529163387644
591,0.523353487408,0.534361473083
592,0.526752548314,0.537949208646
593,0.529548522901,0.540498601558
594,0.532077664185,0.542625526907
595,0.534991932709,0.545375549617
596,0.541313673049,0.552072661761
597,0.54902383908,0.560580845605
598,0.558068830918,0.570557916921
599,0.565416824807,0.578620418352
600,0.574443351838,0.588541449985
601,0.58135578031,0.595913805675
602,0.588276515326,0.60292501244
603,0.594278587039,0.609160523662
604,0.602690725188,0.617934289189
605,0.610414563144,0.626157698509
606,0.615187661373,0.63080122039
607,0.620714741703,0.63616298679
608,0.627300794128,0.642675145137
609,0.636040639119,0.652210436902
610,0.64360484384,0.660547253935
611,0.651751529772,0.669361934867
612,0.660023686236,0.678361874994
613,0.667142063975,0.685981326167
614,0.674245988286,0.693425880788
615,0.661202127955,0.678051399433
616,0.674501735819,0.69128848515
617,0.687064453797,0.706155492516
618,0.694276733864,0.714785055994
619,0.698832330933,0.719634857409
620,0.70468469128,0.726133624639
621,0.700163697576,0.720675283761
622,0.706090554725,0.726865807927
623,0.70391538521,0.723761186836
624,0.701218167507,0.720254018952
625,0.70217555705,0.720814604195
626,0.702871932003,0.721693076536
627,0.706581300417,0.724610658922
628,0.705820964909,0.723882561367
629,0.707941510164,0.726789010535
630,0.709406803607,0.729018339005
631,0.710894072183,0.731382705235
632,0.708407710048,0.729140649993
633,0.713062626984,0.735051756325
634,0.709001810919,0.730740122083
635,0.703543395376,0.724768348619
636,0.699053765173,0.719989051055
637,0.678884241849,0.694697083165
638,0.68900308094,0.709133871323
639,0.682993709436,0.702797688183
640,0.678023612384,0.697694173913
641,0.669568240404,0.688692463813
642,0.661984361549,0.680511857414
643,0.652993888809,0.670742133676
644,0.644186726105,0.661022491346
645,0.635378569692,0.651360091445
646,0.625637759275,0.640777416479
647,0.619414849429,0.634566039835
648,0.612790732117,0.627900896894
649,0.607970407685,0.623275965062
650,0.602681204756,0.618194702167
651,0.595831081702,0.611296929213
652,0.588219624325,0.603423376723
653,0.581147744237,0.596007030695
654,0.573346561405,0.587729369749
655,0.563131593141,0.576375082376
656,0.554711075519,0.566942745367
657,0.545081813205,0.556342519437
658,0.538605976712,0.549221999796
659,0.53383667512,0.544353385734
660,0.530743341729,0.541611566658
661,0.527446634789,0.538573821785
662,0.523991263269,0.535136879707
663,0.520224105116,0.531138874984
664,0.516292835269,0.527031327719
665,0.51356737059,0.524179197888
666,0.510843529096,0.521160770961
667,0.509103641304,0.519001404565
668,0.509430372268,0.519720011338
669,0.510032598644,0.52037849641
670,0.510254215456,0.520553500322
671,0.509110651126,0.519026007287
672,0.511225480331,0.521571580729
673,0.513186935597,0.523794433629
674,0.516261173281,0.527031061965
675,0.519505038579,0.530422291285
676,0.523718949537,0.534896736155
677,0.527472604346,0.538584424324
678,0.530384337109,0.541260063632
679,0.533290531173,0.543813788658
680,0.53878155748,0.549429414508
681,0.545500816986,0.556760355062
682,0.554851639742,0.567052783394
683,0.563418773106,0.576709025432
684,0.573420216037,0.587754375166
685,0.581531086399,0.59644262278
686,0.588671949757,0.603889875813
687,0.594725110079,0.610037031014
688,0.602502722265,0.617979083343
689,0.608038176262,0.623389770151
690,0.613250931719,0.628306817748
691,0.61910875727,0.63423732146
692,0.626211973417,0.641378607304
693,0.634828200985,0.650772442749
694,0.643924448353,0.660789406369
695,0.653675429745,0.67136413077
696,0.660422881137,0.678945164059
697,0.66972386097,0.688901092776
698,0.67634956472,0.695944407295
699,0.683385106045,0.703171906986
700,0.689664423318,0.709818067243
701,0.678774648462,0.694557635078
702,0.69844083093,0.719369033279
703,0.703641883078,0.724914164548
704,0.708966475569,0.730689477808
705,0.713568699004,0.735525647537
706,0.707423156168,0.728069904651
707,0.710692392074,0.731165826264
708,0.709212608189,0.728894224819
709,0.707830286379,0.726646199014
710,0.706808758256,0.724845492235
711,0.588764003134,0.607688478055
712,0.669679892785,0.690749649345
713,0.727614255948,0.749725798919
714,0.680315443912,0.701187222506
715,0.591510388284,0.61050260303
716,0.657816508393,0.679451212838
717,0.72531701884,0.748398136784
718,0.681173761214,0.701107908664
719,0.586586260467,0.603593610593
720,0.633875428745,0.65365656371
721,0.709578896536,0.731598705945
722,0.681189141252,0.700658426226
723,0.585146527496,0.600024356924
724,0.59797558624,0.612244724461
725,0.679650592682,0.697543315205
726,0.674749502555,0.693745883237
727,0.591187527625,0.607158048772
728,0.577747430961,0.59243351118
729,0.658254131582,0.676124648007
730,0.668853153526,0.688620112025
731,0.597623917211,0.615721519971
732,0.560472399967,0.575902846714
733,0.63061842704,0.647212664873
734,0.64510137748,0.662651632863
735,0.588939924572,0.605655686344
736,0.549887278013,0.565278321459
737,0.610639750067,0.627673310399
738,0.623894275156,0.640723324362
739,0.580265234307,0.596113358627
740,0.532561084209,0.546753529236
741,0.585684983587,0.601946874994
742,0.601269599986,0.617590271646
743,0.568330711219,0.583392606118
744,0.512190068721,0.52481433743
745,0.554397651731,0.567803714705
746,0.569769690271,0.582975717328
747,0.549231885444,0.561395614361
748,0.49965500263,0.509862026734
749,0.533166193669,0.544051052246
750,0.542702522334,0.553111326553
751,0.532259092597,0.542225273116
752,0.489618403455,0.49865821935
753,0.509151564744,0.518059471039
754,0.522144805762,0.531255572968
755,0.519805478759,0.529291804582
756,0.489071117104,0.498964604742
757,0.499065084007,0.50857732755
758,0.515547429149,0.525740504253
759,0.513499332619,0.52363397833
760,0.486670166794,0.496615485993
761,0.488487989619,0.497554830373
762,0.50810137494,0.518067634249
763,0.507099772634,0.517222373953
764,0.485496516981,0.495582357887
765,0.483036203368,0.492640748633
766,0.506377402964,0.516578019102
767,0.506190214998,0.5163635542
768,0.487723543637,0.49732130598
769,0.490276844764,0.50037975842
770,0.506800196809,0.516924667653
771,0.507375180239,0.517352733582
772,0.488563219591,0.497669851148
773,0.486443351812,0.496377543256
774,0.513332255173,0.523490461853
775,0.515491478754,0.525692059448
776,0.510306223007,0.520079545452
777,0.48992883775,0.499982448589
778,0.520021236575,0.529532118905
779,0.521797205551,0.530863130934
780,0.509327425642,0.518203691583
781,0.489736310773,0.498783240321
782,0.532217762354,0.542200406667
783,0.54265047915,0.553056811337
784,0.532882959907,0.543784558272
785,0.499989219735,0.510240670547
786,0.548950304502,0.561120201252
787,0.569906309516,0.583124637106
788,0.561787760593,0.575445646987
789,0.512566864872,0.525247473337
790,0.567770462487,0.582826318747
791,0.600467323907,0.616764268136
792,0.585875196003,0.602167321523
793,0.525390826336,0.539470475237
794,0.579747195128,0.59552294575
795,0.623833747885,0.640710668416
796,0.60977789251,0.626828112491
797,0.542398465881,0.557603460908
798,0.589129306894,0.605807844763
799,0.644959345261,0.662487885316
800,0.630792758811,0.647394409593
801,0.560802966441,0.576204165833
802,0.597788036016,0.615933108897
803,0.6671089454,0.686860980923
804,0.657415597753,0.67520142911
805,0.57766916646,0.592322192488
806,0.590996295571,0.606930435228
807,0.675322272695,0.694335593365
808,0.680547406266,0.698481872834
809,0.598306540808,0.612664041689
810,0.585198396618,0.600031132603
811,0.681844726234,0.701377753137
812,0.709252966458,0.731274749332
813,0.634454038191,0.654292484966
814,0.587092468868,0.604142916781
815,0.681302000806,0.701309107787
816,0.72527730377,0.748351513166
817,0.656826825674,0.678472819685
818,0.590970565073,0.609900791112
819,0.680689021369,0.701648148865
820,0.727010316076,0.749105827315
821,0.669718994366,0.690787617421
822,0.693432064539,0.713159081329
823,0.691817090995,0.711220698057
824,0.689477326614,0.708458089246
825,0.689176664003,0.708167443502
826,0.690194332329,0.709678287579
827,0.69256072161,0.712872732143
828,0.693029559396,0.713781120833
829,0.691749354048,0.712644658764
830,0.687732344858,0.708294359343
831,0.683335925319,0.703538432199
832,0.681094587676,0.701124510102
833,0.679051572486,0.699066328439
834,0.673516201063,0.692883460849
835,0.653114041846,0.667498949987
836,0.666885806316,0.685794022412
837,0.662061190976,0.680366377723
838,0.656509015291,0.674672698633
839,0.651813827752,0.669763925333
840,0.646881303563,0.664585196178
841,0.64243137607,0.659903208507
842,0.636035813528,0.653161312314
843,0.630119087784,0.646657319623
844,0.625097980199,0.641023912045
845,0.618412220888,0.634001467689
846,0.617669622919,0.633562778214
847,0.609650751193,0.625563102085
848,0.606478020008,0.62256725764
849,0.601920332344,0.618013185825
850,0.60042623139,0.616556849057
851,0.592792209239,0.608666359387
852,0.58751031141,0.603217117653
853,0.582146923632,0.597632407999
854,0.575424007362,0.590522975361
855,0.569757692449,0.58445764029
856,0.56187626689,0.575882545606
857,0.554828560305,0.567989161012
858,0.548100727027,0.560577816123
859,0.543738197346,0.555501974843
860,0.535460468327,0.546581084931
861,0.528793587883,0.539320466442
862,0.523365576161,0.533288294414
863,0.51941630342,0.528814660273
864,0.514304168835,0.523668379407
865,0.511938070749,0.521568988958
866,0.510356246582,0.52033490449
867,0.510896752034,0.521122939908
868,0.508153796732,0.518503842835
869,0.505052686453,0.515323226927
870,0.502382090665,0.512444088096
871,0.50082871483,0.510686036507
872,0.499110596459,0.509056933629
873,0.497884964413,0.507909632762
874,0.49715884893,0.507236512854
875,0.496733977981,0.506864976903
876,0.497003912726,0.507222222789
877,0.497114696603,0.507327227614
878,0.49780301568,0.508008438799
879,0.49847736298,0.508591683428
880,0.498243450457,0.508327747975
881,0.497549652042,0.507567431083
882,0.499580472493,0.50950794203
883,0.500717307222,0.510605026203
884,0.502265643959,0.512368838297
885,0.505218849141,0.515525676292
886,0.508030527748,0.518402027146
887,0.512663722513,0.522860130881
888,0.511110932366,0.521119730323
889,0.512242720302,0.521876570731
890,0.514356974608,0.523692708503
891,0.51901253116,0.528376701104
892,0.523636703276,0.533552534706
893,0.529740744329,0.540245719204
894,0.535744592467,0.546882453463
895,0.543626104573,0.555351201045
896,0.547764196756,0.560198774126
897,0.554724580701,0.567907974624
898,0.561948052039,0.575949704306
899,0.571058900311,0.585744121704
900,0.576309815659,0.591575076535
901,0.582112932874,0.597623849631
902,0.587779023334,0.603483599851
903,0.592640313613,0.608443762846
904,0.597560381621,0.613582135044
905,0.601693663298,0.617834634817
906,0.606571876743,0.622632148756
907,0.61001947025,0.625933624465
908,0.614381063635,0.630073171813
909,0.618432606842,0.633994254433
910,0.623616972789,0.639521915813
911,0.630583803669,0.647151541518
912,0.636779945837,0.653832965674
913,0.641433108299,0.658890327558
914,0.646962458083,0.664723027458
915,0.651772272173,0.66975567639
916,0.656824548598,0.675046365436
917,0.660741098765,0.679049017322
918,0.666007679096,0.684963533137
919,0.652395616191,0.666824752413
920,0.673639137366,0.693045663175
921,0.677844304706,0.697843745228
922,0.680483065976,0.700453701816
923,0.683969865565,0.704191495137
924,0.687692125513,0.708238424599
925,0.691337225808,0.712241889559
926,0.693429804888,0.714240531495
927,0.692103042006,0.71235917995
928,0.690821132156,0.710335042028
929,0.688094975973,0.707069021573
930,0.689043049186,0.708130212264
931,0.692520752065,0.711941067157
932,0.692612452771,0.712304939079
933,0.704958179467,0.724558703396
934,0.703463595323,0.722973190184
935,0.701921703033,0.721081231005
936,0.699509570827,0.718485600411
937,0.699871705465,0.719397332386
938,0.701156335357,0.721400211659
939,0.704583353946,0.72566690884
940,0.704511160846,0.726099287209
941,0.701196582678,0.722637000552
942,0.697576871961,0.71861135775
943,0.694294568377,0.714902251017
944,0.690422883514,0.710749970216
945,0.68697803038,0.707162006229
946,0.674840780801,0.691717794432
947,0.675570213305,0.694044455997
948,0.675785281026,0.694889500405
949,0.669480617922,0.688202917115
950,0.664201378175,0.682793842147
951,0.65951134331,0.677889136785
952,0.653597926076,0.671734881287
953,0.6488847386,0.666674656778
954,0.641664688761,0.65883908044
955,0.635130995285,0.651727757436
956,0.629206143666,0.645170760245
957,0.622610348601,0.638213622078
958,0.617785320823,0.633641493752
959,0.612560488336,0.628461037448
960,0.608457044398,0.624529627274
961,0.603414979123,0.619578738717
962,0.598584397447,0.61469613708
963,0.592864483569,0.608734581619
964,0.586992372736,0.602516138733
965,0.580622448941,0.595857799715
966,0.573932963302,0.588846121929
967,0.56702858912,0.581551511917
968,0.560933701844,0.574717154974
969,0.552987543476,0.56597661876
970,0.547242921892,0.559523448717
971,0.539790198453,0.551418445364
972,0.532553403625,0.543513969251
973,0.526443183473,0.536787064079
974,0.520965791631,0.530772004254
975,0.516134608817,0.525587887058
976,0.512489653447,0.522074176937
977,0.510597114188,0.520543498173
978,0.509224562726,0.519517593893
979,0.507313656723,0.517761939008
980,0.504547094936,0.514887256619
981,0.501110290962,0.511214681609
982,0.498223761027,0.508054786864
983,0.495359577578,0.50519517737
984,0.494484709302,0.5042246767
985,0.49374075171,0.503492349808
986,0.493479997849,0.503339041935
987,0.493170195585,0.503144860469
988,0.494025414028,0.504080172694
989,0.493998363262,0.504088779453
990,0.493488613869,0.503465429257
991,0.493366805104,0.503228387616
992,0.493468592496,0.50323372475
993,0.494547348705,0.50434129693
994,0.496067761328,0.50587767316
995,0.49772585636,0.507617393629
996,0.501415128024,0.511533442813
997,0.50454210824,0.514877525026
998,0.50750353668,0.517908615417
999,0.508914557244,0.519214909097
1000,0.510767021412,0.520744619525
1001,0.512426496189,0.52201591683
1002,0.51573603059,0.525226384698
1003,0.520607947047,0.530382403108
1004,0.527034371067,0.537394537977
1005,0.532826893503,0.543849157062
1006,0.539504555696,0.551139192639
1007,0.546411408584,0.558752524414
1008,0.553523862812,0.566562940949
1009,0.560253621463,0.574062591701
1010,0.567339084313,0.581838658364
1011,0.573942558096,0.588861322167
1012,0.580498908094,0.595716918698
1013,0.587053618072,0.602579671606
1014,0.59343241276,0.609299595524
1015,0.599294290214,0.615335086471
1016,0.603233354006,0.619353969951
1017,0.607610204304,0.62366994898
1018,0.612409596415,0.62839013166
1019,0.617571398187,0.633389556961
1020,0.622398772082,0.63804048738
1021,0.627679914214,0.643585652309
1022,0.635511869535,0.652128585065
1023,0.641383242092,0.658579167678
1024,0.647410770997,0.665184374908
1025,0.653679392414,0.671810646197
1026,0.659268807097,0.677653366917
1027,0.664667451684,0.683270963911
1028,0.670238007809,0.68893897915
1029,0.674628756668,0.693763204965
1030,0.675140979417,0.693589600724
1031,0.67488491571,0.691752649469
1032,0.687631446858,0.70780454924
1033,0.690394258319,0.710769288732
1034,0.693685664218,0.714310131351
1035,0.698067043621,0.719095864792
1036,0.702019225097,0.723481446029
1037,0.704593687933,0.72619315367
1038,0.704015439445,0.725117162084
1039,0.70150243384,0.721715385398
1040,0.700062966047,0.719549198368
1041,0.700478980772,0.719510466014
1042,0.702426806981,0.721621431961
1043,0.703895792232,0.723430535208
1044,0.710742911103,0.73001717996
1045,0.710151569684,0.729403677763
1046,0.708201410438,0.727123628359
1047,0.708355703964,0.727741760248
1048,0.709528598043,0.729563668696
1049,0.712579386919,0.733492742693
1050,0.713584589971,0.735228154174
1051,0.713017605646,0.735013453859
1052,0.709520906072,0.731264053722
1053,0.705108520275,0.726470213478
1054,0.701315692754,0.722321037019
1055,0.696742994109,0.717436161716
1056,0.693427344501,0.713652362404
1057,0.671791547438,0.687003719076
1058,0.685960686113,0.705927140677
1059,0.680693918873,0.700049296649
1060,0.675512200949,0.694702576153
1061,0.670193090028,0.68918972312
1062,0.663502637283,0.682196660297
1063,0.6581660682,0.676517783159
1064,0.650948621957,0.66879214332
1065,0.644872584123,0.662051853808
1066,0.637622963506,0.654201437149
1067,0.629863651521,0.645807775054
1068,0.622761150525,0.638376883689
1069,0.618843794793,0.634528750843
1070,0.61424027322,0.630036367756
1071,0.609019111622,0.625067095069
1072,0.604781650106,0.620866466133
1073,0.598932529451,0.614815670338
1074,0.592033281558,0.607545586373
1075,0.585139967076,0.600231328808
1076,0.578697433343,0.593615584436
1077,0.573318289817,0.587950268483
1078,0.566309504745,0.580559444208
1079,0.55920256574,0.572738035176
1080,0.552433887601,0.565304633186
1081,0.544608132678,0.55675450034
1082,0.538289411538,0.549749181444
1083,0.530782190346,0.541566186725
1084,0.524258925957,0.534368461585
1085,0.518119133207,0.527739059402
1086,0.514267570859,0.523833080291
1087,0.511920024752,0.521785662768
1088,0.510167976495,0.52038672379
1089,0.507740458301,0.518236186393
1090,0.504727839084,0.515133836898
1091,0.500723902694,0.510836375436
1092,0.497697243731,0.507607127464
1093,0.494691836406,0.504392750601
1094,0.492681803697,0.502247056904
1095,0.491210309394,0.500726190707
1096,0.490596627554,0.500105080139
1097,0.490026257074,0.49962970029
1098,0.490818997606,0.500601738793
1099,0.491138680172,0.500993047992
1100,0.491043192795,0.500846347087
1101,0.490066642803,0.499662880312
1102,0.490714097966,0.50021477943
1103,0.491133401097,0.500601219414
1104,0.492627457406,0.502184708905
1105,0.495060852382,0.5047705605
1106,0.497894827825,0.507821922838
1107,0.501354990562,0.511508034706
1108,0.504856746306,0.515285233932
1109,0.507429594442,0.517884106865
1110,0.509596482195,0.519839729845
1111,0.511711900388,0.521605689103
1112,0.513977302437,0.523558421972
1113,0.51747658802,0.527121663042
1114,0.524275704009,0.534461138374
1115,0.530689988724,0.541469805067
1116,0.538028096016,0.549511906155
1117,0.545896568449,0.558059966602
1118,0.552137889139,0.564987790253
1119,0.55946544224,0.573046142247
1120,0.566331127101,0.580610310131
1121,0.573385771117,0.588081767756
1122,0.578382610919,0.59328543189
1123,0.584921002454,0.600021560809
1124,0.592448693134,0.607871671782
1125,0.598302218817,0.614189411189
1126,0.604925979181,0.621041926638
1127,0.609750617952,0.625818939952
1128,0.613680642458,0.629531795299
1129,0.61846690015,0.634192869687
1130,0.623659769466,0.639262735187
1131,0.630004534608,0.645941961829
1132,0.63734736215,0.653922363228
1133,0.644114027289,0.661315145036
1134,0.650830166326,0.668654080849
1135,0.657921078825,0.676274184439
1136,0.662955834147,0.681653743939
1137,0.668692236715,0.687675504716
1138,0.67537050228,0.694552050603
1139,0.680490418059,0.699792908881
1140,0.685084638834,0.705023213119
1141,0.671964579588,0.687151081231
1142,0.692918321611,0.713096846373
1143,0.697070756054,0.717794304228
1144,0.70175408511,0.722685673485
1145,0.705359810778,0.726682871997
1146,0.710609506603,0.732316602941
1147,0.712785215442,0.734800934548
1148,0.713174113897,0.734828284714
1149,0.711779611199,0.732598409997
1150,0.70940653027,0.729392773119
1151,0.707722474228,0.727030250992
1152,0.70685606986,0.725741905976
1153,0.709553207439,0.728699208557
1154,0.710559534234,0.729901847528
1155,0.710542297192,0.729145533494
1156,0.710854756722,0.72941212642
1157,0.710037675663,0.728528601448
1158,0.709760747495,0.728695372199
1159,0.711417712894,0.731040846895
1160,0.711241370628,0.731618766104
1161,0.715074538801,0.736262389658
1162,0.715461294341,0.73731540014
1163,0.714306504344,0.736438732264
1164,0.711861885056,0.733644168404
1165,0.705923850059,0.727152708904
1166,0.702266270972,0.723292595527
1167,0.69811214282,0.718788015051
1168,0.685480990249,0.702904501586
1169,0.687499028283,0.706835011264
1170,0.685173437495,0.704943777223
1171,0.679821473269,0.699366531686
1172,0.674603496902,0.693953121207
1173,0.668907753244,0.687963168636
1174,0.662871572071,0.681694951484
1175,0.656035086421,0.674264889209
1176,0.649400811886,0.667085185209
1177,0.64248995746,0.659483077982
1178,0.635375641168,0.651743946018
1179,0.628156543277,0.643802969961
1180,0.620078105776,0.63525455173
1181,0.614546063317,0.629618498964
1182,0.610107978215,0.625427908628
1183,0.605881290469,0.621579546952
1184,0.601470909903,0.617154326786
1185,0.595816363044,0.611409516886
1186,0.590201807994,0.605663401905
1187,0.583244973381,0.598292266767
1188,0.576862677565,0.591882360768
1189,0.572299396328,0.587322970925
1190,0.565725804341,0.580215267403
1191,0.557548392263,0.571198980874
1192,0.549258640005,0.561880944017
1193,0.542218286099,0.554150988087
1194,0.534175602425,0.545226189151
1195,0.527044469583,0.537417275926
1196,0.520669351274,0.530478762887
1197,0.515415174873,0.524990951022
1198,0.512568281563,0.522299061246
1199,0.510587506119,0.520729649057
1200,0.507792452141,0.518179465862
1201,0.505698695813,0.516199312658
1202,0.502166865837,0.512636789252
1203,0.499441406765,0.509761896429
1204,0.495525136434,0.505722665838
1205,0.493666757789,0.503606366944
1206,0.490891892616,0.500606778854
1207,0.490940523933,0.500899238483
1208,0.490226293743,0.500145642915
1209,0.48955910789,0.499439954713
1210,0.488327078803,0.497818804871
1211,0.488034127285,0.497506819718
1212,0.489137157322,0.499042180038
1213,0.489805805183,0.499729555668
1214,0.490768773651,0.500765031113
1215,0.491102844707,0.500806798003
1216,0.493346385011,0.503346687922
1217,0.495330383958,0.505502174698
1218,0.498964329063,0.509310690595
1219,0.502428046887,0.512928966171
1220,0.505674306451,0.516169831741
1221,0.507526779884,0.517939161581
1222,0.510548462323,0.520666758605
1223,0.512732264456,0.522507167431
1224,0.515813821193,0.525361705808
1225,0.520466710073,0.530319537321
1226,0.526832176523,0.537195208159
1227,0.534153561056,0.545200095645
1228,0.541348281664,0.553254690369
1229,0.549252964187,0.561927229634
1230,0.557738423191,0.571337374097
1231,0.56528028279,0.579752304068
1232,0.571854135122,0.5868466038
1233,0.576917167187,0.591993913028
1234,0.583060247779,0.598053988844
1235,0.58984507022,0.605247424652
1236,0.595707190265,0.611286263235
1237,0.602061111441,0.617745653649
1238,0.605680068934,0.621308168616
1239,0.61033013235,0.625656225213
1240,0.614502378472,0.629617292097
1241,0.619877773296,0.63504485216
1242,0.627870665873,0.643505095681
1243,0.635747181385,0.652076714239
1244,0.64229868979,0.659321056153
1245,0.650237467097,0.667907108513
1246,0.655912781816,0.674112041196
1247,0.662475225101,0.681228060887
1248,0.667938122817,0.687047186168
1249,0.674593571029,0.693920843765
1250,0.679276132331,0.698786724916
1251,0.68483536096,0.704613910794
1252,0.686609878732,0.705865517796
1253,0.68642808906,0.703877624085
1254,0.69753615576,0.718308914226
1255,0.701945097341,0.722891577483
1256,0.705276247915,0.726505055131
1257,0.71001345597,0.731690720608
1258,0.713574729336,0.735636553811
1259,0.715597877631,0.737444480242
1260,0.714900553551,0.736141661509
1261,0.712567450329,0.732895197808
1262,0.711233824381,0.730853386925
1263,0.710587758449,0.729586307617
1264,0.710049056737,0.728532170583
1265,0.710672633255,0.729196873879
1266,0.485691125432,0.501267530043
1267,0.59121019733,0.610182759814
1268,0.708602564232,0.730565896183
1269,0.707613710715,0.729568943399
1270,0.588412257943,0.606781827218
1271,0.485287457332,0.501003337316
1272,0.590860786892,0.61015339465
1273,0.709984841534,0.733059374917
1274,0.69942452851,0.721004372878
1275,0.579871995307,0.597218618654
1276,0.476776708057,0.491094833284
1277,0.585219443846,0.604396853494
1278,0.697737929102,0.719889645678
1279,0.686157974379,0.706525017018
1280,0.569222205443,0.584852265973
1281,0.471431940903,0.484908382693
1282,0.568493032515,0.584653496063
1283,0.660073313501,0.674852932999
1284,0.671116998203,0.690426552953
1285,0.561566465006,0.577191626823
1286,0.463601041673,0.476629897006
1287,0.556782537185,0.572149491704
1288,0.658404175155,0.67688253008
1289,0.654552214039,0.673961421018
1290,0.558202658222,0.575598168596
1291,0.47054018034,0.483844332255
1292,0.54535165358,0.560377053053
1293,0.637560683284,0.654721923984
1294,0.630707659448,0.648338429298
1295,0.542052052839,0.558132959752
1296,0.484783374826,0.497817096748
1297,0.535533733783,0.550545600323
1298,0.617958025817,0.635209380905
1299,0.60722368507,0.623763594858
1300,0.524341277242,0.539398345112
1301,0.47756771648,0.489823648763
1302,0.524151769785,0.538856456774
1303,0.596551316859,0.613546166651
1304,0.586454021964,0.602688570367
1305,0.509386763475,0.523703793255
1306,0.469876794794,0.481313172318
1307,0.526285679191,0.540112393458
1308,0.567146746261,0.581892444572
1309,0.558619497475,0.572498773419
1310,0.48887772317,0.500846276392
1311,0.484229967147,0.493811550271
1312,0.506582955203,0.517876143455
1313,0.535848800428,0.5468990954
1314,0.528386609231,0.538947139061
1315,0.469897021737,0.480107457058
1316,0.475628771813,0.484228543013
1317,0.48869385533,0.497915000497
1318,0.51035264845,0.518972352887
1319,0.505197549596,0.513945300779
1320,0.461058473158,0.47119348137
1321,0.470142788574,0.478613172257
1322,0.48050919796,0.489567599339
1323,0.49909567745,0.508434499414
1324,0.495582539671,0.505489223672
1325,0.4563548052,0.466452602415
1326,0.445338180092,0.453181555179
1327,0.478902076568,0.48830795293
1328,0.491802369795,0.501158401108
1329,0.479349794313,0.488490310152
1330,0.445585397185,0.455191232457
1331,0.447110769257,0.455451507099
1332,0.47992202489,0.489491450494
1333,0.48743699174,0.49715755801
1334,0.476685703885,0.486248087743
1335,0.446072320394,0.455308945847
1336,0.445883117417,0.455129865898
1337,0.471791260379,0.481280807734
1338,0.487691043035,0.497437533146
1339,0.47062438045,0.480027139273
1340,0.446942896634,0.455299628546
1341,0.445469412993,0.455092815285
1342,0.479319322851,0.488505043707
1343,0.490893585307,0.500305533167
1344,0.469495593477,0.478706280927
1345,0.445094697666,0.452940817315
1346,0.446618934601,0.456780158323
1347,0.493474448285,0.503071007129
1348,0.499476897723,0.508825346471
1349,0.481647156683,0.49070158225
1350,0.470224223898,0.478671466536
1351,0.460847627298,0.470978857882
1352,0.504853139637,0.513573422355
1353,0.509991516016,0.518569795209
1354,0.488293037312,0.497542578985
1355,0.476098712235,0.484672886782
1356,0.469612941571,0.479867270159
1357,0.527946445033,0.538551814692
1358,0.53581858743,0.54688216844
1359,0.506226660494,0.517535081486
1360,0.484783686365,0.494363596072
1361,0.489304476476,0.501275284421
1362,0.557418413018,0.571244525225
1363,0.567162966126,0.581893618385
1364,0.513918405115,0.527332395742
1365,0.469549023111,0.480947532301
1366,0.508904734478,0.523179818692
1367,0.587078003112,0.60334619908
1368,0.596871201019,0.61385520505
1369,0.524129730506,0.538818416797
1370,0.477140898916,0.489375652321
1371,0.524462184808,0.539533344566
1372,0.607914320599,0.624433437342
1373,0.617421768265,0.634604171086
1374,0.542484598695,0.557722889723
1375,0.484651778488,0.497630761533
1376,0.541917258646,0.557983620479
1377,0.630486462204,0.648080862832
1378,0.637135661995,0.654315226453
1379,0.545034229131,0.560077401973
1380,0.4620161991,0.475266012014
1381,0.556456209787,0.57357621022
1382,0.654747306416,0.67420155111
1383,0.658112800244,0.676581904631
1384,0.556258682187,0.571563346427
1385,0.467602969465,0.480703679746
1386,0.561974638067,0.577748265004
1387,0.670840515289,0.690144737398
1388,0.659674137112,0.674472732484
1389,0.568698406801,0.584788219467
1390,0.471448200051,0.484884692668
1391,0.56802654564,0.583584950986
1392,0.685781392224,0.706136661941
1393,0.696721701544,0.718857666287
1394,0.585764179584,0.604979091339
1395,0.477560458987,0.491927898242
1396,0.579972486842,0.597304596038
1397,0.699661887904,0.72130822856
1398,0.709041812719,0.732142817978
1399,0.59074801481,0.610131164263
1400,0.48500138384,0.50071148268
1401,0.588262706795,0.606647711289
1402,0.707619771658,0.729565445016
1403,0.708559784774,0.730524162041
1404,0.590032025343,0.609003055672
1405,0.684213447988,0.7039311359
1406,0.682314775186,0.701819155277
1407,0.680631753375,0.699791461665
1408,0.679557081211,0.69846109161
1409,0.678932612565,0.697917945542
1410,0.679548611145,0.698976195225
1411,0.680946238572,0.700963137696
1412,0.682771537461,0.703292769652
1413,0.68308460595,0.704015607661
1414,0.681507381209,0.702357501975
1415,0.678036869982,0.698628810067
1416,0.67539276986,0.695639040723
1417,0.672968138815,0.693125796843
1418,0.669651289138,0.689807118915
1419,0.667426452001,0.687488327352
1420,0.665222251204,0.685261498918
1421,0.652739518292,0.669582943645
1422,0.654497751311,0.673042642937
1423,0.65337271245,0.672161222427
1424,0.648078589064,0.666360006453
1425,0.644054341269,0.662221671596
1426,0.639905067873,0.657914728218
1427,0.636313602436,0.654145795993
1428,0.631331047772,0.648871770878
1429,0.636728469629,0.654750023909
1430,0.623474832701,0.64057478003
1431,0.618064211019,0.634817957056
1432,0.612716167373,0.628925468419
1433,0.607800064809,0.623526097858
1434,0.622430302429,0.639735292126
1435,0.600262127677,0.615864838125
1436,0.59614039848,0.611985561127
1437,0.592979998223,0.609003640674
1438,0.590575936504,0.606758399738
1439,0.602494663061,0.619633073391
1440,0.582279613947,0.598295399552
1441,0.578054469913,0.593918574838
1442,0.573977419865,0.589748890903
1443,0.57086077904,0.587065153896
1444,0.576828849852,0.59271291476
1445,0.565402493169,0.580710180032
1446,0.553540200413,0.568436596876
1447,0.548134072098,0.562515414998
1448,0.54200952339,0.555720066405
1449,0.549460595077,0.562227525562
1450,0.535333960068,0.547631196711
1451,0.52404393086,0.535680410432
1452,0.518480809788,0.529668800686
1453,0.513847987234,0.524516991895
1454,0.520303347018,0.530217503257
1455,0.508187086734,0.517788038294
1456,0.49814538317,0.507283743719
1457,0.492937105033,0.501809918626
1458,0.491274838136,0.500140728232
1459,0.49936516269,0.50831335025
1460,0.492957330057,0.502267222918
1461,0.48606633514,0.495694365855
1462,0.482818013821,0.492629780631
1463,0.48550185035,0.495415248319
1464,0.488753405519,0.498524443086
1465,0.48499099463,0.494643953224
1466,0.477440493904,0.486977181636
1467,0.473501349927,0.482981770549
1468,0.475722814922,0.485230378956
1469,0.480452705155,0.49001625796
1470,0.479041273118,0.488746158755
1471,0.472863464252,0.482682590508
1472,0.471617919989,0.48149648804
1473,0.475749784465,0.485594144488
1474,0.479105471612,0.488885582298
1475,0.474350009411,0.484196669872
1476,0.470532918849,0.480411914767
1477,0.471647829136,0.481484334976
1478,0.477243218828,0.486986469407
1479,0.480489925099,0.490031533605
1480,0.479358916951,0.489000937248
1481,0.472947206156,0.48244649057
1482,0.476088702129,0.485684748849
1483,0.482798063699,0.492508562123
1484,0.487280210888,0.497089878486
1485,0.481886205723,0.491880914504
1486,0.483073191252,0.492910686175
1487,0.485937721261,0.495547501889
1488,0.492745913379,0.502102331893
1489,0.499295156531,0.508229442762
1490,0.49131882517,0.500204761331
1491,0.493331534902,0.502243697007
1492,0.498503845325,0.50766756163
1493,0.508042387394,0.517637458934
1494,0.51978031138,0.529718276153
1495,0.51391834297,0.524566371461
1496,0.519412342394,0.530616247126
1497,0.524182157955,0.535863482078
1498,0.534723970331,0.547039868454
1499,0.549131935922,0.56189766617
1500,0.541821453071,0.555522758984
1501,0.547760467289,0.562207990164
1502,0.554338609878,0.569221258201
1503,0.561156025495,0.576440046755
1504,0.576726655007,0.592510544542
1505,0.571032953901,0.587184695246
1506,0.573707392126,0.589469885634
1507,0.577950491904,0.593855306139
1508,0.582362949209,0.598399220179
1509,0.60231915001,0.619471370425
1510,0.591250526322,0.607462596926
1511,0.594200003504,0.610242086812
1512,0.596758442744,0.612526228393
1513,0.603549488071,0.6193818178
1514,0.622550589366,0.639856694267
1515,0.607717835333,0.623387956026
1516,0.613259857084,0.629529507936
1517,0.618314928618,0.635130737013
1518,0.623936201443,0.641042746771
1519,0.630446063969,0.648027697467
1520,0.632040024088,0.649647030577
1521,0.635507565448,0.653293891336
1522,0.64025385174,0.658328050753
1523,0.644860089362,0.663065234215
1524,0.650715971668,0.669137148053
1525,0.653369340518,0.672097068857
1526,0.654483623526,0.672972019047
1527,0.653119739304,0.670006907345
1528,0.665180107976,0.685200100286
1529,0.667906222185,0.688088883535
1530,0.670205483793,0.690381997696
1531,0.672347378443,0.692544302784
1532,0.674101580934,0.694316720354
1533,0.677535966277,0.69806254756
1534,0.681160317554,0.702093480662
1535,0.683236945176,0.704127421162
1536,0.682638690076,0.70304742657
1537,0.681052910496,0.701040197151
1538,0.679965588154,0.699344993138
1539,0.678302677911,0.697244601215
1540,0.679648935094,0.698551313699
1541,0.681347229009,0.700575181632
1542,0.682524947425,0.702055739287
1543,0.684108112297,0.70379931213
1544,0.681832587532,0.700835465435
1545,0.681603362517,0.700630860544
1546,0.681366362687,0.700169540874
1547,0.679983952515,0.698594305688
1548,0.678642527119,0.697142455905
1549,0.680135943228,0.699030234091
1550,0.681341826931,0.700832413821
1551,0.681882037783,0.701829838703
1552,0.681911713189,0.702281674878
1553,0.681667909362,0.702356682052
1554,0.679176544457,0.699587361858
1555,0.67502697921,0.695102599998
1556,0.672063878877,0.691858475099
1557,0.669329289672,0.688897534725
1558,0.66729448742,0.686745052439
1559,0.664374388093,0.683699004982
1560,0.657152135782,0.67455739165
1561,0.643160311181,0.658063080546
1562,0.654504684114,0.673096938825
1563,0.650752382144,0.66894867103
1564,0.645591671928,0.663521216186
1565,0.642103374376,0.659942209978
1566,0.637913221917,0.655655190283
1567,0.633527161788,0.651146670135
1568,0.629107976159,0.646547135689
1569,0.634000903349,0.65162559383
1570,0.6208661472,0.637685732885
1571,0.614973852713,0.631202948512
1572,0.610119223322,0.625829497754
1573,0.604131107689,0.61943922025
1574,0.608614556883,0.624263373159
1575,0.596779933441,0.612179015762
1576,0.592926410068,0.608422157177
1577,0.589533580613,0.605172525377
1578,0.585432585989,0.601178677708
1579,0.590678519048,0.606889322117
1580,0.577509435693,0.59308107464
1581,0.573647980944,0.58916979787
1582,0.568868167734,0.58429201395
1583,0.563594957463,0.578788835358
1584,0.565466712724,0.580870806755
1585,0.558859002123,0.573891742886
1586,0.547151015649,0.561292668152
1587,0.541567193941,0.555183736609
1588,0.53497902311,0.547833857819
1589,0.536011401509,0.548839569426
1590,0.529582439651,0.541663230364
1591,0.519220831455,0.530343698748
1592,0.513861058387,0.524498601927
1593,0.508809705594,0.518962932498
1594,0.508062674299,0.518097182462
1595,0.501588751754,0.511049836977
1596,0.493198733405,0.502041098378
1597,0.489838410979,0.498641272109
1598,0.488514363586,0.497537152453
1599,0.488310672138,0.497728526426
1600,0.486090087744,0.495724392054
1601,0.48224025701,0.492016172394
1602,0.480890775205,0.49073942909
1603,0.480790060683,0.490667896879
1604,0.478646529608,0.488490138015
1605,0.475339214424,0.484790903165
1606,0.471473748713,0.480633472045
1607,0.470218156948,0.479473014722
1608,0.47073116508,0.480118678545
1609,0.470892399916,0.480385243928
1610,0.470372018702,0.479959549959
1611,0.469364907503,0.479035802916
1612,0.470108082642,0.479839040589
1613,0.470447766752,0.480242407041
1614,0.470930768518,0.480719993239
1615,0.469128204363,0.478842439392
1616,0.468763123497,0.478431063489
1617,0.469705551647,0.479239301451
1618,0.470861807121,0.480404304666
1619,0.471801339687,0.481193211395
1620,0.471034392837,0.48026815519
1621,0.471202456542,0.480393052619
1622,0.474560040418,0.48393869671
1623,0.478745722256,0.488553522118
1624,0.478621199395,0.488403593099
1625,0.485782731769,0.495766240846
1626,0.483400238613,0.493271824657
1627,0.485954642986,0.495579987064
1628,0.488540492035,0.497954105822
1629,0.488886988999,0.497921513718
1630,0.48996009132,0.498769556711
1631,0.493327570626,0.502199374469
1632,0.501335876425,0.510804745381
1633,0.507099870951,0.517082083634
1634,0.508171477723,0.518310857895
1635,0.514067842474,0.524731878981
1636,0.519256239799,0.530414258173
1637,0.529265807016,0.541354747517
1638,0.535688777253,0.548532780674
1639,0.535973875476,0.548889395657
1640,0.541613671013,0.555210858847
1641,0.547087823406,0.561282486029
1642,0.555638813763,0.570414693875
1643,0.565348845475,0.580760916688
1644,0.563768937661,0.578973973031
1645,0.569039671746,0.584463269903
1646,0.573686497776,0.58920268692
1647,0.578204634905,0.593843936715
1648,0.589184581811,0.605390417903
1649,0.585549020033,0.601250842393
1650,0.589089845396,0.604689620264
1651,0.592918312469,0.608376722993
1652,0.600163518502,0.615625752258
1653,0.608651252334,0.624310839813
1654,0.604917282503,0.620229190986
1655,0.609704859729,0.625449719682
1656,0.615173185612,0.63144941432
1657,0.620405383494,0.63718630342
1658,0.629360374884,0.646695692546
1659,0.629988887186,0.647428620121
1660,0.633254284973,0.65090383466
1661,0.637053540082,0.654748301631
1662,0.641671147343,0.659485769718
1663,0.651249096339,0.669467496895
1664,0.650844131003,0.669042578963
1665,0.655487093988,0.674128562157
1666,0.643833211697,0.65873612204
1667,0.656410812901,0.673739043629
1668,0.664607702227,0.683902549104
1669,0.666996221376,0.686444537954
1670,0.669486985348,0.689029885105
1671,0.673176520122,0.69293351017
1672,0.676116383843,0.696175130654
1673,0.678875135188,0.699314339778
1674,0.680972048377,0.701624972651
1675,0.682539605378,0.70294170642
1676,0.682189883345,0.702157610561
1677,0.681357047468,0.700785644114
1678,0.679394849924,0.698299443467
1679,0.678778930167,0.697284264241
1680,0.680268966422,0.698929098292
1681,0.680869162953,0.699670551199
1682,0.681927872615,0.7009405399
1683,0.673740587016,0.692113269769
1684,0.673750877805,0.692174313272
1685,0.672183506686,0.690420562169
1686,0.671627088771,0.689715871906
1687,0.670476750968,0.688776454587
1688,0.672506900502,0.691282078841
1689,0.673616874905,0.692886720788
1690,0.674266829184,0.694136684099
1691,0.674248431267,0.694424682426
1692,0.672501042087,0.692744671868
1693,0.669283854523,0.689204557814
1694,0.666371936575,0.685949428453
1695,0.664207108008,0.683665550959
1696,0.661382680899,0.680674287229
1697,0.658922069809,0.678027074626
1698,0.656803647868,0.67586378932
1699,0.647688508059,0.664598747269
1700,0.651297046221,0.669978274453
1701,0.646704225695,0.665030360031
1702,0.642742695838,0.660629899028
1703,0.638306123009,0.65615577522
1704,0.634960212039,0.652681066988
1705,0.630416794719,0.648001307742
1706,0.6264564845,0.64387678266
1707,0.622064814562,0.639260285859
1708,0.617976494425,0.634785548659
1709,0.612594219688,0.628865762363
1710,0.607705885689,0.623528985623
1711,0.602651802945,0.618001663044
1712,0.59695083999,0.611937893633
1713,0.592844243726,0.607769335305
1714,0.588910697584,0.603969063193
1715,0.584997469804,0.600108637004
1716,0.581763868974,0.597067860886
1717,0.57828579586,0.593671533052
1718,0.574764242829,0.590080599515
1719,0.570467826511,0.58562959846
1720,0.56596531368,0.581062812692
1721,0.561003336278,0.575797656781
1722,0.555196545253,0.569639749018
1723,0.549659942178,0.563834031097
1724,0.545240856643,0.559199968481
1725,0.5401339761,0.553633351477
1726,0.534129324063,0.547109172284
1727,0.529340240242,0.541642533714
1728,0.523765508068,0.535470386422
1729,0.518339328662,0.52950643129
1730,0.513352083633,0.5240498886
1731,0.507504104569,0.517707877393
1732,0.502405110247,0.512167552724
1733,0.497922650216,0.507281728156
1734,0.493249068771,0.502148843909
1735,0.489449230323,0.49818588339
1736,0.48655718062,0.495380434751
1737,0.484257112068,0.493438214678
1738,0.482813855021,0.492242098933
1739,0.481979837039,0.49162741585
1740,0.479534724511,0.489243668126
1741,0.478149248519,0.487809746922
1742,0.478696493334,0.488247932399
1743,0.472284746346,0.481481093031
1744,0.47003892551,0.479048279196
1745,0.468560542069,0.477533621115
1746,0.467714296685,0.476718879983
1747,0.466526970281,0.475554143267
1748,0.466442722902,0.475558998451
1749,0.46662589005,0.475892218482
1750,0.466396056723,0.475859240224
1751,0.467918351708,0.477506104994
1752,0.467832157146,0.477507726742
1753,0.46772776209,0.477290684896
1754,0.466862357373,0.476316293148
1755,0.466899431441,0.476188092273
1756,0.466210980683,0.475333044172
1757,0.46656307703,0.475578293873
1758,0.468739118022,0.477773303057
1759,0.468855085073,0.477819524598
1760,0.470289164369,0.479264827971
1761,0.472592246665,0.481713826117
1762,0.475243864737,0.484679799576
1763,0.478161837485,0.48780680552
1764,0.480526086108,0.490270061102
1765,0.481743321793,0.491355156167
1766,0.483229429534,0.492664859561
1767,0.488744546179,0.498048329383
1768,0.487026842873,0.496042600847
1769,0.488886156164,0.497612008577
1770,0.493169313981,0.502115501793
1771,0.498164536654,0.507506236363
1772,0.502716443552,0.512462394819
1773,0.507773891009,0.517964143015
1774,0.513076897631,0.523756699828
1775,0.517940647529,0.529121108485
1776,0.523487134535,0.535180490274
1777,0.528399846321,0.540680205729
1778,0.534030979698,0.546958373003
1779,0.539416224551,0.552951736261
1780,0.545252995186,0.559148316341
1781,0.550157406881,0.564411853327
1782,0.555306099635,0.569791521507
1783,0.561301859583,0.576137046683
1784,0.566117487455,0.581177411157
1785,0.570735178416,0.58591447095
1786,0.574598456886,0.589860123394
1787,0.578415076987,0.593816581016
1788,0.581365531121,0.596653294013
1789,0.585102312185,0.60022104465
1790,0.58909569554,0.60419198578
1791,0.59266496899,0.607564051384
1792,0.596700004573,0.61169840582
1793,0.602936584812,0.618295240848
1794,0.607593408031,0.623394732972
1795,0.612613233211,0.628865677335
1796,0.617250853138,0.63400837241
1797,0.622485114177,0.639639331071
1798,0.626505185823,0.643935983237
1799,0.631137149851,0.64872964913
1800,0.634211496184,0.651939200006
1801,0.638551722035,0.656361337542
1802,0.642273390277,0.660197144406
1803,0.647287148504,0.665576714476
1804,0.650600008031,0.669293330861
1805,0.648263261147,0.665141433318
1806,0.656410791932,0.675479730726
1807,0.658714303015,0.677919156369
1808,0.661503472008,0.680705947234
1809,0.663321405228,0.682735274315
1810,0.665881005015,0.685502190628
1811,0.670098395801,0.689989316915
1812,0.672951623087,0.693246091194
1813,0.673842332262,0.693996314477
1814,0.673954363503,0.693749224659
1815,0.672700054269,0.692005461561
1816,0.672384655402,0.691227860994
1817,0.6711945404,0.689558328474
1818,0.672176018902,0.690250189611
1819,0.673059758282,0.691326845229
1820,0.673833963973,0.692258982487
1821,0.673759599831,0.692198497415
1822,0.654519709075,0.672300391248
1823,0.654220608757,0.672022545901
1824,0.652490728691,0.670219932466
1825,0.652778280302,0.670390830405
1826,0.65265547734,0.670423569816
1827,0.653873603699,0.672035925169
1828,0.654461630744,0.673097257708
1829,0.654940590204,0.673997840043
1830,0.656013954324,0.675440351667
1831,0.654810174536,0.674411708695
1832,0.652665038865,0.672264036789
1833,0.650291929721,0.669567894537
1834,0.646825018891,0.665806102021
1835,0.64529525257,0.664083460565
1836,0.642661396105,0.661401457035
1837,0.640605105976,0.659265539182
1838,0.634219585494,0.651090534191
1839,0.633671394862,0.651615068629
1840,0.632757390498,0.650892322429
1841,0.629386374726,0.647182118138
1842,0.625431934654,0.643013783323
1843,0.622478905125,0.63998227817
1844,0.618322339217,0.635796069728
1845,0.614623516772,0.631857738563
1846,0.611246063249,0.628257995703
1847,0.606421650386,0.623072599989
1848,0.602055422885,0.618289993849
1849,0.596859112547,0.612661328325
1850,0.593035539001,0.608483859301
1851,0.587739952631,0.602619736386
1852,0.58243371114,0.596989564921
1853,0.578716008889,0.593201980873
1854,0.575470085362,0.590066985446
1855,0.571572756688,0.586167913999
1856,0.568561150651,0.583102907979
1857,0.566011750242,0.580739370392
1858,0.56143840451,0.576070265989
1859,0.55840120349,0.573037559727
1860,0.553834860824,0.568381795035
1861,0.549791620438,0.564222579345
1862,0.545500508049,0.559701940204
1863,0.540574670332,0.554609423341
1864,0.5351978495,0.548786601075
1865,0.530865303761,0.544082025702
1866,0.525724887869,0.538608025406
1867,0.521026798079,0.53322110842
1868,0.520215329844,0.531867436257
1869,0.509214480574,0.520121693979
1870,0.503879442471,0.514217765616
1871,0.499018881958,0.508799278797
1872,0.493949542921,0.503326547824
1873,0.49100781419,0.500163991128
1874,0.490984225594,0.499781505045
1875,0.483307895189,0.492016545481
1876,0.481542667974,0.4905399171
1877,0.480938566126,0.49035092011
1878,0.483118469468,0.49268075545
1879,0.477104888787,0.486715436923
1880,0.475136151875,0.484756611413
1881,0.474123385126,0.483708979275
1882,0.475088598142,0.484526394559
1883,0.470337707966,0.479798765134
1884,0.468183135974,0.477553237335
1885,0.466969643507,0.476274384728
1886,0.465437329096,0.474579301393
1887,0.464812479429,0.474068766275
1888,0.463165214003,0.472060893914
1889,0.464237532423,0.473630141305
1890,0.464233764835,0.473692880472
1891,0.465073779319,0.474588479283
1892,0.465170372769,0.474683923885
1893,0.464277262299,0.473738611588
1894,0.464192227291,0.473572705462
1895,0.463249694317,0.472148570568
1896,0.464673404533,0.473934281309
1897,0.465589689113,0.474724573851
1898,0.46684861746,0.476106517243
1899,0.468720980968,0.478096766825
1900,0.469856064939,0.479272391509
1901,0.471526136936,0.48089844151
1902,0.473718132983,0.483292663855
1903,0.477869029005,0.487514001431
1904,0.481248101558,0.490947039767
1905,0.479423286815,0.488992935229
1906,0.484740699984,0.494132118034
1907,0.482922680316,0.492065533943
1908,0.483572417132,0.492306534079
1909,0.486813129596,0.495507739324
1910,0.490320914533,0.499313702166
1911,0.494201694259,0.503571796478
1912,0.499099059733,0.508892423174
1913,0.503691237679,0.513981776635
1914,0.509702668447,0.520633347703
1915,0.515150208846,0.526681945869
1916,0.520365254055,0.532487659065
1917,0.526241256203,0.539120137197
1918,0.530702341268,0.543932729895
1919,0.535393650863,0.548969504583
1920,0.540325475547,0.554316834033
1921,0.545574899309,0.559798176667
1922,0.549415495457,0.563819696557
1923,0.553810473342,0.568337650887
1924,0.558342508799,0.572950783056
1925,0.562133604442,0.576806755112
1926,0.565918102728,0.580698236948
1927,0.568613425103,0.58315246016
1928,0.57214703097,0.586705344681
1929,0.574991205271,0.589602901481
1930,0.57882703845,0.593327194135
1931,0.582624716623,0.59719881866
1932,0.587345683789,0.602282178139
1933,0.592345041339,0.6076922063
1934,0.597072038464,0.612897858862
1935,0.601782413045,0.618003070862
1936,0.606163908217,0.622804035072
1937,0.610381681693,0.627343756388
1938,0.61450271276,0.631744437078
1939,0.62758442692,0.645256423507
1940,0.62269286456,0.64036752161
1941,0.626109649208,0.643731474302
1942,0.629457379879,0.647244112189
1943,0.632638342455,0.650754770018
1944,0.633957425663,0.651931078595
1945,0.633269031942,0.650077457554
1946,0.640672758547,0.659336479207
1947,0.642966988671,0.661738374623
1948,0.644602856778,0.663408227962
1949,0.647254449763,0.666175427962
1950,0.650797382736,0.670138676193
1951,0.653546512843,0.673224706013
1952,0.655055015663,0.674701685122
1953,0.655242821754,0.674702063675
1954,0.655006734555,0.673992262766
1955,0.654318842663,0.672953949042
1956,0.653429783324,0.671550574949
1957,0.653104896336,0.670882226584
1958,0.652313454188,0.669881646818
1959,0.65318977639,0.670898527046
1960,0.654105666982,0.671885054769
1961,0.407290012897,0.420265264498
1962,0.50252405716,0.518662481505
1963,0.614975305444,0.633939547494
1964,0.68883123067,0.709594623298
1965,0.636031142259,0.655678234764
1966,0.523572819162,0.540053685591
1967,0.41327348589,0.426611421661
1968,0.479850231067,0.495611952235
1969,0.591783977665,0.610702231023
1970,0.681760732276,0.702967621927
1971,0.647890858713,0.667569593942
1972,0.538100768033,0.554260344401
1973,0.422452362604,0.435113849155
1974,0.451548103112,0.466397442222
1975,0.565732828484,0.584303929766
1976,0.65785965274,0.677753305235
1977,0.64994402271,0.668718639977
1978,0.551168270841,0.566745895969
1979,0.438171240462,0.450438075811
1980,0.423673834032,0.436479877798
1981,0.532285348755,0.548629329588
1982,0.627464206111,0.64551532984
1983,0.645540478996,0.663786319112
1984,0.564789656362,0.58082239179
1985,0.459053151909,0.473175914541
1986,0.421329522482,0.432513680895
1987,0.497515939617,0.511429343553
1988,0.594057636459,0.610765832255
1989,0.633352315078,0.651228978715
1990,0.575533262643,0.593004936582
1991,0.474130810737,0.48924170191
1992,0.423963357396,0.43363255677
1993,0.480769095034,0.494354959615
1994,0.561141719957,0.576801916619
1995,0.607694834381,0.623301610164
1996,0.56994595779,0.585363201526
1997,0.479594976057,0.493604857938
1998,0.416500870216,0.425337052293
1999,0.47200836098,0.485291362828
2000,0.533837307157,0.549445919649
2001,0.587988961193,0.604120957265
2002,0.565919358306,0.581539239693
2003,0.485153534044,0.499447965825
2004,0.402753220323,0.413253979996
2005,0.462428453468,0.47416185697
2006,0.520580012278,0.535517199174
2007,0.562111390534,0.577532258752
2008,0.554021844941,0.569007551428
2009,0.482881660095,0.496226834699
2010,0.407354866646,0.417768550866
2011,0.460946040825,0.470147923364
2012,0.483167835145,0.495016326079
2013,0.524213319282,0.536215681804
2014,0.528664169741,0.540250650301
2015,0.475576592691,0.486716724472
2016,0.421807633189,0.430997689575
2017,0.44011639813,0.448467238767
2018,0.464004767855,0.473910344619
2019,0.492388163927,0.501749350119
2020,0.502627401117,0.511658695828
2021,0.466724508094,0.476738041293
2022,0.4162674183,0.425596138382
2023,0.442030181325,0.449595755179
2024,0.447825118919,0.456192188824
2025,0.468197953628,0.47641981241
2026,0.482484227681,0.490807760129
2027,0.46457028825,0.474972731647
2028,0.424802796213,0.43413536868
2029,0.414096384845,0.420322240256
2030,0.455362572799,0.464250325326
2031,0.460781459673,0.469860574977
2032,0.474240651491,0.4830343953
2033,0.455031979734,0.464229494169
2034,0.416604993514,0.425989931593
2035,0.41458707016,0.421035858879
2036,0.441961711503,0.450662411136
2037,0.451211422992,0.460782924343
2038,0.467183912696,0.47638636502
2039,0.452767535116,0.462112395408
2040,0.431197623075,0.440079611964
2041,0.41251351725,0.418912760471
2042,0.433618399686,0.44210832524
2043,0.449545998639,0.458745133412
2044,0.466478562245,0.47587974004
2045,0.449262271598,0.458523404697
2046,0.433837863807,0.442348571621
2047,0.412415827549,0.418803001552
2048,0.431085273365,0.439966347275
2049,0.449328483356,0.458525831702
2050,0.467034669035,0.47630475803
2051,0.454996811173,0.464655912547
2052,0.441841719552,0.450551680658
2053,0.414456741906,0.420933896746
2054,0.416928055727,0.426327558773
2055,0.453025005657,0.462171480481
2056,0.473042257383,0.481741508071
2057,0.469336402945,0.478631205257
2058,0.456015706677,0.465064137258
2059,0.429665457028,0.436390461084
2060,0.417495946979,0.426829360696
2061,0.463764849994,0.473950364127
2062,0.483084831085,0.491294874292
2063,0.472292735288,0.480594923335
2064,0.44887861993,0.457489385605
2065,0.422906350632,0.429868158665
2066,0.416027593364,0.425375383081
2067,0.466877928976,0.47691532739
2068,0.502882226328,0.511932685234
2069,0.492397730452,0.501738285742
2070,0.46370892191,0.473613284292
2071,0.440260423148,0.448618599994
2072,0.411678904068,0.420714801332
2073,0.475590915204,0.486730420906
2074,0.528567234578,0.540185533241
2075,0.524049271626,0.53603941059
2076,0.483076561426,0.49495710905
2077,0.461055078799,0.470311834764
2078,0.40691645056,0.417307683793
2079,0.482329914597,0.495682397248
2080,0.553654646209,0.568676441318
2081,0.562205143252,0.57761678006
2082,0.509287940037,0.523821584507
2083,0.463190145576,0.474936627957
2084,0.40263413945,0.41321666689
2085,0.484802415396,0.499151674823
2086,0.566052436139,0.58172333897
2087,0.588433788017,0.604586591724
2088,0.534057967158,0.549670342423
2089,0.461722263123,0.474714446256
2090,0.416692607648,0.425550390688
2091,0.479634570082,0.493713838403
2092,0.569044283351,0.584403795831
2093,0.608185065968,0.623761879609
2094,0.560335124173,0.575942455844
2095,0.481701812512,0.495351254703
2096,0.42395783191,0.433575497004
2097,0.47315026158,0.488197728912
2098,0.576097850653,0.593605689687
2099,0.633601309739,0.65147611956
2100,0.593143358492,0.609829009593
2101,0.505690306936,0.520016784187
2102,0.411313436429,0.42275027599
2103,0.456929327062,0.470660616574
2104,0.564610088315,0.580644138172
2105,0.645639178023,0.663795179396
2106,0.627943677975,0.645992017048
2107,0.53177547426,0.548091088445
2108,0.423963182302,0.43677087128
2109,0.437826517237,0.450097775222
2110,0.551174889147,0.566740946729
2111,0.649673949889,0.668467532605
2112,0.657789176423,0.677743913318
2113,0.566097412335,0.584671511396
2114,0.451372585339,0.466260008565
2115,0.423504403784,0.436195465253
2116,0.538284487645,0.554452257207
2117,0.648798234545,0.668498502827
2118,0.681559265124,0.702744813071
2119,0.591771800353,0.610733107522
2120,0.479443394385,0.495231236259
2121,0.414047575119,0.427393243905
2122,0.523253970873,0.539759872517
2123,0.636173991501,0.655744866327
2124,0.688752657925,0.709538423308
2125,0.613870612884,0.632803229338
2126,0.503606687193,0.519784012102
2127,0.684949509116,0.706213395064
2128,0.682824529294,0.703938824403
2129,0.6818438882,0.702576949582
2130,0.681204119396,0.701960512131
2131,0.680049602389,0.700680218332
2132,0.680934199273,0.70175341217
2133,0.682057433118,0.703190144073
2134,0.680288540356,0.701651912449
2135,0.679938689078,0.701449140056
2136,0.679646848971,0.701342934886
2137,0.680314406214,0.702235679818
2138,0.678330004309,0.700184099632
2139,0.676720746926,0.698323536837
2140,0.672206189596,0.693448826478
2141,0.666912427331,0.687490933295
2142,0.664839650602,0.685359365595
2143,0.664650926333,0.68517716448
2144,0.662823682503,0.68327517884
2145,0.663183259067,0.683758845788
2146,0.649401575513,0.666740297295
2147,0.651514125436,0.67112979358
2148,0.647831981651,0.667059987258
2149,0.645603481607,0.66455176669
2150,0.643119548758,0.661822848578
2151,0.658443417682,0.678267461527
2152,0.638403572186,0.657051579613
2153,0.630812363781,0.649136108233
2154,0.627254602819,0.645541856807
2155,0.625561653973,0.643897609965
2156,0.622523192563,0.640713391095
2157,0.646030506006,0.666503039931
2158,0.624813528856,0.643203862634
2159,0.60903942488,0.626249027686
2160,0.603151656104,0.619797248653
2161,0.601560231421,0.618063391324
2162,0.597869142836,0.614258082405
2163,0.621873483689,0.641116000512
2164,0.60826439079,0.626200856019
2165,0.586951716181,0.603506680546
2166,0.582308845492,0.598848167855
2167,0.581007693091,0.597609986672
2168,0.5786081756,0.595342024536
2169,0.587058989058,0.60441748221
2170,0.587112585414,0.604293250681
2171,0.570531896135,0.586933977459
2172,0.55969775413,0.575578093627
2173,0.557297298779,0.573192029141
2174,0.553972736859,0.56991314673
2175,0.556547050009,0.572073336912
2176,0.557545310724,0.572424145706
2177,0.54158972419,0.555870638036
2178,0.5294312284,0.542916222035
2179,0.524871141093,0.537834953124
2180,0.521070651126,0.533603697008
2181,0.524927327332,0.536791875466
2182,0.524390742185,0.53559219898
2183,0.512111836228,0.522933387633
2184,0.500283238042,0.510511968044
2185,0.49674687159,0.506676798703
2186,0.493090394378,0.502766064973
2187,0.495557097197,0.50461583861
2188,0.495651891383,0.504112325906
2189,0.487561610899,0.495849052212
2190,0.476699578361,0.484993045924
2191,0.473070135359,0.481582515358
2192,0.473191414413,0.481985212913
2193,0.478003316828,0.486890112599
2194,0.48141235739,0.490361353687
2195,0.480031725558,0.489177443357
2196,0.471696513603,0.481237067686
2197,0.46719327809,0.476901610231
2198,0.466412549302,0.476498791646
2199,0.466439644146,0.476572657959
2200,0.468142534984,0.477898160834
2201,0.473015144996,0.482545312393
2202,0.480345633132,0.489493062573
2203,0.481951290214,0.490919150283
2204,0.477958862038,0.486842789009
2205,0.472260317928,0.481072184232
2206,0.473680027427,0.482195859887
2207,0.477795950346,0.486062808308
2208,0.48777114511,0.49604157
2209,0.495304415254,0.50376318513
2210,0.495575253773,0.504586672893
2211,0.492889554584,0.502547469816
2212,0.496641782164,0.506572034291
2213,0.500489900022,0.510720813891
2214,0.512580353726,0.523441418711
2215,0.523695941159,0.534894333708
2216,0.524821080044,0.536643056271
2217,0.52086821078,0.533373696098
2218,0.525552786414,0.53853835445
2219,0.528297610208,0.541745484607
2220,0.541384666526,0.555681541807
2221,0.557400344318,0.572238096003
2222,0.555294948829,0.570779836288
2223,0.554051006621,0.570003211546
2224,0.557200493159,0.573051362189
2225,0.55973234624,0.57563578293
2226,0.567518711879,0.583803406988
2227,0.587014251461,0.604114724893
2228,0.587202540985,0.604551358804
2229,0.57842182556,0.595133028155
2230,0.581054682819,0.59765048822
2231,0.583581724626,0.600106746378
2232,0.587612700832,0.604192492937
2233,0.603734783919,0.621254243883
2234,0.62183304775,0.641066245246
2235,0.598100679187,0.614507154319
2236,0.601423672202,0.617939609927
2237,0.604090633082,0.620774421634
2238,0.609576839904,0.626818486543
2239,0.625044140802,0.643486267051
2240,0.645534133018,0.665918942209
2241,0.62253974586,0.640726983212
2242,0.625370360417,0.643681256775
2243,0.627019548341,0.645275238539
2244,0.632378879513,0.650872950919
2245,0.637521774434,0.656128261018
2246,0.65273930027,0.672188121109
2247,0.642714918376,0.661440647464
2248,0.646258482745,0.665215434575
2249,0.649126789141,0.668365805537
2250,0.652645819763,0.672311832054
2251,0.649186159833,0.666472827535
2252,0.662415400168,0.682972158887
2253,0.663532347869,0.684077143422
2254,0.664179140389,0.684665079443
2255,0.665385006809,0.685946461372
2256,0.667102156465,0.687673896112
2257,0.672669148146,0.693895447053
2258,0.677101849556,0.698737685415
2259,0.679313724524,0.701183363549
2260,0.679752898126,0.701679379573
2261,0.68025120732,0.701983824924
2262,0.679689107558,0.701217110356
2263,0.681170984538,0.702548994397
2264,0.681848236443,0.703005034306
2265,0.680641535201,0.701383599222
2266,0.681243031552,0.701907812968
2267,0.680885042071,0.701530456033
2268,0.680989808193,0.701787124876
2269,0.682200862422,0.703310925477
2270,0.684748440363,0.705942886236
2271,0.651751093269,0.670089643156
2272,0.65105177512,0.669446764471
2273,0.651696778288,0.66993967646
2274,0.65097563184,0.669038822528
2275,0.650626657488,0.668601558794
2276,0.650030312824,0.667990328072
2277,0.650556261352,0.668865795734
2278,0.650757541995,0.669383075301
2279,0.651211043994,0.670205855615
2280,0.652143651106,0.671449007008
2281,0.651071254806,0.670583451863
2282,0.650362471366,0.66996524663
2283,0.647651512046,0.66699792956
2284,0.645249223698,0.664311764773
2285,0.642677062438,0.661511840758
2286,0.640137561898,0.65888897001
2287,0.63888828017,0.657586296505
2288,0.636956831611,0.655567750551
2289,0.634932032739,0.653571342965
2290,0.639087433941,0.657051886745
2291,0.631001781645,0.64944778242
2292,0.627859002986,0.646016307477
2293,0.623954532436,0.64171885019
2294,0.620825613068,0.638154056409
2295,0.617147578495,0.6343762861
2296,0.641082708699,0.659702991467
2297,0.611227458322,0.628323243088
2298,0.60754162086,0.62455683961
2299,0.605296137539,0.622220632819
2300,0.601415170207,0.618122366465
2301,0.598247349012,0.614694248099
2302,0.617216182741,0.634482030781
2303,0.606049339975,0.622344317365
2304,0.586160783164,0.601530151567
2305,0.581945608832,0.596830077147
2306,0.57709579538,0.591912761964
2307,0.57404144214,0.58884304627
2308,0.591409593344,0.607160079255
2309,0.587687834199,0.603485780419
2310,0.565160924933,0.580232054475
2311,0.562033627657,0.577232788106
2312,0.560082050175,0.575346540492
2313,0.557130221293,0.572396321888
2314,0.571613211146,0.587600842267
2315,0.56706976141,0.582885739467
2316,0.558112800762,0.573436757279
2317,0.542656824987,0.557446795962
2318,0.538232973886,0.552814945725
2319,0.533449213699,0.54773385941
2320,0.544603032977,0.559464351944
2321,0.540134919103,0.554774052334
2322,0.530060429872,0.543805056787
2323,0.514933466165,0.527578135553
2324,0.510354002016,0.522401795685
2325,0.506019442266,0.51762968077
2326,0.514093837934,0.526060388534
2327,0.508180606131,0.519570990732
2328,0.503649915348,0.514639574995
2329,0.488798708592,0.49874257177
2330,0.488621274957,0.498150530945
2331,0.479364746029,0.48841004482
2332,0.484098065848,0.493167962457
2333,0.479703388808,0.488393957012
2334,0.48809919333,0.49958824852
2335,0.488040043544,0.499543894676
2336,0.479391453474,0.488084594679
2337,0.484243975676,0.49334673291
2338,0.484025518402,0.493143016701
2339,0.483980863906,0.493531201968
2340,0.492814207127,0.502791464382
2341,0.504282230334,0.515420204212
2342,0.508258578914,0.519747490567
2343,0.51427287517,0.52626007252
2344,0.505998577021,0.517548621487
2345,0.510391082704,0.522418607537
2346,0.515005396995,0.527615966626
2347,0.530525431336,0.544269537574
2348,0.540063990829,0.554710761363
2349,0.544078147197,0.558919336261
2350,0.53378623859,0.54814100895
2351,0.53795213376,0.552550316288
2352,0.542293967675,0.557166880521
2353,0.551562602771,0.566651033998
2354,0.567869468261,0.58379416999
2355,0.57163090702,0.587656657938
2356,0.556885509881,0.572127854475
2357,0.560456961522,0.57573938533
2358,0.563084110326,0.578366563006
2359,0.564695512975,0.579889985182
2360,0.586529947848,0.60219821263
2361,0.591186405181,0.606924059277
2362,0.574192824459,0.588889290513
2363,0.577265591782,0.592045969462
2364,0.581977289214,0.596918282513
2365,0.585689699596,0.601060167561
2366,0.606275089958,0.622558424699
2367,0.617584413955,0.634843808556
2368,0.598629346025,0.615026702783
2369,0.601811502516,0.618530022153
2370,0.60507899771,0.621940376257
2371,0.608060178335,0.625072691435
2372,0.611114671096,0.628190012866
2373,0.641729247054,0.66030623137
2374,0.61770850128,0.634937240184
2375,0.620649508958,0.638016165177
2376,0.625092874957,0.642856906652
2377,0.627928132909,0.646086717395
2378,0.63186801326,0.650322704077
2379,0.638383684478,0.656314402085
2380,0.635380675088,0.653984702337
2381,0.637273139572,0.655950936633
2382,0.63925362205,0.657970405922
2383,0.640946965269,0.659694338989
2384,0.642817038315,0.661705679382
2385,0.644950774544,0.664052374722
2386,0.647682874589,0.667045282969
2387,0.650021865768,0.669574520499
2388,0.650932847751,0.670406444292
2389,0.65228881971,0.671662510702
2390,0.652283958536,0.671338349439
2391,0.650677007767,0.669308537982
2392,0.650299428626,0.668532628515
2393,0.648971597058,0.666902666691
2394,0.649970386583,0.667919556488
2395,0.651593144894,0.669695187003
2396,0.651064424006,0.669333771546
2397,0.651932805815,0.670317563396
2398,0.587790983353,0.604940450174
2399,0.588462811311,0.605660564128
2400,0.587590230352,0.604615710504
2401,0.587256993159,0.604173432716
2402,0.595811394277,0.612877652901
2403,0.595875826404,0.613093586514
2404,0.586764057579,0.604038882992
2405,0.587118118182,0.604620483418
2406,0.586399499194,0.604089388431
2407,0.58624334769,0.604083994205
2408,0.585816361935,0.603764481441
2409,0.584447387075,0.602214067305
2410,0.581175888051,0.598594103167
2411,0.57984451541,0.597071426206
2412,0.587726767215,0.605047585153
2413,0.585054960396,0.602251192495
2414,0.576101163092,0.593102089993
2415,0.58290075995,0.599994967349
2416,0.573246951761,0.590219489295
2417,0.576819956364,0.592561143106
2418,0.56974120593,0.586484907706
2419,0.568315232197,0.584865341483
2420,0.567239759484,0.583975751876
2421,0.591305984471,0.608154301911
2422,0.56881933288,0.585062182146
2423,0.559601757959,0.575697771103
2424,0.557113975999,0.573115399766
2425,0.554892575791,0.570812499991
2426,0.552786082508,0.568487015278
2427,0.55061522272,0.566103898116
2428,0.554665181759,0.569970067654
2429,0.544263338638,0.559083896298
2430,0.548500414659,0.563210156148
2431,0.538232102243,0.55249298255
2432,0.534596597934,0.548623747849
2433,0.532482609312,0.546478441714
2434,0.537098377671,0.551161851481
2435,0.534887194197,0.549019196967
2436,0.53288289375,0.547099611533
2437,0.523746293502,0.538012390423
2438,0.528660485931,0.542949477713
2439,0.525608637996,0.539925827497
2440,0.523758105591,0.537999924778
2441,0.520419973132,0.534564165048
2442,0.517447368312,0.531445612245
2443,0.513577566333,0.527446486931
2444,0.523710052176,0.537524873553
2445,0.519933219074,0.53340619586
2446,0.516101462997,0.52924881862
2447,0.500169791999,0.512757054523
2448,0.508554977466,0.521066826206
2449,0.493759166327,0.505646988624
2450,0.502747099611,0.514960725219
2451,0.498085545288,0.509717773702
2452,0.493595702932,0.504802149959
2453,0.489041940306,0.499638583903
2454,0.479650883925,0.4909016316
2455,0.489679936642,0.501175910883
2456,0.490010599215,0.500765500412
2457,0.493714700211,0.50492530046
2458,0.487137122519,0.498611930893
2459,0.490877724976,0.502706809759
2460,0.493047459666,0.504964355272
2461,0.496537346914,0.508878920502
2462,0.512338607079,0.525213804423
2463,0.503635680627,0.516547872476
2464,0.506629502365,0.519833475702
2465,0.510162967595,0.5236597076
2466,0.513725776802,0.527550856694
2467,0.516881445408,0.530918144649
2468,0.51440957892,0.528396415928
2469,0.516836670087,0.530915669804
2470,0.525938783154,0.540174849093
2471,0.528350201335,0.542662247104
2472,0.524230155357,0.538410106351
2473,0.52584920435,0.539940994963
2474,0.528058307319,0.542164266682
2475,0.536996851564,0.551113233993
2476,0.539845842911,0.553898747873
2477,0.54232639888,0.556512159689
2478,0.545732287519,0.560148756467
2479,0.541047434669,0.55557371312
2480,0.544007687999,0.558882885323
2481,0.554803409669,0.570087966292
2482,0.55745899025,0.573072914607
2483,0.55263836916,0.568407893072
2484,0.563750885653,0.579803714032
2485,0.557713861936,0.573855780547
2486,0.567204084083,0.583457346774
2487,0.569845462078,0.586202775045
2488,0.590403500413,0.607182395868
2489,0.567918885673,0.584689847735
2490,0.5680614604,0.584593890514
2491,0.570239022443,0.586966755952
2492,0.576821086193,0.592583963493
2493,0.573386353378,0.590404347727
2494,0.57436956258,0.591296955974
2495,0.575701819416,0.59261639586
2496,0.576403093086,0.593414202199
2497,0.577955486296,0.595000588188
2498,0.608512870643,0.626283876037
2499,0.591019116412,0.608784445669
2500,0.584054989684,0.601821454667
2501,0.585402764411,0.603355881724
2502,0.594959357267,0.612998474053
2503,0.586487841717,0.604085443089
2504,0.586494567392,0.604014508991
2505,0.595273412789,0.612700280101
2506,0.587040329201,0.604123143071
2507,0.586185925377,0.60311914029
2508,0.587371392388,0.604363705093
2509,0.587829983465,0.604907546659
2510,0.587797930283,0.604992891219
2511,0.587960519482,0.605179319173
2512,0.570150137098,0.586663207085
2513,0.570484105012,0.587096900821
2514,0.570560219715,0.587151350089
2515,0.569149326575,0.585526567339
2516,0.568752894541,0.585164426999
2517,0.570212010442,0.586924942887
2518,0.569734762438,0.586529621414
2519,0.56988026228,0.586710403419
2520,0.569973766955,0.586902611001
2521,0.569762416923,0.586851481789
2522,0.569084110436,0.586290949919
2523,0.568160537643,0.585477613826
2524,0.566548865298,0.583637657669
2525,0.56441283852,0.581281369733
2526,0.563034189197,0.579644225128
2527,0.562488830573,0.579203056591
2528,0.569385153479,0.586096512754
2529,0.559655685826,0.57612748015
2530,0.559257122949,0.57572110724
2531,0.557102983589,0.573580179612
2532,0.56287232627,0.579437049215
2533,0.554282584573,0.570504288703
2534,0.552537688972,0.568703484983
2535,0.558185748144,0.574301475131
2536,0.548379179353,0.564405690123
2537,0.553794638042,0.569773605105
2538,0.544596675697,0.560513667037
2539,0.549085466672,0.564873830404
2540,0.547217528255,0.562800514705
2541,0.544187844532,0.559530405825
2542,0.53599963991,0.551166362446
2543,0.555158011016,0.570197607633
2544,0.538302688029,0.552991704808
2545,0.534085824049,0.54842603487
2546,0.545982773914,0.560205498752
2547,0.527555721768,0.541301403302
2548,0.519503419313,0.533169992224
2549,0.537351824821,0.551165065727
2550,0.514213357208,0.527427348134
2551,0.516499678801,0.529368516987
2552,0.528822044516,0.541953193428
2553,0.508755370591,0.522147003347
2554,0.525913576979,0.539650720282
2555,0.51199918252,0.525829370026
2556,0.508321442766,0.522014698151
2557,0.500043329207,0.51349140539
2558,0.497682105361,0.510989236232
2559,0.4946921651,0.507759805284
2560,0.492108912846,0.504999469108
2561,0.5048756354,0.517857023598
2562,0.491042780134,0.503500965927
2563,0.487324648744,0.499519244558
2564,0.486258699329,0.498339786211
2565,0.496696249873,0.50897484666
2566,0.499477493298,0.51192321373
2567,0.502707163557,0.515513340283
2568,0.494530573602,0.507227158149
2569,0.496889604607,0.5098608031
2570,0.511692490255,0.525084359003
2571,0.502833098209,0.516268665543
2572,0.499458981691,0.512884663795
2573,0.509045294337,0.522731539924
2574,0.504842562901,0.518428140389
2575,0.505979096138,0.519229557621
2576,0.514421647818,0.527930303075
2577,0.509180984628,0.522023622178
2578,0.530377846427,0.543517963257
2579,0.51966608915,0.532858549077
2580,0.522358987258,0.535824978864
2581,0.540404792,0.554301150352
2582,0.543559341998,0.557720040008
2583,0.532611052966,0.546896576232
2584,0.53513801931,0.549597825335
2585,0.536729824746,0.55128036148
2586,0.539697451586,0.554515534975
2587,0.558912148379,0.574370909898
2588,0.538285846999,0.553685471811
2589,0.539539220396,0.554902771195
2590,0.542187338741,0.557842603494
2591,0.551025376626,0.566938155082
2592,0.546595449301,0.562575916712
2593,0.555760362099,0.571789928415
2594,0.559108330938,0.575384530902
2595,0.560813762723,0.577193563238
2596,0.553915418639,0.57026741005
2597,0.564053114672,0.580659406579
2598,0.557660902066,0.574234580635
2599,0.55815816732,0.574569565971
2600,0.56766258304,0.584261107821
2601,0.560801298302,0.577338114306
2602,0.56178628546,0.578276741254
2603,0.572319546127,0.589330836699
2604,0.566185835914,0.583215908307
2605,0.566615572125,0.583676477664
2606,0.56857325999,0.585842968182
2607,0.578005497921,0.59558397629
2608,0.570058835885,0.587215601638
2609,0.569811559005,0.586844103377
2610,0.569908624357,0.586919163493
2611,0.569686323484,0.586290468288
2612,0.569005980503,0.585445285681
2613,0.569140359428,0.585458133828
2614,0.570415234692,0.586896115896
2615,0.570130658438,0.586632662006
2616,0.570012669503,0.586589472754
2617,0.48464140064,0.500394575311
2618,0.543822953517,0.562075692842
2619,0.622719930879,0.643421112578
2620,0.689532713501,0.71263406558
2621,0.687998020959,0.711001976004
2622,0.621772168097,0.642500781759
2623,0.540784249692,0.558701987014
2624,0.48367715829,0.499393471701
2625,0.543429926013,0.561672491169
2626,0.619424787556,0.640252897622
2627,0.686432424611,0.70951111982
2628,0.678744232734,0.701113560067
2629,0.611054572612,0.630930270127
2630,0.531132779291,0.547877058212
2631,0.477268172316,0.492095261239
2632,0.538491663355,0.556370419134
2633,0.61273357254,0.633064783872
2634,0.675772434188,0.69760323397
2635,0.665325248693,0.686216630793
2636,0.602344274845,0.620551959425
2637,0.518158333498,0.532918308996
2638,0.475855753739,0.489997137091
2639,0.529842271315,0.546688423821
2640,0.606860753442,0.625564198941
2641,0.655098674093,0.67480760774
2642,0.644824960351,0.663858371913
2643,0.581127674849,0.59792870025
2644,0.525388781766,0.541763429835
2645,0.550379769123,0.565386038067
2646,0.528109394128,0.543593328048
2647,0.583418942886,0.6004554082
2648,0.637522559511,0.656486136734
2649,0.628349680164,0.64736402371
2650,0.575666448525,0.593629795569
2651,0.515116069072,0.531331808016
2652,0.543313209701,0.558303657904
2653,0.563954371673,0.580940899954
2654,0.577858886702,0.595290269496
2655,0.621426123377,0.640178054695
2656,0.607685882692,0.626254408592
2657,0.564736130421,0.581840600339
2658,0.497607453973,0.512387519064
2659,0.530198092241,0.54426518308
2660,0.527408458894,0.542877013197
2661,0.558871980943,0.575607046529
2662,0.597450116652,0.61524495074
2663,0.584436917007,0.602003807671
2664,0.54441338852,0.56064272661
2665,0.476481124132,0.490554861766
2666,0.567259382137,0.582707850806
2667,0.514213690467,0.528606429579
2668,0.543818776093,0.55973205203
2669,0.570364457033,0.586874870128
2670,0.557280357496,0.573346356518
2671,0.512858426473,0.527618356604
2672,0.516112436399,0.530975888942
2673,0.556837533165,0.572950068119
2674,0.570023927266,0.586479588104
2675,0.542584243883,0.558328816321
2676,0.503821649704,0.517834253612
2677,0.515835242525,0.52889546959
2678,0.483647693599,0.497933418065
2679,0.532864047177,0.548815096548
2680,0.584467702488,0.601732229949
2681,0.595551354372,0.613332753093
2682,0.561521720895,0.578310808107
2683,0.528646248099,0.544093455451
2684,0.589885389033,0.60668281767
2685,0.515469478581,0.530856760919
2686,0.557369922381,0.574439123158
2687,0.6087006103,0.627151265506
2688,0.618149263473,0.636564687553
2689,0.577948631917,0.595439050769
2690,0.520472130974,0.535926435264
2691,0.555145000253,0.571283285351
2692,0.504452952151,0.520262516254
2693,0.571523713064,0.589406232755
2694,0.629934170655,0.649170082289
2695,0.636912529723,0.655785167844
2696,0.592304355657,0.609754787786
2697,0.517738335788,0.532910285335
2698,0.574492688377,0.590269738046
2699,0.526037120097,0.542355970757
2700,0.586909413367,0.603867314531
2701,0.644312149055,0.663320610483
2702,0.655083184259,0.674734127008
2703,0.606370813626,0.625045092245
2704,0.529754392111,0.546605968009
2705,0.485686478349,0.499898091672
2706,0.529638070593,0.545030161155
2707,0.597284108955,0.615243561983
2708,0.662271999635,0.682792623664
2709,0.671519443307,0.692921263222
2710,0.624282625179,0.645331809771
2711,0.539092107104,0.557013615768
2712,0.481511610501,0.496420469374
2713,0.531351927095,0.548104135559
2714,0.61714929828,0.637234411039
2715,0.683287113911,0.706162734622
2716,0.686031468322,0.70913318859
2717,0.61951037185,0.640236572398
2718,0.544607633,0.562943304534
2719,0.483453558327,0.499138872155
2720,0.540794198897,0.558660866835
2721,0.619913514635,0.640545215421
2722,0.687281786309,0.710265155878
2723,0.688934376781,0.71196919208
2724,0.62185984404,0.642634682569
2725,0.543484859533,0.561774167634
2726,0.658661048868,0.678085955127
2727,0.655394907085,0.674547448538
2728,0.650705646971,0.669377100056
2729,0.648570878903,0.666887077466
2730,0.650024126134,0.668504242258
2731,0.651463786922,0.669868051187
2732,0.653127165887,0.671771542171
2733,0.654932137211,0.673908183941
2734,0.652745490897,0.671877192322
2735,0.649149498756,0.668455953936
2736,0.647988497569,0.667301316698
2737,0.651019047584,0.67089603511
2738,0.652576261716,0.672753207707
2739,0.653135290774,0.673408220266
2740,0.651328715128,0.67159131308
2741,0.647583309508,0.667460308775
2742,0.639701348915,0.658958113329
2743,0.639356028103,0.658475101267
2744,0.643511736386,0.663150916629
2745,0.640960374835,0.660520533115
2746,0.64285226784,0.662649109127
2747,0.639945859439,0.659693492288
2748,0.633724843546,0.653026631353
2749,0.630780352336,0.649757735558
2750,0.624344978281,0.642762802332
2751,0.625620269524,0.643988091704
2752,0.624367879919,0.642447250817
2753,0.637055825852,0.656038167139
2754,0.619825912048,0.637664429348
2755,0.611924817526,0.629346128649
2756,0.604512655572,0.621519282003
2757,0.606550014934,0.623776588192
2758,0.605581408832,0.622953103339
2759,0.602410018419,0.619585971046
2760,0.619966007348,0.639084459147
2761,0.60423921365,0.621700134047
2762,0.592643819192,0.609222607798
2763,0.586517959407,0.602649877229
2764,0.584327633377,0.600120645357
2765,0.580462161577,0.596040564623
2766,0.576771831525,0.591952766367
2767,0.597783024006,0.61572048468
2768,0.573133491773,0.588730498821
2769,0.56988429214,0.58557435475
2770,0.562830796763,0.578394740617
2771,0.563975905832,0.57970430032
2772,0.562471944092,0.57847030376
2773,0.559880056101,0.575974823271
2774,0.574677333256,0.591913371788
2775,0.561620101536,0.577958770005
2776,0.561412040045,0.577743190537
2777,0.574786890418,0.591989395285
2778,0.561011100763,0.577104388494
2779,0.561721560417,0.577652457415
2780,0.564842742743,0.580722927804
2781,0.565104324385,0.580727892487
2782,0.568293210613,0.583881324008
2783,0.580813691734,0.597093844014
2784,0.59787525021,0.615916619903
2785,0.576611949055,0.591823641085
2786,0.581877929582,0.597433839885
2787,0.58375523903,0.599522425791
2788,0.586124340027,0.602200513353
2789,0.591514486488,0.608021057529
2790,0.596400550662,0.613219924247
2791,0.613776179839,0.632200300465
2792,0.601661802942,0.618872683779
2793,0.603223842266,0.62044387807
2794,0.603102840312,0.620119926691
2795,0.607856288563,0.62501339776
2796,0.610684111051,0.62801648551
2797,0.620013948806,0.637832507799
2798,0.63699005388,0.655975786311
2799,0.623246639962,0.641331210274
2800,0.627105418105,0.645560535124
2801,0.624456561491,0.642789488058
2802,0.63095439597,0.649850351581
2803,0.634387687599,0.653695831219
2804,0.640678821176,0.660461158952
2805,0.645569767892,0.665428865246
2806,0.641838449629,0.661414740308
2807,0.639775253925,0.659083587726
2808,0.638838726819,0.657899457823
2809,0.64475236918,0.664303872669
2810,0.646806338595,0.666668500645
2811,0.651986092134,0.672337531643
2812,0.654562012652,0.674897771962
2813,0.652066869942,0.672370452881
2814,0.653376405605,0.67345743889
2815,0.648556496878,0.667977648185
2816,0.64907653454,0.668363856335
2817,0.65191369533,0.671080877855
2818,0.654041011762,0.673059733076
2819,0.652740775554,0.671472139007
2820,0.651266915256,0.669700274883
2821,0.649720709869,0.668091802014
2822,0.648324243138,0.666599183655
2823,0.650185712551,0.66887553163
2824,0.654791236349,0.673875914106
2825,0.658109777214,0.677449712878
2826,0.517261766984,0.533279987232
2827,0.523772566574,0.539971747599
2828,0.537941697196,0.554298479182
2829,0.517230096775,0.533164554961
2830,0.537461301223,0.553618591148
2831,0.554031025476,0.570409817182
2832,0.521969567596,0.537802474885
2833,0.515514779162,0.531345476111
2834,0.51630842995,0.532161538655
2835,0.554082517718,0.570750828659
2836,0.514909851568,0.530890819891
2837,0.535791589499,0.552196162835
2838,0.534773862493,0.551207685578
2839,0.534117958438,0.550394587528
2840,0.571127826583,0.587977720408
2841,0.570339545257,0.586917425384
2842,0.531170171553,0.547179466067
2843,0.569126843129,0.585997195987
2844,0.566920120881,0.583388864046
2845,0.52950040685,0.545573850996
2846,0.56700496049,0.584007445537
2847,0.584007815243,0.601378435425
2848,0.544164439858,0.560608208993
2849,0.544800485102,0.56148041908
2850,0.563524177099,0.580610318277
2851,0.561977149847,0.578881422955
2852,0.559902296748,0.576580440439
2853,0.553607039119,0.568993579178
2854,0.617075192015,0.635509503301
2855,0.554740568141,0.570906984927
2856,0.552303795712,0.568248646089
2857,0.531109663388,0.546550312831
2858,0.548444475999,0.563966070614
2859,0.527211200364,0.542292146289
2860,0.543379580389,0.558349834308
2861,0.5940149229,0.61080353405
2862,0.56116752359,0.576616028291
2863,0.519603931032,0.533942122371
2864,0.534637085807,0.548877510666
2865,0.51466436896,0.528495905936
2866,0.52951054385,0.543300375098
2867,0.510613616886,0.524148836749
2868,0.568245189975,0.583195780048
2869,0.507156806892,0.520869809724
2870,0.522402361153,0.53631587489
2871,0.491408364567,0.505001853448
2872,0.504599170629,0.518294715349
2873,0.522760980847,0.536679392368
2874,0.560189026506,0.574928763355
2875,0.568566871229,0.583540552149
2876,0.509826571823,0.523341318028
2877,0.51285809351,0.526490667428
2878,0.531645600198,0.545642272976
2879,0.534347248379,0.548606429703
2880,0.519333372068,0.533622801779
2881,0.538908419003,0.553552890515
2882,0.562543646682,0.5785279546
2883,0.543376953487,0.558314412059
2884,0.527259029781,0.542283609516
2885,0.54858886725,0.56419328443
2886,0.551097607016,0.566893289209
2887,0.552889973701,0.568956444116
2888,0.554519630232,0.570731997419
2889,0.616361371587,0.634739818551
2890,0.554044089686,0.569435868493
2891,0.539059717902,0.555279699457
2892,0.561500432179,0.578129570071
2893,0.543310114161,0.55989857055
2894,0.54348202139,0.559904638547
2895,0.56498667573,0.581899349791
2896,0.596194647782,0.614351837493
2897,0.545504370976,0.561856838182
2898,0.566996934736,0.583639049618
2899,0.530405500747,0.546463613436
2900,0.529452997539,0.545222533192
2901,0.5689281528,0.585452949371
2902,0.532221747995,0.548276990355
2903,0.532846213816,0.548997020672
2904,0.550707180558,0.567197246844
2905,0.573757021094,0.590806683705
2906,0.535725841811,0.552098593064
2907,0.574791657329,0.591890415865
2908,0.553331007437,0.569917813765
2909,0.554176854519,0.570702319217
2910,0.522475409679,0.538406014176
2911,0.515011618458,0.530726925851
2912,0.522350407788,0.538208204582
2913,0.523521978362,0.539454516804
2914,0.537972632664,0.554278646883
2915,0.517456018002,0.533472433715
2916,0.537624679562,0.554051728828
2917,0.513832286909,0.529717473522
2918,0.509807874408,0.525903392794
2919,0.515209351462,0.53133249392
2920,0.51375775867,0.529621488169
2921,0.530007878817,0.546739021461
2922,0.545616462658,0.562753248368
2923,0.526157715197,0.542089689175
2924,0.511784312153,0.527427990474
2925,0.525534348121,0.541461336101
2926,0.527790853998,0.544617628689
2927,0.510934078936,0.526698841287
2928,0.512201771168,0.528391187419
2929,0.524422149952,0.540776261129
2930,0.50521864098,0.520967260795
2931,0.54107806569,0.557703472357
2932,0.508845103146,0.524736384422
2933,0.522021942961,0.53779043251
2934,0.539125265167,0.555642450829
2935,0.556893339012,0.573687385507
2936,0.535762211833,0.551840928975
2937,0.536638680144,0.553064311961
2938,0.554590222878,0.571362733628
2939,0.55255795166,0.568944956484
2940,0.517549263922,0.533317061734
2941,0.531627814293,0.547651690018
2942,0.531741673512,0.547905053105
2943,0.549064489335,0.565457980099
2944,0.544405856446,0.56041143722
2945,0.545807935221,0.562095334344
2946,0.545655483582,0.561978243357
2947,0.542569543077,0.558519212385
2948,0.523091093195,0.538811033416
2949,0.538852446727,0.554458039259
2950,0.520985025655,0.536432707712
2951,0.530408556876,0.545010847607
2952,0.533809272457,0.549127847559
2953,0.532881789484,0.548066162185
2954,0.514446278953,0.529359764987
2955,0.510915790976,0.525529492812
2956,0.510907066885,0.5256691643
2957,0.523898188673,0.538527565311
2958,0.507947632334,0.522338516418
2959,0.526209527733,0.540964943999
2960,0.529742398675,0.544815790334
2961,0.532130741401,0.547373025823
2962,0.531236617394,0.546353260297
2963,0.517308865035,0.532544884212
2964,0.530249357591,0.544830375449
2965,0.539082163284,0.554852646892
2966,0.539716776359,0.555397326562
2967,0.542332864534,0.558376887318
2968,0.543875303689,0.560024470596
2969,0.545693544635,0.562016159995
2970,0.545786126155,0.56216200722
2971,0.525302064476,0.54084113094
2972,0.548417529519,0.564658596351
2973,0.549945232562,0.566450322433
2974,0.552266098293,0.568908733117
2975,0.533051455386,0.54931390954
2976,0.533969859363,0.550126334892
2977,0.534394470143,0.550548143206
2978,0.518717234051,0.534579066204
2979,0.535373145856,0.551445932967
2980,0.555955336578,0.572430962418
2981,0.520697630804,0.536584730242
2982,0.558604419872,0.575406260521
2983,0.503321413212,0.518860309863
2984,0.520105493813,0.535646351704
2985,0.540467277781,0.557283179557
2986,0.528245107154,0.545164475145
2987,0.512998083367,0.529150356555
2988,0.528249505299,0.545284859241
2989,0.509437602101,0.525822179603
2990,0.528866916037,0.545753321068
2991,0.542869770622,0.559255878976
2992,0.511387618451,0.52693414839
2993,0.51306014081,0.528739772784
2994,0.507551312043,0.523233128984
2995,0.515736214658,0.531990486849
2996,0.527632594942,0.543770932042
2997,0.509492356913,0.525557580181
2998,0.509036417829,0.525067720698
2999,0.65096282849,0.67214945935
3000,0.661473252278,0.682986778384
3001,0.678212344479,0.700315279667
3002,0.650501975121,0.671737835365
3003,0.679763295436,0.702118091798
3004,0.699194916866,0.723299724987
3005,0.663922846481,0.686011545838
3006,0.651075172917,0.672497206615
3007,0.649405210656,0.670538091929
3008,0.688218387578,0.711724396275
3009,0.648196711981,0.669540840746
3010,0.673597325931,0.695982414249
3011,0.673056612644,0.695424360291
3012,0.671113223871,0.693650825955
3013,0.683453217247,0.70677750767
3014,0.681876628614,0.705442857914
3015,0.663268896835,0.684699193515
3016,0.676749271536,0.699487312246
3017,0.675469819192,0.697956533141
3018,0.657790355907,0.678664925271
3019,0.669319001675,0.691279831082
3020,0.666436221809,0.688092573716
3021,0.661395584868,0.682457538118
3022,0.657241843445,0.678096994898
3023,0.658409611189,0.67939716765
3024,0.655100220655,0.675739029808
3025,0.653235452929,0.673613769194
3026,0.649616657006,0.669772305829
3027,0.612706122005,0.630794020617
3028,0.644767829116,0.665140451068
3029,0.642995952267,0.663388419484
3030,0.636028143958,0.656073699019
3031,0.637640405502,0.658096296154
3032,0.630534457129,0.650528167077
3033,0.631545295772,0.652022099079
3034,0.597884608118,0.616312684243
3035,0.62538695578,0.645670708115
3036,0.627656727849,0.648249917775
3037,0.596413114169,0.614766572032
3038,0.630798240659,0.651169663923
3039,0.631774707441,0.651861097652
3040,0.638163054093,0.658677224445
3041,0.63945654182,0.65990655894
3042,0.642203414526,0.6626592558
3043,0.645552466877,0.665907321025
3044,0.612171778173,0.630237342974
3045,0.648971823553,0.669072006459
3046,0.651106175433,0.671188245732
3047,0.656604751256,0.677353097303
3048,0.656038649256,0.676580502181
3049,0.658103240879,0.678923507548
3050,0.664251121965,0.685729684751
3051,0.663182163705,0.684440981013
3052,0.665335441375,0.686876363645
3053,0.671788464179,0.694140297903
3054,0.659529214524,0.680522299635
3055,0.662474734805,0.683965249981
3056,0.678329187168,0.701043514968
3057,0.665233308162,0.687117386688
3058,0.652609725435,0.673985470622
3059,0.683330921674,0.706808269712
3060,0.687768896576,0.711585172757
3061,0.674586138841,0.697209052202
3062,0.688704025025,0.712243946869
3063,0.688233257663,0.711711447846
3064,0.690368403775,0.714207790718
3065,0.659762166248,0.6812490251
3066,0.649759296434,0.670859637476
3067,0.659435956156,0.680680867085
3068,0.660791294212,0.68221568595
3069,0.679612313224,0.702137556234
3070,0.652126047001,0.673377526763
3071,0.678717168159,0.700725973129
3072,0.376250790695,0.38853953882
3073,0.484030809196,0.499338372564
3074,0.595987118765,0.614557297689
3075,0.670377238178,0.690989624546
3076,0.628772493662,0.648778439604
3077,0.524501722047,0.541410243474
3078,0.402248002977,0.415086269306
3079,0.465264240107,0.480525167224
3080,0.577408606236,0.59612392081
3081,0.659107220993,0.679922352509
3082,0.633261136115,0.652726485109
3083,0.537070610801,0.553522940651
3084,0.420831972041,0.433992501072
3085,0.434286782463,0.449198158305
3086,0.548376138182,0.56741148027
3087,0.646888113659,0.667890295749
3088,0.646224529956,0.666105402581
3089,0.556680166333,0.573520865721
3090,0.448857023332,0.463537529004
3091,0.404873396278,0.418808859094
3092,0.508676820076,0.524753456119
3093,0.611330408488,0.63017989139
3094,0.641278619066,0.660579081553
3095,0.569971501221,0.587139859962
3096,0.472497710072,0.488774563838
3097,0.471936010246,0.488248190173
3098,0.569312727029,0.586499775411
3099,0.641268466821,0.660596044917
3100,0.610509126128,0.629403459669
3101,0.510767960239,0.527178009764
3102,0.403941361545,0.417827670999
3103,0.448256458269,0.462847657118
3104,0.557453677775,0.574280472053
3105,0.646365711233,0.666258321846
3106,0.643665173713,0.664197331415
3107,0.552078967503,0.571582402771
3108,0.432086163928,0.446867245933
3109,0.424970145512,0.438361349766
3110,0.537625283289,0.554182873565
3111,0.633621443299,0.65307488799
3112,0.669379963303,0.690901123868
3113,0.565290739361,0.583357602536
3114,0.464575155585,0.479778503404
3115,0.400093364807,0.412912575024
3116,0.511780466578,0.527916863588
3117,0.615567100894,0.634647570256
3118,0.671454180062,0.692101761139
3119,0.603931465423,0.622973847755
3120,0.483889980516,0.499299484338
3121,0.659255800569,0.681174235058
3122,0.597729037325,0.615469050348
3123,0.549918601245,0.567076256787
3124,0.498073787882,0.513573448098
3125,0.521973094789,0.537965005398
3126,0.542441432839,0.558576702218
3127,0.582653029542,0.599900499568
3128,0.642759356119,0.662358074648
3129,0.685265089007,0.709518168715
3130,0.628465091963,0.650398247895
3131,0.559148092859,0.576452194748
3132,0.510405634233,0.526781042699
3133,0.585979270946,0.602782206546
3134,0.518738862478,0.534860547807
3135,0.568758883484,0.586153527369
3136,0.631346019637,0.651156000632
3137,0.67624166254,0.699555139142
3138,0.62633218456,0.647476344845
3139,0.566433475931,0.584178309598
3140,0.515156208205,0.531238347803
3141,0.576708421057,0.592610797568
3142,0.507041417206,0.522224296055
3143,0.553303789228,0.570636383446
3144,0.610390377997,0.629422451475
3145,0.657184995711,0.678260852299
3146,0.61648068732,0.635843707786
3147,0.566444899768,0.583505183989
3148,0.524903468371,0.54221885291
3149,0.524952290578,0.542293343462
3150,0.566772208727,0.583824602499
3151,0.61676466565,0.636119844785
3152,0.656497834497,0.677568213631
3153,0.61138978743,0.630458285738
3154,0.553993382933,0.571397326874
3155,0.506346372804,0.521538882764
3156,0.577248279356,0.593173814248
3157,0.515943892852,0.532073369164
3158,0.56653721383,0.584389716061
3159,0.6269430774,0.648062179085
3160,0.676213897734,0.699426607357
3161,0.631812120559,0.651653301449
3162,0.569469407749,0.586946710513
3163,0.518893782965,0.535000830952
3164,0.585974754536,0.602716147593
3165,0.509901902179,0.526293102573
3166,0.558668941806,0.576044576541
3167,0.6282183109,0.650143628716
3168,0.685180154176,0.709422732396
3169,0.644113270458,0.663807334417
3170,0.582381557788,0.599501895089
3171,0.533368623772,0.549239352602
3172,0.489758201865,0.505154769294
3173,0.503642843993,0.519334910789
3174,0.548970985547,0.566055642022
3175,0.617125997729,0.637885877592
3176,0.68470463748,0.709531273312
3177,0.64237945969,0.660804818595
3178,0.588325146967,0.604900347159
3179,0.588086713501,0.604649752709
3180,0.588089268108,0.604510955384
3181,0.520115611759,0.53557964858
3182,0.521823444014,0.5379122554
3183,0.586521605855,0.602506968589
3184,0.516016331581,0.531039938365
3185,0.638560908479,0.656623656516
3186,0.641481488492,0.659937682173
3187,0.583808623698,0.599704909262
3188,0.51459011896,0.529558797833
3189,0.592419319828,0.60825790064
3190,0.594771319907,0.612396901321
3191,0.582418596452,0.598356992011
3192,0.579038975992,0.594503867501
3193,0.637597458745,0.656978302623
3194,0.640593815558,0.660566037975
3195,0.579984827457,0.595884969436
3196,0.510803529084,0.525606698102
3197,0.518784562508,0.533744490478
3198,0.58868110783,0.604765353739
3199,0.580021654542,0.5960901092
3200,0.579789457192,0.595757803899
3201,0.639977321561,0.659871501995
3202,0.637927091299,0.657268759728
3203,0.580386691831,0.595926033361
3204,0.582232703186,0.598118353182
3205,0.594609518851,0.612268368602
3206,0.592253431293,0.608021796048
3207,0.584042468541,0.59996093826
3208,0.515249690202,0.530216731739
3209,0.639172911191,0.657542488592
3210,0.638912520871,0.656947655568
3211,0.585417194607,0.601307114578
3212,0.516118257147,0.531176785341
3213,0.51644843406,0.531601308881
3214,0.588964182849,0.605701906593
3215,0.588935492026,0.605557553152
3216,0.588650618171,0.605203459497
3217,0.644821358757,0.663466215212
3218,0.570373295879,0.586376780629
3219,0.50980830774,0.525335839305
3220,0.57585423956,0.592402260129
3221,0.574474685099,0.590969185663
3222,0.577492534037,0.596446625108
3223,0.574491180926,0.591011068184
3224,0.574279867557,0.590731140798
3225,0.569549296924,0.58596750929
3226,0.562143486159,0.577161846243
3227,0.562158465452,0.577247094336
3228,0.570303526728,0.586718376162
3229,0.574659074093,0.591242902019
3230,0.507512696699,0.522998457526
3231,0.574314679298,0.590884772338
3232,0.537202332633,0.553782726454
3233,0.575916999306,0.592488152356
3234,0.505493460487,0.520552318368
3235,0.56479416812,0.580348800679
