id,unit_kW_m2,optical
1,0.595622211968,0.615479448358
2,0.608464308058,0.628532675259
3,0.605971458059,0.625867289596
4,0.604052616806,0.623771883993
5,0.593985818109,0.612370239776
6,0.591700065011,0.609407625883
7,0.58942954134,0.606834503741
8,0.591427179417,0.608641786585
9,0.578488739852,0.595210627224
10,0.574927918251,0.59199640479
11,0.571920629949,0.589209538108
12,0.566353041521,0.583330941347
13,0.559123841758,0.575538829489
14,0.553253911504,0.569360678168
15,0.546543050718,0.562236816655
16,0.539678130174,0.554813932597
17,0.53210329627,0.546283812803
18,0.52349123375,0.536868101607
19,0.51586359349,0.528279779856
20,0.514264824704,0.525985479731
21,0.50274529017,0.513924305506
22,0.497602062617,0.508560087529
23,0.494779469031,0.505898328243
24,0.493048070128,0.504468918901
25,0.490545020912,0.502146240826
26,0.487373456766,0.498668109893
27,0.48422216478,0.494993781013
28,0.482030653804,0.492576090968
29,0.48076318363,0.491479438959
30,0.482566853238,0.493523994596
31,0.481501316065,0.492209252187
32,0.481375185255,0.491908346178
33,0.483357314009,0.494089625859
34,0.486643025437,0.497960115363
35,0.490770867158,0.502462338751
36,0.493372328094,0.504832261319
37,0.494490136349,0.50562048791
38,0.498201811539,0.509144943022
39,0.502664066995,0.513855977685
40,0.508705396632,0.520375084868
41,0.516324295056,0.52868255378
42,0.523895666263,0.537226112046
43,0.532117201016,0.546282083067
44,0.53930739028,0.554392830343
45,0.54667769978,0.562328641676
46,0.552753743446,0.568888305186
47,0.559029628011,0.575487880692
48,0.566512082471,0.583467046282
49,0.57232872709,0.589625177207
50,0.574706279979,0.591834588466
51,0.578898441127,0.595571692261
52,0.584468544793,0.601476954022
53,0.586891254703,0.604094411398
54,0.591904752171,0.609611276998
55,0.595276754104,0.613721508295
56,0.60386692712,0.623481270117
57,0.606062487183,0.625974999744
58,0.608515599386,0.628543316772
59,0.625493304924,0.644187064342
60,0.623798533469,0.641995604043
61,0.623509871668,0.641833763332
62,0.620255251271,0.638750323654
63,0.595513719157,0.612552217834
64,0.610355266341,0.627658040812
65,0.608077899094,0.625524410875
66,0.603666810008,0.620882510643
67,0.596876579009,0.61362769281
68,0.584780557397,0.600991422544
69,0.584535570212,0.600561249267
70,0.57773709621,0.593011468656
71,0.571012721595,0.585957258838
72,0.566883749803,0.582181345639
73,0.562713786911,0.578008419531
74,0.554434529477,0.5691431411
75,0.546717879008,0.560756209351
76,0.539568791909,0.553216476481
77,0.532603047983,0.545499118685
78,0.524967142467,0.537147534025
79,0.518469784233,0.529955102503
80,0.513152394842,0.524491450154
81,0.510489111786,0.522196433435
82,0.509215002377,0.521205338036
83,0.503578422567,0.515496845961
84,0.500177940789,0.51154094128
85,0.496512147671,0.507319653042
86,0.495082835264,0.505757115843
87,0.494154337483,0.504816516286
88,0.498872898078,0.509526991479
89,0.494796231331,0.50543350369
90,0.496422106985,0.507200408128
91,0.500043382888,0.511382774941
92,0.503199117461,0.515161490712
93,0.508650557933,0.520655982354
94,0.510406032186,0.522153870246
95,0.513318652664,0.5246581283
96,0.522695723812,0.534212408212
97,0.524818863528,0.537089204648
98,0.533169189522,0.546115960871
99,0.539508718785,0.553211157466
100,0.54603696648,0.560030522396
101,0.554893220291,0.569583585889
102,0.561551034058,0.576857591486
103,0.573556980736,0.588908900538
104,0.571433478522,0.586453328833
105,0.577423724708,0.592761797878
106,0.584918933179,0.60085084887
107,0.584865074794,0.601038272187
108,0.598093300387,0.614765368772
109,0.604016912326,0.621230637009
110,0.607747799029,0.625147012655
111,0.610825326021,0.628180449095
112,0.596049812789,0.613141178146
113,0.621203280714,0.639730644314
114,0.622510759754,0.640717521839
115,0.623688767309,0.641852765187
116,0.624997354299,0.643661852064
117,0.647850272498,0.666234736606
118,0.642263432115,0.660400976538
119,0.641054184977,0.659453656917
120,0.642366062768,0.661333294365
121,0.638873484755,0.658164848223
122,0.634931004538,0.653489409273
123,0.630783706626,0.649133369549
124,0.628680385265,0.647275187691
125,0.622123131516,0.640202722662
126,0.60197153934,0.618917242062
127,0.606680773829,0.623597283372
128,0.599165486498,0.615301642078
129,0.590891218561,0.606221287545
130,0.582703491942,0.597647276701
131,0.578268716227,0.593617088989
132,0.579558863154,0.594571570965
133,0.564687702322,0.579061237217
134,0.557528217657,0.57164482335
135,0.551380001112,0.565269931851
136,0.543833022605,0.557048175295
137,0.534198361554,0.546450854597
138,0.527991792789,0.539675774288
139,0.523886642046,0.535697237956
140,0.520851207112,0.532949180343
141,0.51715442824,0.529251661613
142,0.511940020531,0.523745487075
143,0.506950034049,0.518040146178
144,0.504569438843,0.515160589299
145,0.503388595417,0.513768735528
146,0.503872117048,0.514154418695
147,0.503221841596,0.513618272521
148,0.504237178822,0.514843597124
149,0.50684615371,0.517833311627
150,0.51233109426,0.524093090831
151,0.522281036136,0.534430955191
152,0.521048334227,0.533231551202
153,0.523073789047,0.534854031155
154,0.527838660967,0.539482135457
155,0.533783021438,0.54596842737
156,0.543093846,0.55633721553
157,0.551771814136,0.565697475637
158,0.557780217163,0.571891088697
159,0.564628672802,0.579029813344
160,0.572315472191,0.587290020693
161,0.578802236306,0.594088726879
162,0.58410162427,0.599336727387
163,0.590682668463,0.606022124882
164,0.599726118413,0.615919455353
165,0.607093945632,0.624119241637
166,0.602225647082,0.619221163362
167,0.621906909568,0.639934675861
168,0.627404116532,0.645945602369
169,0.631352399842,0.649724600428
170,0.634841839282,0.653423353965
171,0.639292436419,0.658558454237
172,0.642346960876,0.661419927914
173,0.641330133024,0.659668689663
174,0.641758190431,0.659909971301
175,0.657421478501,0.67543094524
176,0.656804687263,0.675013062309
177,0.657963666867,0.676968313303
178,0.660000437594,0.679852779458
179,0.657405850374,0.677432517275
180,0.651959432775,0.671440382611
181,0.64716374227,0.666485473765
182,0.643077273262,0.66227253657
183,0.635836748633,0.654631548714
184,0.621786688221,0.639562259826
185,0.617628850714,0.634775019564
186,0.608918866165,0.62509286695
187,0.599236779528,0.614506726088
188,0.591390886536,0.606246500101
189,0.585628845988,0.600428847899
190,0.577678932025,0.592046436098
191,0.570862389477,0.584957346995
192,0.564777043606,0.579079798206
193,0.558642404814,0.572730693493
194,0.547195725316,0.560199884536
195,0.539316206825,0.551327402929
196,0.532810193253,0.544510121358
197,0.530100590335,0.542117955726
198,0.527297828378,0.539481659911
199,0.521597247322,0.533565389009
200,0.520585972808,0.531939386366
201,0.511078567068,0.521689420864
202,0.508903774254,0.519063259938
203,0.507255654882,0.516899811126
204,0.507348912918,0.516955651656
205,0.508897853759,0.519008906192
206,0.511606187508,0.522218735628
207,0.514971606037,0.526279354661
208,0.5209925836,0.532976899128
209,0.526582559644,0.538765818665
210,0.530540237128,0.542578009862
211,0.532944355886,0.544598470577
212,0.538551569241,0.550521261633
213,0.547666214019,0.560673055344
214,0.558556368907,0.572667343172
215,0.564890928645,0.57913598525
216,0.570716335798,0.584888896794
217,0.577445358367,0.591755017571
218,0.58480145237,0.59947193117
219,0.592003545943,0.606849828966
220,0.599631467363,0.614877640766
221,0.609200000099,0.625432135988
222,0.618057204284,0.63515733703
223,0.620597675182,0.638255456016
224,0.635844375722,0.654620509526
225,0.643498482438,0.662705115301
226,0.646627911948,0.665915823223
227,0.651265372497,0.670701496555
228,0.657576555485,0.677588962942
229,0.659764345704,0.679681050654
230,0.657551790109,0.676574437101
231,0.656734197029,0.6750201076
232,0.656858999654,0.674858942655
233,0.641911841013,0.657153034832
234,0.668279316554,0.686046860839
235,0.671189764123,0.690111546712
236,0.671854258303,0.691697333584
237,0.67194866113,0.692441112755
238,0.671160754525,0.691945736552
239,0.664273823929,0.684430167363
240,0.658105875259,0.677665725816
241,0.6535677808,0.673148191632
242,0.645770902711,0.665041358312
243,0.635790949053,0.654124233187
244,0.624981220683,0.642138555207
245,0.614566121313,0.630641439345
246,0.604148907536,0.619225033291
247,0.595340811981,0.610011116217
248,0.590302108145,0.605132637078
249,0.584166903556,0.599018396229
250,0.578338797399,0.593492612586
251,0.570927600831,0.585852757575
252,0.560399178912,0.574219775491
253,0.550315028804,0.562986769574
254,0.542217659372,0.554186189885
255,0.537525170879,0.549553057293
256,0.533655290993,0.545794277777
257,0.528798199897,0.540808901024
258,0.523006669006,0.534675307907
259,0.5179972127,0.529160615084
260,0.517126711876,0.528323298657
261,0.516040000732,0.527150151061
262,0.51518142254,0.525563507672
263,0.515984166296,0.527051131599
264,0.516867250675,0.528099707541
265,0.518367236155,0.529565990626
266,0.522640554135,0.534258686173
267,0.527961994762,0.539938954496
268,0.533086778026,0.545225475679
269,0.537656825563,0.549629105255
270,0.542000434127,0.553921589486
271,0.550105977902,0.562795338908
272,0.560436094471,0.574266441705
273,0.571477230378,0.586424880105
274,0.578812060815,0.593880893549
275,0.58361720117,0.598449809485
276,0.590625065572,0.605528649959
277,0.596194276353,0.610859610064
278,0.604868029625,0.619980146816
279,0.615226474913,0.631329190909
280,0.6250784748,0.642197792749
281,0.636250520331,0.654547029949
282,0.646621965919,0.665891423777
283,0.652106870767,0.671731015168
284,0.657203653377,0.676752222102
285,0.664153005957,0.6843248834
286,0.670381716306,0.691115824425
287,0.671069895594,0.691555906906
288,0.67309907076,0.692911888297
289,0.67101022998,0.689829714397
290,0.668619068501,0.686367988081
291,0.679019636303,0.700224916701
292,0.699271750047,0.721272993275
293,0.697968512907,0.719413478624
294,0.688948636308,0.710958748538
295,0.696751693256,0.719788117943
296,0.690381851889,0.711470122381
297,0.669534251278,0.687923137852
298,0.678467622874,0.69864970386
299,0.681102065041,0.701533562685
300,0.663537186105,0.68121517333
301,0.653482782401,0.670072358553
302,0.665068434327,0.683716742519
303,0.657021447975,0.675528823002
304,0.638703632257,0.655253529136
305,0.644588233924,0.661878218454
306,0.648015018402,0.667289424824
307,0.634840974532,0.653584718107
308,0.629041511341,0.645969688005
309,0.624322522597,0.641151603749
310,0.616036987929,0.633435052624
311,0.613586702256,0.631019284645
312,0.608438527998,0.625215818222
313,0.598468394121,0.614632573701
314,0.591737626759,0.607659579457
315,0.588395015345,0.603818925254
316,0.57790758717,0.59253277262
317,0.565822653146,0.579102969548
318,0.563251711432,0.575945686334
319,0.555978510297,0.567837669519
320,0.545932292294,0.556950865219
321,0.542221469527,0.552774840562
322,0.536225446915,0.546290454687
323,0.529716887597,0.53969472318
324,0.529852661193,0.540184637279
325,0.528713846064,0.5395696495
326,0.526997924098,0.538150148287
327,0.523059049274,0.533978033579
328,0.520819096468,0.531471393738
329,0.518681021909,0.529249118049
330,0.516915330973,0.527483909988
331,0.51795736351,0.528694156462
332,0.518169113326,0.529006081838
333,0.518199980751,0.529038999486
334,0.518233652754,0.529044877606
335,0.518040665136,0.528814661662
336,0.516766614872,0.527368309451
337,0.519310585151,0.529921309331
338,0.521215720428,0.531894056131
339,0.523344672072,0.534236153123
340,0.527000944981,0.538162537234
341,0.528974529349,0.539832518266
342,0.530445023176,0.540792858996
343,0.530656837213,0.540601370383
344,0.536348643634,0.546380544557
345,0.542522253702,0.553140693343
346,0.54538403392,0.556425044749
347,0.555775153453,0.56760866909
348,0.562656961801,0.575276809234
349,0.566615235211,0.579929093304
350,0.578927787305,0.59355209868
351,0.588027604374,0.603474548621
352,0.600137283778,0.616232202509
353,0.598010322062,0.614125896102
354,0.609253996273,0.625937549109
355,0.613389813499,0.630776508355
356,0.616394129617,0.633828161821
357,0.62484690579,0.641692276434
358,0.627916618226,0.644834253904
359,0.634967666599,0.653649466274
360,0.647343705657,0.666614017564
361,0.644122191387,0.661376363266
362,0.637964542792,0.654453350695
363,0.657135860423,0.67565802231
364,0.66448545134,0.683078375971
365,0.664424776576,0.681183806813
366,0.664202211972,0.681972150664
367,0.680902232712,0.701286787094
368,0.677728247459,0.697878654305
369,0.668939512525,0.687397034016
370,0.69041408507,0.711566775392
371,0.696735018441,0.719879780108
372,0.689385053333,0.711419192406
373,0.697998323316,0.719401567816
374,0.698716582035,0.720756814452
375,0.687687704079,0.707187872005
376,0.685688451526,0.704893984988
377,0.684431724655,0.703265377808
378,0.685582558931,0.704937372592
379,0.686460596422,0.706540189469
380,0.66350118007,0.681583092641
381,0.681219252539,0.701044401972
382,0.676951960075,0.696311938212
383,0.673059844503,0.692314180073
384,0.671412647818,0.690637219082
385,0.667054618438,0.686032179633
386,0.655299863998,0.67281973673
387,0.654051912743,0.671858728802
388,0.649448405425,0.66708353266
389,0.642814938354,0.660205311989
390,0.637599841048,0.654432646126
391,0.630530963785,0.646620728485
392,0.622673399319,0.638178881432
393,0.617508852347,0.633073964721
394,0.613060360111,0.628840946637
395,0.608923142821,0.624838841542
396,0.603853261452,0.619673531858
397,0.598504013536,0.614189609984
398,0.592191365418,0.607499665738
399,0.585001713763,0.599891792446
400,0.577353702152,0.591719718454
401,0.569466768373,0.582920476504
402,0.562654435411,0.575264024957
403,0.554828765286,0.566708232884
404,0.547586377396,0.558780143482
405,0.541079733369,0.551545884536
406,0.535750954977,0.545841555101
407,0.532803166623,0.543069362324
408,0.531832113257,0.542553423418
409,0.530533663648,0.541652771773
410,0.527973694431,0.539039561967
411,0.522877396252,0.533509674491
412,0.520098056944,0.530567844392
413,0.517879934268,0.528269040391
414,0.517784223039,0.528141530698
415,0.516892863575,0.527398114864
416,0.517819679993,0.528399676696
417,0.517533254769,0.528151889745
418,0.517042689683,0.527556516864
419,0.517603241175,0.527932093707
420,0.51827308007,0.528658807834
421,0.52051254969,0.530981413277
422,0.523391506367,0.534059261815
423,0.527588793258,0.538697281251
424,0.529943488838,0.541101573383
425,0.531060987479,0.541792923535
426,0.532420744038,0.542651225002
427,0.536077799148,0.546115445237
428,0.541061405574,0.551546088594
429,0.547673460647,0.558858040571
430,0.555367220304,0.567269324369
431,0.561582445159,0.574187715297
432,0.569593423771,0.5830115666
433,0.57705117031,0.591421917187
434,0.584988040355,0.599890345155
435,0.591948941828,0.607256709858
436,0.600029119777,0.615806416109
437,0.603842979543,0.619763039763
438,0.608407276985,0.624315565382
439,0.613144290208,0.628887229724
440,0.617767898631,0.633357880144
441,0.62377328368,0.639226744002
442,0.630234094367,0.646331468328
443,0.636968820827,0.653872208028
444,0.643405155774,0.660732057049
445,0.649169126106,0.666801048771
446,0.654391454741,0.672212508135
447,0.655762651627,0.673275247556
448,0.667396289965,0.686353683278
449,0.6727598057,0.69208147797
450,0.67308815363,0.692285109353
451,0.676455564128,0.695860496535
452,0.681415947184,0.70132981425
453,0.663890302609,0.681983897184
454,0.687108912764,0.707205701419
455,0.686039582014,0.705405637462
456,0.684804191789,0.703580261682
457,0.686755140341,0.70592572875
458,0.687010289748,0.706505406497
459,0.696262337043,0.715301063316
460,0.697437694063,0.716596367855
461,0.694463380162,0.713190862628
462,0.695333484595,0.714528601316
463,0.69725222829,0.717239316306
464,0.694994224059,0.715359686084
465,0.695737278405,0.71662482619
466,0.692771276889,0.713131032832
467,0.68804316572,0.708048475236
468,0.683657825802,0.703372149698
469,0.680979403547,0.700751861328
470,0.675349824626,0.694417961983
471,0.665183310781,0.683161417657
472,0.663878755864,0.68225038548
473,0.65746349671,0.675494095689
474,0.650033179694,0.667642862011
475,0.643283268546,0.660155252895
476,0.635138196323,0.651321022476
477,0.626687791181,0.642214643576
478,0.620605737928,0.636125060983
479,0.615870888063,0.631578895086
480,0.611201037664,0.627138144837
481,0.605444283139,0.621248996522
482,0.598091754878,0.6133989052
483,0.591021611969,0.606006807333
484,0.584259370916,0.598973151609
485,0.577375429151,0.59158811746
486,0.56893869782,0.582271037284
487,0.561059787123,0.57364876711
488,0.554152520384,0.565991111023
489,0.545461844288,0.556430329962
490,0.539122386017,0.549460638612
491,0.534748377893,0.545042712874
492,0.532155924824,0.542771534783
493,0.531235587304,0.542290718279
494,0.528223075044,0.539490856553
495,0.523839084499,0.534640505011
496,0.520145704944,0.53058874852
497,0.517943348629,0.528131390904
498,0.515902248103,0.525979099345
499,0.515732164645,0.525785460116
500,0.515299981774,0.525529202125
501,0.516932706218,0.527304224034
502,0.515619469087,0.525849115584
503,0.515024257466,0.525090252475
504,0.51577937525,0.525880264664
505,0.51781239908,0.528056160337
506,0.519828515064,0.530316899478
507,0.524313016301,0.535112520215
508,0.528682283102,0.539922648516
509,0.530329849392,0.541384516999
510,0.532677523028,0.543326069761
511,0.53481182649,0.545079740441
512,0.538636005043,0.548967125214
513,0.545458884486,0.556426458937
514,0.55375231909,0.565562830249
515,0.561410354901,0.574027985464
516,0.569184644493,0.582508647211
517,0.577105988646,0.591297711928
518,0.584232418313,0.598949685639
519,0.590655457119,0.60560607263
520,0.597838062474,0.613113257094
521,0.605598192462,0.621376533866
522,0.611723263834,0.62762601602
523,0.615242621129,0.630969487504
524,0.62056129587,0.636093914444
525,0.626891542568,0.642425624045
526,0.63513634145,0.651325997401
527,0.643505635224,0.660366566656
528,0.650809898277,0.668436496156
529,0.657573737742,0.675594227947
530,0.663898336459,0.682279062141
531,0.66460974824,0.682630664326
532,0.675253898888,0.694343028426
533,0.681379027378,0.701241650307
534,0.68331931093,0.703088194878
535,0.686892154888,0.706805030359
536,0.691937948913,0.712414424621
537,0.696610001455,0.717552861434
538,0.695118215233,0.715504607547
539,0.696726075094,0.716778729533
540,0.694210892209,0.713419087974
541,0.694497108455,0.71317421591
542,0.69769801612,0.716881984784
543,0.705787670039,0.724699162638
544,0.704901802858,0.723559156915
545,0.704744441643,0.723819097132
546,0.706311562924,0.726251464344
547,0.709813808459,0.730656876123
548,0.70329979642,0.723828231763
549,0.706921322793,0.728317572939
550,0.701275936148,0.722127328294
551,0.697378251437,0.717905104263
552,0.693070880946,0.713364581865
553,0.688838187375,0.708898768684
554,0.662911330157,0.67982472415
555,0.676833666273,0.69606694253
556,0.670460071603,0.689381210024
557,0.662228324552,0.680641016447
558,0.654060918674,0.671718158529
559,0.646900971309,0.663843264163
560,0.638615024107,0.654738593023
561,0.628684035719,0.644119259648
562,0.622467193645,0.637872018147
563,0.617424420361,0.633069915654
564,0.611613454538,0.62732375064
565,0.605180043537,0.620434015538
566,0.597463620924,0.612409760459
567,0.589786357998,0.60446296085
568,0.583761870013,0.598309771846
569,0.576644050594,0.59076595994
570,0.568026982041,0.58130917287
571,0.559750404864,0.572248845695
572,0.550468103509,0.561988744431
573,0.543322976395,0.554068028357
574,0.53743497839,0.547785318151
575,0.533689503697,0.544219952528
576,0.531772369558,0.542755858474
577,0.528824711489,0.540073230583
578,0.524660595664,0.535676431113
579,0.520667123912,0.53126406001
580,0.516414516885,0.526650471898
581,0.514412675105,0.524341906425
582,0.512939535764,0.522686892877
583,0.512892474302,0.522698808079
584,0.512535577167,0.522381432289
585,0.513207727781,0.523041606303
586,0.512305091473,0.522089500509
587,0.512824414716,0.522593242548
588,0.51421149576,0.524151749446
589,0.516908261387,0.527119160988
590,0.520393717729,0.531027610236
591,0.52530473917,0.536320277078
592,0.528870102473,0.540077086166
593,0.531427708763,0.542390299139
594,0.533891791378,0.544447354519
595,0.537168864748,0.547528494068
596,0.542877284761,0.553618220021
597,0.550943179309,0.562505318893
598,0.560175552806,0.572641832537
599,0.567574731179,0.580789528505
600,0.57671251894,0.590805539571
601,0.583548017604,0.598110014601
602,0.590596741937,0.605252340094
603,0.59671125142,0.611613328024
604,0.604600894848,0.61986399695
605,0.612882281683,0.628642961362
606,0.617436134008,0.633068755567
607,0.623070722019,0.638524157871
608,0.629521650474,0.644910542678
609,0.638323851203,0.654527534167
610,0.645699075243,0.662647997374
611,0.654482476571,0.672130012682
612,0.6624517577,0.680816683076
613,0.669869719231,0.688769286935
614,0.676700833045,0.695902863569
615,0.663417447577,0.680307540941
616,0.689168227927,0.709226680294
617,0.692964556831,0.713332973647
618,0.697418823932,0.717965382507
619,0.701263243786,0.722094434608
620,0.707476467942,0.728934796049
621,0.702915768711,0.723482438839
622,0.708820316354,0.72962294091
623,0.706331511947,0.726186727758
624,0.703848376411,0.722923210154
625,0.704667112666,0.723342690544
626,0.705687265978,0.724529863215
627,0.70951145946,0.727604085462
628,0.709126678473,0.727214312286
629,0.710846399629,0.729717571443
630,0.712942180797,0.732597465546
631,0.713770422398,0.734306837622
632,0.711549608163,0.73232114923
633,0.716182971215,0.738243427771
634,0.712420362698,0.73421728647
635,0.706223733457,0.727476001331
636,0.702399791698,0.723397073256
637,0.696970319345,0.717364309319
638,0.692225608898,0.712416632645
639,0.686220652063,0.706038747723
640,0.681052629957,0.700742851181
641,0.672219127326,0.691378007162
642,0.664892484164,0.68346860401
643,0.655546461935,0.673332342689
644,0.646889716396,0.663754887274
645,0.638237917604,0.654245081006
646,0.628475071373,0.643641819107
647,0.622232741227,0.637415514571
648,0.615386719072,0.630491044188
649,0.610378161991,0.625709780748
650,0.605052892832,0.620589141907
651,0.598355751855,0.613848236729
652,0.590548520004,0.605790386951
653,0.583491828051,0.598368074026
654,0.575831451013,0.59020329187
655,0.565687500552,0.578915714011
656,0.556751828784,0.568975650872
657,0.547362182134,0.558622397396
658,0.540494535985,0.551079086657
659,0.535952261927,0.546475785492
660,0.532857047099,0.543728623722
661,0.529232846341,0.540382020845
662,0.525933606854,0.537110054086
663,0.522332143386,0.533242979355
664,0.518484783821,0.529244413406
665,0.515719201972,0.526340001565
666,0.513256320398,0.523556696056
667,0.511189379124,0.521077477015
668,0.511584196641,0.521884264192
669,0.512243452625,0.522579024156
670,0.512241835753,0.522533547996
671,0.511307989545,0.521216008968
672,0.513112926644,0.523473476405
673,0.515360554743,0.525963183402
674,0.518428698809,0.529189739326
675,0.52206020768,0.532980324666
676,0.525881214998,0.537056679512
677,0.529730995748,0.540850179314
678,0.532357764901,0.54321917915
679,0.535230746231,0.545751172091
680,0.540806520911,0.551460410025
681,0.547879413859,0.559112738559
682,0.556981443352,0.569206627266
683,0.565841035014,0.579133592757
684,0.575772243974,0.590117353606
685,0.583828373359,0.598748140302
686,0.591143209547,0.6064094267
687,0.597372553654,0.612729331142
688,0.604517143773,0.620002178884
689,0.610695187184,0.626052137445
690,0.615579108443,0.630653998549
691,0.621865216524,0.637016522281
692,0.628626209541,0.64382892007
693,0.637381789812,0.653352845029
694,0.646729182782,0.663616677025
695,0.656364034763,0.674096751475
696,0.663455301039,0.681981647813
697,0.672597904589,0.691811283285
698,0.679111082952,0.698739201752
699,0.686095615604,0.705935278118
700,0.692801071935,0.71299650148
701,0.697058634871,0.717409917295
702,0.701369521383,0.722307217623
703,0.706765322118,0.728107183317
704,0.71180385324,0.733559097501
705,0.716219139431,0.738218300633
706,0.710792122252,0.731488935912
707,0.71404836024,0.734597353286
708,0.712144685896,0.731839975308
709,0.711033625132,0.729928199679
710,0.710131076268,0.72822601836
711,0.590656505334,0.609635385012
712,0.672382492934,0.69351916662
713,0.731225787324,0.753383555954
714,0.683356076626,0.704309078706
715,0.593219442593,0.612249763145
716,0.66059587122,0.682262451978
717,0.728890067721,0.752015592274
718,0.683893669404,0.703866521624
719,0.588991643143,0.606044858706
720,0.636775071341,0.656626520957
721,0.713248023563,0.735317985944
722,0.684182018914,0.703696899681
723,0.587331811508,0.602227454693
724,0.60794020871,0.624907694158
725,0.689458193072,0.709095311255
726,0.678402303397,0.697453789162
727,0.593374240663,0.609391746412
728,0.579583450067,0.594290882011
729,0.661143853583,0.679062449657
730,0.671993987776,0.691807549689
731,0.600086857627,0.618238737555
732,0.562389340101,0.577821508524
733,0.633335742941,0.649965641865
734,0.648147918165,0.665732622124
735,0.591590319333,0.608346948057
736,0.551486422924,0.566874670315
737,0.612934595083,0.630025276936
738,0.627042491251,0.643925786286
739,0.582957254651,0.59882509495
740,0.533905595916,0.548108743436
741,0.587882703772,0.604177330185
742,0.604021469427,0.620376392635
743,0.570807848183,0.585894362444
744,0.514190244913,0.526823349053
745,0.556338976965,0.569767917259
746,0.572070713953,0.585253667192
747,0.551449002649,0.563633302584
748,0.50148488917,0.511687384122
749,0.535263474211,0.546140049546
750,0.545275444831,0.555687888801
751,0.534506998917,0.544468559145
752,0.491496944952,0.500544161368
753,0.510965210669,0.519867121421
754,0.52428236767,0.533382718507
755,0.521870259761,0.531356773723
756,0.491141617063,0.50104804954
757,0.500881849474,0.510373433546
758,0.517439477926,0.52764099633
759,0.515575467947,0.525727320655
760,0.488541474106,0.498501251947
761,0.490249154674,0.499320307788
762,0.510317652539,0.52028184677
763,0.509260048741,0.51940809728
764,0.487507865444,0.497611176792
765,0.484910839975,0.494508789769
766,0.508754165358,0.518967577901
767,0.508776329146,0.518939606633
768,0.489519778184,0.499114601752
769,0.492032570846,0.502143785491
770,0.50904460206,0.519180305552
771,0.509909166639,0.519891483898
772,0.490380783018,0.499480248569
773,0.488593605128,0.498531824659
774,0.51540333323,0.525553551593
775,0.517718283459,0.527928972969
776,0.511755344788,0.521515386192
777,0.491655624352,0.501721448679
778,0.522267368603,0.531774314521
779,0.524292873866,0.533354259204
780,0.511484052597,0.520351886922
781,0.491516680374,0.500570399818
782,0.534270794876,0.544247665932
783,0.545173605609,0.555568374612
784,0.534725116135,0.545606751382
785,0.501871532245,0.512116938018
786,0.551777746804,0.563938773458
787,0.572516524981,0.585727788605
788,0.564044607555,0.577687358491
789,0.514231500791,0.526915960799
790,0.570420117799,0.585524154039
791,0.603368992424,0.619681778966
792,0.587919069537,0.604238470019
793,0.527070817171,0.541178211499
794,0.582643376884,0.598421735643
795,0.626802456287,0.643717011123
796,0.612301133352,0.629415074262
797,0.54413681821,0.559354047041
798,0.591569282653,0.608295424842
799,0.648026261301,0.665563025046
800,0.633476607108,0.650105173205
801,0.562565027503,0.577956008305
802,0.600465241481,0.618646421436
803,0.670575176325,0.69038277043
804,0.660594767517,0.678447083002
805,0.579488188091,0.594172423592
806,0.59345043562,0.609425949041
807,0.67846348915,0.69749041072
808,0.689901305386,0.709539300437
809,0.607991805211,0.625018397556
810,0.587467539951,0.602327751144
811,0.685261051295,0.704869619407
812,0.712939606428,0.735070916737
813,0.63696076589,0.656838675853
814,0.589313487347,0.606416070866
815,0.684172203747,0.70423796735
816,0.729060299292,0.752226279516
817,0.659759355497,0.681461852781
818,0.593134325899,0.612123096694
819,0.68372264538,0.704730088962
820,0.731308150831,0.753436147386
821,0.672587741477,0.693710523405
822,0.696997061552,0.716794851975
823,0.695482350307,0.714953471346
824,0.692740312763,0.711776874469
825,0.692205125343,0.711236714035
826,0.693557322495,0.713112672654
827,0.695650998346,0.715989657553
828,0.696375273027,0.717227501552
829,0.69523093226,0.71620909251
830,0.691309672328,0.711952428179
831,0.686851968287,0.707148613942
832,0.684447271766,0.704546384558
833,0.682320910595,0.702415455989
834,0.678658315861,0.698682315234
835,0.675696824714,0.695470603263
836,0.670110961808,0.689101005671
837,0.665430301607,0.683777033584
838,0.659244734398,0.677459393989
839,0.655010619974,0.673023910304
840,0.650133097137,0.66790211592
841,0.645274325368,0.662778545064
842,0.639226732249,0.656370743346
843,0.633184836046,0.649752069655
844,0.627957253144,0.643909166892
845,0.621578778116,0.637210216858
846,0.620685083038,0.636610780466
847,0.612747852839,0.628684875306
848,0.608953274207,0.625057376831
849,0.604411574099,0.620525158746
850,0.60300166572,0.619167304973
851,0.595462922152,0.611384120617
852,0.590208161533,0.605969369084
853,0.584906390944,0.600429506023
854,0.578087545202,0.593244351586
855,0.5722309678,0.586975530876
856,0.564271981517,0.578292244612
857,0.55702245955,0.570202569058
858,0.550362152926,0.562834970172
859,0.546011916092,0.557771114656
860,0.537646084968,0.548784356073
861,0.531177929898,0.541708681297
862,0.525387517979,0.535320530712
863,0.521880890204,0.531260370763
864,0.516755593,0.526113670782
865,0.514312715204,0.523936600752
866,0.512351733682,0.522345047462
867,0.513288474935,0.523519853018
868,0.510160584117,0.520519584946
869,0.50755885905,0.517853649825
870,0.504411715473,0.514473001283
871,0.502993428305,0.51286282929
872,0.501316794062,0.511263108601
873,0.50016130137,0.510175724012
874,0.499217730445,0.509308448852
875,0.499054166999,0.509212860991
876,0.499357175675,0.509572903833
877,0.499494332604,0.509711882045
878,0.499920318992,0.510163394953
879,0.500790891665,0.510925786916
880,0.500385702363,0.510477288888
881,0.49993698221,0.509961901106
882,0.501997246528,0.511935740605
883,0.502999547112,0.512901608422
884,0.504646075892,0.51476293553
885,0.507425915127,0.517739373407
886,0.510066624187,0.52043405837
887,0.515056440878,0.525256728225
888,0.513107146834,0.523106150322
889,0.514268413939,0.523902212105
890,0.516815046499,0.526148047664
891,0.521457898047,0.530813502832
892,0.526033015315,0.535956467553
893,0.532000431473,0.542496892349
894,0.537753222447,0.548877308374
895,0.545825823977,0.557585136899
896,0.550135527616,0.562555582527
897,0.557223698432,0.570440240483
898,0.564232037242,0.578269365663
899,0.573734517844,0.588447459299
900,0.578809366601,0.594091467398
901,0.584536174457,0.600088033739
902,0.59072280745,0.606454948044
903,0.595394121412,0.611255215919
904,0.599893795614,0.615936357265
905,0.604628048183,0.620788246585
906,0.609163488999,0.62525913956
907,0.612638884334,0.628576810061
908,0.6172927009,0.633027812805
909,0.621266175772,0.63683948395
910,0.626737034873,0.642669035169
911,0.633639080324,0.650236984158
912,0.639204579096,0.656296621422
913,0.644606309927,0.662104684417
914,0.64991593225,0.667694735152
915,0.655132575003,0.67314656879
916,0.659866819326,0.678127579373
917,0.664204981018,0.682550044751
918,0.669718503244,0.688729711139
919,0.675308131525,0.695102493551
920,0.678456240528,0.698512752077
921,0.681196244254,0.70127061469
922,0.683896657138,0.70395982724
923,0.687079987862,0.707361805533
924,0.691176661642,0.711784113305
925,0.694956461237,0.71594900215
926,0.696759377822,0.717635514399
927,0.695874751008,0.716178124667
928,0.693951633145,0.71350670857
929,0.691530270308,0.710539707445
930,0.692297130318,0.711421135201
931,0.695568623803,0.715025358968
932,0.696402282607,0.716144589041
933,0.709065009135,0.728737296937
934,0.707971661821,0.727530762821
935,0.705838357531,0.725082462696
936,0.70345026382,0.722483621111
937,0.704370517302,0.723958690288
938,0.705290739394,0.725600508575
939,0.708291263561,0.729469224537
940,0.708531837763,0.730200345739
941,0.705091724866,0.726581735518
942,0.701192657854,0.722308403305
943,0.698351579124,0.719047221174
944,0.694239845531,0.714629791331
945,0.690777020408,0.711031565701
946,0.688170723697,0.70829801801
947,0.684217644853,0.703992373352
948,0.679677176525,0.698863437577
949,0.673605290744,0.692408487091
950,0.668073072634,0.686706394924
951,0.663438096492,0.681897357658
952,0.656877503565,0.675056843423
953,0.652266276983,0.670094556857
954,0.645167296209,0.662380267264
955,0.638438125498,0.655061611106
956,0.63261408358,0.648615224927
957,0.626224852747,0.641877341176
958,0.620600980276,0.636504803752
959,0.616036269303,0.631979033251
960,0.611676746143,0.627808043227
961,0.606772648173,0.622941792573
962,0.601488219678,0.617630041215
963,0.595918398487,0.611842891219
964,0.589820197271,0.605391166894
965,0.583307796422,0.598581334848
966,0.576909934244,0.591867055284
967,0.570165692014,0.584732713237
968,0.563443371173,0.577256268051
969,0.555893343972,0.568890121373
970,0.549661955809,0.561973764822
971,0.542179712202,0.55383774049
972,0.534922900165,0.545897164157
973,0.52896671092,0.539329454697
974,0.523346036295,0.533135430964
975,0.518743463422,0.52819004666
976,0.51496505449,0.524542960354
977,0.512766001009,0.522724209274
978,0.511587879753,0.521882622762
979,0.509632624104,0.520082540953
980,0.507032113583,0.517385739799
981,0.503725328028,0.513861370654
982,0.500376455694,0.510222171496
983,0.497872992496,0.507701582237
984,0.496736253553,0.506499638877
985,0.495890848491,0.505661074323
986,0.495763498558,0.505635384331
987,0.495520249218,0.505499118425
988,0.496330702224,0.50639605952
989,0.496186786218,0.506282759533
990,0.495666372337,0.505655329419
991,0.495737463908,0.505594015637
992,0.496013323243,0.505794916819
993,0.496892761854,0.506690380685
994,0.498585626759,0.508404466666
995,0.500245451661,0.510140696585
996,0.503500999184,0.513624617863
997,0.506922345231,0.517290399714
998,0.510020205038,0.520432853223
999,0.511240261585,0.521541488205
1000,0.513028766486,0.523011898138
1001,0.51442438461,0.524016372952
1002,0.518042049422,0.527526063719
1003,0.522793773218,0.532579878857
1004,0.529270534461,0.539633680637
1005,0.535694595867,0.546705175098
1006,0.541981379093,0.553622015524
1007,0.549081509198,0.561441325186
1008,0.555925175628,0.568969391695
1009,0.563170847057,0.576991251899
1010,0.57006264933,0.584603996295
1011,0.576440856025,0.591421036307
1012,0.583253154913,0.598541999691
1013,0.589820409045,0.605382359234
1014,0.596237683653,0.61215773654
1015,0.60227814917,0.618369436529
1016,0.606352802411,0.622501250102
1017,0.610891351009,0.627001847281
1018,0.615464860816,0.631464475676
1019,0.620674625727,0.636528401089
1020,0.625425115296,0.641126442253
1021,0.631125505594,0.647077935222
1022,0.63873079478,0.655376311204
1023,0.645102076733,0.662339256331
1024,0.651527453652,0.66933855121
1025,0.657481254217,0.675688706142
1026,0.663165188117,0.681607244804
1027,0.668023474486,0.68668212657
1028,0.674084245003,0.692865027368
1029,0.678638244398,0.697844289988
1030,0.683927851722,0.703694791165
1031,0.687991400094,0.708097783423
1032,0.691455272907,0.711719106904
1033,0.694596335989,0.715051235125
1034,0.698010740121,0.718740115919
1035,0.701632763982,0.722731945311
1036,0.70666259855,0.728228290397
1037,0.708728228874,0.730384982971
1038,0.708008125558,0.72916451796
1039,0.70570433318,0.725999522636
1040,0.704167785417,0.723705285677
1041,0.70452087674,0.723592134606
1042,0.706387196963,0.725651403597
1043,0.708328243013,0.72793348847
1044,0.715755054192,0.735134234285
1045,0.714513337512,0.733827426251
1046,0.713027503123,0.732045157086
1047,0.713027261122,0.732526582259
1048,0.714631884166,0.73474430496
1049,0.717547572103,0.738538187442
1050,0.718661486368,0.740396179685
1051,0.717934961542,0.740044265563
1052,0.714071094005,0.735912417211
1053,0.709972524906,0.731449133484
1054,0.706045350857,0.727172676154
1055,0.701158792681,0.721933520526
1056,0.698826528477,0.719466600951
1057,0.694860528866,0.715214270039
1058,0.690084122363,0.710145283491
1059,0.68549660164,0.704960154915
1060,0.679755725729,0.699004495607
1061,0.674210519552,0.693262323451
1062,0.667857395759,0.686641323458
1063,0.662411272809,0.680805640342
1064,0.65506531973,0.672994181615
1065,0.648831924987,0.666039627166
1066,0.641674535749,0.658342251995
1067,0.634290934649,0.650288189285
1068,0.626447777111,0.642095294181
1069,0.622031083127,0.637765772054
1070,0.617677277363,0.633538781211
1071,0.61268177469,0.628768076922
1072,0.608460291386,0.624592060971
1073,0.602505174897,0.618443983791
1074,0.595519793431,0.611078928626
1075,0.588390889163,0.603541036682
1076,0.581676277023,0.596630231832
1077,0.576558401797,0.59122988178
1078,0.569564990123,0.583855182542
1079,0.562321800446,0.575879067455
1080,0.55533495295,0.568209864701
1081,0.547596807744,0.55976857626
1082,0.540978466402,0.552450243335
1083,0.533325749204,0.544091574452
1084,0.526877600717,0.536985957037
1085,0.520776730875,0.530409957121
1086,0.516934580531,0.526505017974
1087,0.514257469923,0.524146748634
1088,0.512622834247,0.522865751828
1089,0.510162749417,0.520664892281
1090,0.507195395058,0.517610443979
1091,0.503188255768,0.513324948898
1092,0.500180112967,0.510110093866
1093,0.497283150587,0.506986496355
1094,0.495241341001,0.504828531264
1095,0.493549217428,0.503089525941
1096,0.49299504378,0.502516770157
1097,0.492442473965,0.502062866997
1098,0.492998948981,0.50279914764
1099,0.493499092853,0.503363199961
1100,0.492982136568,0.502830061252
1101,0.492811928029,0.502427011413
1102,0.493087674833,0.502599011857
1103,0.493681251702,0.503175873553
1104,0.495068542644,0.504650962595
1105,0.497472260225,0.507209033788
1106,0.500182487372,0.510118805032
1107,0.503511733285,0.513679576557
1108,0.507236685985,0.517671404692
1109,0.509993188987,0.520459214376
1110,0.512203507835,0.522455869823
1111,0.514214503003,0.5241224562
1112,0.516655486703,0.526235763131
1113,0.520399560705,0.530055106771
1114,0.526828765164,0.537001605705
1115,0.533588606822,0.544377415395
1116,0.541164366052,0.552653576708
1117,0.548743050933,0.560930471329
1118,0.555074477866,0.567950132657
1119,0.5626096902,0.576198609948
1120,0.56925913519,0.583572537037
1121,0.576286383217,0.59103706694
1122,0.582219234636,0.597165833991
1123,0.588272796267,0.603403859762
1124,0.596012396713,0.611463181796
1125,0.602030749028,0.617960141026
1126,0.608546093085,0.624710133851
1127,0.613375157995,0.62949688194
1128,0.617359670982,0.633256493141
1129,0.62190320162,0.637677673351
1130,0.627571201392,0.64321613814
1131,0.633874296202,0.649824043987
1132,0.641243865504,0.657878545609
1133,0.648114429927,0.66536505385
1134,0.655295956364,0.673163237571
1135,0.661945707241,0.680371873741
1136,0.667462924803,0.686213197317
1137,0.672942216718,0.691962814051
1138,0.679556702427,0.698833180647
1139,0.685009364786,0.704425614268
1140,0.689498875214,0.709486749884
1141,0.694991600909,0.715330402504
1142,0.698637738302,0.719270004054
1143,0.70175819311,0.722543769774
1144,0.706674653612,0.727720023395
1145,0.710061341381,0.731442529122
1146,0.715083962789,0.736915938812
1147,0.7176396017,0.739782487092
1148,0.717739330803,0.739489257131
1149,0.716310443844,0.737212987398
1150,0.714396478079,0.734519769171
1151,0.712086175755,0.731459735782
1152,0.711967783454,0.730925697144
1153,0.714192549667,0.733435651056
1154,0.715497320924,0.734948540423
1155,0.716137801196,0.734851587481
1156,0.716586042878,0.735252221299
1157,0.714839841298,0.733428800881
1158,0.714814327331,0.733866103469
1159,0.716358742623,0.736083943142
1160,0.717078873365,0.737569627984
1161,0.720346199608,0.741649882443
1162,0.720642168595,0.742644584339
1163,0.719668339882,0.741924364609
1164,0.716444146003,0.738320843807
1165,0.71083970905,0.732176966336
1166,0.707495897062,0.728627372668
1167,0.703164805387,0.72396760271
1168,0.698686242843,0.719171165107
1169,0.694609960969,0.714669077962
1170,0.690007363561,0.709861320677
1171,0.684577905877,0.704208352039
1172,0.679252845205,0.698664914302
1173,0.673362346365,0.692508658241
1174,0.667238465102,0.686123049926
1175,0.660705455972,0.678997059596
1176,0.653951240634,0.671701550573
1177,0.64644464672,0.663536995751
1178,0.639813029123,0.656271154905
1179,0.632353778979,0.648044848898
1180,0.623951129668,0.639169971231
1181,0.618780465996,0.633912815438
1182,0.614091194043,0.629452791945
1183,0.609765484579,0.625499145415
1184,0.604896882229,0.620636934663
1185,0.599360948425,0.614990620555
1186,0.593612556512,0.609133404852
1187,0.586625128188,0.601719446751
1188,0.580203065113,0.595267301336
1189,0.575668159007,0.590733914409
1190,0.56865854832,0.583191880665
1191,0.560991082891,0.574675651778
1192,0.55266858145,0.565325697392
1193,0.545139894778,0.557084000132
1194,0.536961511403,0.548028538439
1195,0.530017633251,0.540407604059
1196,0.523231178198,0.53305412765
1197,0.518267683726,0.527838346513
1198,0.515020352597,0.524769813946
1199,0.513353408788,0.523514670018
1200,0.510689630495,0.521092930995
1201,0.508256174677,0.518788040481
1202,0.505071009483,0.515555337941
1203,0.501785965971,0.512122304988
1204,0.498083132103,0.508288857464
1205,0.496194859271,0.506157639791
1206,0.493179340142,0.502909501034
1207,0.493536714539,0.503520493435
1208,0.492579422105,0.502514910765
1209,0.492052006689,0.50194710411
1210,0.490957630026,0.500468254874
1211,0.490741840114,0.500238381499
1212,0.491424223204,0.501344781062
1213,0.492571347767,0.502524959473
1214,0.493256166472,0.503259916214
1215,0.493838608395,0.503560787733
1216,0.496059264283,0.506057759168
1217,0.497988923425,0.508186919771
1218,0.501579908869,0.511946698983
1219,0.505353849613,0.515862953513
1220,0.508256998623,0.518780689419
1221,0.51045167085,0.520878833905
1222,0.513348266012,0.523476894221
1223,0.515483000712,0.525239986694
1224,0.518444042065,0.527997880631
1225,0.523323324289,0.5331822217
1226,0.529660686839,0.540053608197
1227,0.537084789567,0.548137781924
1228,0.544618303197,0.556549062366
1229,0.552457497678,0.565144311854
1230,0.560411225675,0.574053858452
1231,0.568487981996,0.582984233799
1232,0.575144608931,0.590192169535
1233,0.580246794236,0.595384499213
1234,0.586294542768,0.601342983014
1235,0.593034258254,0.608474554389
1236,0.599091252308,0.614712530091
1237,0.605520990466,0.621266965623
1238,0.609204160493,0.624892262705
1239,0.613932930271,0.629296403949
1240,0.618333243213,0.633512902454
1241,0.624095553901,0.639321579134
1242,0.631887628482,0.647567222564
1243,0.639589970929,0.655967240595
1244,0.646488730167,0.663576730836
1245,0.654508267452,0.672227472453
1246,0.660436582874,0.678741241129
1247,0.666807973162,0.685638682693
1248,0.672686826737,0.69188232976
1249,0.679373983027,0.698755738505
1250,0.68427488151,0.703858927595
1251,0.689689295892,0.709594487962
1252,0.694042420038,0.714043764307
1253,0.699551034292,0.719990229843
1254,0.702545737441,0.723410217208
1255,0.706877849926,0.727938268848
1256,0.710634186679,0.732004380528
1257,0.715072882238,0.736877345796
1258,0.718676483238,0.74084903864
1259,0.721075085031,0.743054023139
1260,0.720287805312,0.741640181517
1261,0.718454459526,0.738903774464
1262,0.715995292712,0.73569878495
1263,0.715193801282,0.734278636697
1264,0.715343382551,0.733913142153
1265,0.716313746413,0.734950035821
1266,0.488326527175,0.503978617008
1267,0.594810978065,0.613865669278
1268,0.713911303581,0.735979071708
1269,0.712530339813,0.734593824353
1270,0.592306784503,0.610789370566
1271,0.487973915216,0.503768298994
1272,0.594534406845,0.61395197838
1273,0.7146076087,0.737820793693
1274,0.704666507058,0.726403567819
1275,0.584239677751,0.601684324272
1276,0.479991138866,0.494354208327
1277,0.589246676047,0.608587584501
1278,0.702632285753,0.724937078092
1279,0.690945401368,0.711425967599
1280,0.572675554891,0.588395545398
1281,0.474008435781,0.487524024664
1282,0.575902005689,0.593584716436
1283,0.670709752746,0.687073857781
1284,0.675915746123,0.695347104208
1285,0.565245979349,0.5809282441
1286,0.466113863108,0.479164995366
1287,0.560078254912,0.575518356055
1288,0.662786734008,0.681372505964
1289,0.659255687999,0.678767674252
1290,0.561679493548,0.579156853684
1291,0.47240600338,0.485740582026
1292,0.548102205378,0.563152231391
1293,0.641822350217,0.659055806667
1294,0.63494264004,0.652628822364
1295,0.545324369487,0.561478564295
1296,0.486476634717,0.499514245122
1297,0.538237976361,0.55328549639
1298,0.621845529069,0.639172937933
1299,0.61139432511,0.62798081218
1300,0.527425080675,0.542533525966
1301,0.479215021596,0.491475910838
1302,0.526967372909,0.541723319516
1303,0.600481437871,0.617559777841
1304,0.59007838502,0.606389520249
1305,0.512286164502,0.526635110398
1306,0.471410669998,0.482834163004
1307,0.52909990457,0.542955679786
1308,0.570562977886,0.585342949604
1309,0.562061729673,0.575973582711
1310,0.491599007721,0.503584862642
1311,0.485308698089,0.494869561207
1312,0.508577737531,0.519889444621
1313,0.538683416236,0.549732235789
1314,0.53173459254,0.54231265372
1315,0.472393640842,0.482626544365
1316,0.47677076418,0.485336946854
1317,0.490683848624,0.499904447011
1318,0.512945931988,0.521560276551
1319,0.508288735223,0.517021106107
1320,0.463423710615,0.473574624048
1321,0.471121446553,0.479557418891
1322,0.482668058154,0.49170020065
1323,0.501772022978,0.511122495939
1324,0.49812936347,0.508077176476
1325,0.458105258387,0.46821861405
1326,0.446607743816,0.454432424037
1327,0.480839137222,0.49027725299
1328,0.494323543401,0.503684289426
1329,0.482052469344,0.491195744263
1330,0.447495439782,0.457096680457
1331,0.448238025341,0.456559110716
1332,0.481817594398,0.491400680268
1333,0.490019664289,0.499758854782
1334,0.479047637843,0.488614984495
1335,0.447442186614,0.456680710796
1336,0.447302969395,0.456547377467
1337,0.474307726684,0.483800508259
1338,0.490470238296,0.500231575848
1339,0.472787077215,0.48220970426
1340,0.448032441891,0.456361013922
1341,0.447321140302,0.456942622079
1342,0.482037939874,0.491232007914
1343,0.493787725003,0.503197984112
1344,0.471969538478,0.481198496402
1345,0.446424844834,0.454244345813
1346,0.448713202196,0.458918452153
1347,0.496061559799,0.505665238109
1348,0.502445398163,0.511805250498
1349,0.483529424023,0.492555169602
1350,0.471175742762,0.479591686095
1351,0.46319100324,0.473333343732
1352,0.507709598585,0.516431419437
1353,0.513170968672,0.521742721876
1354,0.490267683578,0.499504960513
1355,0.477069174047,0.485639002602
1356,0.472335248505,0.482605493587
1357,0.531219439951,0.541842332578
1358,0.538665490482,0.549735545646
1359,0.508440283572,0.519758498337
1360,0.485954092349,0.495509957815
1361,0.491982751127,0.503996965843
1362,0.561220411315,0.575099227042
1363,0.570918057647,0.585700290175
1364,0.516013619216,0.529457463899
1365,0.47105553836,0.482440489962
1366,0.511956438551,0.526272629117
1367,0.590796456746,0.607080522305
1368,0.600673272857,0.617719544328
1369,0.526692492065,0.541434704678
1370,0.479056109085,0.491302388766
1371,0.527898337824,0.543015994425
1372,0.611665471406,0.628228465234
1373,0.621605011548,0.638898288364
1374,0.545259375055,0.560531749204
1375,0.486504658574,0.499537663444
1376,0.545379044006,0.561518079049
1377,0.634793139021,0.652484472815
1378,0.64187400618,0.659134627429
1379,0.547985219626,0.563079917966
1380,0.464209617694,0.477479977237
1381,0.559786427157,0.577009364852
1382,0.659280996225,0.678809778483
1383,0.662912480101,0.681462697047
1384,0.559283761784,0.574637094787
1385,0.469639874187,0.482771322082
1386,0.565574866896,0.581409167798
1387,0.675735917945,0.695144561861
1388,0.669759742258,0.686098587219
1389,0.575948017602,0.59354938766
1390,0.47385060344,0.487356654077
1391,0.571946448559,0.587572801858
1392,0.691053394568,0.711533291167
1393,0.701995041841,0.72425977581
1394,0.589473624576,0.608804467374
1395,0.479965176541,0.494400762417
1396,0.584038497166,0.601452677797
1397,0.705051235779,0.726845186265
1398,0.714287064957,0.737536812185
1399,0.59445567466,0.613968444314
1400,0.487818516663,0.503582919739
1401,0.592182529132,0.610683724249
1402,0.712431817166,0.734437504174
1403,0.713582211239,0.735642669743
1404,0.594027615625,0.613089847558
1405,0.689354352068,0.709192019044
1406,0.686936385406,0.706528335493
1407,0.685928736172,0.705216952843
1408,0.684417625968,0.703421428821
1409,0.683770034703,0.702846955379
1410,0.68406372556,0.703572283548
1411,0.685320922829,0.705400241891
1412,0.687352331115,0.707924161173
1413,0.688085723774,0.709150140953
1414,0.686182499152,0.707183402942
1415,0.682335787526,0.703032977988
1416,0.679727457941,0.700066687473
1417,0.677595838078,0.697874676332
1418,0.674005255481,0.694271743474
1419,0.672027924015,0.692248340927
1420,0.669670850819,0.689802782223
1421,0.663131314966,0.682052729996
1422,0.659331534431,0.677973129504
1423,0.657771433525,0.676639716447
1424,0.652726094668,0.671081722015
1425,0.64875241329,0.66702756913
1426,0.644044494792,0.662097762846
1427,0.640221373968,0.658110579206
1428,0.635877710196,0.653507665246
1429,0.640885969328,0.658971212672
1430,0.62725352478,0.644432888029
1431,0.622142912253,0.638987877985
1432,0.617292655016,0.63359381611
1433,0.611990266158,0.627810079041
1434,0.626513325102,0.643869119601
1435,0.604008706921,0.619690634503
1436,0.600022666381,0.615900526278
1437,0.596767114184,0.61284276404
1438,0.594010039852,0.610254457107
1439,0.606217336892,0.623417093846
1440,0.585680574324,0.601788483141
1441,0.581505184034,0.597437158125
1442,0.577369014341,0.593203465981
1443,0.574215951075,0.590480026553
1444,0.580580428063,0.596526863691
1445,0.568869134992,0.584232333429
1446,0.557090086388,0.572036481792
1447,0.551353064196,0.565790351645
1448,0.545109050419,0.558877324752
1449,0.552856600023,0.565647636092
1450,0.538602500644,0.550919711778
1451,0.526853706825,0.538529048532
1452,0.521398965224,0.532611803196
1453,0.516432721096,0.527141802877
1454,0.523564819954,0.533485224219
1455,0.511068541936,0.520686151476
1456,0.501177561954,0.51034226637
1457,0.495735659926,0.504627990406
1458,0.493820001727,0.502686788251
1459,0.502235208624,0.511160220781
1460,0.495482371375,0.504816454315
1461,0.488795945485,0.49842344804
1462,0.485365850329,0.495208498883
1463,0.488334502305,0.498271834063
1464,0.49161374138,0.501408423699
1465,0.487693148434,0.497374545009
1466,0.479801482966,0.489353390892
1467,0.47582341351,0.485318479595
1468,0.478298203556,0.487832234382
1469,0.483164098883,0.492742355859
1470,0.481692851258,0.491398616362
1471,0.47559247536,0.485427736456
1472,0.474164731927,0.48407413614
1473,0.478459171648,0.488313318106
1474,0.481779774126,0.491593116607
1475,0.477253202479,0.487124116845
1476,0.473117899381,0.483022788535
1477,0.474041831396,0.483918476325
1478,0.479661881805,0.489432620322
1479,0.483246371076,0.492805411491
1480,0.481885541441,0.491547143677
1481,0.475470613384,0.484969495829
1482,0.478744020993,0.488359025758
1483,0.485483978264,0.495232776311
1484,0.490073884724,0.499894053134
1485,0.484575844009,0.494569247726
1486,0.485513395462,0.49537380925
1487,0.488607574671,0.498234646671
1488,0.495335131615,0.504698046319
1489,0.502085651096,0.511019279568
1490,0.493802752024,0.50268412472
1491,0.496156469954,0.505068184884
1492,0.5010314823,0.510216650683
1493,0.5107649273,0.520401107235
1494,0.52289116503,0.532841531862
1495,0.516534741419,0.52722902434
1496,0.522236103736,0.533449521602
1497,0.527012727408,0.538735571638
1498,0.537825985787,0.550163647435
1499,0.55289341236,0.565697774402
1500,0.544812440379,0.558574817359
1501,0.551046521609,0.565510525297
1502,0.557436246597,0.572376840473
1503,0.564548322635,0.579901450644
1504,0.580621360901,0.596448728822
1505,0.574606953387,0.590835143845
1506,0.57735694422,0.593182219987
1507,0.581601257046,0.59758472334
1508,0.586249554842,0.602353840842
1509,0.606466315725,0.623716963729
1510,0.594526687096,0.610797969935
1511,0.597651320012,0.613729428845
1512,0.600699596676,0.616517129902
1513,0.607611629492,0.623515998598
1514,0.626693579985,0.64407222747
1515,0.611410505019,0.627156293937
1516,0.617131894261,0.633451614143
1517,0.622055906045,0.638963492282
1518,0.627609057765,0.644803736428
1519,0.63425895566,0.651942338635
1520,0.636452195121,0.654109512751
1521,0.639441187655,0.657290157143
1522,0.643925007314,0.662040519332
1523,0.649232418786,0.667515813438
1524,0.655466825221,0.674013119632
1525,0.657836190872,0.676675093986
1526,0.65894589339,0.677548889916
1527,0.663353942639,0.682312560878
1528,0.670009582856,0.690128567462
1529,0.672472431862,0.692741512038
1530,0.674501565069,0.69475008639
1531,0.677190858696,0.697525453435
1532,0.678804790422,0.699152071711
1533,0.682516635707,0.703154063909
1534,0.685917273843,0.706948194339
1535,0.688101014408,0.709111389594
1536,0.687656754392,0.708183878511
1537,0.686091262413,0.706195045621
1538,0.684964463996,0.704442547529
1539,0.683339538166,0.702372921174
1540,0.684603151616,0.703566588794
1541,0.686362295775,0.705658286672
1542,0.687403041983,0.707051579992
1543,0.689135176264,0.708965558724
1544,0.686848228276,0.705970849087
1545,0.687029724012,0.706169212478
1546,0.686677763943,0.705589073038
1547,0.685759643936,0.704486654866
1548,0.684318935671,0.702915487989
1549,0.685479516928,0.704522848939
1550,0.686224639116,0.70578131893
1551,0.686902031008,0.706968914713
1552,0.687177504184,0.707672331967
1553,0.686979273437,0.707761992666
1554,0.683765007559,0.704310221802
1555,0.679906890903,0.700106095885
1556,0.67716815904,0.697058775026
1557,0.674951190593,0.694620440403
1558,0.672383302613,0.691959885663
1559,0.66922498579,0.688628363062
1560,0.667527454229,0.686904437628
1561,0.647770513047,0.662651030211
1562,0.659593552467,0.678293307201
1563,0.655874738973,0.67417723125
1564,0.650355794382,0.668366406168
1565,0.646455412038,0.664374104438
1566,0.642453757707,0.660278741188
1567,0.637829710798,0.655509999178
1568,0.633953016889,0.651496188853
1569,0.638674502703,0.656383698821
1570,0.625397905996,0.64229079633
1571,0.619208306527,0.635507862132
1572,0.614243312435,0.630029124362
1573,0.608472330202,0.623831479258
1574,0.613029454669,0.628735392338
1575,0.600846642178,0.616291332281
1576,0.59680528378,0.612370247558
1577,0.593430785517,0.609123665494
1578,0.589450425533,0.605245199095
1579,0.594413800785,0.610711910981
1580,0.581356766067,0.597018771247
1581,0.577418703325,0.59298450178
1582,0.572015782968,0.587466227765
1583,0.567236281136,0.582478654637
1584,0.569202169602,0.584678368078
1585,0.562642403041,0.577759967257
1586,0.550779649936,0.565001703298
1587,0.544612861989,0.558248463097
1588,0.538237212407,0.551139172443
1589,0.539514091665,0.552384542282
1590,0.532848187629,0.544959596241
1591,0.52234768503,0.533510774184
1592,0.517051407062,0.527715858827
1593,0.511547131365,0.521689469591
1594,0.511236627777,0.521286465842
1595,0.504532702654,0.514004997657
1596,0.49602865039,0.504879293345
1597,0.49229057543,0.501096569657
1598,0.491320404879,0.500356753568
1599,0.490802159637,0.500233940669
1600,0.488811987968,0.498458850056
1601,0.485335157066,0.495117205721
1602,0.483392078276,0.493276464117
1603,0.483549926995,0.493458729247
1604,0.481432588545,0.491314760099
1605,0.478104555875,0.487579063147
1606,0.474045354283,0.483216878908
1607,0.473011816507,0.482288041498
1608,0.473252882594,0.482697668553
1609,0.473664059165,0.483183150691
1610,0.473245389815,0.48285503033
1611,0.472170670447,0.481871089059
1612,0.472766240623,0.482505311697
1613,0.473249327547,0.483079976227
1614,0.473691710614,0.483501656284
1615,0.471691790897,0.481437546395
1616,0.471312869738,0.481003277578
1617,0.472484505293,0.482048805407
1618,0.473511147827,0.48306721209
1619,0.474347199873,0.48376258607
1620,0.473680933726,0.482930339405
1621,0.47398010175,0.483185856521
1622,0.477238652794,0.486633598737
1623,0.481471679263,0.491299971296
1624,0.481281708094,0.491082650008
1625,0.487964124446,0.49795377427
1626,0.485875618929,0.495765306534
1627,0.488730442316,0.498378910216
1628,0.491296885119,0.500746006
1629,0.491695535479,0.500759978136
1630,0.492712521914,0.501518331017
1631,0.495965332666,0.50485193499
1632,0.504336043428,0.513811297544
1633,0.510183648116,0.520229040571
1634,0.511210108725,0.521378648008
1635,0.517188577142,0.527881534812
1636,0.522512689028,0.533697480018
1637,0.532704228139,0.544826391093
1638,0.539347430458,0.552226279734
1639,0.539277747928,0.552212982299
1640,0.544817246996,0.558463393199
1641,0.550283936588,0.564535798142
1642,0.559084099111,0.573939112253
1643,0.568934210278,0.584421491009
1644,0.567183691504,0.582444928779
1645,0.572630866159,0.588107676081
1646,0.577478005725,0.59304049886
1647,0.581721321606,0.597403909281
1648,0.593582240059,0.609860244988
1649,0.589574226554,0.605365416485
1650,0.59307905274,0.608726785621
1651,0.596479079233,0.612022540637
1652,0.604434356557,0.619972726346
1653,0.613139762302,0.628837114222
1654,0.609076594512,0.624473713479
1655,0.614120772654,0.629938426895
1656,0.620084854764,0.63644076413
1657,0.624715886852,0.641567628483
1658,0.63423906773,0.651686632145
1659,0.634455335404,0.652013524798
1660,0.637880785047,0.655628360386
1661,0.641828350375,0.659611715012
1662,0.646315396226,0.664236287641
1663,0.656015196562,0.674328277114
1664,0.65569679838,0.673985162725
1665,0.660404878577,0.679143062904
1666,0.64854943957,0.663504378465
1667,0.666655578864,0.685982204506
1668,0.669807024922,0.689213331064
1669,0.67189650863,0.691429833139
1670,0.674467415966,0.694130002793
1671,0.678165472536,0.698050612605
1672,0.680979353747,0.701159933901
1673,0.684140030084,0.704687233246
1674,0.686299203073,0.707070687909
1675,0.687645805083,0.70817850141
1676,0.687279193094,0.707361918953
1677,0.686465990827,0.706010780817
1678,0.684937937963,0.703937388729
1679,0.68396979294,0.702576750199
1680,0.68543745754,0.704154760921
1681,0.686324013851,0.70519224381
1682,0.687048736839,0.706161502534
1683,0.679403742383,0.697923385278
1684,0.679589825546,0.698110796269
1685,0.677971664038,0.69631781813
1686,0.676968553772,0.695128816813
1687,0.67597472731,0.694395352604
1688,0.677384609125,0.696256599251
1689,0.679179258957,0.698580472094
1690,0.679684853095,0.699652704011
1691,0.679956042843,0.700235935233
1692,0.677706551146,0.69806654297
1693,0.674862046919,0.69488800002
1694,0.671305595817,0.69098918503
1695,0.669171927725,0.688693228959
1696,0.666867216535,0.686284354482
1697,0.663886848349,0.683082175066
1698,0.661912019598,0.6810800838
1699,0.657693121301,0.676339442197
1700,0.65622315721,0.674999072184
1701,0.65179500145,0.670216010532
1702,0.64774541284,0.66572093758
1703,0.643449517909,0.661376876319
1704,0.639726068407,0.657528955347
1705,0.635221967635,0.652848766516
1706,0.631710864248,0.649229874072
1707,0.626915087746,0.644185494255
1708,0.622870118494,0.639760092604
1709,0.617465875895,0.633776832917
1710,0.61210691251,0.627993479164
1711,0.607523985889,0.622944086823
1712,0.60138912657,0.616447524308
1713,0.596998872747,0.611971555154
1714,0.593195725453,0.60831941222
1715,0.589128072393,0.604325730922
1716,0.58619470478,0.601548986383
1717,0.582271055161,0.597741648272
1718,0.578825741528,0.594218336422
1719,0.57445482789,0.589690473153
1720,0.569579828024,0.584745965155
1721,0.564787962699,0.57961854743
1722,0.558797381161,0.573298836462
1723,0.553382811663,0.56763293532
1724,0.548547017653,0.562553250777
1725,0.543500706853,0.557043823451
1726,0.537310839393,0.550321842117
1727,0.532400437778,0.544723912867
1728,0.526858769113,0.538610944317
1729,0.521727634056,0.532930760384
1730,0.516624297959,0.527335394597
1731,0.510696415347,0.520901418155
1732,0.505793878932,0.51553862667
1733,0.50089642229,0.510267242581
1734,0.496074337873,0.50499246398
1735,0.492342769287,0.501089014142
1736,0.489356789875,0.498176657657
1737,0.487132567228,0.496331969006
1738,0.485648537503,0.495112785113
1739,0.48455527164,0.494221162549
1740,0.482283195907,0.491988724526
1741,0.481064813616,0.490744563846
1742,0.481222088759,0.490789991798
1743,0.47509608691,0.484304517998
1744,0.473014098383,0.48205156121
1745,0.471126206277,0.480115930541
1746,0.47021962529,0.479241293313
1747,0.469367683648,0.478431129306
1748,0.469189652988,0.47834954461
1749,0.469252957805,0.478538108402
1750,0.469351719361,0.478844693584
1751,0.470757119321,0.48037987629
1752,0.470577480839,0.480277324774
1753,0.470502140427,0.480092463763
1754,0.469747349879,0.479223260997
1755,0.469478360642,0.478787699841
1756,0.469106999231,0.478254812857
1757,0.469276290687,0.478305125845
1758,0.471220880447,0.480273758425
1759,0.471354192262,0.480333271063
1760,0.473307783171,0.48229458181
1761,0.475250912609,0.484410059328
1762,0.478089298009,0.487532758152
1763,0.480628636505,0.490309055497
1764,0.483364288027,0.493121283289
1765,0.484542031517,0.494174717283
1766,0.485878829007,0.495322527691
1767,0.4915315106,0.500826811291
1768,0.490254552224,0.499273372952
1769,0.49170069451,0.500425313234
1770,0.496217739693,0.50518280456
1771,0.501356762263,0.510726822497
1772,0.505584890458,0.515340720781
1773,0.511140131184,0.52136337962
1774,0.516476670341,0.527189264336
1775,0.521501071959,0.532721548219
1776,0.526918840989,0.538650379968
1777,0.531851703349,0.544166389607
1778,0.537474696439,0.550435591452
1779,0.543177314404,0.556750445758
1780,0.5487285498,0.562664249445
1781,0.553583729247,0.567876958053
1782,0.559138688673,0.573672257563
1783,0.564921562271,0.579807120187
1784,0.56968020871,0.584815866101
1785,0.574585839847,0.589844706189
1786,0.578736817193,0.594098459954
1787,0.582318139872,0.597772006271
1788,0.585643270119,0.600990471573
1789,0.589088655016,0.60428043278
1790,0.593173783473,0.608351678575
1791,0.596603783097,0.611564418468
1792,0.600943226738,0.616013695132
1793,0.607162269533,0.62260508242
1794,0.611990250419,0.627864485564
1795,0.616934841334,0.633274026764
1796,0.622094434299,0.638957144646
1797,0.627016091512,0.644230636846
1798,0.631159900206,0.648717150734
1799,0.635831365218,0.653462513618
1800,0.639029850129,0.656850594804
1801,0.643437463424,0.661302421255
1802,0.647562053762,0.665572933965
1803,0.652192999293,0.670602796273
1804,0.65546205859,0.674260888404
1805,0.657902631174,0.676553973715
1806,0.661641496413,0.680802639956
1807,0.663778675354,0.683049123066
1808,0.66638593048,0.685682624951
1809,0.668902848371,0.688377603328
1810,0.671621854352,0.691295927602
1811,0.675220084397,0.695230881783
1812,0.678400205268,0.698817542516
1813,0.679629901217,0.699929707075
1814,0.679494615372,0.699407305644
1815,0.678250210723,0.697645466058
1816,0.678155958004,0.697116664223
1817,0.676677993928,0.69513896807
1818,0.677545192004,0.695722241289
1819,0.67855893628,0.696905706008
1820,0.679636286885,0.698155160086
1821,0.67951330177,0.698109586932
1822,0.65984757434,0.677743533021
1823,0.659400153051,0.677330035583
1824,0.658286160397,0.676124058569
1825,0.657826827183,0.675544665391
1826,0.658123260505,0.675995296449
1827,0.659006689154,0.677258670567
1828,0.65946292979,0.678162767325
1829,0.659952322308,0.679101052039
1830,0.661321156342,0.680834116999
1831,0.660224966355,0.679907126142
1832,0.657775191271,0.677494618554
1833,0.655290916935,0.674651712399
1834,0.652475997906,0.671551655318
1835,0.650286361441,0.669150041873
1836,0.647518326284,0.666329802075
1837,0.645819968067,0.664580945559
1838,0.642925802663,0.66116478567
1839,0.638815542468,0.656871107446
1840,0.637481339053,0.6557299381
1841,0.634144472179,0.652017844799
1842,0.630083161053,0.647758239274
1843,0.62666774106,0.64425089742
1844,0.622852694127,0.640380669612
1845,0.618939302324,0.636267821203
1846,0.615774922584,0.632856360504
1847,0.610672383832,0.627412397692
1848,0.606686011284,0.622974977384
1849,0.601368341016,0.617252006134
1850,0.59749581025,0.61302435462
1851,0.592080149314,0.607004826886
1852,0.586821774078,0.601418995622
1853,0.582613900375,0.597145671434
1854,0.579906790048,0.59455249815
1855,0.575370677563,0.589999881614
1856,0.572562661797,0.587160822075
1857,0.569995965473,0.584789128961
1858,0.565501722795,0.580196867142
1859,0.56228596502,0.576992979003
1860,0.55784932407,0.572425091679
1861,0.553205622952,0.567674368575
1862,0.548957141491,0.563194965731
1863,0.544019058682,0.55810323942
1864,0.538982348468,0.552600894045
1865,0.534007900038,0.547286536648
1866,0.52915669222,0.542048569232
1867,0.524289852221,0.536510695171
1868,0.523184110807,0.534847852748
1869,0.512524021698,0.52346583402
1870,0.507153670725,0.517502142256
1871,0.5020017614,0.51179866993
1872,0.497108069228,0.506505961587
1873,0.494173023004,0.503327532622
1874,0.493832071006,0.502629657815
1875,0.486325584497,0.495048646961
1876,0.484616944781,0.493619252822
1877,0.48366353524,0.493084078013
1878,0.486227626665,0.495798297905
1879,0.479820527205,0.489454205288
1880,0.478319372596,0.487957943498
1881,0.477000604349,0.486581976634
1882,0.477997298661,0.487453141423
1883,0.473028469676,0.482516620698
1884,0.4710006677,0.480382953451
1885,0.469531337371,0.478852860974
1886,0.468131532384,0.477316620649
1887,0.467559496221,0.476815893115
1888,0.466083783938,0.475012574352
1889,0.467247996316,0.476660140587
1890,0.467247453603,0.476721001862
1891,0.468086235324,0.477632462179
1892,0.468228828606,0.477757487112
1893,0.467281384436,0.476764104628
1894,0.467134179028,0.476533369938
1895,0.466096490182,0.475021666262
1896,0.467458591374,0.476748834721
1897,0.468538908893,0.477690350011
1898,0.469435434592,0.478720492119
1899,0.471519026262,0.480901096556
1900,0.472574483675,0.482030776965
1901,0.474273844983,0.48366481448
1902,0.476318494497,0.48591697734
1903,0.480644464125,0.490300622264
1904,0.484160765628,0.493882744464
1905,0.482011233822,0.491596627621
1906,0.487700496221,0.497098216862
1907,0.485938913922,0.495102351031
1908,0.486787879887,0.495513022908
1909,0.489810781051,0.498514556531
1910,0.493395884201,0.502397754938
1911,0.497262689348,0.506643695689
1912,0.502308043777,0.512110414761
1913,0.506818284979,0.517138030287
1914,0.513017172714,0.523970752477
1915,0.518310433817,0.529857126759
1916,0.523365100194,0.535508436159
1917,0.529539176549,0.542441594599
1918,0.534404102649,0.547675154029
1919,0.539377278874,0.553015705728
1920,0.544030049037,0.558099327149
1921,0.549332784015,0.56359436244
1922,0.553471264029,0.567925498368
1923,0.55785808812,0.572448425428
1924,0.562446499764,0.577147696877
1925,0.565953288738,0.580706822111
1926,0.569876738859,0.584715593031
1927,0.572685193577,0.58730182524
1928,0.575766967188,0.590394851965
1929,0.579411614593,0.594102721007
1930,0.582787856086,0.597347735866
1931,0.5870251404,0.601676986984
1932,0.591839653276,0.60685234368
1933,0.596609770434,0.612057397593
1934,0.601548288479,0.617431297625
1935,0.605933999143,0.622236220257
1936,0.610779919444,0.627489887229
1937,0.615174784708,0.632213686601
1938,0.618838073882,0.636145076071
1939,0.631924006487,0.649652196613
1940,0.627467082713,0.645221009607
1941,0.630474467568,0.648168646501
1942,0.633771515624,0.651628249803
1943,0.637170851133,0.655384838553
1944,0.63880719936,0.656829016363
1945,0.642514192462,0.660719677693
1946,0.645852273459,0.664590427317
1947,0.647923273516,0.666723329246
1948,0.649680043133,0.668563171311
1949,0.652304220352,0.671295963578
1950,0.655607700446,0.67502393564
1951,0.658488020995,0.67828012373
1952,0.660372403234,0.680128756193
1953,0.660482255022,0.679989353719
1954,0.660496684903,0.679602680725
1955,0.659586359048,0.678308235386
1956,0.658471354742,0.67665615201
1957,0.658584806939,0.67645451696
1958,0.657447923029,0.675116348752
1959,0.658777335337,0.676579278577
1960,0.659102428146,0.67700150506
1961,0.410113854621,0.423182212613
1962,0.506783902358,0.523026240289
1963,0.619772514533,0.638858680515
1964,0.695522833498,0.71648235054
1965,0.64121396814,0.660992248059
1966,0.527788585325,0.544420752767
1967,0.416995679212,0.430470934692
1968,0.483966561729,0.499824307107
1969,0.597033773335,0.616072004524
1970,0.68776066052,0.709152633139
1971,0.653101055079,0.672895097335
1972,0.542965020377,0.559217412501
1973,0.42634503514,0.43909075681
1974,0.455066474078,0.470012875124
1975,0.570406338518,0.589105009079
1976,0.66351617036,0.683565883021
1977,0.655497935921,0.674405833092
1978,0.555990079783,0.571665925412
1979,0.442119536181,0.454450461575
1980,0.426746454352,0.439615745578
1981,0.536575110084,0.553065067781
1982,0.63261495464,0.650737903026
1983,0.650912982721,0.669263892848
1984,0.569762458247,0.585878960795
1985,0.46285629411,0.477061924617
1986,0.424399826034,0.435639349047
1987,0.500791825758,0.514778468171
1988,0.598460156599,0.615285914248
1989,0.63892074328,0.65690105053
1990,0.579804990521,0.597331304347
1991,0.478083462398,0.493308954407
1992,0.426284034668,0.435961278402
1993,0.483953009984,0.497606873072
1994,0.564890366437,0.580619013378
1995,0.613052608545,0.62870934819
1996,0.574250158977,0.589735680301
1997,0.483398034315,0.49748410589
1998,0.418647882446,0.427507279782
1999,0.474619021023,0.487920244618
2000,0.537389316281,0.553042394092
2001,0.592718129214,0.608945199531
2002,0.570278013314,0.585935726108
2003,0.488901150725,0.503330810242
2004,0.40522077539,0.415735514688
2005,0.464646347228,0.476397886845
2006,0.524153582219,0.539159165979
2007,0.566456983726,0.581991630322
2008,0.558538438326,0.573601494524
2009,0.486530709979,0.499938528773
2010,0.409906744807,0.420341279356
2011,0.462813620948,0.472005343355
2012,0.485749150294,0.49763798513
2013,0.527600775763,0.539663155107
2014,0.532605360081,0.544216440156
2015,0.479112820753,0.490300784687
2016,0.424005421198,0.433188838988
2017,0.441560336892,0.449890826311
2018,0.466014200722,0.475921433768
2019,0.495469413864,0.504831659331
2020,0.50634732388,0.515375464966
2021,0.470171912428,0.480192579953
2022,0.418511503529,0.42783805024
2023,0.443418883915,0.450946449798
2024,0.449710141998,0.458067343825
2025,0.47133435857,0.479546894941
2026,0.485857541149,0.494194228671
2027,0.467512399488,0.477939273569
2028,0.426486855751,0.43580042891
2029,0.415608059797,0.421775141883
2030,0.456906813363,0.465751213005
2031,0.463595865502,0.472690398073
2032,0.477446568518,0.486235521019
2033,0.458036215533,0.46725627004
2034,0.418368500143,0.427728776175
2035,0.416100439764,0.422498426305
2036,0.443397059817,0.452062639369
2037,0.454134350202,0.463738234696
2038,0.470259491652,0.479507009347
2039,0.455516174483,0.464885550159
2040,0.432795496183,0.441633120714
2041,0.413778172841,0.42013528705
2042,0.43512414733,0.443575400136
2043,0.45235671594,0.461593348684
2044,0.46955336607,0.47898221248
2045,0.451870151175,0.46113631852
2046,0.43509416528,0.443564302455
2047,0.413723001995,0.420060500674
2048,0.432580421613,0.441420676066
2049,0.451960273524,0.461175136485
2050,0.470281273865,0.479549239748
2051,0.457680699352,0.467356936026
2052,0.443165517024,0.451838538915
2053,0.416027169865,0.422455357209
2054,0.418618123385,0.428006599407
2055,0.456106346535,0.465280721055
2056,0.476242914519,0.484965184035
2057,0.471737258468,0.481027545313
2058,0.457638253617,0.466642979152
2059,0.431232338365,0.437905293158
2060,0.419668725269,0.42896777964
2061,0.466776859611,0.476999863197
2062,0.48651141354,0.494738292772
2063,0.475341074512,0.483644369143
2064,0.450732867205,0.459348499909
2065,0.424577947332,0.431484201199
2066,0.418130792911,0.427471063968
2067,0.470379767583,0.480430729657
2068,0.506682941499,0.515754280014
2069,0.495597680179,0.504970303715
2070,0.466281293965,0.476189446206
2071,0.441935450621,0.450255421623
2072,0.414032986341,0.423044109135
2073,0.479198738132,0.490398487936
2074,0.532495932997,0.544136010685
2075,0.527664018794,0.539680945408
2076,0.486104051936,0.498005162909
2077,0.462991687029,0.472213254173
2078,0.409686996003,0.420113016391
2079,0.486063870332,0.499464941494
2080,0.557581787533,0.57267131596
2081,0.566764959341,0.582264645705
2082,0.512460586797,0.527046096862
2083,0.46528659079,0.477042778835
2084,0.40503699804,0.415620208368
2085,0.488732262914,0.503182846052
2086,0.570783995455,0.586494393166
2087,0.593323965687,0.609552217264
2088,0.537779612142,0.553443154705
2089,0.464458615165,0.477519691546
2090,0.418781426618,0.427656958794
2091,0.483649390851,0.497778773617
2092,0.573470562348,0.588893651381
2093,0.613254815139,0.628885693054
2094,0.564398428986,0.580042189509
2095,0.484803115927,0.498511329733
2096,0.426332274366,0.435980067584
2097,0.477367524591,0.492520044235
2098,0.580561513611,0.598143579088
2099,0.639137032079,0.657110480128
2100,0.597980889539,0.614734697589
2101,0.509552542729,0.523953922065
2102,0.414217788979,0.425702600017
2103,0.46090108651,0.474716364418
2104,0.569716015825,0.585830754474
2105,0.651066402277,0.669326049818
2106,0.632781735349,0.65092827222
2107,0.536306958514,0.552772963554
2108,0.42724342481,0.440107343856
2109,0.441984014939,0.454309918909
2110,0.555913100406,0.571617530477
2111,0.65519223454,0.674122151128
2112,0.663811784066,0.68388307659
2113,0.570663522869,0.589390104528
2114,0.455160679785,0.470158821025
2115,0.426951408016,0.439720540642
2116,0.542772038461,0.559032309472
2117,0.654218564537,0.674005022791
2118,0.688030810499,0.709428303613
2119,0.596871796619,0.615969475998
2120,0.483275899862,0.499166749871
2121,0.417271103965,0.430726303927
2122,0.527849953544,0.544478105308
2123,0.641378829797,0.661118944071
2124,0.69520500956,0.716130642841
2125,0.619135381031,0.638175295766
2126,0.507335837358,0.523612757644
2127,0.692148647204,0.713602515639
2128,0.689871435912,0.711172357041
2129,0.688419904065,0.709316771277
2130,0.687564517016,0.708424376744
2131,0.68684804813,0.707646302464
2132,0.687535442869,0.708503985512
2133,0.688756910304,0.710091527325
2134,0.687219662136,0.708780892772
2135,0.686187166514,0.70788525116
2136,0.686409055042,0.708267197711
2137,0.687019062309,0.709125568341
2138,0.685494100522,0.707534678183
2139,0.683224493127,0.705028538003
2140,0.678977600445,0.700402781974
2141,0.673204833547,0.693962078577
2142,0.671549616636,0.692233448259
2143,0.670831505604,0.691513515202
2144,0.668676098313,0.689298745748
2145,0.668872962274,0.689581308416
2146,0.655439227403,0.672913979764
2147,0.657366564857,0.677103286708
2148,0.6540065166,0.673345382344
2149,0.652299334373,0.671376136203
2150,0.64881234265,0.667624076537
2151,0.664642176588,0.684582236982
2152,0.644160259166,0.662976702614
2153,0.636410485821,0.654874274068
2154,0.632963591809,0.651393467599
2155,0.631343116012,0.649796237633
2156,0.627912593779,0.646205423832
2157,0.652393452622,0.673038798549
2158,0.630490627642,0.648983437544
2159,0.614593714444,0.631935090331
2160,0.608585057566,0.625342310929
2161,0.606720509956,0.623301004759
2162,0.603044362777,0.619557370604
2163,0.627789783684,0.647225534376
2164,0.613326934044,0.631378876689
2165,0.591938011551,0.608624760517
2166,0.587736691422,0.604381983163
2167,0.585710390532,0.602423417747
2168,0.583400178642,0.600226576481
2169,0.592384468414,0.609875864844
2170,0.59260631978,0.609927789593
2171,0.575372962724,0.591886306239
2172,0.564250841112,0.580222848873
2173,0.561870823855,0.577844114191
2174,0.558062854414,0.574101279785
2175,0.561021472055,0.576632072657
2176,0.562426116476,0.577398030851
2177,0.545572421128,0.559969014485
2178,0.533193282864,0.546760741772
2179,0.528856359989,0.541869453795
2180,0.525025773685,0.537627517688
2181,0.528585774942,0.540480720169
2182,0.52845997954,0.539674231986
2183,0.516124801954,0.52701837078
2184,0.504089740667,0.514365437108
2185,0.500075755286,0.510041360772
2186,0.49658494369,0.506278628607
2187,0.499316823717,0.508375261045
2188,0.499369982547,0.507851360769
2189,0.491478768944,0.499765674399
2190,0.480169742423,0.488466522117
2191,0.476516535376,0.485032471489
2192,0.476485125613,0.48529218396
2193,0.481720410073,0.490622988152
2194,0.485091425973,0.494039764634
2195,0.483829436493,0.493007805607
2196,0.474897990501,0.484473070011
2197,0.470447795355,0.480207797023
2198,0.469590502518,0.479720722901
2199,0.469622828326,0.479796455023
2200,0.471555314157,0.481349870233
2201,0.476563046808,0.486119869276
2202,0.483645682386,0.49282032401
2203,0.485660237866,0.494624810901
2204,0.481098230101,0.490008165586
2205,0.47522737471,0.484076754708
2206,0.477214166342,0.485731514576
2207,0.481047672815,0.489323058549
2208,0.491413305434,0.499715632248
2209,0.499096870072,0.507578581362
2210,0.499483040034,0.50853701667
2211,0.496409475504,0.506097972784
2212,0.500179313851,0.510135128533
2213,0.503923207412,0.514189879667
2214,0.516351929609,0.527273527875
2215,0.52861695753,0.539847526863
2216,0.528703303322,0.540557078415
2217,0.524685515025,0.537270322922
2218,0.529516996593,0.542549496717
2219,0.53266600786,0.546202190163
2220,0.54548917182,0.559870610828
2221,0.562364925975,0.577331200551
2222,0.560139054751,0.575724191799
2223,0.558657934146,0.574715744018
2224,0.56160029951,0.577542076086
2225,0.564226603039,0.580245675406
2226,0.571775420768,0.588151358957
2227,0.592335611143,0.609550221446
2228,0.59235052143,0.609831605146
2229,0.583122958358,0.599945913604
2230,0.586222810551,0.602969171724
2231,0.587983404238,0.604589850713
2232,0.592364833348,0.609040421494
2233,0.609517574945,0.627183667152
2234,0.627859661523,0.647258940705
2235,0.603088869167,0.619600827572
2236,0.607155382972,0.62377002827
2237,0.60950930729,0.626265165781
2238,0.614633478069,0.631963677436
2239,0.63082731051,0.649414729506
2240,0.651440271995,0.6719914995
2241,0.627938842925,0.646237371721
2242,0.630821860789,0.649246539992
2243,0.632538578248,0.650904150776
2244,0.638056003933,0.656685201981
2245,0.643688287207,0.6624151558
2246,0.659330207276,0.67895108644
2247,0.64874879615,0.667608510627
2248,0.652451373551,0.671588711071
2249,0.655284930371,0.674661736477
2250,0.658604728966,0.67842664578
2251,0.654827818816,0.67220520545
2252,0.668470031758,0.689193020304
2253,0.669599500196,0.690290897154
2254,0.670298785216,0.690968575821
2255,0.671701661578,0.692397422855
2256,0.673499826277,0.694214143662
2257,0.678916277325,0.700291623314
2258,0.683533380784,0.705322011399
2259,0.685912550575,0.707961305178
2260,0.686181663791,0.708294523784
2261,0.686870295542,0.708858151938
2262,0.686314470487,0.708048167503
2263,0.687389479471,0.708948045368
2264,0.688334848964,0.709633721974
2265,0.687251044649,0.708166264362
2266,0.687761116315,0.708612745618
2267,0.687431842025,0.708221254587
2268,0.687915439805,0.708901596571
2269,0.689058464241,0.710323574413
2270,0.69167237616,0.713058548403
2271,0.658338805579,0.676860242731
2272,0.657535863984,0.676082915548
2273,0.657982189833,0.676356479202
2274,0.656876682321,0.675095399077
2275,0.656738645128,0.674822536714
2276,0.656259892232,0.674369373863
2277,0.65710118878,0.675507374277
2278,0.657002991458,0.675739552562
2279,0.657500012947,0.676635491768
2280,0.65806409124,0.677538929706
2281,0.657221066634,0.676828763413
2282,0.656691183359,0.676417567955
2283,0.653346330616,0.672801608762
2284,0.651134949726,0.670328902703
2285,0.648989631125,0.667950027019
2286,0.646023887558,0.664894797308
2287,0.644829363842,0.663650486666
2288,0.642798235918,0.66153249016
2289,0.641215662566,0.65998064713
2290,0.64568232433,0.663818665487
2291,0.63684393133,0.655419383417
2292,0.633635917611,0.651925969724
2293,0.629403229565,0.647272788881
2294,0.626440552949,0.643854280719
2295,0.622410958859,0.639728161207
2296,0.64738147748,0.666144877917
2297,0.616367395977,0.633532768915
2298,0.612942644082,0.630043168403
2299,0.610773593599,0.627793309432
2300,0.607067010347,0.623880252343
2301,0.603464686308,0.620024075822
2302,0.623385643513,0.640779356402
2303,0.611904122495,0.628316577529
2304,0.591111307905,0.606536307769
2305,0.586414723898,0.601371072612
2306,0.581989618522,0.596869810305
2307,0.578842399886,0.593692262228
2308,0.596576558206,0.612423577825
2309,0.593109966219,0.609028151772
2310,0.570131437153,0.585288628562
2311,0.566778624433,0.582084513473
2312,0.564544116006,0.579911783828
2313,0.561881208894,0.577213791683
2314,0.576718019257,0.592830471418
2315,0.572070370953,0.587990820337
2316,0.563197770458,0.578638390449
2317,0.547333559927,0.562190966364
2318,0.542495040715,0.557154548833
2319,0.537375477175,0.55174566981
2320,0.549110807984,0.56409686255
2321,0.545027608377,0.55978113775
2322,0.534267202942,0.548084998491
2323,0.518843830262,0.531546246842
2324,0.514148466589,0.52623892616
2325,0.509734009292,0.521370024823
2326,0.518018679237,0.530082394613
2327,0.511815536234,0.523271936606
2328,0.507282116467,0.518339026497
2329,0.492518198753,0.50247783306
2330,0.492356627234,0.501917451461
2331,0.483229864822,0.492271073008
2332,0.487674600015,0.496780948975
2333,0.483319679747,0.492026693754
2334,0.491272200442,0.502775609065
2335,0.491587291882,0.503152029649
2336,0.482910486759,0.491626810358
2337,0.487872306954,0.497006923219
2338,0.48731706526,0.496454856478
2339,0.487629760145,0.497205082682
2340,0.496261025983,0.506283710867
2341,0.507953041571,0.519121079382
2342,0.512432753371,0.523979564992
2343,0.517849651959,0.529910385403
2344,0.509811910057,0.52141902758
2345,0.514223412489,0.526317041253
2346,0.518752478093,0.531400021935
2347,0.53473656556,0.548540129885
2348,0.544551755819,0.559297820935
2349,0.548902731139,0.563858486792
2350,0.538049347504,0.552494644481
2351,0.542228043131,0.556890036783
2352,0.546488607627,0.561416419773
2353,0.556040294417,0.571178333601
2354,0.57245958478,0.588461070429
2355,0.576841052615,0.592951863093
2356,0.561415488178,0.576711077317
2357,0.564633202888,0.579984907052
2358,0.567522066814,0.582887573268
2359,0.569526943057,0.584776303287
2360,0.591787694749,0.607642503644
2361,0.596274594792,0.612094490197
2362,0.578581922485,0.593367500195
2363,0.582216474094,0.597075801927
2364,0.586639799192,0.601673037189
2365,0.590772645959,0.606208087152
2366,0.612042505477,0.628441768814
2367,0.623358257581,0.640760773439
2368,0.603305995427,0.619821245495
2369,0.60733841328,0.624186828566
2370,0.61049667784,0.627450485157
2371,0.613429344702,0.63056752321
2372,0.616025846124,0.633200132652
2373,0.648128930299,0.666824612674
2374,0.623015637786,0.640306902624
2375,0.625972038929,0.643423357103
2376,0.630248857337,0.648098753573
2377,0.634004402552,0.652309558352
2378,0.637188007231,0.65574437421
2379,0.644717949815,0.662770062691
2380,0.641002460888,0.659745379184
2381,0.643123075408,0.661914566906
2382,0.645348450277,0.664155208542
2383,0.646260942264,0.665100799014
2384,0.648664937541,0.667678461139
2385,0.651095573092,0.670314757921
2386,0.6540773044,0.673542697688
2387,0.656434848901,0.676144704156
2388,0.657080363287,0.676715851122
2389,0.658369566768,0.677864355848
2390,0.658163802556,0.677372282554
2391,0.657123481971,0.67587921975
2392,0.656210562031,0.674562651454
2393,0.654979030865,0.673037690367
2394,0.655956715739,0.674039293393
2395,0.657472950312,0.675688215572
2396,0.65751411611,0.675938006126
2397,0.658016356385,0.676540421815
2398,0.593019946557,0.610336582836
2399,0.592942549894,0.610273800497
2400,0.592510266296,0.609675704702
2401,0.59232174765,0.609399546573
2402,0.600824066805,0.618044601736
2403,0.600476675985,0.617849852135
2404,0.591862328229,0.609266512374
2405,0.592082679425,0.609696220005
2406,0.591505985734,0.609335166243
2407,0.591241148176,0.609208094796
2408,0.590805563349,0.608875533186
2409,0.5891725562,0.607053652189
2410,0.586113252592,0.603659470608
2411,0.584701026892,0.602042941817
2412,0.592399547372,0.609840618123
2413,0.589744558585,0.607071090223
2414,0.580802838875,0.597912301118
2415,0.587864168911,0.605090228154
2416,0.577989601985,0.595049676968
2417,0.581426465073,0.597225069727
2418,0.574053836996,0.590933130953
2419,0.572907507906,0.589549793201
2420,0.571652995369,0.588495391584
2421,0.595482141948,0.612431659015
2422,0.572717814038,0.589022978753
2423,0.564224002361,0.58041637723
2424,0.561652843928,0.577787424241
2425,0.559175003246,0.575173144187
2426,0.556909442136,0.572679281598
2427,0.554865288543,0.570454379204
2428,0.559106070346,0.574515153258
2429,0.54826760715,0.563192835119
2430,0.552714752115,0.567516855908
2431,0.542332912253,0.556708347762
2432,0.538930996668,0.553053546468
2433,0.536507860128,0.550585081251
2434,0.541315626078,0.555467716633
2435,0.538779811749,0.55299330259
2436,0.536439470129,0.550721775058
2437,0.527884995275,0.542207785866
2438,0.532349923783,0.546727633574
2439,0.529530845518,0.543933858611
2440,0.527422827967,0.541724744601
2441,0.524237865253,0.538464603422
2442,0.521018455598,0.535065828828
2443,0.517282296982,0.531213951891
2444,0.526960693339,0.540829299618
2445,0.52310074647,0.536612336364
2446,0.519290267895,0.532492096567
2447,0.504060725446,0.516733491026
2448,0.511665605067,0.524233888281
2449,0.496909314949,0.508842819286
2450,0.50600198598,0.518244944006
2451,0.501278472832,0.512947524188
2452,0.497020784825,0.508247773643
2453,0.492154526708,0.502769195514
2454,0.48328015034,0.49457289471
2455,0.492979542004,0.50450415514
2456,0.49287188568,0.503633545342
2457,0.496710768147,0.507921613752
2458,0.490784748507,0.502287682595
2459,0.493845532373,0.505708255989
2460,0.496610671769,0.508577784392
2461,0.500035916567,0.512435127513
2462,0.515596460101,0.528525899639
2463,0.507073419643,0.520017659162
2464,0.51023911168,0.523455449846
2465,0.513689104457,0.527242751304
2466,0.517756788171,0.531620232192
2467,0.520723777404,0.534816574541
2468,0.518373007597,0.532437347626
2469,0.520670969822,0.534846867261
2470,0.529714450111,0.544013477911
2471,0.532437418119,0.54685439816
2472,0.528259640028,0.542538520434
2473,0.52987224933,0.54406451186
2474,0.531927107199,0.546093131515
2475,0.540839599374,0.555038339693
2476,0.543448023344,0.557553512626
2477,0.546582846036,0.560846534401
2478,0.549972089416,0.564476936175
2479,0.545382488172,0.559981324928
2480,0.548093696691,0.563053272931
2481,0.558901929927,0.574271347204
2482,0.561392754855,0.577077044085
2483,0.556700587242,0.57255929314
2484,0.567622724519,0.583736151902
2485,0.561612610177,0.577851912925
2486,0.571689340407,0.58803787638
2487,0.574185591899,0.590655765753
2488,0.59491871213,0.611761990323
2489,0.571871703941,0.588734442144
2490,0.572705695937,0.589334546371
2491,0.574407931105,0.591243951314
2492,0.581415818818,0.597237085018
2493,0.57763637004,0.594735237665
2494,0.57921094612,0.596260561758
2495,0.580292438964,0.59730296283
2496,0.581056201575,0.598127697458
2497,0.582258941077,0.599396029927
2498,0.612994122783,0.630889270567
2499,0.59566767908,0.613509743751
2500,0.588731904884,0.606642682924
2501,0.590370334811,0.6084173295
2502,0.599851716319,0.618014718349
2503,0.591375847942,0.609138307757
2504,0.591192290163,0.6088678161
2505,0.600014532991,0.617569730837
2506,0.591498999855,0.608691879849
2507,0.591761133151,0.608833757875
2508,0.592313201641,0.609418406011
2509,0.59284128717,0.610067125661
2510,0.592943425801,0.610300897844
2511,0.592941176675,0.610311694316
2512,0.574951745661,0.591597456987
2513,0.575745371194,0.592479149642
2514,0.575583000694,0.592334733412
2515,0.574404571619,0.590951292834
2516,0.574260344264,0.590798645376
2517,0.57513079763,0.591985258513
2518,0.575220252257,0.592149950807
2519,0.575073555735,0.592026809719
2520,0.575211232611,0.592290264905
2521,0.574679217356,0.591936250176
2522,0.574543625367,0.591890825908
2523,0.573087455835,0.590534722039
2524,0.571792845108,0.589023322897
2525,0.569428632608,0.58639990238
2526,0.568009085032,0.584734269202
2527,0.567381327831,0.584162071948
2528,0.574142401105,0.590980810004
2529,0.564381634438,0.580968720952
2530,0.563923399671,0.580474843729
2531,0.561908661933,0.578526411562
2532,0.568064516449,0.58473394489
2533,0.558629850011,0.574964717995
2534,0.557228840325,0.573499913423
2535,0.562755653022,0.578929229522
2536,0.553090745754,0.569214184633
2537,0.557741254445,0.573800245599
2538,0.549054644531,0.56505217561
2539,0.55354471804,0.569434229639
2540,0.551370408334,0.56703486393
2541,0.548396741583,0.563831181991
2542,0.540227123344,0.5554808879
2543,0.55927369177,0.574382146742
2544,0.542549195334,0.557316530541
2545,0.538336809385,0.55276021411
2546,0.55029689957,0.564578383031
2547,0.531835480181,0.545637776152
2548,0.523296955305,0.53705633546
2549,0.541665093771,0.55557533508
2550,0.518666655456,0.531992598986
2551,0.52082502152,0.533778279656
2552,0.532723911015,0.545930368634
2553,0.512859591013,0.526320748411
2554,0.529985172704,0.543791012208
2555,0.515950716419,0.529849100809
2556,0.512381803677,0.526159682397
2557,0.503877143397,0.517421451713
2558,0.501743633068,0.515153329163
2559,0.498678263338,0.511834421811
2560,0.495884313022,0.508824567703
2561,0.508562594402,0.521563417012
2562,0.494545674089,0.50707003705
2563,0.491319429781,0.503591461931
2564,0.489789899284,0.501923394514
2565,0.499912219209,0.512227533122
2566,0.502638945212,0.515143325594
2567,0.505842802371,0.518682534257
2568,0.498030950069,0.510818678133
2569,0.500608668507,0.513645294922
2570,0.515581272654,0.529019046863
2571,0.506828597988,0.520323672839
2572,0.503920776752,0.517401029384
2573,0.51290621399,0.5266631627
2574,0.509046479141,0.522730779075
2575,0.509859266646,0.523182698213
2576,0.518500510888,0.532060114415
2577,0.51310427738,0.526045453156
2578,0.534209937243,0.547371597849
2579,0.524000691717,0.537291362217
2580,0.526289930321,0.539853424453
2581,0.544564739453,0.558549634083
2582,0.547853656014,0.562100376613
2583,0.536693483368,0.551051852243
2584,0.539471553462,0.554033532977
2585,0.541348424116,0.556010750236
2586,0.54389463625,0.558798052094
2587,0.563487992204,0.579093888613
2588,0.54270392525,0.558202920425
2589,0.543761189622,0.559231190081
2590,0.546561735345,0.56231338065
2591,0.555228786286,0.571215723241
2592,0.551248034964,0.567313093742
2593,0.559919473764,0.576042111073
2594,0.563697691811,0.580076766029
2595,0.565591618775,0.58208570168
2596,0.559039616639,0.575525052419
2597,0.568818509442,0.585515377624
2598,0.562170949339,0.578826371272
2599,0.562655405253,0.579161492349
2600,0.572187029178,0.588895053234
2601,0.565707607763,0.582373040945
2602,0.566842991052,0.583440935813
2603,0.57738240682,0.594503848809
2604,0.570837605916,0.58794171531
2605,0.571720145914,0.588908007901
2606,0.573234094591,0.590609092743
2607,0.582734748444,0.600477977969
2608,0.575203351433,0.592488872572
2609,0.575003281566,0.592153921184
2610,0.575280987451,0.592433916973
2611,0.574588955884,0.591314214623
2612,0.574324494446,0.590904795316
2613,0.574349107845,0.590774922152
2614,0.575610490345,0.592164726519
2615,0.575086299721,0.591751589052
2616,0.575223788492,0.59193863257
2617,0.489357111914,0.505264095795
2618,0.549795256861,0.56824403555
2619,0.629236210207,0.650138256609
2620,0.698084913726,0.721437097512
2621,0.696514218057,0.719782713247
2622,0.629041999593,0.649981806276
2623,0.546718884255,0.564824883326
2624,0.487930118986,0.503788587408
2625,0.549357667043,0.567842757516
2626,0.626438636679,0.64747118127
2627,0.694592534699,0.717955127483
2628,0.686768489547,0.70936530565
2629,0.6184702734,0.63853931492
2630,0.536442068435,0.553346515965
2631,0.481652848865,0.496592504444
2632,0.544084421789,0.562124359547
2633,0.619464322046,0.640018055584
2634,0.684181972198,0.70623624405
2635,0.673298452256,0.694397012791
2636,0.608827965761,0.627203951993
2637,0.523791746121,0.538697070881
2638,0.480091783092,0.494335920525
2639,0.535182076833,0.552200469594
2640,0.613175970508,0.632036977455
2641,0.663044330739,0.682979049741
2642,0.652055806736,0.67128110068
2643,0.587916289755,0.604876241766
2644,0.530867852116,0.547394434265
2645,0.55440729257,0.569514322714
2646,0.533339292287,0.548936967619
2647,0.589312990996,0.606456570324
2648,0.645096938024,0.664182154311
2649,0.63572112344,0.65490978519
2650,0.581815635214,0.599953668847
2651,0.520506786388,0.536881569684
2652,0.547193240022,0.562231803414
2653,0.569258472365,0.586381183825
2654,0.58333248319,0.600895914159
2655,0.628232639146,0.647142564862
2656,0.614161761902,0.63289969866
2657,0.570724699822,0.587999272016
2658,0.502796556349,0.517696887344
2659,0.533952728645,0.548105797508
2660,0.532263973545,0.547837549537
2661,0.564005312012,0.580861572155
2662,0.604408156295,0.622383431416
2663,0.590313375369,0.608062971253
2664,0.549926478875,0.566319812742
2665,0.480989016647,0.495197066066
2666,0.571084175128,0.586563792673
2667,0.518272258435,0.532751523959
2668,0.54911960137,0.565128811544
2669,0.576416933379,0.593076282103
2670,0.563291743155,0.579490800894
2671,0.517863759092,0.532747284928
2672,0.521146755553,0.536120395169
2673,0.562798710295,0.57903952244
2674,0.575809044161,0.592416645589
2675,0.547136391596,0.563029643264
2676,0.508010712263,0.522085758307
2677,0.519459680177,0.532553887066
2678,0.488304649977,0.502715566273
2679,0.537981746728,0.554068373899
2680,0.590790957006,0.608190195427
2681,0.602543751883,0.620488207698
2682,0.566946545554,0.583827230288
2683,0.533291205317,0.548829286148
2684,0.593997468784,0.610881004736
2685,0.520236186384,0.535770118103
2686,0.563332358495,0.580563883154
2687,0.615365782393,0.633952224471
2688,0.625530099736,0.644131807201
2689,0.58368627556,0.601281585627
2690,0.524866940073,0.540422765795
2691,0.559323578877,0.575554114468
2692,0.510042301205,0.525975318315
2693,0.57732624981,0.595367975962
2694,0.637457089983,0.656851078858
2695,0.644150357879,0.663165773602
2696,0.598053880599,0.615642839858
2697,0.522793881361,0.538084180587
2698,0.57887985438,0.594721686781
2699,0.531363430158,0.547795878898
2700,0.593413157354,0.610524938059
2701,0.65205009134,0.671226133819
2702,0.66299946465,0.682859940385
2703,0.613096221281,0.631965758728
2704,0.535014407082,0.552042307783
2705,0.489696132628,0.503990723844
2706,0.534900943423,0.550429583653
2707,0.603933072737,0.622070010754
2708,0.670253187214,0.690968080222
2709,0.67951220673,0.701157609591
2710,0.631216209844,0.652548682541
2711,0.544847316593,0.563001676531
2712,0.486036168921,0.501039215893
2713,0.536808368523,0.553698089749
2714,0.624450712685,0.644749521318
2715,0.691833112538,0.714948711242
2716,0.694441969674,0.717819226829
2717,0.626233577623,0.647125462584
2718,0.550339532089,0.568907153439
2719,0.488243449071,0.504065833586
2720,0.546602144185,0.564671865651
2721,0.627082549247,0.647969558693
2722,0.696216490348,0.719474837345
2723,0.697536542522,0.720857464548
2724,0.628285808817,0.649200610425
2725,0.549422619506,0.567886445506
2726,0.666076450162,0.685694398383
2727,0.663777688551,0.683102545398
2728,0.658843290648,0.677747028862
2729,0.656354103379,0.674887228439
2730,0.657978519764,0.6766447603
2731,0.659251979608,0.677836389848
2732,0.661295582065,0.680099570775
2733,0.662343411643,0.68147980848
2734,0.660395356635,0.679734136755
2735,0.657088519347,0.676582891322
2736,0.656175712737,0.675697383545
2737,0.658988272513,0.679117332277
2738,0.660104709842,0.680507060444
2739,0.661333173478,0.681846936653
2740,0.65969420833,0.680148456943
2741,0.654881357597,0.674961148438
2742,0.647587250128,0.667048292163
2743,0.646231391999,0.665478789076
2744,0.650744598816,0.670527890591
2745,0.648459947387,0.668235064882
2746,0.6511984941,0.671200605783
2747,0.647782239224,0.667700544425
2748,0.640980853072,0.660452485892
2749,0.638133278125,0.657328728832
2750,0.631789486368,0.650349426284
2751,0.632472802603,0.651000083234
2752,0.63116080554,0.649395773412
2753,0.644911821221,0.664105397311
2754,0.627100548879,0.645097702072
2755,0.619082526893,0.636645960862
2756,0.611746283826,0.628893883332
2757,0.613635035545,0.631010935527
2758,0.61283554042,0.630366925807
2759,0.609514266191,0.626865983587
2760,0.627494641734,0.646795975784
2761,0.610714007282,0.628331591386
2762,0.599069909644,0.615785463136
2763,0.593308538858,0.609601880312
2764,0.590572245771,0.606484969056
2765,0.5872983434,0.603002892966
2766,0.583213710471,0.598501897885
2767,0.604593913984,0.622676508602
2768,0.579932699905,0.595667409113
2769,0.57560301546,0.591380876343
2770,0.568596776151,0.584268402308
2771,0.569351749797,0.585202563579
2772,0.568795623366,0.584936822923
2773,0.565996686009,0.582210188468
2774,0.58109726912,0.598537368352
2775,0.567722689508,0.584231795297
2776,0.56713941219,0.583615812114
2777,0.581719705236,0.59907786001
2778,0.566866309888,0.583092008365
2779,0.56772812529,0.583796646059
2780,0.570771275928,0.586776027046
2781,0.570999755308,0.586762989231
2782,0.574334616176,0.590079673246
2783,0.586927392098,0.60337291778
2784,0.604775525733,0.622955607646
2785,0.58283316277,0.598130866515
2786,0.58847515255,0.604187591903
2787,0.590505126722,0.606404666905
2788,0.592431658144,0.608622635414
2789,0.598111509294,0.61472369818
2790,0.60371823341,0.620728665867
2791,0.620562250344,0.639163622901
2792,0.608654884877,0.625996920168
2793,0.610423524483,0.627841138717
2794,0.61028912905,0.627429885262
2795,0.614692783418,0.631997424461
2796,0.617530564134,0.635006876613
2797,0.627209830589,0.645214663871
2798,0.644504483259,0.663692819837
2799,0.630398207905,0.648658013505
2800,0.634042346487,0.652632054663
2801,0.631834215322,0.650319536339
2802,0.63809961254,0.657230177273
2803,0.641448515195,0.660940671751
2804,0.648302287159,0.668354158192
2805,0.653773082153,0.673837852227
2806,0.650074733483,0.669896008072
2807,0.647662442303,0.667188177558
2808,0.646330697226,0.665568533051
2809,0.652246698068,0.671973194774
2810,0.654842393943,0.674927508284
2811,0.659787129045,0.680368390032
2812,0.662593402481,0.683139047669
2813,0.660061148951,0.680620392592
2814,0.661478511669,0.681765118416
2815,0.656419227114,0.676068351374
2816,0.656980467162,0.676482333792
2817,0.660026564243,0.679436653591
2818,0.662230212406,0.681416842062
2819,0.660920222772,0.679797433327
2820,0.659076941522,0.677689922954
2821,0.657624530719,0.676168166407
2822,0.656345379411,0.674813250855
2823,0.658563293014,0.677473387047
2824,0.662349732873,0.681644188916
2825,0.666625269216,0.686164228501
2826,0.522862339208,0.539055528814
2827,0.528895277095,0.545266030444
2828,0.543070131617,0.559571957542
2829,0.522138838195,0.538246137321
2830,0.542297665395,0.558633656187
2831,0.558791810715,0.575298435189
2832,0.526686385388,0.542670666219
2833,0.520732629509,0.536722786155
2834,0.52105454261,0.537087519195
2835,0.558760075935,0.575542467313
2836,0.519948357432,0.536108881002
2837,0.540203295137,0.556783690228
2838,0.539547068191,0.556137466062
2839,0.539311472801,0.555720943935
2840,0.57623633479,0.593261724868
2841,0.574862256378,0.591578795774
2842,0.536069465534,0.552180073464
2843,0.574000322059,0.590983560603
2844,0.571642804381,0.588252432985
2845,0.534531218516,0.550760160902
2846,0.571451946821,0.588562111516
2847,0.589029518756,0.606523968238
2848,0.548515108466,0.56505748107
2849,0.549401883412,0.566240463501
2850,0.567756417949,0.584998648673
2851,0.566366570096,0.583390334636
2852,0.563877868585,0.580638682754
2853,0.558127565377,0.573603238743
2854,0.624219096002,0.642840862643
2855,0.558887386062,0.575160215322
2856,0.556439281308,0.57250433257
2857,0.535894810865,0.551477073099
2858,0.552679012716,0.568279878845
2859,0.531501513251,0.546703720471
2860,0.547970539138,0.563032925575
2861,0.600688320713,0.617631244293
2862,0.565299121632,0.580837790922
2863,0.523483657707,0.537872937466
2864,0.538355778602,0.552706791948
2865,0.518788530732,0.532718123975
2866,0.533253697997,0.54711063051
2867,0.514250624637,0.527850832244
2868,0.574467873025,0.589556054091
2869,0.511438336026,0.525255199194
2870,0.526087189825,0.540056288722
2871,0.495426290038,0.509099244706
2872,0.508596726634,0.522436759601
2873,0.52652751986,0.540503284708
2874,0.56433355624,0.579194457063
2875,0.574752381815,0.58986990094
2876,0.513800242165,0.527420298155
2877,0.516407413997,0.53008582351
2878,0.535701308541,0.54978552026
2879,0.538388533342,0.55275140168
2880,0.523600319388,0.537956005315
2881,0.542666283204,0.55741857928
2882,0.568308227756,0.584446101657
2883,0.547288468661,0.562313338509
2884,0.531527328743,0.546688078886
2885,0.552862447189,0.568559398934
2886,0.554980458537,0.570871609864
2887,0.557422081708,0.573602416602
2888,0.55905558851,0.575400360848
2889,0.623993253029,0.642527705895
2890,0.558103303392,0.573591024148
2891,0.543626517213,0.559952232629
2892,0.566342605806,0.58309690778
2893,0.547692651973,0.564384107915
2894,0.548073582345,0.564625136187
2895,0.569607722709,0.586649638102
2896,0.600779431398,0.619031219339
2897,0.550270080737,0.566723191404
2898,0.572231683627,0.589009311142
2899,0.534986416532,0.551172338233
2900,0.53410916273,0.549977590361
2901,0.573890735638,0.590555788838
2902,0.537202647515,0.553375621907
2903,0.53748296546,0.553796525411
2904,0.555461732949,0.572115608469
2905,0.578658483986,0.595850882663
2906,0.540813253523,0.557373640005
2907,0.580000536546,0.597253300869
2908,0.558099441572,0.574826516661
2909,0.558691128195,0.575357349972
2910,0.527332546537,0.543390975917
2911,0.519865555265,0.535734497535
2912,0.527189529861,0.543195963425
2913,0.528276557835,0.544366201953
2914,0.543169448548,0.559603850492
2915,0.52259800003,0.53875896404
2916,0.542912709843,0.559536808056
2917,0.51935995987,0.535403927287
2918,0.515206432505,0.531500458572
2919,0.52062890786,0.53695115374
2920,0.519434227185,0.535500052033
2921,0.53582427863,0.552716732296
2922,0.551539133103,0.568849314957
2923,0.531276059446,0.547365294104
2924,0.517292003484,0.5330951028
2925,0.531143404857,0.547240854925
2926,0.533427854387,0.550429214018
2927,0.516170701383,0.532086796217
2928,0.517799821084,0.534205783637
2929,0.529791176876,0.546316454171
2930,0.510742276894,0.52671905618
2931,0.546033925338,0.562791158345
2932,0.514104492337,0.530124613936
2933,0.527077374802,0.54296709885
2934,0.54439692578,0.561030614309
2935,0.561587082082,0.578503526887
2936,0.540556773112,0.556737510244
2937,0.541698896736,0.558271466174
2938,0.559824532191,0.57673158316
2939,0.557467635895,0.57397794032
2940,0.522650843403,0.538535771017
2941,0.537033629899,0.553202747213
2942,0.53643869436,0.552697946209
2943,0.554521895447,0.571052428674
2944,0.54919864685,0.565322215128
2945,0.550627763175,0.567032519069
2946,0.550757943391,0.567197157393
2947,0.547094194374,0.563146429137
2948,0.528324356795,0.544172490296
2949,0.543591194343,0.559285935969
2950,0.525479600963,0.541032214074
2951,0.534850214613,0.549546705038
2952,0.538072078714,0.553467643154
2953,0.53723738462,0.552518041982
2954,0.519052839607,0.534097072621
2955,0.515646483801,0.530354009685
2956,0.515472438113,0.530336638733
2957,0.52811014551,0.542838003167
2958,0.512179356722,0.526663814903
2959,0.530606341936,0.545443847315
2960,0.53455249387,0.549728809342
2961,0.536799816268,0.552168957345
2962,0.536013318975,0.551217398002
2963,0.522207309458,0.537536172945
2964,0.534869157212,0.549547685494
2965,0.54360429249,0.559518742239
2966,0.544565725289,0.560392695276
2967,0.54732154166,0.56349109812
2968,0.548697363867,0.565031832075
2969,0.550587333156,0.566986227831
2970,0.550942768396,0.567415130569
2971,0.530355513395,0.54605084225
2972,0.553351454401,0.569736741472
2973,0.554845946646,0.571487810478
2974,0.557172132477,0.573922615986
2975,0.538043072434,0.554418606544
2976,0.539367260735,0.555685036719
2977,0.539960764654,0.556266340223
2978,0.524475810149,0.540411030245
2979,0.540421730368,0.556577148064
2980,0.561031307099,0.577639792764
2981,0.526754061034,0.542796422946
2982,0.563932706487,0.580878929305
2983,0.508547291219,0.524229197672
2984,0.525819428423,0.54151201285
2985,0.545797028396,0.56278267961
2986,0.533094110349,0.550148827363
2987,0.518520936775,0.534853092406
2988,0.533623078209,0.550821525616
2989,0.514857451041,0.531423831188
2990,0.534463134826,0.551560152936
2991,0.54846214436,0.565020752837
2992,0.516871494552,0.532603134373
2993,0.518241901417,0.534123479925
2994,0.512856537037,0.528716811799
2995,0.521497534899,0.537933056256
2996,0.533339566574,0.549669108502
2997,0.514759260499,0.531010594859
2998,0.514713252714,0.530923196165
2999,0.660598569513,0.682054063321
3000,0.671142164926,0.692919190828
3001,0.687937625396,0.710339021499
3002,0.660006246071,0.681502875062
3003,0.689199767491,0.711842382083
3004,0.709880750862,0.734347612674
3005,0.672925285648,0.695271590472
3006,0.660154740627,0.681896304566
3007,0.65825109692,0.679664870571
3008,0.698622092757,0.722498179757
3009,0.657308947467,0.678905387954
3010,0.683452734654,0.706113067397
3011,0.682635160301,0.705297917225
3012,0.680644906703,0.703484312324
3013,0.693556213908,0.717203069586
3014,0.692440526001,0.716382015522
3015,0.672555349414,0.694237395371
3016,0.6870767738,0.710141146803
3017,0.685389605338,0.708224482519
3018,0.667449481755,0.688591240146
3019,0.679498712966,0.701804092474
3020,0.676776109465,0.698792963366
3021,0.671666662355,0.693103384411
3022,0.667042557106,0.688201296301
3023,0.668321267568,0.689624777835
3024,0.66460699248,0.685562289002
3025,0.663136470899,0.683800400973
3026,0.659300051255,0.679732834721
3027,0.620488009756,0.638769602034
3028,0.654446053846,0.675171165013
3029,0.652591061409,0.673311218556
3030,0.645264973735,0.665564382937
3031,0.646686739549,0.66741340007
3032,0.640156364994,0.660403038867
3033,0.640082525046,0.660811093214
3034,0.605520720897,0.624168315073
3035,0.634311787719,0.654880289335
3036,0.63666103017,0.657566691117
3037,0.603798366913,0.622345288814
3038,0.640359011009,0.661015122369
3039,0.64053350323,0.660831860075
3040,0.647124104981,0.667906547189
3041,0.64919834879,0.669884368496
3042,0.651985362481,0.672749039052
3043,0.654958074932,0.675605103158
3044,0.620421993982,0.638703565551
3045,0.658766549887,0.679177731896
3046,0.65993025686,0.68025698192
3047,0.666012175311,0.68705431662
3048,0.665920047333,0.686742981358
3049,0.668517319537,0.689693904643
3050,0.674274243155,0.696115051265
3051,0.673253454251,0.694787670504
3052,0.675490343733,0.697300420073
3053,0.682060528752,0.704735568474
3054,0.669462791376,0.690709801293
3055,0.671796635986,0.693581626449
3056,0.688807784655,0.711869120608
3057,0.675309497368,0.697486176411
3058,0.661562515714,0.683283314796
3059,0.693483716062,0.717276128106
3060,0.698410175684,0.722565534809
3061,0.684595173721,0.707578735824
3062,0.69930800959,0.723244638797
3063,0.698507425083,0.722289966217
3064,0.700940869346,0.725073536363
3065,0.668906966191,0.69066493686
3066,0.658926569218,0.680316106358
3067,0.668460374127,0.689939674615
3068,0.670601696116,0.692321903088
3069,0.689592384099,0.712450936029
3070,0.661350215114,0.682850583868
3071,0.688490527594,0.710790449628
3072,0.382131074077,0.394620408035
3073,0.490623093457,0.506072205626
3074,0.604265731311,0.623024323167
3075,0.681362524343,0.70224514999
3076,0.637649118989,0.657969818359
3077,0.532735823578,0.549878944838
3078,0.408478291327,0.421511742042
3079,0.471581662616,0.487041554038
3080,0.585512727186,0.604520019174
3081,0.669606708848,0.690723355523
3082,0.642371830558,0.662104148842
3083,0.544863996943,0.561519149969
3084,0.427428578765,0.440797062652
3085,0.440951053257,0.456086360958
3086,0.555668319729,0.574952057204
3087,0.656578310356,0.677851288439
3088,0.656332046804,0.676567112738
3089,0.564970083047,0.58204335061
3090,0.456121069937,0.471013706082
3091,0.410596858119,0.424692810771
3092,0.515456087482,0.53176804689
3093,0.620116773261,0.639249046667
3094,0.651428848796,0.671011829514
3095,0.577594613642,0.595029905313
3096,0.479148091824,0.495690384359
3097,0.478719377064,0.495298415577
3098,0.576947286621,0.594357678236
3099,0.650904858684,0.670539196556
3100,0.619462217019,0.638612448373
3101,0.517399451269,0.534002529324
3102,0.409986438673,0.424056876643
3103,0.455443040325,0.470309607804
3104,0.564895220534,0.581983348345
3105,0.656332017515,0.676500576259
3106,0.652831816895,0.673589105629
3107,0.559814122409,0.579624288101
3108,0.438012359821,0.45300544619
3109,0.431905320051,0.445480973204
3110,0.545376514434,0.562142898474
3111,0.642339816453,0.662019235706
3112,0.680723808441,0.702622635265
3113,0.572282278387,0.590566060455
3114,0.471356181199,0.486764261936
3115,0.406772922077,0.419806328817
3116,0.519253365527,0.53565377703
3117,0.623713206566,0.64304905206
3118,0.68188887296,0.702836881947
3119,0.612320309087,0.631590378307
3120,0.490847748808,0.50644666604
3121,0.669254216141,0.691560571116
3122,0.606684547442,0.624680886768
3123,0.557363487455,0.574707513984
3124,0.504533621079,0.520259453537
3125,0.527731047114,0.543923592759
3126,0.548884917662,0.565207988439
3127,0.590642853344,0.60811343346
3128,0.652766422977,0.672726884338
3129,0.696860576316,0.721576967205
3130,0.637951497719,0.660245639197
3131,0.567197872181,0.584775890669
3132,0.517185743716,0.533807045186
3133,0.592141135518,0.609162690677
3134,0.525690678769,0.541986659726
3135,0.576573180809,0.594236188792
3136,0.640614096275,0.660743063978
3137,0.687645360457,0.711354912472
3138,0.63600450773,0.657401554806
3139,0.574430555237,0.592460037442
3140,0.522065202493,0.538345015284
3141,0.582162159581,0.598188567336
3142,0.512825003664,0.52815810023
3143,0.560277626132,0.577831272733
3144,0.619367696822,0.638656307313
3145,0.668430849058,0.689892724961
3146,0.625719382462,0.645336207166
3147,0.574046298416,0.591316913116
3148,0.531950913715,0.549523759223
3149,0.531952217742,0.549526271044
3150,0.574596904987,0.591909569623
3151,0.625509787736,0.645083965603
3152,0.666737938798,0.68809132058
3153,0.619751822268,0.639060472324
3154,0.560641026829,0.578258063133
3155,0.512524782507,0.527916487634
3156,0.583211321973,0.599282290756
3157,0.522766114857,0.539096085147
3158,0.574715148144,0.592784104286
3159,0.636318295398,0.657725671087
3160,0.687656115167,0.711265569971
3161,0.641331928069,0.661491115297
3162,0.577000590789,0.594696358069
3163,0.526315854062,0.54261210685
3164,0.591936978426,0.60891451891
3165,0.516873350553,0.533543698058
3166,0.566832341847,0.584413946269
3167,0.637588310473,0.659858719004
3168,0.69687739859,0.721559358509
3169,0.653815047843,0.67379760274
3170,0.590806655045,0.608183455006
3171,0.540212046338,0.556284572392
3172,0.495761210235,0.511361315934
3173,0.509362749516,0.52522893113
3174,0.556669861482,0.573983866477
3175,0.62586507433,0.646933812178
3176,0.696281156528,0.721558513037
3177,0.653148896111,0.671845332175
3178,0.595004790841,0.611819140618
3179,0.594640922753,0.611410266774
3180,0.594544900221,0.611185519206
3181,0.525857692619,0.541508994713
3182,0.527942287818,0.544247174337
3183,0.592838494483,0.609047084602
3184,0.521847703053,0.537026696579
3185,0.649041583292,0.667382191979
3186,0.651763729734,0.670503354703
3187,0.590316689493,0.606425069057
3188,0.520956456595,0.536114316259
3189,0.599046650392,0.615061517961
3190,0.601293671828,0.619134070239
3191,0.589216553589,0.605350267732
3192,0.585173101514,0.600821701319
3193,0.648544127257,0.668236665804
3194,0.651017186062,0.67130575437
3195,0.585805326513,0.60185353237
3196,0.516490650707,0.53145036464
3197,0.524245890943,0.539390721374
3198,0.594979685383,0.611227582533
3199,0.585871401045,0.602067557066
3200,0.585795946526,0.601966955283
3201,0.650978192306,0.671221599848
3202,0.648993925082,0.66866538474
3203,0.586380522375,0.602085905297
3204,0.588805435395,0.60485958552
3205,0.601380981667,0.619238829392
3206,0.598754008767,0.614732875859
3207,0.590228733185,0.606317018864
3208,0.521099833617,0.536256320324
3209,0.650814565125,0.669459957884
3210,0.649338754134,0.667630852769
3211,0.591384403415,0.607462718317
3212,0.521515144528,0.536747633979
3213,0.521995406695,0.537304205274
3214,0.595714168056,0.612691461957
3215,0.595324521161,0.612159973389
3216,0.595152465075,0.611904913989
3217,0.65472644756,0.673611133951
3218,0.577699917797,0.593936286303
3219,0.516101006888,0.531850201157
3220,0.583015013688,0.599789434812
3221,0.581463149971,0.598194914982
3222,0.58443181584,0.603682953121
3223,0.581717552883,0.598424091885
3224,0.581257563016,0.597962958671
3225,0.576321977683,0.592932072364
3226,0.569007445442,0.584184656335
3227,0.569464392672,0.584752823076
3228,0.57709833299,0.593689417902
3229,0.58185609393,0.598622621131
3230,0.514022909173,0.529701960456
3231,0.581988806687,0.598788074132
3232,0.543972092667,0.560749371156
3233,0.58340332738,0.600179979335
3234,0.511933872765,0.527182045661
3235,0.571809880193,0.587505496309
